replicate,call,t_call_min,queue_wait,travel_time,response_time,response_time_from_assignment,total_service_time
1,1,0.0,0.0,18.4202,34.1776,34.1776,99.3532
1,2,100.5515,0.0,10.5397,13.8203,13.8203,62.0157
1,3,169.4909,0.0,6.7562,19.0329,19.0329,60.963
1,4,408.4461,0.0,5.1741,7.3329,7.3329,45.5055
1,5,593.0778,0.0,8.3011,15.8263,15.8263,63.0864
1,6,593.8315,0.0,13.732,18.1355,18.1355,81.2072
1,7,639.1079,0.0,6.752,9.9797,9.9797,103.1803
1,8,655.3289,0.0,3.4454,5.3476,5.3476,135.0275
1,9,719.6128,0.0,13.8784,28.2875,28.2875,77.4463
1,10,871.0845,0.0,8.0125,13.861,13.861,59.0717
1,11,879.612,0.0,15.2707,20.8809,20.8809,80.2868
1,12,953.2117,0.0,7.0563,33.5514,33.5514,52.1415
1,13,973.3847,0.0,9.0301,16.2755,16.2755,84.5766
1,14,1036.4464,0.0,10.0677,11.2841,11.2841,39.6166
1,15,1071.8345,0.0,10.334,16.1678,16.1678,58.5489
1,16,1077.0631,0.0,22.488,26.4475,26.4475,90.8184
1,17,1199.9639,0.0,3.5752,7.64,7.64,67.1609
1,18,1337.9937,0.0,1.9929,5.7278,5.7278,30.2514
1,19,1927.7316,0.0,3.7442,6.1949,6.1949,29.4183
1,20,1974.6939,0.0,4.3645,6.2338,6.2338,45.6662
1,21,2049.9278,0.0,1.6382,10.2763,10.2763,47.3197
1,22,2068.4268,0.0,5.8533,12.0772,12.0772,41.2277
1,23,2109.0472,0.0,8.8982,12.766,12.766,41.6155
1,24,2239.7446,0.0,4.0454,5.9743,5.9743,86.5078
1,25,2251.2659,0.0,6.1885,9.1056,9.1056,110.3703
1,26,2321.2044,0.0,3.2819,9.0444,9.0444,43.5657
1,27,2340.6582,0.0,10.8014,17.5187,17.5187,63.0448
1,28,2430.5116,0.0,9.9018,24.0565,24.0565,63.8575
1,29,2575.7606,0.0,14.2182,18.1994,18.1994,79.5521
1,30,2610.9884,0.0,7.5854,12.3547,12.3547,60.0191
1,31,2641.5992,0.0,11.6984,16.4766,16.4766,36.7425
1,32,2722.9686,0.0,16.1947,21.7169,21.7169,53.7106
1,33,2765.9002,0.0,16.6126,23.2764,23.2764,66.5338
1,34,2972.3607,0.0,10.255,14.9744,14.9744,27.5696
1,35,2993.7939,0.0,1.2534,5.605,5.605,56.1847
1,36,3074.3933,0.0,0.6786,2.7761,2.7761,37.8995
1,37,3378.7914,0.0,4.8196,9.1463,9.1463,33.1182
1,38,3417.035,0.0,5.8622,6.4784,6.4784,40.351
1,39,3487.119,0.0,17.1728,20.3375,20.3375,49.6595
1,40,3516.8016,0.0,5.8948,9.6626,9.6626,92.321
1,41,3564.7744,0.0,13.5036,22.6563,22.6563,75.4274
1,42,3680.2471,0.0,3.1445,4.6269,4.6269,52.5854
1,43,3778.709,0.0,11.9953,21.4729,21.4729,49.9471
1,44,3928.1464,0.0,1.8874,7.5373,7.5373,27.1356
1,45,4036.5216,0.0,21.3422,26.5396,26.5396,70.9649
1,46,4113.4157,0.0,8.655,18.0818,18.0818,57.1503
1,47,4215.7418,0.0,12.0301,15.2617,15.2617,66.2261
1,48,4280.163,0.0,8.0971,25.2085,25.2085,69.5517
1,49,4912.5028,0.0,16.3574,21.8458,21.8458,55.5414
1,50,5081.4363,0.0,12.0992,15.9174,15.9174,77.7186
1,51,5515.2576,0.0,8.9533,11.6384,11.6384,59.4511
1,52,5532.8299,0.0,5.7698,14.3737,14.3737,48.7323
1,53,5620.0594,0.0,9.5247,17.4396,17.4396,48.395
1,54,5824.447,0.0,9.0077,20.2019,20.2019,46.1592
1,55,5922.0294,0.0,1.2541,7.0055,7.0055,46.9005
1,56,6037.0386,0.0,4.7934,8.66,8.66,32.5201
1,57,6098.1834,0.0,6.7124,10.7531,10.7531,30.9915
1,58,6115.3094,0.0,10.4621,19.4633,19.4633,48.8459
1,59,6254.9914,0.0,13.5842,17.073,17.073,52.2413
1,60,6264.8773,0.0,11.5851,18.6017,18.6017,52.3132
1,61,6365.6009,0.0,8.408,10.5683,10.5683,45.7502
1,62,6360.8375,0.0,15.6475,31.644,31.644,91.3972
1,63,6373.6371,0.0,15.9113,21.6473,21.6473,85.7046
1,64,6698.7962,0.0,4.9974,9.9306,9.9306,40.9946
1,65,6874.8775,0.0,4.9999,11.2636,11.2636,55.4279
1,66,7010.0641,0.0,11.5731,17.5034,17.5034,70.1121
1,67,7307.8236,0.0,6.5665,19.4633,19.4633,52.6168
1,68,7359.5227,0.0,13.6507,17.4841,17.4841,44.7617
1,69,7380.216,0.0,7.8177,21.3291,21.3291,87.5223
1,70,7430.7229,0.0,5.0289,7.5574,7.5574,63.2654
1,71,7712.2377,0.0,5.8533,9.2291,9.2291,30.2038
1,72,7801.3645,0.0,3.2963,8.0113,8.0113,39.1818
1,73,7799.1947,0.0,4.4319,11.7685,11.7685,47.9962
1,74,7811.5714,0.0,20.9212,25.5024,25.5024,72.6208
1,75,7849.3196,0.0,5.3696,9.2059,9.2059,39.2203
1,76,7866.4366,0.0,3.4868,5.6784,5.6784,51.641
1,77,8195.0121,0.0,5.7938,10.3951,10.3951,42.3241
1,78,8259.7974,0.0,11.117,13.0005,13.0005,47.2709
1,79,8331.8003,0.0,1.9405,4.131,4.131,52.8165
1,80,8949.7796,0.0,2.2791,8.0988,8.0988,48.0842
1,81,8959.3437,0.0,7.3729,11.9691,11.9691,45.9543
1,82,9204.6437,0.0,5.3029,10.8071,10.8071,49.9169
1,83,9404.0615,0.0,4.3059,21.3775,21.3775,67.3657
1,84,9416.2139,0.0,9.4094,17.5365,17.5365,89.6229
1,85,9430.1017,0.0,15.8875,17.6351,17.6351,123.4311
1,86,9478.0804,0.0,11.7167,14.8815,14.8815,88.836
1,87,9590.437,0.0,15.504,23.5722,23.5722,56.3737
1,88,9606.031,0.0,3.56,9.1294,9.1294,76.8152
1,89,9623.8158,0.0,11.7443,18.5136,18.5136,65.0986
1,90,9627.42,0.0,9.4891,16.2092,16.2092,73.1229
1,91,9649.7109,0.0,3.6914,15.2915,15.2915,65.9348
1,92,9765.3306,0.0,22.3774,29.3666,29.3666,78.7193
1,93,9895.055,0.0,6.8338,10.2295,10.2295,46.3856
1,94,10052.3166,0.0,6.7505,21.4154,21.4154,39.2937
1,95,10079.9672,0.0,2.5622,7.8278,7.8278,63.9591
1,96,10096.5561,0.0,5.0033,8.7847,8.7847,58.06
1,97,10222.8728,0.0,3.4652,6.2467,6.2467,38.4145
1,98,10280.2127,0.0,14.8809,20.1667,20.1667,79.7213
1,99,10472.2003,0.0,4.2666,11.7292,11.7292,32.0937
1,100,10571.2944,0.0,4.9114,10.7927,10.7927,66.4278
1,101,10608.0118,0.0,6.5366,26.6231,26.6231,55.8149
1,102,10744.2215,0.0,10.0109,26.5044,26.5044,64.0603
1,103,10772.4223,0.0,14.6344,16.234,16.234,50.27
1,104,10792.0421,0.0,6.0869,12.3835,12.3835,102.1016
1,105,10836.3208,0.0,5.4369,12.7002,12.7002,57.2162
1,106,10843.9236,0.0,16.9953,25.244,25.244,53.188
1,107,10866.2358,0.0,5.4306,11.5527,11.5527,98.5479
1,108,10900.3363,0.0,2.2531,6.6957,6.6957,53.4236
1,109,10955.4421,0.0,4.3524,13.3375,13.3375,36.6205
1,110,10958.1127,0.0,8.2518,11.1359,11.1359,64.9866
1,111,10968.2192,0.0,11.2745,13.5253,13.5253,62.3469
1,112,10973.7501,0.0,11.8653,15.8417,15.8417,60.7325
1,113,11059.5564,0.0,10.9609,15.2702,15.2702,44.1468
1,114,11064.7521,0.0,8.881,14.5552,14.5552,46.3102
1,115,11080.3828,0.0,4.8649,8.3053,8.3053,55.9047
1,116,11119.8272,0.0,6.3577,9.3443,9.3443,45.8598
1,117,11174.7818,0.0,14.9885,18.1637,18.1637,73.4718
1,118,11259.8893,0.0,9.3054,11.8616,11.8616,47.154
1,119,11270.4685,0.0,7.4561,10.0272,10.0272,38.2682
1,120,11344.078,0.0,0.7554,2.6733,2.6733,62.4312
1,121,11397.5669,0.0,3.9097,8.666,8.666,45.8771
1,122,11462.8093,0.0,1.0393,4.0686,4.0686,37.7108
1,123,11455.7645,0.0,9.1491,13.3347,13.3347,50.1155
1,124,11705.0667,0.0,10.8738,19.5435,19.5435,69.2431
1,125,11854.6139,0.0,11.4293,13.5155,13.5155,76.6993
1,126,11922.0059,0.0,16.7854,37.8587,37.8587,84.7939
1,127,11994.7934,0.0,18.0977,21.8138,21.8138,45.9434
1,128,12040.1989,0.0,7.1448,11.0905,11.0905,105.179
1,129,12054.3685,0.0,8.0969,11.157,11.157,53.1492
1,130,12053.1695,0.0,10.2127,13.3606,13.3606,65.6314
1,131,12158.4746,0.0,9.8426,22.9829,22.9829,51.9367
1,132,12178.7951,0.0,12.4352,17.1261,17.1261,92.8798
1,133,12214.5607,0.0,11.9589,15.6575,15.6575,46.3014
1,134,12278.0022,0.0,8.7304,11.2209,11.2209,68.4624
1,135,12268.7589,0.0,16.5151,20.7754,20.7754,90.8233
1,136,12331.7526,0.0,13.4016,20.5728,20.5728,43.3905
1,137,12342.1418,0.0,10.2859,14.0822,14.0822,88.8137
1,138,12384.2456,0.0,5.7538,14.7067,14.7067,76.1234
1,139,12490.361,0.0,11.4115,21.2131,21.2131,48.6218
1,140,12525.952,0.0,4.7532,7.6781,7.6781,46.3752
1,141,12522.009,0.0,9.0391,13.5509,13.5509,49.6145
1,142,12612.6029,0.0,7.4056,9.5884,9.5884,34.7628
1,143,12624.3035,0.0,4.8822,8.1442,8.1442,33.873
1,144,12698.6346,0.0,3.68,6.6959,6.6959,60.3868
1,145,12692.937,0.0,6.6761,24.6616,24.6616,76.4333
1,146,12723.732,0.0,6.2881,10.1686,10.1686,60.3521
1,147,12718.6574,0.0,5.9042,17.3272,17.3272,91.1835
1,148,12822.2925,0.0,13.546,16.323,16.323,67.8935
1,149,12882.8299,0.0,3.5061,4.5571,4.5571,58.0683
1,150,12908.0376,0.0,5.5019,7.229,7.229,49.6028
1,151,13060.4155,0.0,3.2896,4.9968,4.9968,22.8928
1,152,13469.3283,0.0,7.8407,10.1714,10.1714,49.6794
1,153,13509.2756,0.0,10.5045,16.8169,16.8169,85.7704
1,154,13556.494,0.0,11.4023,15.2099,15.2099,45.9201
1,155,13574.5697,0.0,11.0683,15.0929,15.0929,36.9666
1,156,13589.0592,0.0,4.8276,8.8729,8.8729,90.8622
1,157,13573.9713,0.0,28.0381,31.8566,31.8566,62.5404
1,158,13587.7525,0.0,26.8815,28.7932,28.7932,109.1957
1,159,13625.0717,0.0,24.4721,28.9268,28.9268,52.9908
1,160,13651.3697,0.0,1.6719,3.7181,3.7181,132.091
1,161,13650.7315,0.0,7.9839,35.51,35.51,110.8686
1,162,13695.4989,0.0,8.408,14.616,14.616,76.2355
1,163,13851.542,0.0,9.2698,12.4103,12.4103,40.2479
1,164,13858.411,0.0,10.343,19.1857,19.1857,80.1633
1,165,13896.3428,0.0,21.0665,31.2021,31.2021,93.296
1,166,14160.3116,0.0,13.6939,19.9138,19.9138,86.7968
1,167,14176.8763,0.0,19.6093,21.9611,21.9611,76.9064
1,168,14205.9488,0.0,16.7521,23.4343,23.4343,71.7617
1,169,14434.3645,0.0,10.4621,14.6077,14.6077,49.2854
1,170,14480.4505,0.0,9.2674,15.5893,15.5893,33.9694
1,171,14490.5186,0.0,10.1489,12.6145,12.6145,49.9382
1,172,14515.384,0.0,6.1104,21.1282,21.1282,59.7011
1,173,14819.3636,0.0,3.4368,8.268,8.268,33.6784
1,174,14837.336,0.0,8.9723,12.9885,12.9885,36.0852
1,175,14846.5573,0.0,8.7254,12.4068,12.4068,86.2876
1,176,15207.8692,0.0,14.0942,26.7657,26.7657,67.3303
1,177,15420.8283,0.0,14.7303,19.5409,19.5409,58.0429
1,178,15544.648,0.0,6.957,11.8383,11.8383,79.4911
1,179,15841.0755,0.0,17.3611,20.0043,20.0043,50.0542
1,180,15857.877,0.0,4.1808,11.3867,11.3867,71.1591
1,181,15900.785,0.0,4.5722,10.098,10.098,50.0863
1,182,15924.7617,0.0,8.2229,22.4151,22.4151,104.1046
1,183,15952.6091,0.0,5.3411,12.9673,12.9673,85.6738
1,184,16035.002,0.0,8.8371,12.4343,12.4343,62.7351
1,185,16410.5284,0.0,3.3461,19.9743,19.9743,54.2763
1,186,16512.8765,0.0,8.9375,10.7481,10.7481,51.9577
1,187,16592.082,0.0,6.412,17.2527,17.2527,31.9001
1,188,16617.2132,0.0,8.0091,10.0919,10.0919,30.942
1,189,16685.2031,0.0,12.444,28.3587,28.3587,70.8323
1,190,16701.5976,0.0,11.3249,17.592,17.592,93.1359
1,191,16739.3542,0.0,2.6743,7.5717,7.5717,60.3831
1,192,16827.0682,0.0,3.5988,7.6441,7.6441,35.873
1,193,16939.5597,0.0,12.0025,15.4625,15.4625,55.035
1,194,17022.4925,0.0,9.7901,13.7209,13.7209,52.1511
1,195,17194.5958,0.0,3.5376,11.6462,11.6462,28.9214
1,196,17384.6022,0.0,6.3811,14.4089,14.4089,56.8081
1,197,17740.3127,0.0,7.5941,12.6389,12.6389,35.7128
1,198,17897.0953,0.0,1.6382,4.1288,4.1288,57.3711
1,199,17900.0549,0.0,12.5557,20.8283,20.8283,77.1249
1,200,17869.5479,0.0,13.9388,73.9388,73.9388,120.1355
1,201,17962.1242,0.0,6.555,9.2754,9.2754,74.3242
1,202,18041.9583,0.0,11.9953,16.0702,16.0702,64.5776
1,203,18072.4473,0.0,14.0564,19.0078,19.0078,56.6669
1,204,18219.5656,0.0,3.4868,11.416,11.416,49.9698
1,205,18222.5403,0.0,2.2464,14.406,14.406,48.0277
1,206,18235.6432,0.0,3.3183,9.8241,9.8241,89.8633
1,207,18319.094,0.0,3.7054,6.9569,6.9569,32.0785
1,208,18393.1626,0.0,11.7888,17.351,17.351,54.3999
1,209,18499.7924,0.0,1.4369,3.1269,3.1269,33.567
1,210,18501.3893,0.0,9.2705,12.9777,12.9777,43.4323
1,211,18538.5207,0.0,9.0919,11.1833,11.1833,57.2803
1,212,18545.9133,0.0,9.7035,15.1024,15.1024,107.2339
1,213,18726.8205,0.0,9.0028,12.3733,12.3733,62.6354
1,214,18869.5475,0.0,3.5586,9.3956,9.3956,36.4446
1,215,19061.5105,0.0,15.6049,18.9485,18.9485,27.3591
1,216,19086.0058,0.0,3.4309,6.2804,6.2804,72.0791
1,217,19082.412,0.0,2.9721,13.6119,13.6119,58.2832
1,218,19086.8027,0.0,9.8121,28.3348,28.3348,56.8327
1,219,19121.1756,0.0,4.6252,8.4896,8.4896,74.7821
1,220,19319.145,0.0,13.5779,26.1802,26.1802,65.6665
1,221,19445.7548,0.0,3.1811,11.4356,11.4356,72.2324
1,222,19452.3182,0.0,8.7753,14.098,14.098,84.8623
1,223,19563.3649,0.0,11.995,15.5794,15.5794,57.4137
1,224,19579.5303,0.0,16.074,19.6233,19.6233,75.9331
1,225,19727.784,0.0,12.8963,17.7923,17.7923,62.7653
1,226,19765.7264,0.0,10.044,11.814,11.814,72.8198
1,227,19789.3476,0.0,23.3341,28.4546,28.4546,83.0475
1,228,20041.516,0.0,3.4763,7.7253,7.7253,113.4342
1,229,20207.0214,0.0,16.2019,19.3538,19.3538,61.6996
1,230,20227.4404,0.0,9.0717,12.961,12.961,47.7929
1,231,20498.1819,0.0,3.0275,3.9065,3.9065,35.5881
1,232,20586.0344,0.0,2.5027,24.999,24.999,63.3574
1,233,20766.3783,0.0,10.5381,14.4598,14.4598,41.7322
1,234,20823.8939,0.0,1.9477,7.2828,7.2828,51.005
1,235,20816.7133,0.0,9.5471,15.3626,15.3626,67.3171
1,236,20979.7967,0.0,7.2094,8.4955,8.4955,38.7592
1,237,21463.1145,0.0,12.2771,14.6478,14.6478,62.0026
1,238,21465.8685,0.0,15.7893,19.6441,19.6441,73.3524
1,239,21569.8318,0.0,0.8512,3.7505,3.7505,20.1544
1,240,21650.0012,0.0,2.546,9.1715,9.1715,55.4212
1,241,21654.3945,0.0,5.9831,12.9532,12.9532,114.2632
1,242,21707.844,0.0,9.0341,19.2652,19.2652,69.6324
1,243,21830.9345,0.0,1.2459,12.904,12.904,37.7363
1,244,21994.0847,0.0,9.6816,15.0452,15.0452,68.4692
1,245,22023.9253,0.0,7.2964,23.8552,23.8552,81.8732
1,246,22184.5097,0.0,4.9459,11.4631,11.4631,38.125
1,247,22224.6755,0.0,9.9443,14.6375,14.6375,73.3962
1,248,22357.3481,0.0,5.8737,8.0685,8.0685,36.1423
1,249,22372.5712,0.0,6.9407,8.3219,8.3219,28.9747
1,250,22386.0964,0.0,3.1811,10.6794,10.6794,51.0244
1,251,22431.4433,0.0,6.3999,26.0576,26.0576,42.1447
1,252,22511.8187,0.0,11.3824,13.5807,13.5807,79.1634
1,253,22519.3195,0.0,5.8097,13.4935,13.4935,117.379
1,254,22561.3398,0.0,8.4453,16.9978,16.9978,79.9878
1,255,22578.1533,0.0,1.977,23.1312,23.1312,70.5364
1,256,22616.194,0.0,16.1649,21.5133,21.5133,85.7964
1,257,22660.9227,0.0,3.6731,15.1875,15.1875,45.0151
1,258,22654.4897,0.0,19.6925,22.4214,22.4214,88.5728
1,259,22683.3204,0.0,9.2735,10.9517,10.9517,149.9248
1,260,23087.4738,0.0,7.056,11.952,11.952,89.3538
1,261,23341.529,0.0,3.3418,10.0495,10.0495,45.2476
1,262,23802.3513,0.0,20.1711,22.0767,22.0767,59.7411
1,263,23869.1149,0.0,9.8601,16.2257,16.2257,54.1607
1,264,23895.1356,0.0,10.6523,12.7121,12.7121,57.0049
1,265,23942.2142,0.0,3.9596,7.8387,7.8387,52.4477
1,266,24081.1268,0.0,17.8037,20.8919,20.8919,73.5405
1,267,24096.9331,0.0,5.2812,17.2923,17.2923,62.7411
1,268,24110.3848,0.0,3.8405,7.4404,7.4404,65.8295
1,269,24167.9852,0.0,16.927,22.8212,22.8212,66.8518
1,270,24284.2868,0.0,3.7764,17.5291,17.5291,40.8074
1,271,24365.4807,0.0,9.7236,13.4416,13.4416,55.7297
1,272,24513.532,0.0,2.9789,7.9896,7.9896,54.5719
1,273,24719.7933,0.0,8.0238,12.7699,12.7699,77.0988
1,274,24771.7871,0.0,12.5717,46.9265,46.9265,82.7801
1,275,24810.7576,0.0,7.6063,11.3909,11.3909,326.5379
1,276,24961.7529,0.0,4.4027,38.9423,38.9423,202.0873
1,277,25128.182,0.0,4.3664,11.7072,11.7072,33.324
1,278,25138.7592,0.0,9.4699,12.3287,12.3287,63.3969
1,279,25147.4564,0.0,6.9701,11.535,11.535,73.2751
1,280,25232.8992,0.0,11.142,15.0844,15.0844,60.0088
1,281,25282.7498,0.0,10.5479,13.3992,13.3992,57.9201
1,282,25368.0756,0.0,18.5468,27.7035,27.7035,64.6844
1,283,25385.7584,0.0,6.7107,14.7984,14.7984,52.5039
1,284,25429.214,0.0,4.6595,7.5186,7.5186,90.5797
1,285,25458.276,0.0,10.5667,16.6665,16.6665,66.8773
1,286,25544.7441,0.0,3.4702,7.3905,7.3905,46.1521
1,287,25637.7806,0.0,4.534,10.5193,10.5193,63.9242
1,288,25666.8225,0.0,10.0036,16.1051,16.1051,51.1964
1,289,25676.1068,0.0,5.1509,13.1735,13.1735,77.2823
1,290,25723.7896,0.0,4.9121,13.2145,13.2145,80.5427
1,291,25751.4223,0.0,12.4225,15.6105,15.6105,92.0645
1,292,25810.7355,0.0,8.863,32.992,32.992,79.0827
1,293,25842.4595,0.0,12.2568,16.2162,16.2162,68.9494
1,294,25925.9825,0.0,7.9043,14.2844,14.2844,36.6897
1,295,26164.7708,0.0,10.4384,13.5499,13.5499,76.5209
1,296,26317.7639,0.0,8.4126,10.8861,10.8861,36.6736
1,297,26462.3441,0.0,3.9434,10.0415,10.0415,43.927
1,298,26507.7625,0.0,10.1928,15.7448,15.7448,46.8567
1,299,26594.055,0.0,5.3029,6.8041,6.8041,42.1474
1,300,26697.7186,0.0,12.234,17.8858,17.8858,71.7153
1,301,26726.7742,0.0,10.6892,25.1335,25.1335,108.5527
1,302,26728.1239,0.0,20.0831,26.7328,26.7328,84.9047
1,303,26694.5806,0.0,8.5489,68.5489,68.5489,91.5724
1,304,26847.8683,0.0,19.0548,43.3308,43.3308,105.8357
1,305,26895.381,0.0,11.6984,16.0374,16.0374,64.7709
1,306,27072.1848,0.0,3.5524,7.9967,7.9967,18.1708
1,307,27129.1463,0.0,11.8462,14.7288,14.7288,52.8289
1,308,27161.6811,0.0,20.3873,26.5946,26.5946,48.5747
1,309,27192.0948,0.0,6.6357,14.9379,14.9379,97.6848
1,310,27213.614,0.0,15.5902,25.5382,25.5382,72.4778
1,311,27249.7551,0.0,22.0373,27.8592,27.8592,86.4176
1,312,27350.8742,0.0,5.5414,7.1231,7.1231,72.1877
1,313,27617.9679,0.0,6.8564,14.0099,14.0099,33.4979
1,314,27809.01,0.0,7.2061,9.9554,9.9554,75.7851
1,315,27864.1748,0.0,9.1369,26.9437,26.9437,65.4569
1,316,27977.7909,0.0,8.0173,14.9552,14.9552,75.5575
1,317,28049.9814,0.0,9.4711,17.6709,17.6709,50.1878
1,318,28063.3411,0.0,15.4666,16.6666,16.6666,51.9301
1,319,28084.5641,0.0,12.5887,21.573,21.573,37.0952
1,320,28107.8395,0.0,3.6125,11.9458,11.9458,100.3352
1,321,28218.6665,0.0,13.2876,15.8014,15.8014,61.495
1,322,28226.4947,0.0,13.4278,14.981,14.981,57.4976
1,323,28363.2452,0.0,3.31,9.9268,9.9268,32.8888
1,324,28448.9581,0.0,5.6218,7.1334,7.1334,83.9933
1,325,28457.2734,0.0,2.5705,15.938,15.938,100.8692
1,326,28461.6365,0.0,5.0751,11.6298,11.6298,104.5299
1,327,28480.2214,0.0,8.102,13.7686,13.7686,94.079
1,328,28509.141,0.0,9.6829,11.0314,11.0314,84.0494
1,329,28704.387,0.0,2.3936,7.0299,7.0299,36.563
1,330,28737.477,0.0,7.2689,10.5648,10.5648,54.5579
1,331,29194.5898,0.0,9.6804,11.5661,11.5661,49.7796
1,332,29219.9132,0.0,3.5167,17.3347,17.3347,61.94
1,333,29294.8841,0.0,8.7842,12.0284,12.0284,39.9921
1,334,29368.4903,0.0,11.3281,16.0923,16.0923,50.1721
1,335,29472.1701,0.0,14.3726,15.3754,15.3754,67.1426
1,336,29517.6303,0.0,3.2819,6.9683,6.9683,40.0437
1,337,29513.105,0.0,4.4429,13.6132,13.6132,68.6782
1,338,29558.2568,0.0,3.4517,8.3158,8.3158,45.6743
1,339,29553.0921,0.0,17.1165,22.5626,22.5626,76.6779
1,340,29593.8645,0.0,20.2237,23.8641,23.8641,95.9156
1,341,29621.6556,0.0,9.4378,12.8125,12.8125,73.9305
1,342,29798.0884,0.0,12.0039,15.7424,15.7424,39.9208
1,343,29807.6195,0.0,6.6357,18.5923,18.5923,49.1287
1,344,29903.3008,0.0,7.7116,14.384,14.384,54.1851
1,345,29923.806,0.0,2.3517,9.9117,9.9117,52.7173
1,346,29958.0417,0.0,16.8243,24.7724,24.7724,57.1387
1,347,30022.7803,0.0,12.7052,22.8229,22.8229,99.603
1,348,30061.022,0.0,6.5993,16.3251,16.3251,76.4289
1,349,30795.0528,0.0,5.0236,8.101,8.101,44.2227
1,350,30948.8853,0.0,2.3374,11.0313,11.0313,45.2506
1,351,30952.1145,0.0,14.5735,25.949,25.949,75.4763
1,352,31015.8388,0.0,4.9459,13.7885,13.7885,39.1588
1,353,31061.1162,0.0,5.9591,13.9178,13.9178,71.7246
1,354,31179.0457,0.0,8.3908,11.7327,11.7327,56.5879
1,355,31361.8661,0.0,13.7708,19.7463,19.7463,62.8785
1,356,31416.3886,0.0,1.7812,8.3541,8.3541,56.5199
1,357,31538.2884,0.0,5.8337,8.3882,8.3882,40.4392
1,358,31811.0652,0.0,8.6161,20.2928,20.2928,69.2177
1,359,32091.1974,0.0,8.5899,14.487,14.487,56.2512
1,360,32118.799,0.0,6.0017,11.8134,11.8134,55.0341
1,361,32118.926,0.0,9.1645,19.8806,19.8806,62.2843
1,362,32233.1356,0.0,14.0301,19.817,19.817,59.8879
1,363,32244.0878,0.0,3.5568,9.9794,9.9794,85.2533
1,364,32330.2383,0.0,4.1619,15.8568,15.8568,41.8343
1,365,32400.705,0.0,6.5669,10.6201,10.6201,51.1721
1,366,32441.4035,0.0,5.4858,9.3052,9.3052,43.5414
1,367,32498.7716,0.0,5.3651,9.1956,9.1956,48.3212
1,368,32578.7111,0.0,3.0386,8.7454,8.7454,41.9946
1,369,32574.1033,0.0,6.4093,14.7472,14.7472,63.8955
1,370,32584.7591,0.0,5.2529,12.3766,12.3766,81.3157
1,371,32843.4128,0.0,5.1197,8.8381,8.8381,35.4184
1,372,32880.9189,0.0,3.8967,6.6067,6.6067,66.0582
1,373,32895.4289,0.0,10.3568,16.2194,16.2194,63.3215
1,374,32932.4909,0.0,7.9297,12.1862,12.1862,43.3013
1,375,32953.2819,0.0,3.8022,10.5204,10.5204,42.0721
1,376,32966.5852,0.0,2.3976,6.9267,6.9267,50.502
1,377,33001.1827,0.0,3.629,6.2198,6.2198,48.5443
1,378,33071.6462,0.0,3.1579,12.2803,12.2803,56.6592
1,379,33242.8739,0.0,2.0133,6.3293,6.3293,32.8382
1,380,33279.0264,0.0,21.3092,25.0316,25.0316,93.8517
1,381,33339.1597,0.0,8.5928,12.3604,12.3604,52.4214
1,382,33705.6134,0.0,8.0145,11.9792,11.9792,60.846
1,383,33805.461,0.0,2.393,5.6764,5.6764,35.9278
1,384,33803.9724,0.0,8.3969,14.087,14.087,53.4143
1,385,33804.9027,0.0,13.3146,18.8618,18.8618,100.7244
1,386,33817.2515,0.0,4.3642,9.4397,9.4397,111.6978
1,387,33868.891,0.0,16.3795,21.6186,21.6186,74.5616
1,388,33926.0818,0.0,15.8875,23.1249,23.1249,64.0588
1,389,34009.1538,0.0,4.1259,9.2993,9.2993,30.1743
1,390,34009.5358,0.0,5.8828,9.5053,9.5053,68.8141
1,391,34046.9788,0.0,7.4751,10.2505,10.2505,40.0593
1,392,34053.5986,0.0,9.1302,16.7414,16.7414,61.257
1,393,34077.7804,0.0,2.7581,3.752,3.752,50.0106
1,394,34074.2013,0.0,4.7811,10.6342,10.6342,57.4734
1,395,34088.7852,0.0,2.969,5.6639,5.6639,79.1927
1,396,34129.7426,0.0,7.4049,9.3306,9.3306,53.5218
1,397,34154.3247,0.0,9.8978,24.0204,24.0204,81.9646
1,398,34299.0407,0.0,3.4763,11.184,11.184,52.2332
1,399,34348.73,0.0,5.4215,9.804,9.804,33.8113
1,400,34360.3225,0.0,4.7982,6.824,6.824,50.0017
1,401,34354.9569,0.0,21.5999,40.5737,40.5737,33.2986
1,402,34396.3138,0.0,5.8363,11.3516,11.3516,90.0501
1,403,34673.6298,0.0,3.0725,19.3453,19.3453,48.6186
1,404,35055.0215,0.0,6.3518,10.4972,10.4972,39.9924
1,405,35151.9987,0.0,6.2231,8.9736,8.9736,42.2224
1,406,35165.9556,0.0,12.1153,13.9529,13.9529,39.2871
1,407,35185.0097,0.0,6.6707,11.4371,11.4371,49.05
1,408,35192.3953,0.0,5.439,22.1726,22.1726,54.8672
1,409,35309.6568,0.0,11.5867,17.2858,17.2858,36.4973
1,410,35333.9113,0.0,5.3114,10.5351,10.5351,41.0878
1,411,35392.2807,0.0,5.05,5.9496,5.9496,30.5286
1,412,35414.7653,0.0,14.6869,18.3718,18.3718,106.4805
1,413,35649.4189,0.0,9.6147,15.3675,15.3675,44.8045
1,414,35690.1784,0.0,18.9499,24.2871,24.2871,86.3343
1,415,35721.7384,0.0,8.9025,14.3535,14.3535,127.381
1,416,35729.7637,0.0,19.6093,22.4062,22.4062,112.2119
1,417,35938.6768,0.0,7.7138,17.8678,17.8678,66.0203
1,418,36052.9105,0.0,2.592,16.7771,16.7771,45.463
1,419,36103.0641,0.0,17.037,20.6337,20.6337,85.2157
1,420,36347.2314,0.0,8.5027,12.3998,12.3998,45.5059
1,421,36368.2184,0.0,12.614,19.6791,19.6791,54.0541
1,422,36447.3855,0.0,2.5622,5.8295,5.8295,34.4926
1,423,36556.3288,0.0,4.9459,8.826,8.826,38.8202
1,424,36539.2963,0.0,20.7267,38.6979,38.6979,110.4095
1,425,36686.9289,0.0,10.3491,16.5812,16.5812,26.1149
1,426,36709.4752,0.0,2.2464,4.8956,4.8956,115.2724
1,427,37032.7667,0.0,9.1472,11.1416,11.1416,73.0713
1,428,37095.4047,0.0,5.2725,41.4961,41.4961,62.7999
1,429,37274.0452,0.0,8.0971,10.7507,10.7507,45.2658
1,430,37317.2957,0.0,4.4353,10.0694,10.0694,34.5882
1,431,37373.9017,0.0,4.6666,8.0177,8.0177,41.0375
1,432,37589.223,0.0,6.2154,11.405,11.405,54.6587
1,433,37673.5171,0.0,5.3424,11.105,11.105,41.2354
1,434,37671.7601,0.0,6.6078,13.0545,13.0545,61.4879
1,435,37937.1618,0.0,22.891,25.2034,25.2034,103.3931
1,436,38083.3077,0.0,20.6729,29.8401,29.8401,87.0032
1,437,38126.4837,0.0,10.4138,24.8574,24.8574,32.8838
1,438,38159.4056,0.0,5.0472,12.3324,12.3324,97.6419
1,439,38178.7088,0.0,5.3771,9.4318,9.4318,50.4064
1,440,38214.8625,0.0,8.6845,14.6941,14.6941,41.3584
1,441,38361.8583,0.0,11.2977,27.8397,27.8397,78.6604
1,442,38387.6415,0.0,3.0569,6.5679,6.5679,75.4068
1,443,38425.8168,0.0,10.8213,13.0777,13.0777,52.2814
1,444,38558.5571,0.0,18.1922,22.5411,22.5411,62.9887
1,445,38591.3533,0.0,6.5197,10.7992,10.7992,35.7094
1,446,38662.5925,0.0,14.2691,18.7535,18.7535,71.7592
1,447,38810.3,0.0,13.9616,17.7584,17.7584,43.5948
1,448,38813.3432,0.0,11.299,18.7238,18.7238,59.8262
1,449,38848.1306,0.0,2.7672,11.5266,11.5266,43.8155
1,450,38974.7858,0.0,8.1796,16.3906,16.3906,86.8888
1,451,39279.7881,0.0,9.2179,10.5714,10.5714,49.3485
1,452,39319.2155,0.0,10.2696,20.509,20.509,49.8009
1,453,39446.9313,0.0,9.3569,15.2122,15.2122,68.63
1,454,39457.6131,0.0,6.6707,10.8395,10.8395,68.8064
1,455,39490.9043,0.0,9.4692,10.0789,10.0789,61.8583
1,456,39561.3196,0.0,6.1577,12.5815,12.5815,74.2167
1,457,39620.1915,0.0,6.2809,8.5673,8.5673,59.4392
1,458,39628.555,0.0,11.9138,22.7716,22.7716,80.1832
1,459,39899.8705,0.0,4.8275,20.7109,20.7109,46.0784
1,460,40018.4152,0.0,7.524,14.5265,14.5265,52.7055
1,461,40384.9255,0.0,20.7669,28.9112,28.9112,138.8017
1,462,40589.2017,0.0,8.6288,11.9914,11.9914,67.5184
1,463,40675.52,0.0,3.3912,12.8188,12.8188,50.0976
1,464,40775.6692,0.0,9.2636,13.638,13.638,60.9443
1,465,40803.9554,0.0,18.6489,22.1903,22.1903,69.5602
1,466,40936.2536,0.0,12.8038,17.1044,17.1044,79.8275
1,467,40957.7036,0.0,10.8729,24.6985,24.6985,67.7217
1,468,41003.5787,0.0,11.7746,14.5921,14.5921,58.0456
1,469,41027.1051,0.0,7.0338,11.7598,11.7598,65.2764
1,470,41069.5795,0.0,16.4183,23.0546,23.0546,100.8654
1,471,41160.7003,0.0,1.5383,7.7758,7.7758,32.9811
1,472,41196.8294,0.0,12.0685,19.4342,19.4342,51.0719
1,473,41243.2867,0.0,3.3461,6.9732,6.9732,25.3429
1,474,41260.7012,0.0,14.98,17.3489,17.3489,63.7916
1,475,41322.5925,0.0,10.5558,11.8082,11.8082,43.4458
1,476,41305.5512,0.0,24.3236,34.6837,34.6837,62.0576
1,477,41336.798,0.0,5.746,11.235,11.235,107.2944
1,478,41421.7622,0.0,6.3962,12.0541,12.0541,46.5487
1,479,41440.2883,0.0,8.4036,30.3521,30.3521,79.874
1,480,41511.3708,0.0,10.7335,17.2998,17.2998,67.7453
1,481,41550.7919,0.0,12.3248,18.6965,18.6965,49.6398
1,482,41532.532,0.0,9.0669,39.0738,39.0738,79.0102
1,483,41547.4521,0.0,8.659,28.9719,28.9719,75.1648
1,484,41739.5106,0.0,20.1623,26.5765,26.5765,90.1166
1,485,41976.2649,0.0,8.2897,19.3518,19.3518,64.7559
1,486,42049.4583,0.0,6.3744,13.4265,13.4265,34.7966
1,487,42103.6883,0.0,8.4778,12.7442,12.7442,59.2136
1,488,42238.92,0.0,10.4235,16.7103,16.7103,72.9513
1,489,42274.4903,0.0,5.9106,8.0543,8.0543,57.4868
1,490,42309.8147,0.0,6.0044,8.4302,8.4302,59.2372
1,491,42371.6107,0.0,4.3673,8.8484,8.8484,75.2715
1,492,42490.5093,0.0,9.538,15.733,15.733,60.7922
1,493,42496.8985,0.0,16.5757,21.5732,21.5732,139.7156
1,494,42560.1106,0.0,2.3614,7.4755,7.4755,88.9105
1,495,42628.0716,0.0,3.1652,9.5825,9.5825,35.3639
1,496,42719.5765,0.0,7.7111,16.5936,16.5936,87.4877
1,497,43017.1238,0.0,8.9248,11.2224,11.2224,42.1217
1,498,43134.6491,0.0,8.1916,11.7663,11.7663,52.0195
1,499,43171.5349,0.0,8.0897,13.0813,13.0813,77.3985
2,1,0.0,0.0,11.4293,15.7847,15.7847,84.2525
2,2,68.8988,0.0,7.847,13.6491,13.6491,73.9238
2,3,92.9251,0.0,2.592,10.4123,10.4123,107.508
2,4,81.828,0.0,12.4428,32.1764,32.1764,127.8639
2,5,212.4877,0.0,4.6707,9.5895,9.5895,49.7176
2,6,248.1126,0.0,9.132,13.4396,13.4396,36.9734
2,7,295.0902,0.0,7.2663,17.2011,17.2011,39.0769
2,8,553.592,0.0,16.6274,20.6008,20.6008,46.3714
2,9,584.3994,0.0,16.8962,23.4377,23.4377,73.5529
2,10,597.9404,0.0,14.3696,24.826,24.826,71.7355
2,11,629.2752,0.0,6.0044,9.8036,9.8036,96.4549
2,12,632.5083,0.0,3.1206,11.0869,11.0869,106.6276
2,13,664.7948,0.0,8.3969,10.3369,10.3369,81.121
2,14,654.5943,0.0,20.9212,25.3333,25.3333,99.4722
2,15,685.4251,0.0,9.3011,13.814,13.814,102.8174
2,16,822.3213,0.0,16.5011,23.7041,23.7041,82.3722
2,17,838.6656,0.0,22.6729,29.89,29.89,95.1349
2,18,886.9953,0.0,6.3999,12.4313,12.4313,53.0097
2,19,888.7104,0.0,12.8887,25.7082,25.7082,80.1417
2,20,907.4616,0.0,11.6943,15.543,15.543,80.4644
2,21,970.7376,0.0,3.6308,6.5477,6.5477,40.8275
2,22,1012.6238,0.0,12.3465,15.2845,15.2845,95.9871
2,23,1120.3449,0.0,4.9451,7.4769,7.4769,87.168
2,24,1124.934,0.0,11.2519,24.1658,24.1658,87.5584
2,25,1273.4565,0.0,7.6683,11.1957,11.1957,54.7821
2,26,1631.3341,0.0,1.2534,6.6364,6.6364,23.4628
2,27,1710.157,0.0,9.0055,11.8078,11.8078,73.075
2,28,2027.5926,0.0,14.2518,16.1075,16.1075,85.0367
2,29,2159.6707,0.0,2.8328,6.3746,6.3746,37.0678
2,30,2195.0403,0.0,3.0715,7.4484,7.4484,30.0124
2,31,2198.938,0.0,14.2093,19.204,19.204,66.8406
2,32,2270.5794,0.0,18.5907,32.2232,32.2232,71.6344
2,33,2320.0102,0.0,6.2518,11.0992,11.0992,53.5574
2,34,2372.7053,0.0,12.3811,27.6468,27.6468,72.9555
2,35,2402.5235,0.0,7.6683,9.7108,9.7108,52.8952
2,36,2404.5028,0.0,4.8944,12.905,12.905,55.083
2,37,2612.6917,0.0,5.7267,12.2777,12.2777,52.9874
2,38,2735.2942,0.0,9.183,15.3027,15.3027,62.3361
2,39,2827.4433,0.0,2.71,11.013,11.013,47.2138
2,40,2830.4696,0.0,7.2958,12.5328,12.5328,58.2325
2,41,2954.153,0.0,7.2166,23.9472,23.9472,62.1174
2,42,2989.6144,0.0,15.7595,17.9986,17.9986,57.18
2,43,3076.3372,0.0,7.3453,11.3911,11.3911,47.6089
2,44,3407.2631,0.0,13.6998,16.3405,16.3405,97.2631
2,45,3417.2473,0.0,12.444,15.6244,15.6244,91.6003
2,46,3505.9872,0.0,8.754,14.4234,14.4234,84.4294
2,47,3585.2858,0.0,1.5291,6.0002,6.0002,41.4127
2,48,3580.7456,0.0,9.1369,11.5554,11.5554,64.4782
2,49,3606.9614,0.0,19.7908,24.5515,24.5515,63.9966
2,50,3657.0643,0.0,6.6742,9.6023,9.6023,41.1559
2,51,3672.6644,0.0,25.5777,32.0632,32.0632,94.0806
2,52,3752.8334,0.0,12.9846,16.1441,16.1441,59.5484
2,53,3764.2987,0.0,9.468,21.542,21.542,68.2344
2,54,3847.1852,0.0,2.7993,8.9905,8.9905,60.9982
2,55,3846.9255,0.0,4.4498,10.7428,10.7428,75.3349
2,56,3868.0537,0.0,5.8286,11.9386,11.9386,74.3435
2,57,3986.5721,0.0,8.0075,14.9191,14.9191,49.8316
2,58,4090.5307,0.0,4.2412,6.7055,6.7055,78.9794
2,59,4252.4624,0.0,10.3305,13.5294,13.5294,51.0294
2,60,4602.9712,0.0,11.2379,15.662,15.662,77.2689
2,61,4663.9034,0.0,10.3957,12.3267,12.3267,39.1368
2,62,4911.8805,0.0,12.1549,17.7144,17.7144,34.4746
2,63,4930.1378,0.0,5.3162,11.3474,11.3474,65.6186
2,64,4937.5866,0.0,6.9939,13.3125,13.3125,53.3281
2,65,5009.4582,0.0,7.1488,12.899,12.899,54.7162
2,66,5038.0162,0.0,8.5929,15.5488,15.5488,59.3022
2,67,5038.3794,0.0,12.6836,18.7995,18.7995,63.1948
2,68,5038.7029,0.0,11.8943,19.0865,19.0865,69.7685
2,69,5077.0636,0.0,7.5904,26.0308,26.0308,43.0187
2,70,5109.7296,0.0,8.5614,13.1621,13.1621,40.5355
2,71,5126.2748,0.0,6.4346,7.2758,7.2758,140.8191
2,72,5140.4686,0.0,5.0472,13.276,13.276,88.4403
2,73,5175.882,0.0,11.108,14.6136,14.6136,65.8256
2,74,5493.6133,0.0,8.6505,12.9215,12.9215,52.272
2,75,5513.3851,0.0,14.2277,18.923,18.923,68.1094
2,76,5568.5816,0.0,11.4475,16.9544,16.9544,43.3125
2,77,5580.8519,0.0,8.8339,12.6549,12.6549,50.9619
2,78,5651.9248,0.0,6.7625,10.9673,10.9673,53.6362
2,79,5684.181,0.0,10.1093,13.8259,13.8259,57.175
2,80,5818.8047,0.0,17.2244,18.514,18.514,54.7686
2,81,6000.8352,0.0,11.0109,14.9075,14.9075,50.3543
2,82,6186.6461,0.0,7.3955,19.7464,19.7464,48.358
2,83,6308.8236,0.0,15.3918,20.405,20.405,60.8112
2,84,6421.1339,0.0,20.6482,23.9104,23.9104,83.9184
2,85,6449.2117,0.0,6.0489,11.124,11.124,66.0164
2,86,6478.1291,0.0,12.1175,16.2728,16.2728,145.4196
2,87,6656.3372,0.0,20.2315,22.1299,22.1299,94.1897
2,88,6710.4575,0.0,9.7097,24.0129,24.0129,60.3676
2,89,6922.0472,0.0,2.3534,44.0994,44.0994,32.5254
2,90,6969.7518,0.0,1.6679,8.2157,8.2157,91.3207
2,91,6979.312,0.0,14.844,17.852,17.852,52.5015
2,92,7128.5626,0.0,4.0403,6.5217,6.5217,38.8641
2,93,7172.0691,0.0,3.1631,11.8313,11.8313,47.5263
2,94,7547.6541,0.0,5.9076,9.5634,9.5634,35.7128
2,95,7549.9401,0.0,10.4759,14.3587,14.3587,56.9229
2,96,7809.6898,0.0,4.6799,9.5954,9.5954,72.6859
2,97,7878.7197,0.0,20.3588,32.5288,32.5288,54.9621
2,98,7915.225,0.0,8.1096,13.0868,13.0868,139.1318
2,99,8032.5414,0.0,6.775,12.9857,12.9857,44.3891
2,100,8046.2487,0.0,8.7753,10.6163,10.6163,48.8538
2,101,8130.1949,0.0,5.2421,7.7694,7.7694,46.1001
2,102,8215.6815,0.0,10.6594,12.7399,12.7399,61.5865
2,103,8215.0131,0.0,12.2176,17.538,17.538,67.5042
2,104,8253.3003,0.0,3.3167,6.8535,6.8535,44.9342
2,105,8259.867,0.0,7.305,10.6857,10.6857,52.2838
2,106,8409.4775,0.0,8.3862,21.4328,21.4328,65.6965
2,107,8417.1665,0.0,11.5081,19.2007,19.2007,88.4444
2,108,8520.8027,0.0,7.938,11.9084,11.9084,47.147
2,109,8643.2124,0.0,4.4318,9.4511,9.4511,46.313
2,110,8684.8585,0.0,6.7585,14.4183,14.4183,106.8465
2,111,8694.8105,0.0,7.5787,11.0975,11.0975,107.4645
2,112,8982.1573,0.0,13.1941,16.7733,16.7733,50.6864
2,113,9058.7844,0.0,2.0432,23.116,23.116,76.2919
2,114,9152.9627,0.0,13.3964,20.2844,20.2844,43.8147
2,115,9210.0996,0.0,12.5575,17.1665,17.1665,60.47
2,116,9266.7104,0.0,21.7842,24.6433,24.6433,109.2903
2,117,9351.9049,0.0,3.2749,5.6311,5.6311,30.6201
2,118,9360.8416,0.0,1.4438,6.6184,6.6184,35.9846
2,119,9397.3498,0.0,19.0548,28.0317,28.0317,80.3859
2,120,9457.0925,0.0,14.6869,17.5416,17.5416,66.95
2,121,9472.7328,0.0,5.6306,49.8839,49.8839,86.0093
2,122,9528.8535,0.0,15.7505,22.343,22.343,57.3098
2,123,9575.0873,0.0,8.1094,14.7674,14.7674,45.3175
2,124,9755.5196,0.0,10.3591,12.7376,12.7376,56.7599
2,125,9764.3747,0.0,5.5414,9.2523,9.2523,59.3978
2,126,9798.9929,0.0,12.6933,16.1957,16.1957,50.896
2,127,9837.3187,0.0,14.9865,16.7832,16.7832,60.0747
2,128,9842.6736,0.0,23.0139,27.4271,27.4271,113.9451
2,129,9890.456,0.0,22.2052,28.1561,28.1561,81.1863
2,130,9935.7559,0.0,17.6503,22.1198,22.1198,72.6436
2,131,9998.7511,0.0,8.0992,17.7253,17.7253,46.5687
2,132,10061.9906,0.0,7.9871,13.6502,13.6502,82.9823
2,133,10163.5524,0.0,12.8338,17.5295,17.5295,97.2769
2,134,10534.9332,0.0,5.2296,9.3811,9.3811,46.8511
2,135,10577.7547,0.0,12.0076,18.5736,18.5736,86.8585
2,136,10663.4304,0.0,15.056,18.5256,18.5256,49.1403
2,137,10701.6062,0.0,2.7976,9.4155,9.4155,50.1135
2,138,10807.9595,0.0,5.9602,9.7881,9.7881,42.5038
2,139,10945.4245,0.0,6.4182,10.7697,10.7697,56.0024
2,140,10957.4616,0.0,5.4306,9.6623,9.6623,74.2898
2,141,11078.9992,0.0,10.6447,17.2039,17.2039,63.5189
2,142,11129.5891,0.0,5.169,10.5343,10.5343,37.6923
2,143,11144.9655,0.0,11.4303,17.4128,17.4128,82.2037
2,144,11260.536,0.0,17.1636,23.1375,23.1375,74.5068
2,145,11284.1286,0.0,8.7856,12.2244,12.2244,63.3558
2,146,11350.5426,0.0,12.3824,17.18,17.18,42.2297
2,147,11373.1465,0.0,12.5243,16.4619,16.4619,60.8613
2,148,11393.9927,0.0,11.078,20.8806,20.8806,66.528
2,149,11658.1538,0.0,3.5874,7.5501,7.5501,42.6053
2,150,11895.6911,0.0,12.9468,15.4201,15.4201,71.8576
2,151,11954.3385,0.0,2.5427,7.402,7.402,38.9696
2,152,11967.6358,0.0,8.3888,13.2283,13.2283,66.4414
2,153,12002.6855,0.0,10.4352,12.2711,12.2711,43.0441
2,154,12328.6046,0.0,6.3616,13.0982,13.0982,56.6852
2,155,12320.09,0.0,12.1278,29.2343,29.2343,86.7127
2,156,12499.2978,0.0,4.8944,13.7003,13.7003,54.367
2,157,12578.4538,0.0,10.1093,14.0461,14.0461,61.943
2,158,12640.4884,0.0,10.0382,12.2914,12.2914,59.2702
2,159,12642.9124,0.0,14.3779,21.8361,21.8361,69.2997
2,160,12660.2564,0.0,9.3433,12.4164,12.4164,83.0476
2,161,12691.1268,0.0,13.186,16.7999,16.7999,57.7131
2,162,12736.8477,0.0,4.8546,8.0226,8.0226,56.154
2,163,12985.46,0.0,4.8113,17.9638,17.9638,45.3541
2,164,12997.8666,0.0,2.9453,7.9533,7.9533,72.3242
2,165,13189.007,0.0,11.011,22.1588,22.1588,57.5017
2,166,13225.5276,0.0,2.6684,5.8291,5.8291,33.0635
2,167,13286.6389,0.0,11.8189,20.6983,20.6983,57.9167
2,168,13346.0201,0.0,2.5092,7.5096,7.5096,34.7195
2,169,13461.9864,0.0,7.3113,10.3218,10.3218,42.7683
2,170,13462.3956,0.0,12.356,16.9725,16.9725,56.7742
2,171,13472.8643,0.0,8.445,14.0046,14.0046,87.3947
2,172,13532.0371,0.0,10.7689,11.7613,11.7613,70.1772
2,173,13583.9911,0.0,3.5112,8.7893,8.7893,53.7313
2,174,13731.9118,0.0,9.9785,14.3656,14.3656,66.4195
2,175,13856.8662,0.0,11.635,16.7523,16.7523,99.0856
2,176,13874.0407,0.0,9.6059,16.4129,16.4129,90.8859
2,177,13879.0682,0.0,21.5299,24.964,24.964,103.1716
2,178,13959.0943,0.0,11.0909,12.3607,12.3607,74.1306
2,179,14202.1416,0.0,7.5852,12.1224,12.1224,54.253
2,180,14266.1139,0.0,10.6978,16.0984,16.0984,47.7038
2,181,14369.2455,0.0,7.3428,10.3742,10.3742,38.7881
2,182,14404.1901,0.0,7.7519,14.7508,14.7508,64.6302
2,183,14414.3903,0.0,12.0353,19.0309,19.0309,99.0215
2,184,14535.3036,0.0,2.7264,8.0385,8.0385,60.0042
2,185,14889.301,0.0,21.9751,28.954,28.954,85.0337
2,186,14984.1878,0.0,4.7695,7.8764,7.8764,57.5611
2,187,14981.8778,0.0,9.9338,20.275,20.275,64.088
2,188,15083.3164,0.0,2.3868,25.6403,25.6403,46.5261
2,189,15129.3423,0.0,7.9105,10.9412,10.9412,27.9661
2,190,15270.7843,0.0,21.692,24.2563,24.2563,92.1278
2,191,15339.1081,0.0,6.6234,12.9099,12.9099,34.8128
2,192,15464.5362,0.0,8.0442,9.958,9.958,44.7584
2,193,15663.1542,0.0,20.4967,25.7182,25.7182,75.5465
2,194,15721.7549,0.0,3.3579,5.6581,5.6581,30.3062
2,195,15744.4344,0.0,3.9759,9.1824,9.1824,41.3333
2,196,15988.6912,0.0,6.8419,22.8764,22.8764,76.9545
2,197,16272.1157,0.0,5.5533,14.8223,14.8223,33.7284
2,198,16484.21,0.0,17.4229,23.5173,23.5173,93.7065
2,199,16595.3683,0.0,2.922,4.1516,4.1516,55.1356
2,200,16652.6826,0.0,24.8052,31.3512,31.3512,108.1782
2,201,16734.1469,0.0,5.3899,8.3729,8.3729,53.4573
2,202,16739.7118,0.0,8.5032,13.126,13.126,60.6641
2,203,16831.9553,0.0,11.5135,25.7758,25.7758,80.2585
2,204,16868.5471,0.0,5.5744,26.6007,26.6007,73.8086
2,205,17122.4651,0.0,9.9215,11.4138,11.4138,43.6441
2,206,17139.4576,0.0,16.3949,19.8175,19.8175,71.5658
2,207,17178.8631,0.0,3.8405,7.0938,7.0938,55.0336
2,208,17221.0961,0.0,1.3545,3.5205,3.5205,48.9491
2,209,17557.3256,0.0,20.1898,35.4737,35.4737,78.8313
2,210,17863.8838,0.0,11.9838,18.6183,18.6183,56.9226
2,211,17958.2617,0.0,13.6705,15.4963,15.4963,94.4809
2,212,18001.6539,0.0,4.6832,8.1891,8.1891,66.0957
2,213,18022.0466,0.0,10.5839,13.5383,13.5383,74.6908
2,214,18077.128,0.0,15.7806,19.0621,19.0621,31.2422
2,215,18088.7149,0.0,15.3605,19.9215,19.9215,57.3004
2,216,18089.6227,0.0,6.407,20.0275,20.0275,78.8014
2,217,18109.2741,0.0,4.4593,8.7945,8.7945,75.2747
2,218,18196.6554,0.0,15.0857,43.7002,43.7002,80.7974
2,219,18229.5406,0.0,25.5352,29.8543,29.8543,127.6676
2,220,18429.2262,0.0,13.6051,18.2296,18.2296,61.1224
2,221,18533.8124,0.0,17.9352,29.6405,29.6405,69.1881
2,222,18618.9732,0.0,13.482,17.6795,17.6795,45.2964
2,223,18621.0423,0.0,11.8097,32.1873,32.1873,57.973
2,224,18635.4447,0.0,13.2221,22.0865,22.0865,80.2726
2,225,18908.3397,0.0,6.9526,7.4453,7.4453,40.0979
2,226,19200.176,0.0,10.5328,16.252,16.252,76.2111
2,227,19323.9072,0.0,6.492,14.5614,14.5614,60.3417
2,228,19370.2382,0.0,5.7672,12.872,12.872,62.367
2,229,19428.0422,0.0,11.0505,14.2906,14.2906,53.8283
2,230,19443.1566,0.0,11.2202,14.1866,14.1866,56.7135
2,231,19467.1891,0.0,6.6601,9.1678,9.1678,65.9972
2,232,19538.8966,0.0,14.98,22.075,22.075,62.5387
2,233,19600.2307,0.0,13.3355,18.0805,18.0805,86.6454
2,234,19757.1496,0.0,1.0412,9.1331,9.1331,63.7051
2,235,19810.3116,0.0,8.102,12.7109,12.7109,41.1834
2,236,19821.6529,0.0,11.8973,14.3261,14.3261,58.3045
2,237,19854.5131,0.0,11.4808,16.6757,16.6757,63.8453
2,238,19950.0186,0.0,10.6615,14.3025,14.3025,54.3215
2,239,19948.3485,0.0,7.3839,16.1583,16.1583,27.295
2,240,19987.6535,0.0,2.5657,5.9745,5.9745,69.0558
2,241,20005.5199,0.0,2.9965,6.1211,6.1211,31.0002
2,242,20076.6552,0.0,8.6667,11.574,11.574,42.4715
2,243,20087.2097,0.0,3.56,7.8629,7.8629,44.6968
2,244,20078.0328,0.0,19.4576,26.7921,26.7921,130.672
2,245,20196.4812,0.0,8.6796,13.3439,13.3439,47.8538
2,246,20203.3393,0.0,8.1484,11.4679,11.4679,58.6139
2,247,20212.4211,0.0,5.6712,7.6068,7.6068,102.4021
2,248,20513.9622,0.0,5.5016,6.7679,6.7679,42.0271
2,249,20516.8642,0.0,17.0689,22.6349,22.6349,61.6165
2,250,20550.2763,0.0,1.7968,17.8627,17.8627,49.9847
2,251,20733.9126,0.0,12.8097,19.1463,19.1463,33.6119
2,252,20749.2235,0.0,4.2107,6.0064,6.0064,71.2548
2,253,20862.8625,0.0,15.0284,19.4771,19.4771,70.6065
2,254,21115.8902,0.0,12.3354,22.7569,22.7569,86.3719
2,255,21150.3122,0.0,8.9482,14.9445,14.9445,63.4808
2,256,21373.4933,0.0,8.7253,24.0272,24.0272,57.263
2,257,21394.38,0.0,3.3681,10.904,10.904,59.8603
2,258,21383.7939,0.0,17.2827,25.6238,25.6238,100.497
2,259,21477.7717,0.0,3.8301,9.5405,9.5405,40.0227
2,260,21629.9975,0.0,9.4971,11.7928,11.7928,41.5792
2,261,21733.4619,0.0,7.2809,11.4816,11.4816,27.0658
2,262,21955.3224,0.0,17.0689,19.4195,19.4195,81.8384
2,263,22054.2641,0.0,1.9136,6.7617,6.7617,46.3285
2,264,22083.406,0.0,12.9811,15.916,15.916,45.156
2,265,22098.7421,0.0,4.1655,9.9763,9.9763,45.8183
2,266,22144.9135,0.0,22.6956,42.9031,42.9031,66.4003
2,267,22203.0424,0.0,11.8056,15.5643,15.5643,154.4043
2,268,22313.5408,0.0,8.1021,14.0962,14.0962,68.9139
2,269,22369.0959,0.0,12.9607,15.3184,15.3184,60.8158
2,270,22402.7506,0.0,3.5568,6.4614,6.4614,41.9149
2,271,22469.0498,0.0,14.0269,22.1933,22.1933,53.649
2,272,22575.1586,0.0,15.4874,20.7062,20.7062,64.9234
2,273,22609.1013,0.0,10.7546,15.8893,15.8893,50.1226
2,274,22679.1532,0.0,8.9982,15.7842,15.7842,131.7125
2,275,22704.5562,0.0,8.0293,15.5991,15.5991,128.6001
2,276,22735.8573,0.0,6.1088,18.7097,18.7097,110.3127
2,277,22773.3254,0.0,8.6615,22.267,22.267,87.5456
2,278,22878.9707,0.0,22.476,25.1544,25.1544,85.8161
2,279,22922.617,0.0,0.7219,11.546,11.546,44.0848
2,280,22965.9974,0.0,10.6791,13.2038,13.2038,66.7219
2,281,22959.9954,0.0,22.6322,24.6271,24.6271,89.7359
2,282,23433.6718,0.0,9.8966,11.0819,11.0819,52.0262
2,283,23753.7566,0.0,10.5421,20.4553,20.4553,58.5483
2,284,23816.5296,0.0,5.4147,11.7636,11.7636,43.8817
2,285,24033.5308,0.0,4.5649,8.6197,8.6197,32.1301
2,286,24393.7002,0.0,7.7153,12.2894,12.2894,36.8167
2,287,24470.1042,0.0,9.5721,14.8991,14.8991,63.1202
2,288,24471.2241,0.0,10.2084,26.8361,26.8361,67.8277
2,289,24571.9399,0.0,4.632,10.8276,10.8276,41.6671
2,290,24575.6939,0.0,14.5364,23.1255,23.1255,84.5656
2,291,24733.0904,0.0,3.7394,8.3188,8.3188,35.1064
2,292,24804.9027,0.0,1.618,9.4605,9.4605,31.6644
2,293,24923.7791,0.0,5.3968,7.8332,7.8332,34.8883
2,294,25001.5988,0.0,7.5865,10.8908,10.8908,61.8494
2,295,25139.4967,0.0,7.0625,9.3551,9.3551,97.7928
2,296,25149.5902,0.0,4.9654,12.482,12.482,105.8338
2,297,25291.2902,0.0,8.7655,14.3099,14.3099,69.8457
2,298,25322.9506,0.0,11.0549,17.789,17.789,65.9724
2,299,25371.7115,0.0,14.2093,18.43,18.43,53.8302
2,300,25451.3755,0.0,8.3928,14.4148,14.4148,64.6299
2,301,25591.9619,0.0,22.3774,27.2817,27.2817,72.2592
2,302,25708.8054,0.0,14.8687,17.7571,17.7571,102.9207
2,303,25748.3047,0.0,19.1651,21.6342,21.6342,87.3821
2,304,25793.8777,0.0,7.6088,16.3828,16.3828,58.7514
2,305,25928.658,0.0,10.2694,12.655,12.655,89.659
2,306,26040.3991,0.0,3.8569,9.8743,9.8743,40.5715
2,307,26410.4088,0.0,11.3824,18.2414,18.2414,40.0886
2,308,26438.8349,0.0,12.0859,19.3461,19.3461,54.6287
2,309,26469.2677,0.0,24.3006,29.9746,29.9746,132.6998
2,310,26489.1959,0.0,0.5992,11.244,11.244,158.2857
2,311,26685.4328,0.0,9.3086,12.8014,12.8014,33.9647
2,312,26722.0019,0.0,11.3815,17.2061,17.2061,41.3384
2,313,26827.7111,0.0,8.9906,17.9344,17.9344,56.5364
2,314,26861.5145,0.0,13.5721,20.3112,20.3112,34.8236
2,315,26872.2516,0.0,7.5232,9.8805,9.8805,60.0278
2,316,26930.7677,0.0,7.3893,12.479,12.479,38.215
2,317,26981.1787,0.0,7.7035,9.3096,9.3096,38.7041
2,318,26993.0611,0.0,5.4829,7.8936,7.8936,40.8308
2,319,27012.404,0.0,3.7951,10.2607,10.2607,48.9491
2,320,27294.1769,0.0,12.1077,24.0083,24.0083,72.3175
2,321,27434.8683,0.0,10.9156,19.5398,19.5398,71.44
2,322,27699.9031,0.0,9.2189,17.8173,17.8173,59.7882
2,323,27906.8305,0.0,16.6793,29.1452,29.1452,75.5353
2,324,28096.616,0.0,4.9654,7.64,7.64,47.6487
2,325,28092.9262,0.0,7.9789,12.7186,12.7186,35.3833
2,326,28114.6726,0.0,9.0751,11.573,11.573,63.5704
2,327,28118.7622,0.0,10.2325,15.965,15.965,44.4938
2,328,28123.2372,0.0,23.1674,26.6507,26.6507,54.4809
2,329,28145.9691,0.0,6.0044,8.1865,8.1865,81.873
2,330,28175.9718,0.0,10.3245,18.3282,18.3282,49.4154
2,331,28201.7741,0.0,6.9939,14.8426,14.8426,50.5095
2,332,28252.1248,0.0,4.0459,9.976,9.976,30.8492
2,333,28257.401,0.0,14.6869,17.5957,17.5957,47.823
2,334,28258.2925,0.0,16.2744,18.7101,18.7101,77.298
2,335,28423.7397,0.0,22.8276,44.2535,44.2535,106.9266
2,336,28523.5583,0.0,4.5091,24.9151,24.9151,69.5209
2,337,28566.7983,0.0,13.5941,17.9997,17.9997,68.2857
2,338,28642.9942,0.0,16.7687,49.7281,49.7281,85.8069
2,339,28857.2776,0.0,8.5603,15.6652,15.6652,58.6523
2,340,28860.2816,0.0,10.9603,18.9799,18.9799,54.4529
2,341,28878.7078,0.0,9.8768,13.3645,13.3645,142.2348
2,342,29383.9282,0.0,8.7631,11.8576,11.8576,47.1421
2,343,29387.2546,0.0,8.7885,15.0728,15.0728,68.4266
2,344,29496.3895,0.0,11.649,14.026,14.026,55.183
2,345,29515.1276,0.0,5.2027,9.4041,9.4041,54.7484
2,346,29570.7927,0.0,11.0312,15.0635,15.0635,75.9763
2,347,29635.2984,0.0,6.1404,8.7001,8.7001,43.5116
2,348,29723.9044,0.0,16.2518,30.034,30.034,90.4146
2,349,29907.1004,0.0,2.7672,4.9278,4.9278,36.5836
2,350,29996.7582,0.0,7.3893,11.4131,11.4131,73.1682
2,351,30016.8623,0.0,10.0677,15.6842,15.6842,56.2175
2,352,30325.4909,0.0,5.3025,13.3941,13.3941,42.3647
2,353,30324.6343,0.0,8.3215,18.0681,18.0681,45.6511
2,354,30404.5139,0.0,2.2067,10.8449,10.8449,30.037
2,355,30662.7161,0.0,15.6035,17.2276,17.2276,60.8752
2,356,30699.0547,0.0,9.0236,21.9475,21.9475,78.4698
2,357,30813.3496,0.0,3.4648,8.0102,8.0102,40.8429
2,358,30861.7515,0.0,12.8641,15.0632,15.0632,50.8897
2,359,30935.6219,0.0,17.4229,23.5917,23.5917,89.0025
2,360,31052.623,0.0,5.8757,8.7479,8.7479,27.9438
2,361,31043.8098,0.0,12.327,19.3786,19.3786,78.4452
2,362,31124.9588,0.0,11.9061,13.5036,13.5036,47.334
2,363,31171.5084,0.0,8.0173,9.5591,9.5591,46.3262
2,364,31194.4016,0.0,17.4248,20.7861,20.7861,97.3378
2,365,31257.8586,0.0,1.8611,7.9719,7.9719,55.4012
2,366,31336.4371,0.0,20.8863,46.7483,46.7483,109.6456
2,367,31397.6189,0.0,7.8595,15.5926,15.5926,70.1998
2,368,31404.5322,0.0,7.1604,19.2874,19.2874,66.2967
2,369,31440.8082,0.0,3.2443,15.7906,15.7906,38.9135
2,370,31479.9029,0.0,2.888,11.1324,11.1324,45.8919
2,371,31519.0151,0.0,6.8046,12.5318,12.5318,34.7713
2,372,31593.6205,0.0,13.754,15.3793,15.3793,44.2007
2,373,31611.6795,0.0,7.865,16.7036,16.7036,78.5153
2,374,31834.064,0.0,8.0517,12.8614,12.8614,55.4544
2,375,32023.6322,0.0,4.0719,7.4477,7.4477,30.1166
2,376,32230.1748,0.0,9.2404,12.0892,12.0892,79.3972
2,377,32285.1179,0.0,5.8639,8.952,8.952,46.7108
2,378,32382.069,0.0,1.5291,6.212,6.212,49.3221
2,379,32612.9036,0.0,9.5495,14.5627,14.5627,65.9463
2,380,32894.1143,0.0,18.4092,21.4455,21.4455,85.5129
2,381,33066.9173,0.0,7.9783,10.6199,10.6199,43.6079
2,382,33080.969,0.0,6.3384,12.8048,12.8048,52.2211
2,383,33619.4587,0.0,4.5774,9.7987,9.7987,72.7877
2,384,33649.0459,0.0,8.0458,15.0131,15.0131,67.4035
2,385,33704.3136,0.0,3.9504,10.781,10.781,65.0507
2,386,33864.1858,0.0,8.7631,10.4341,10.4341,49.2389
2,387,33993.65,0.0,7.9896,15.2566,15.2566,72.4106
2,388,34025.6927,0.0,3.3077,7.3079,7.3079,44.6343
2,389,34045.32,0.0,7.4784,11.8397,11.8397,47.6453
2,390,34117.4689,0.0,12.4484,19.4944,19.4944,91.2455
2,391,34157.9358,0.0,4.8275,10.6073,10.6073,70.4072
2,392,34273.6713,0.0,12.3246,14.0951,14.0951,44.7965
2,393,34969.995,0.0,1.9448,6.9181,6.9181,38.8944
2,394,35095.6588,0.0,3.9504,9.297,9.297,31.5164
2,395,35179.1268,0.0,10.9008,48.3797,48.3797,108.3853
2,396,35266.9704,0.0,5.5479,10.3497,10.3497,37.1511
2,397,35299.2775,0.0,3.8559,8.4653,8.4653,38.9742
2,398,35299.0466,0.0,10.7085,15.76,15.76,59.8147
2,399,35318.4426,0.0,15.5842,20.4742,20.4742,60.7063
2,400,35373.8698,0.0,7.9727,13.4182,13.4182,79.2368
2,401,35471.8151,0.0,10.0004,18.4685,18.4685,49.2398
2,402,35477.4428,0.0,13.6816,26.986,26.986,85.8801
2,403,35520.2199,0.0,4.1654,8.0891,8.0891,54.2901
2,404,35852.7347,0.0,8.9044,14.7364,14.7364,72.5116
2,405,35981.7793,0.0,4.3208,6.0093,6.0093,26.3044
2,406,36124.2577,0.0,7.8783,11.0695,11.0695,62.4773
2,407,36196.6949,0.0,17.037,21.5567,21.5567,71.9624
2,408,36357.0175,0.0,12.1289,16.4689,16.4689,59.7829
2,409,36400.1979,0.0,5.7805,12.2333,12.2333,73.5201
2,410,36470.4372,0.0,1.8857,12.0471,12.0471,45.4146
2,411,36477.104,0.0,10.211,17.6252,17.6252,52.2051
2,412,36469.9715,0.0,18.0447,26.9709,26.9709,83.1831
2,413,36589.4098,0.0,2.1226,8.5909,8.5909,26.6648
2,414,36660.5238,0.0,5.3114,9.0797,9.0797,27.9434
2,415,36663.7949,0.0,15.1203,21.6682,21.6682,61.716
2,416,36703.0462,0.0,9.779,11.7555,11.7555,42.8284
2,417,36758.6147,0.0,3.1811,14.3528,14.3528,59.2813
2,418,36878.3305,0.0,8.4149,10.429,10.429,50.9443
2,419,36883.9832,0.0,8.0185,15.6294,15.6294,65.7905
2,420,36988.4487,0.0,8.8002,11.5865,11.5865,53.4681
2,421,37034.7302,0.0,5.6123,16.0868,16.0868,42.3245
2,422,37371.6371,0.0,12.127,13.3212,13.3212,45.2917
2,423,37401.4133,0.0,10.6304,15.4388,15.4388,56.5132
2,424,37453.1694,0.0,4.5045,6.1834,6.1834,32.7718
2,425,37481.1262,0.0,5.8903,7.7128,7.7128,56.527
2,426,37537.3918,0.0,9.0186,12.3394,12.3394,75.9753
2,427,37569.2685,0.0,8.3116,12.7206,12.7206,58.0088
2,428,37656.8978,0.0,6.1848,17.7257,17.7257,40.2091
2,429,37783.1923,0.0,6.4456,11.1,11.1,33.4551
2,430,37941.5072,0.0,1.887,22.8073,22.8073,49.1377
2,431,37950.0041,0.0,9.8688,17.6085,17.6085,88.5193
2,432,38057.4649,0.0,20.6482,22.473,22.473,82.0085
2,433,38096.1833,0.0,14.475,19.1224,19.1224,64.63
2,434,38112.1413,0.0,12.5887,16.1534,16.1534,82.98
2,435,38125.8999,0.0,11.3424,17.3742,17.3742,72.656
2,436,38163.6368,0.0,4.3664,7.6302,7.6302,87.0081
2,437,38190.8779,0.0,4.02,10.6109,10.6109,79.2019
2,438,38196.2231,0.0,24.8568,28.8326,28.8326,82.8441
2,439,38217.0249,0.0,13.9648,15.4143,15.4143,73.759
2,440,38208.2076,0.0,21.0621,27.7114,27.7114,89.9545
2,441,38239.0877,0.0,28.4863,32.4626,32.4626,73.9581
2,442,38380.6001,0.0,4.7695,7.5354,7.5354,57.6841
2,443,38456.1055,0.0,6.9489,10.816,10.816,58.4309
2,444,38567.5974,0.0,6.9694,10.1799,10.1799,69.9981
2,445,38664.7849,0.0,11.5696,22.1012,22.1012,62.7746
2,446,38724.1559,0.0,6.507,11.7979,11.7979,29.252
2,447,38836.1694,0.0,5.6448,12.8672,12.8672,42.1418
2,448,38900.2888,0.0,8.3116,19.3262,19.3262,52.9089
2,449,38938.0915,0.0,8.3356,9.9857,9.9857,57.1059
2,450,39047.2199,0.0,5.3638,10.8446,10.8446,34.7581
2,451,39048.5411,0.0,8.4326,19.1711,19.1711,63.9787
2,452,39065.7646,0.0,7.5808,10.4791,10.4791,89.0701
2,453,39138.9716,0.0,8.9523,14.5215,14.5215,42.0481
2,454,39282.2365,0.0,13.8705,16.9601,16.9601,72.762
2,455,39391.849,0.0,11.2478,18.96,18.96,61.6759
2,456,39393.3995,0.0,23.7642,29.8571,29.8571,109.5766
2,457,39409.3475,0.0,7.9113,15.6843,15.6843,141.4656
2,458,39431.398,0.0,4.1003,11.6347,11.6347,106.0295
2,459,39422.7326,0.0,17.4782,24.4744,24.4744,130.2654
2,460,39527.4867,0.0,5.4306,16.9509,16.9509,41.6074
2,461,39673.3278,0.0,15.5589,19.7204,19.7204,41.6724
2,462,39693.5649,0.0,9.9785,14.0704,14.0704,87.8228
2,463,39760.5617,0.0,14.0175,20.7179,20.7179,54.8563
2,464,39864.0447,0.0,6.8967,12.8479,12.8479,103.9383
2,465,39888.577,0.0,5.8713,10.2534,10.2534,138.2658
2,466,39909.236,0.0,7.1043,14.3013,14.3013,106.4863
2,467,39966.3835,0.0,14.05,17.4046,17.4046,48.5205
2,468,39973.2501,0.0,7.0563,12.3802,12.3802,70.8618
2,469,39973.9619,0.0,13.3829,18.4401,18.4401,84.9758
2,470,40007.7025,0.0,2.1475,11.7769,11.7769,46.5911
2,471,40063.3892,0.0,16.5368,22.0196,22.0196,67.999
2,472,40109.6842,0.0,7.5854,35.3302,35.3302,74.5004
2,473,40209.9655,0.0,12.8812,44.3459,44.3459,74.4691
2,474,40347.838,0.0,4.2754,7.8928,7.8928,34.8261
2,475,40648.2937,0.0,4.2942,7.6023,7.6023,30.3934
2,476,40819.7383,0.0,4.3207,10.0738,10.0738,59.8249
2,477,40874.0519,0.0,15.2727,24.8537,24.8537,68.7891
2,478,40888.8574,0.0,8.2674,17.5156,17.5156,96.6316
2,479,40941.3323,0.0,11.7048,13.6867,13.6867,39.845
2,480,40947.0927,0.0,5.0549,20.2336,20.2336,63.0745
2,481,40955.3636,0.0,21.2835,27.5774,27.5774,69.43
2,482,40984.2588,0.0,7.7193,11.1461,11.1461,50.8621
2,483,40998.6048,0.0,8.5548,11.1148,11.1148,40.5275
2,484,41039.5824,0.0,7.7375,11.4019,11.4019,57.8188
2,485,41038.3497,0.0,9.4094,22.3108,22.3108,67.639
2,486,41044.724,0.0,28.0487,35.0353,35.0353,86.0058
2,487,41128.9594,0.0,9.4094,15.447,15.447,56.6954
2,488,41284.9118,0.0,5.8377,9.2802,9.2802,53.1604
2,489,41363.7451,0.0,5.5744,16.5829,16.5829,50.8373
2,490,41374.5855,0.0,2.7497,13.693,13.693,70.7948
2,491,41442.8706,0.0,10.8065,25.5645,25.5645,86.0093
2,492,41571.366,0.0,3.6092,8.031,8.031,34.7793
2,493,41666.9156,0.0,3.0645,30.2877,30.2877,70.5844
2,494,41739.1788,0.0,12.1011,15.8475,15.8475,40.6184
2,495,41750.245,0.0,4.9057,8.3525,8.3525,73.0596
2,496,41761.8249,0.0,18.0554,23.2782,23.2782,82.2455
2,497,41839.7816,0.0,11.598,16.8288,16.8288,60.6414
2,498,41842.0563,0.0,13.5271,19.9021,19.9021,62.6431
2,499,41915.5179,0.0,4.2392,7.8234,7.8234,71.8979
2,500,42092.6324,0.0,6.3744,13.3709,13.3709,59.1954
2,501,42291.7828,0.0,10.23,22.3883,22.3883,56.0411
2,502,42333.728,0.0,22.3717,25.0751,25.0751,45.8084
2,503,42380.2795,0.0,6.4346,8.5316,8.5316,99.167
2,504,42435.8506,0.0,10.1132,13.9062,13.9062,55.769
2,505,42458.2431,0.0,10.1928,13.6098,13.6098,51.0076
2,506,42484.3982,0.0,1.6719,4.7445,4.7445,69.422
2,507,42591.8502,0.0,4.3271,11.1194,11.1194,60.6725
2,508,42646.4577,0.0,21.2595,38.0922,38.0922,62.1895
2,509,42664.3476,0.0,19.9578,21.6289,21.6289,79.8475
2,510,42685.4028,0.0,4.295,11.4208,11.4208,136.9454
2,511,42691.1078,0.0,11.2049,15.2481,15.2481,139.7825
2,512,42768.4402,0.0,5.4804,9.2264,9.2264,54.7558
2,513,42794.7735,0.0,14.403,22.1221,22.1221,77.5396
2,514,43098.8777,0.0,2.2201,14.157,14.157,49.3919
3,1,0.0,0.0,9.7009,14.0336,14.0336,40.0929
3,2,109.9923,0.0,11.3787,15.3931,15.3931,73.963
3,3,163.1915,0.0,7.2502,10.2037,10.2037,49.7558
3,4,185.1673,0.0,8.5044,25.4712,25.4712,69.12
3,5,221.9197,0.0,7.6241,10.8194,10.8194,92.6496
3,6,289.6797,0.0,17.2039,22.423,22.423,39.5359
3,7,514.1522,0.0,8.0585,12.6086,12.6086,72.7616
3,8,515.8244,0.0,13.5722,17.6933,17.6933,85.8471
3,9,532.6914,0.0,9.5373,17.5929,17.5929,105.106
3,10,682.7981,0.0,26.2381,35.738,35.738,46.6158
3,11,730.5327,0.0,8.8979,14.9111,14.9111,104.0292
3,12,875.8059,0.0,11.2425,24.3475,24.3475,73.3865
3,13,941.3514,0.0,7.1699,10.3184,10.3184,52.6633
3,14,943.1433,0.0,20.6482,27.8704,27.8704,94.2877
3,15,1051.2832,0.0,11.3175,16.2916,16.2916,69.0461
3,16,1065.45,0.0,3.2408,6.2098,6.2098,76.8131
3,17,1085.729,0.0,11.479,14.433,14.433,70.2128
3,18,1108.8091,0.0,6.0307,17.1018,17.1018,66.3829
3,19,1219.9815,0.0,7.067,15.1042,15.1042,42.907
3,20,1463.2577,0.0,7.6669,10.6515,10.6515,110.6851
3,21,1948.5083,0.0,7.1257,13.5329,13.5329,61.1435
3,22,2020.7859,0.0,2.9457,8.9654,8.9654,35.9129
3,23,2029.5409,0.0,3.3845,10.687,10.687,77.5716
3,24,2141.1789,0.0,13.0979,19.6431,19.6431,81.8923
3,25,2208.4179,0.0,12.1211,25.4601,25.4601,54.4003
3,26,2217.4162,0.0,20.7689,23.9487,23.9487,101.631
3,27,2262.959,0.0,5.9955,47.5777,47.5777,108.5242
3,28,2538.2657,0.0,3.8507,7.2412,7.2412,27.9962
3,29,2580.9433,0.0,8.7856,12.8776,12.8776,50.1807
3,30,2579.8573,0.0,16.4792,30.444,30.444,75.7972
3,31,2613.6701,0.0,25.4431,27.8088,27.8088,107.7562
3,32,2688.5732,0.0,4.8224,8.2997,8.2997,52.075
3,33,2704.8699,0.0,4.0856,10.8515,10.8515,49.7366
3,34,2734.2064,0.0,8.3461,10.3585,10.3585,24.4701
3,35,2767.6687,0.0,4.5679,9.4168,9.4168,52.7395
3,36,2856.5007,0.0,15.7597,27.7801,27.7801,86.0443
3,37,3057.7194,0.0,4.0459,8.3001,8.3001,33.9788
3,38,3112.0213,0.0,7.0234,12.0745,12.0745,55.4791
3,39,3222.4685,0.0,9.5244,13.8027,13.8027,67.1472
3,40,3484.3767,0.0,6.3805,11.4863,11.4863,85.7714
3,41,3536.6926,0.0,5.8505,12.773,12.773,35.0412
3,42,3543.5862,0.0,10.5743,13.1314,13.1314,63.5192
3,43,3633.1906,0.0,5.4071,10.581,10.581,35.1228
3,44,3705.8012,0.0,3.6279,19.0675,19.0675,124.0025
3,45,3855.0901,0.0,3.4334,7.7984,7.7984,25.486
3,46,3914.546,0.0,7.3143,11.2351,11.2351,66.8332
3,47,3911.7843,0.0,14.7871,19.2203,19.2203,72.0878
3,48,3972.8665,0.0,1.394,5.3019,5.3019,37.3689
3,49,3999.4973,0.0,13.3002,20.194,20.194,55.687
3,50,4006.5892,0.0,11.172,64.8168,64.8168,98.1091
3,51,4312.651,0.0,8.3827,10.7098,10.7098,51.9316
3,52,4567.5054,0.0,9.4396,14.8373,14.8373,42.1741
3,53,4914.9595,0.0,16.2149,25.2441,25.2441,74.2063
3,54,4918.169,0.0,27.5271,33.9899,33.9899,105.5519
3,55,5098.1177,0.0,4.3758,17.0513,17.0513,46.3874
3,56,5201.1395,0.0,2.8561,8.2534,8.2534,40.9863
3,57,5225.7411,0.0,5.4014,10.3166,10.3166,45.4569
3,58,5236.4357,0.0,6.1312,26.4932,26.4932,137.6396
3,59,5296.5665,0.0,24.2238,26.0365,26.0365,51.8433
3,60,5333.0392,0.0,3.1302,4.1926,4.1926,96.404
3,61,5361.2837,0.0,13.6051,20.1368,20.1368,57.976
3,62,5503.3079,0.0,7.3244,22.6419,22.6419,48.4553
3,63,5517.8035,0.0,8.8379,11.6733,11.6733,53.2335
3,64,5510.3738,0.0,17.6769,24.1351,24.1351,68.7831
3,65,5585.8101,0.0,10.6874,14.3695,14.3695,107.8956
3,66,5726.2149,0.0,3.9986,7.7306,7.7306,60.4286
3,67,5726.5307,0.0,5.2013,12.8767,12.8767,67.9605
3,68,5833.8068,0.0,6.605,16.9392,16.9392,55.2955
3,69,5880.0969,0.0,8.3183,12.9816,12.9816,38.1708
3,70,6092.9994,0.0,10.9411,23.2506,23.2506,88.8223
3,71,6096.6016,0.0,6.8566,22.9644,22.9644,106.9495
3,72,6310.8875,0.0,4.8744,11.2515,11.2515,43.4274
3,73,6429.4522,0.0,9.4378,13.3543,13.3543,61.9496
3,74,6432.7731,0.0,8.6152,13.6619,13.6619,80.7536
3,75,6526.3991,0.0,18.3887,27.2667,27.2667,71.9323
3,76,6601.0433,0.0,4.4678,11.273,11.273,32.8951
3,77,6775.8788,0.0,11.2415,17.0422,17.0422,46.3769
3,78,6848.1836,0.0,9.5115,13.9604,13.9604,72.4176
3,79,6974.0661,0.0,8.4187,12.2945,12.2945,52.7339
3,80,7002.5449,0.0,3.9922,7.6232,7.6232,44.1915
3,81,6992.3734,0.0,1.0221,20.9733,20.9733,91.0596
3,82,7434.7184,0.0,8.3695,17.2575,17.2575,57.2607
3,83,7637.9901,0.0,6.3168,13.842,13.842,47.4098
3,84,7689.0337,0.0,10.7382,24.2286,24.2286,82.6038
3,85,7707.1685,0.0,7.3657,10.5375,10.5375,84.6411
3,86,7761.2101,0.0,12.9607,17.7951,17.7951,56.3766
3,87,7821.5106,0.0,12.5965,15.0962,15.0962,72.5157
3,88,7870.4272,0.0,1.887,7.1694,7.1694,38.5194
3,89,7939.0997,0.0,15.1423,30.281,30.281,69.5568
3,90,7968.343,0.0,13.6878,34.3942,34.3942,83.517
3,91,8048.6223,0.0,10.0716,12.3369,12.3369,65.6942
3,92,8062.0001,0.0,18.5633,30.4531,30.4531,30.2358
3,93,8131.1251,0.0,2.0935,10.9122,10.9122,106.6101
3,94,8137.9146,0.0,6.5566,10.3555,10.3555,46.6446
3,95,8300.1835,0.0,4.0445,22.7385,22.7385,64.5779
3,96,8513.3005,0.0,10.667,13.752,13.752,83.1143
3,97,8530.5698,0.0,5.1363,10.4011,10.4011,69.1055
3,98,8588.8687,0.0,8.1423,15.1288,15.1288,42.1891
3,99,8675.6543,0.0,6.6078,9.4334,9.4334,28.2488
3,100,8787.947,0.0,9.1991,10.8404,10.8404,64.3728
3,101,8852.5002,0.0,13.3312,17.7314,17.7314,50.2716
3,102,8883.3928,0.0,6.3046,13.2286,13.2286,64.0427
3,103,9078.9877,0.0,4.6245,11.1074,11.1074,30.8604
3,104,9248.1072,0.0,15.125,20.3125,20.3125,69.3495
3,105,9289.6959,0.0,5.9106,13.621,13.621,51.8955
3,106,9313.1134,0.0,10.0921,11.7396,11.7396,42.9749
3,107,9338.5932,0.0,12.2004,13.899,13.899,42.9648
3,108,9431.9858,0.0,18.0375,21.5602,21.5602,74.5878
3,109,9467.3397,0.0,19.5975,28.1263,28.1263,56.816
3,110,9491.5122,0.0,9.5693,15.8724,15.8724,93.3825
3,111,9533.7971,0.0,22.4774,28.2244,28.2244,75.2514
3,112,9624.0312,0.0,2.8277,8.5422,8.5422,45.4723
3,113,9637.5386,0.0,18.5385,23.5023,23.5023,70.7906
3,114,9771.7725,0.0,8.9529,11.4052,11.4052,83.9569
3,115,9816.9543,0.0,12.4568,17.1294,17.1294,54.6814
3,116,9849.4014,0.0,11.5718,19.1451,19.1451,55.0756
3,117,9866.583,0.0,4.1183,8.0483,8.0483,36.7423
3,118,9876.3499,0.0,9.0024,14.6602,14.6602,78.868
3,119,9990.7421,0.0,19.4466,25.577,25.577,109.1373
3,120,10312.831,0.0,5.8625,16.4357,16.4357,48.1046
3,121,10382.6132,0.0,10.5422,16.902,16.902,56.808
3,122,10513.8446,0.0,9.0055,22.9628,22.9628,59.3181
3,123,10681.4498,0.0,5.4858,9.857,9.857,48.8781
3,124,10710.0873,0.0,2.3868,8.6287,8.6287,41.734
3,125,10798.8482,0.0,8.3991,21.2368,21.2368,58.0701
3,126,10906.0803,0.0,3.9583,14.5257,14.5257,67.6917
3,127,10935.9155,0.0,6.8083,9.3865,9.3865,44.3074
3,128,10956.7324,0.0,3.3077,7.3853,7.3853,35.7731
3,129,10968.7415,0.0,7.1385,9.4564,9.4564,46.2984
3,130,11175.8989,0.0,1.8423,17.6258,17.6258,68.1175
3,131,11188.361,0.0,10.9508,19.077,19.077,81.2299
3,132,11369.1892,0.0,13.0863,20.5897,20.5897,66.9639
3,133,11386.0323,0.0,1.8172,16.9151,16.9151,91.4978
3,134,11490.8609,0.0,10.1078,18.7492,18.7492,49.1012
3,135,11485.7454,0.0,19.8738,26.7197,26.7197,65.6816
3,136,11807.2996,0.0,1.2534,24.409,24.409,76.7098
3,137,11876.2212,0.0,3.1277,6.4964,6.4964,38.5728
3,138,12124.6623,0.0,14.1565,22.9305,22.9305,28.8106
3,139,12162.5276,0.0,3.5027,10.1034,10.1034,80.5582
3,140,12197.3818,0.0,2.3374,5.2868,5.2868,35.7962
3,141,12211.6018,0.0,6.5839,31.2049,31.2049,90.3854
3,142,12479.4336,0.0,11.2886,25.9058,25.9058,72.7279
3,143,12632.0505,0.0,11.3175,17.1638,17.1638,57.4555
3,144,13105.239,0.0,12.7623,28.1608,28.1608,77.1077
3,145,13162.833,0.0,5.3025,8.8956,8.8956,64.7915
3,146,13216.4436,0.0,6.3176,8.8428,8.8428,34.9324
3,147,13390.4855,0.0,1.3623,13.7578,13.7578,30.1315
3,148,13671.7797,0.0,9.0204,13.8237,13.8237,73.2694
3,149,13666.7939,0.0,19.3879,21.6672,21.6672,74.2711
3,150,13908.6392,0.0,6.6949,9.5993,9.5993,64.2575
3,151,13975.5498,0.0,7.4216,9.1649,9.1649,34.3906
3,152,14175.495,0.0,15.1042,21.9049,21.9049,48.1141
3,153,14410.8343,0.0,5.3025,11.7545,11.7545,56.8746
3,154,14469.0149,0.0,4.7693,8.0602,8.0602,40.9473
3,155,14487.338,0.0,5.8079,10.5692,10.5692,37.5478
3,156,14473.7351,0.0,18.1728,25.5895,25.5895,72.1261
3,157,14466.4248,0.0,7.3677,67.3677,67.3677,102.3106
3,158,14696.7447,0.0,6.5587,10.6241,10.6241,58.0388
3,159,14698.3126,0.0,6.1723,13.4086,13.4086,87.5774
3,160,14822.2577,0.0,4.833,6.7186,6.7186,42.2533
3,161,14842.0027,0.0,15.5039,18.2248,18.2248,53.4853
3,162,14876.2726,0.0,14.705,34.7336,34.7336,39.5529
3,163,14903.7083,0.0,2.922,8.5111,8.5111,83.7686
3,164,14929.7201,0.0,5.816,10.5655,10.5655,70.1426
3,165,14956.8428,0.0,4.2481,10.575,10.575,78.8024
3,166,15026.6545,0.0,8.2829,12.2824,12.2824,35.7027
3,167,15059.7713,0.0,19.6432,24.8777,24.8777,70.2262
3,168,15085.7609,0.0,21.8892,28.5682,28.5682,79.8052
3,169,15177.8173,0.0,15.9716,22.7446,22.7446,71.4726
3,170,15303.255,0.0,8.2672,13.0963,13.0963,76.1261
3,171,15428.6883,0.0,11.235,20.0559,20.0559,48.5766
3,172,15541.6017,0.0,14.5866,16.3937,16.3937,89.9206
3,173,15536.7846,0.0,12.1546,44.3208,44.3208,102.451
3,174,15682.1151,0.0,4.0778,11.3688,11.3688,54.9218
3,175,15750.4153,0.0,6.718,14.4236,14.4236,51.227
3,176,15812.7276,0.0,8.9865,17.7667,17.7667,62.7173
3,177,16025.2498,0.0,7.7519,13.0652,13.0652,60.4022
3,178,16158.282,0.0,5.3424,12.5524,12.5524,52.1636
3,179,16470.083,0.0,5.387,10.2636,10.2636,63.7286
3,180,16622.6166,0.0,8.8948,17.7436,17.7436,52.355
3,181,16650.7609,0.0,24.1703,34.4772,34.4772,100.8707
3,182,16675.7677,0.0,19.8039,23.5149,23.5149,84.4151
3,183,16778.9968,0.0,15.7806,17.3899,17.3899,55.2573
3,184,16822.6204,0.0,9.2829,13.0965,13.0965,61.05
3,185,16851.6983,0.0,7.938,18.0878,18.0878,70.259
3,186,16960.434,0.0,6.8291,10.1203,10.1203,47.6605
3,187,17115.4919,0.0,11.4265,16.6888,16.6888,64.1048
3,188,17192.0428,0.0,11.5696,15.8203,15.8203,49.2403
3,189,17215.5688,0.0,7.534,10.5831,10.5831,34.5208
3,190,17244.3749,0.0,14.0635,16.9892,16.9892,49.5436
3,191,17478.1397,0.0,6.5361,9.2418,9.2418,35.1324
3,192,17736.2797,0.0,14.198,21.4687,21.4687,45.4
3,193,17748.3891,0.0,3.489,10.1066,10.1066,82.9657
3,194,17860.3313,0.0,21.9078,24.6574,24.6574,73.9929
3,195,18008.1438,0.0,11.9838,18.9456,18.9456,84.8447
3,196,18065.7302,0.0,10.3431,14.9289,14.9289,88.9977
3,197,18170.7341,0.0,10.0982,16.1037,16.1037,49.5573
3,198,18288.2564,0.0,6.1468,13.3333,13.3333,61.8708
3,199,18343.1187,0.0,6.4618,7.2705,7.2705,51.8375
3,200,18482.5688,0.0,10.1549,14.1312,14.1312,40.0989
3,201,18561.2417,0.0,13.3607,15.5193,15.5193,46.9079
3,202,18563.9858,0.0,8.9913,21.8875,21.8875,92.0125
3,203,18624.5558,0.0,2.9166,7.3344,7.3344,45.1313
3,204,18723.3893,0.0,19.8679,30.7965,30.7965,73.8819
3,205,18791.4724,0.0,13.5246,15.3376,15.3376,44.6919
3,206,18834.9868,0.0,19.8844,30.0097,30.0097,87.4418
3,207,19058.2055,0.0,6.2773,11.3187,11.3187,31.5287
3,208,19092.0381,0.0,5.3297,5.9467,5.9467,58.285
3,209,19100.0483,0.0,5.5355,9.8643,9.8643,64.7265
3,210,19300.7574,0.0,10.0263,17.982,17.982,58.1421
3,211,19315.0512,0.0,12.7987,17.5569,17.5569,84.1808
3,212,19376.026,0.0,6.8335,42.8089,42.8089,70.7081
3,213,19439.2517,0.0,11.2474,15.1287,15.1287,59.8002
3,214,19515.0291,0.0,12.8607,20.2971,20.2971,69.8447
3,215,19526.7798,0.0,17.8401,28.2694,28.2694,74.3651
3,216,19611.4166,0.0,11.4754,16.0651,16.0651,42.1908
3,217,19623.5353,0.0,8.7381,12.5011,12.5011,61.8915
3,218,19645.7411,0.0,3.8559,7.178,7.178,53.9188
3,219,19669.5649,0.0,4.1003,12.3375,12.3375,38.7552
3,220,19768.3037,0.0,5.962,18.1645,18.1645,55.4865
3,221,19806.0814,0.0,3.2949,8.6697,8.6697,59.3652
3,222,19805.777,0.0,16.3357,22.2999,22.2999,80.4631
3,223,20002.7848,0.0,7.889,19.9029,19.9029,64.2708
3,224,20122.314,0.0,5.3135,12.8026,12.8026,53.6646
3,225,20224.7896,0.0,6.857,9.8982,9.8982,47.4427
3,226,20282.9051,0.0,7.4454,11.4302,11.4302,45.6647
3,227,20416.2418,0.0,6.4531,10.0938,10.0938,38.3623
3,228,20492.7786,0.0,10.0332,17.1447,17.1447,60.873
3,229,20563.7637,0.0,5.3094,10.7253,10.7253,58.978
3,230,20723.7313,0.0,9.2037,13.0741,13.0741,34.5368
3,231,20801.9356,0.0,13.8314,16.2381,16.2381,58.7639
3,232,20883.2419,0.0,24.3356,30.5351,30.5351,47.1284
3,233,20903.5622,0.0,10.2981,14.9967,14.9967,99.4773
3,234,20975.6889,0.0,6.814,17.1233,17.1233,64.8573
3,235,21026.8219,0.0,12.1153,13.7416,13.7416,72.8327
3,236,21133.8832,0.0,12.3945,20.6685,20.6685,71.75
3,237,21243.4614,0.0,7.2278,14.6011,14.6011,62.4803
3,238,21296.8547,0.0,6.8227,10.9876,10.9876,47.0988
3,239,21370.8878,0.0,10.9189,21.8501,21.8501,51.7471
3,240,21486.2022,0.0,3.7054,7.1083,7.1083,44.028
3,241,21787.547,0.0,8.9262,17.2241,17.2241,51.5701
3,242,21790.3271,0.0,16.3713,25.4665,25.4665,70.8519
3,243,22052.2258,0.0,11.3787,18.5408,18.5408,122.7168
3,244,22151.7388,0.0,12.2798,16.5883,16.5883,90.9749
3,245,22249.0807,0.0,8.0185,12.7947,12.7947,62.7478
3,246,22281.3687,0.0,14.2355,21.6808,21.6808,51.8378
3,247,22378.7076,0.0,12.5887,18.7744,18.7744,48.599
3,248,22391.8711,0.0,6.4346,13.6626,13.6626,92.7571
3,249,22392.2834,0.0,14.8788,16.3411,16.3411,111.1708
3,250,22429.0275,0.0,4.9171,11.6741,11.6741,98.2484
3,251,22458.6974,0.0,6.8575,13.4081,13.4081,82.7654
3,252,22800.788,0.0,11.9541,27.0317,27.0317,52.936
3,253,22843.7847,0.0,4.6714,17.88,17.88,53.8557
3,254,22886.8861,0.0,11.0955,53.7315,53.7315,121.1897
3,255,23257.7367,0.0,4.5023,9.4493,9.4493,40.9174
3,256,23680.1703,0.0,12.8101,16.058,16.058,41.3569
3,257,23687.6714,0.0,8.408,9.8062,9.8062,54.4065
3,258,23715.7299,0.0,27.6405,31.5188,31.5188,38.5251
3,259,23738.9743,0.0,6.7093,9.2115,9.2115,93.6585
3,260,23919.6378,0.0,8.0458,11.3709,11.3709,49.5373
3,261,23919.7716,0.0,4.0008,24.3094,24.3094,64.9738
3,262,23960.1821,0.0,21.883,24.9917,24.9917,53.4228
3,263,23979.1139,0.0,5.2529,13.3037,13.3037,118.9246
3,264,24036.4128,0.0,3.9001,9.5079,9.5079,49.9506
3,265,24118.8686,0.0,5.3135,15.2486,15.2486,43.546
3,266,24136.6762,0.0,13.7244,18.1657,18.1657,63.1493
3,267,24582.6534,0.0,5.626,12.0326,12.0326,56.889
3,268,24801.4396,0.0,3.3046,8.8759,8.8759,29.3388
3,269,24900.0745,0.0,6.4456,9.3925,9.3925,46.6127
3,270,24980.5412,0.0,9.1302,21.2295,21.2295,53.58
3,271,25034.2319,0.0,8.9177,14.283,14.283,68.6754
3,272,25074.123,0.0,10.0716,11.3356,11.3356,40.8534
3,273,25088.3495,0.0,11.8495,14.3707,14.3707,59.4903
3,274,25180.4877,0.0,10.5898,16.5035,16.5035,74.6213
3,275,25221.8728,0.0,7.7375,13.5078,13.5078,52.0549
3,276,25271.9528,0.0,14.0301,17.4226,17.4226,87.2366
3,277,25307.4038,0.0,11.0522,24.645,24.645,69.9653
3,278,25368.0897,0.0,11.4912,16.0816,16.0816,57.8188
3,279,25382.4628,0.0,13.3543,17.5578,17.5578,60.6845
3,280,25444.1062,0.0,9.8738,13.4952,13.4952,54.2764
3,281,25501.0759,0.0,14.7871,17.5849,17.5849,53.2004
3,282,25559.6253,0.0,11.4512,20.2373,20.2373,53.5074
3,283,25609.8248,0.0,2.6878,4.827,4.827,53.5304
3,284,25636.1999,0.0,20.5002,22.5569,22.5569,116.4974
3,285,25676.7704,0.0,12.4509,18.386,18.386,78.2356
3,286,25743.7412,0.0,10.0984,15.4045,15.4045,46.1237
3,287,25878.297,0.0,19.8326,34.6306,34.6306,121.5092
3,288,26102.1081,0.0,18.3635,26.2104,26.2104,75.7757
3,289,26140.7636,0.0,9.1662,17.1208,17.1208,58.5097
3,290,26371.5681,0.0,4.4753,11.1599,11.1599,43.5519
3,291,26396.6849,0.0,13.9842,18.3814,18.3814,43.7215
3,292,26451.3281,0.0,11.6276,25.278,25.278,57.3682
3,293,26595.6613,0.0,13.6522,14.8684,14.8684,95.0126
3,294,26702.1757,0.0,17.3996,18.2254,18.2254,54.2672
3,295,26761.3884,0.0,12.1129,14.9921,14.9921,65.6569
3,296,26969.4978,0.0,5.5798,12.16,12.16,52.7585
3,297,27173.9108,0.0,3.9001,8.4922,8.4922,50.7083
3,298,27180.3759,0.0,5.245,8.5888,8.5888,75.6392
3,299,27348.9888,0.0,10.4841,13.9739,13.9739,40.1399
3,300,27369.2275,0.0,9.4161,15.7928,15.7928,65.4891
3,301,27738.8337,0.0,4.0933,23.6541,23.6541,68.0744
3,302,27791.2823,0.0,8.9552,15.389,15.389,54.9157
3,303,27836.9578,0.0,5.0565,9.3704,9.3704,42.8778
3,304,28248.2683,0.0,4.3269,11.2173,11.2173,24.0072
3,305,28242.4838,0.0,10.3317,26.6279,26.6279,52.2617
3,306,28266.8546,0.0,4.6733,5.5792,5.5792,92.0401
3,307,28352.0988,0.0,12.5416,24.3792,24.3792,61.2077
3,308,28552.0894,0.0,11.5795,14.6291,14.6291,87.1752
3,309,28620.127,0.0,17.6759,31.502,31.502,86.6599
3,310,28651.2014,0.0,15.5542,18.9504,18.9504,73.0599
3,311,28705.4226,0.0,2.9108,6.8313,6.8313,32.9475
3,312,28728.9864,0.0,9.4945,11.3662,11.3662,42.2102
3,313,28916.5266,0.0,4.8556,13.521,13.521,89.4394
3,314,29226.4563,0.0,4.5788,7.4951,7.4951,62.8621
3,315,29383.9714,0.0,13.6163,26.6232,26.6232,107.9004
3,316,29444.9641,0.0,6.5366,9.135,9.135,78.5192
3,317,29451.6438,0.0,17.7463,26.5726,26.5726,87.9511
3,318,29526.7061,0.0,0.9672,6.9288,6.9288,50.1848
3,319,29687.3863,0.0,11.0167,17.792,17.792,57.9327
3,320,29739.1362,0.0,2.1226,11.3931,11.3931,40.3703
3,321,29749.7982,0.0,9.2526,15.7637,15.7637,35.76
3,322,29760.0548,0.0,7.0618,9.9774,9.9774,53.6525
3,323,30023.6347,0.0,1.9034,9.582,9.582,44.0706
3,324,30679.931,0.0,17.0689,22.0481,22.0481,58.8224
3,325,30696.0505,0.0,11.1729,18.5865,18.5865,80.5861
3,326,30845.6054,0.0,2.0149,4.4368,4.4368,79.8462
3,327,30837.2401,0.0,12.4442,13.6697,13.6697,75.4644
3,328,30940.7323,0.0,3.635,7.3574,7.3574,55.8059
3,329,31072.1892,0.0,1.8954,2.7942,2.7942,22.7071
3,330,31064.9885,0.0,9.4998,18.8067,18.8067,58.6998
3,331,31108.6187,0.0,4.6748,10.1142,10.1142,58.5199
3,332,31246.3916,0.0,9.4796,15.7985,15.7985,51.8973
3,333,31382.1784,0.0,10.2323,17.6551,17.6551,47.6614
3,334,31483.7612,0.0,8.0943,15.6014,15.6014,74.8036
3,335,31648.3424,0.0,7.4221,17.77,17.77,57.0704
3,336,31764.8085,0.0,3.4877,9.201,9.201,30.702
3,337,31960.3112,0.0,2.2036,6.9963,6.9963,49.4669
3,338,32038.7962,0.0,9.5459,20.7615,20.7615,51.9081
3,339,32061.0335,0.0,2.6952,4.5773,4.5773,38.0167
3,340,32171.1078,0.0,4.0454,10.257,10.257,42.1012
3,341,32287.5626,0.0,10.2774,13.0242,13.0242,52.3922
3,342,32331.7175,0.0,12.1566,16.6219,16.6219,74.4645
3,343,32376.7002,0.0,4.0454,8.8444,8.8444,88.0951
3,344,32459.3608,0.0,9.538,11.5381,11.5381,52.1559
3,345,32472.6253,0.0,11.8342,16.8087,16.8087,69.8456
3,346,32511.5244,0.0,7.2503,10.482,10.482,40.5853
3,347,32464.5191,0.0,4.3059,64.3059,64.3059,105.3906
3,348,32520.2488,0.0,12.9726,17.471,17.471,61.1283
3,349,32532.5543,0.0,9.5939,15.8428,15.8428,55.3631
3,350,32679.9537,0.0,10.6963,14.6611,14.6611,56.3725
3,351,32717.017,0.0,7.3926,10.5338,10.5338,59.3647
3,352,32787.5099,0.0,12.3682,16.1811,16.1811,67.3398
3,353,32796.2087,0.0,6.7731,11.1185,11.1185,118.9569
3,354,32937.4967,0.0,8.863,13.6908,13.6908,84.6188
3,355,33039.2498,0.0,21.253,23.8218,23.8218,70.5315
3,356,33157.8484,0.0,1.3304,30.7075,30.7075,83.4718
3,357,33271.344,0.0,11.6915,17.1689,17.1689,58.205
3,358,33660.8764,0.0,11.5101,15.1704,15.1704,48.4137
3,359,33654.581,0.0,22.3496,25.9959,25.9959,69.0229
3,360,33714.1476,0.0,3.5885,6.1435,6.1435,20.5349
3,361,33852.9986,0.0,16.0728,23.5875,23.5875,73.8885
3,362,33946.8632,0.0,6.6234,14.1981,14.1981,45.2953
3,363,34001.6091,0.0,8.558,10.498,10.498,114.1382
3,364,34005.0113,0.0,8.0307,20.8501,20.8501,67.6258
3,365,34033.5503,0.0,15.4289,29.8788,29.8788,47.271
3,366,34063.8981,0.0,4.1259,9.0703,9.0703,81.5395
3,367,34117.923,0.0,5.8702,12.3578,12.3578,42.1232
3,368,34114.9821,0.0,10.8559,16.2217,16.2217,82.2402
3,369,34187.7595,0.0,11.078,12.9703,12.9703,64.1692
3,370,34278.3428,0.0,6.8704,16.9174,16.9174,70.0305
3,371,34315.0932,0.0,15.8429,25.3209,25.3209,69.7148
3,372,34479.2164,0.0,5.7403,9.2618,9.2618,36.7912
3,373,34550.6615,0.0,9.244,10.2139,10.2139,43.5602
3,374,34587.5958,0.0,6.851,8.3102,8.3102,46.0452
3,375,34608.748,0.0,11.3006,16.8916,16.8916,50.5865
3,376,34643.6263,0.0,8.2065,15.9579,15.9579,65.4053
3,377,34917.6929,0.0,9.3556,13.3348,13.3348,52.2458
3,378,34983.2962,0.0,11.4245,22.8698,22.8698,76.0398
3,379,35050.6817,0.0,4.0008,6.4856,6.4856,42.5746
3,380,35196.8851,0.0,6.9446,9.5434,9.5434,32.1292
3,381,35199.0756,0.0,10.8484,16.0867,16.0867,74.4945
3,382,35407.8005,0.0,9.0662,16.764,16.764,63.5566
3,383,35493.4043,0.0,15.9716,24.6884,24.6884,61.2158
3,384,35760.1506,0.0,7.1364,13.8881,13.8881,32.1245
3,385,35832.6849,0.0,4.1437,7.9726,7.9726,48.5968
3,386,35989.9583,0.0,7.8752,9.5156,9.5156,37.7781
3,387,35990.9157,0.0,7.305,8.9164,8.9164,53.0842
3,388,36263.8486,0.0,11.6716,22.1412,22.1412,26.1756
3,389,36280.5867,0.0,5.1755,8.2999,8.2999,83.9342
3,390,36570.3003,0.0,24.0891,31.5192,31.5192,60.8793
3,391,36618.8099,0.0,15.7078,19.8036,19.8036,114.6313
3,392,36665.425,0.0,9.6304,10.4299,10.4299,63.3083
3,393,36736.5644,0.0,3.6125,9.6764,9.6764,38.9821
3,394,36801.4018,0.0,7.2247,13.2783,13.2783,69.1745
3,395,36906.2796,0.0,3.4748,18.6653,18.6653,47.9154
3,396,36930.2292,0.0,8.3908,13.1371,13.1371,42.5959
3,397,36939.301,0.0,13.4389,16.0313,16.0313,54.553
3,398,36974.6417,0.0,10.2116,15.1871,15.1871,44.5248
3,399,37380.3075,0.0,9.8738,14.3132,14.3132,40.2582
3,400,37407.8008,0.0,8.8394,12.4772,12.4772,50.7589
3,401,37520.8447,0.0,6.9061,20.2684,20.2684,44.6018
3,402,37555.065,0.0,8.7254,20.6824,20.6824,78.552
3,403,37534.051,0.0,5.2087,65.2087,65.2087,104.1668
3,404,37614.9934,0.0,0.9623,4.4694,4.4694,52.6491
3,405,37624.762,0.0,6.5336,12.7448,12.7448,70.9778
3,406,38076.5839,0.0,16.1678,21.388,21.388,85.6769
3,407,38122.9541,0.0,6.7434,9.1667,9.1667,45.123
3,408,38141.4354,0.0,14.9233,17.883,17.883,104.6705
3,409,38148.6024,0.0,11.6471,16.8864,16.8864,97.2514
3,410,38207.4225,0.0,20.1436,31.0966,31.0966,77.6394
3,411,38363.8646,0.0,3.5753,13.5092,13.5092,44.5664
3,412,38376.9626,0.0,18.417,52.2974,52.2974,99.594
3,413,38643.365,0.0,5.5414,11.4769,11.4769,50.5353
3,414,38688.143,0.0,10.2323,13.3755,13.3755,70.1511
3,415,38733.1178,0.0,11.4398,15.0486,15.0486,51.026
3,416,38753.6019,0.0,6.765,13.7658,13.7658,51.1295
3,417,38786.9898,0.0,3.2624,7.1305,7.1305,36.749
3,418,38914.4749,0.0,6.3028,12.5425,12.5425,113.9622
3,419,38918.564,0.0,16.2648,30.437,30.437,143.6293
3,420,39257.6529,0.0,7.5019,11.2061,11.2061,44.4593
3,421,39257.4578,0.0,11.9243,15.3169,15.3169,76.1054
3,422,39394.2535,0.0,7.1699,12.2622,12.2622,49.5879
3,423,39502.5905,0.0,6.2441,8.6857,8.6857,41.5995
3,424,39651.6127,0.0,4.2804,25.5086,25.5086,51.3122
3,425,39677.9469,0.0,9.816,12.1194,12.1194,39.5985
3,426,39667.9337,0.0,14.1369,44.4056,44.4056,100.4001
3,427,39771.941,0.0,13.792,17.1402,17.1402,56.7774
3,428,39883.0063,0.0,5.8454,13.5196,13.5196,70.4619
3,429,40026.7556,0.0,10.3002,12.8214,12.8214,53.7013
3,430,40099.8377,0.0,19.8941,21.9098,21.9098,42.8868
3,431,40116.7736,0.0,13.5567,17.5488,17.5488,48.8041
3,432,40122.6556,0.0,9.9351,14.0266,14.0266,44.0292
3,433,40135.6535,0.0,3.7054,18.8501,18.8501,97.1862
3,434,40470.2501,0.0,18.9815,31.348,31.348,79.2447
3,435,40586.4569,0.0,8.8491,11.8406,11.8406,37.2246
3,436,41004.4886,0.0,1.5383,4.3026,4.3026,60.4448
3,437,41040.4316,0.0,11.5059,12.846,12.846,66.1679
3,438,41098.575,0.0,16.9251,25.5243,25.5243,72.61
3,439,41156.5135,0.0,3.4648,10.815,10.815,80.8371
3,440,41190.254,0.0,8.754,28.6846,28.6846,84.1851
3,441,41220.6189,0.0,13.3373,16.957,16.957,64.6328
3,442,41225.8506,0.0,6.0381,17.977,17.977,72.6043
3,443,41272.8965,0.0,12.8491,15.059,15.059,27.404
3,444,41280.0857,0.0,5.6254,12.7094,12.7094,57.38
3,445,41495.6379,0.0,4.4498,11.0732,11.0732,40.5267
3,446,41588.1823,0.0,7.9997,14.6576,14.6576,49.7828
3,447,41623.4362,0.0,8.2995,12.7421,12.7421,51.7665
3,448,41676.6883,0.0,12.9568,16.8805,16.8805,54.6448
3,449,41694.0113,0.0,12.522,27.5115,27.5115,67.8364
3,450,41861.8425,0.0,3.556,10.4326,10.4326,46.7456
3,451,42045.2916,0.0,8.1571,13.4371,13.4371,52.6512
3,452,42266.2862,0.0,4.5394,13.6597,13.6597,41.7951
3,453,42326.071,0.0,7.6875,13.4047,13.4047,50.8202
3,454,42322.4168,0.0,16.1699,20.0225,20.0225,60.2702
3,455,42346.3479,0.0,2.865,7.4357,7.4357,46.6295
3,456,42344.777,0.0,7.1593,11.0819,11.0819,68.8694
3,457,42428.0652,0.0,27.6405,31.9204,31.9204,115.1725
3,458,42434.6796,0.0,17.161,25.7131,25.7131,100.5046
3,459,42384.1584,0.0,19.8742,79.8742,79.8742,97.9101
3,460,42506.7932,0.0,10.8258,18.7237,18.7237,65.4879
3,461,42531.7125,0.0,12.0031,20.0228,20.0228,67.0355
3,462,42566.6569,0.0,5.0688,7.5926,7.5926,36.8372
3,463,42599.7732,0.0,7.1279,11.4331,11.4331,30.6369
3,464,42613.7464,0.0,9.601,15.4804,15.4804,60.1141
3,465,42661.2919,0.0,11.2138,19.7482,19.7482,55.5633
3,466,42730.7429,0.0,8.2227,11.0817,11.0817,57.3342
3,467,42880.9607,0.0,3.1417,6.5704,6.5704,32.446
3,468,43063.2706,0.0,14.2691,21.4636,21.4636,82.4526
4,1,0.0,0.0,9.8347,12.7998,12.7998,68.1455
4,2,251.8769,0.0,2.5622,7.7054,7.7054,42.3698
4,3,311.3362,0.0,14.0056,20.8382,20.8382,93.6138
4,4,604.6472,0.0,14.0161,21.472,21.472,54.801
4,5,633.3803,0.0,13.97,23.1697,23.1697,72.0422
4,6,664.159,0.0,6.6095,9.4719,9.4719,92.455
4,7,745.7019,0.0,9.5511,13.9825,13.9825,74.4767
4,8,949.8517,0.0,4.8095,8.0836,8.0836,48.1993
4,9,967.34,0.0,6.5701,11.6234,11.6234,38.0246
4,10,1007.2521,0.0,14.0021,24.5669,24.5669,73.417
4,11,1032.7628,0.0,6.1019,12.6736,12.6736,64.1296
4,12,1051.5756,0.0,8.7554,16.2695,16.2695,55.6121
4,13,1220.9842,0.0,5.962,10.3203,10.3203,43.7651
4,14,1229.9358,0.0,16.7873,21.0639,21.0639,56.957
4,15,1361.2653,0.0,13.2191,17.0326,17.0326,55.9008
4,16,1370.8437,0.0,16.7521,37.4644,37.4644,79.109
4,17,1519.3356,0.0,6.5558,12.3232,12.3232,80.8845
4,18,1639.5492,0.0,7.8783,14.5643,14.5643,51.8722
4,19,2021.0429,0.0,5.5479,7.7995,7.7995,46.0958
4,20,2041.7765,0.0,18.8454,20.0226,20.0226,73.8469
4,21,2077.0029,0.0,9.4842,13.3614,13.3614,58.8936
4,22,2117.6954,0.0,8.4149,14.1983,14.1983,61.9359
4,23,2146.0276,0.0,14.0564,18.7628,18.7628,47.6617
4,24,2499.1001,0.0,6.9612,13.705,13.705,57.4075
4,25,2760.9186,0.0,7.8256,17.1853,17.1853,54.5768
4,26,2759.0141,0.0,10.2323,22.122,22.122,55.7525
4,27,2863.7594,0.0,9.0024,14.1348,14.1348,67.4766
4,28,2989.3932,0.0,6.4429,17.822,17.822,65.985
4,29,3183.5466,0.0,11.8747,31.0133,31.0133,84.2054
4,30,3256.8007,0.0,5.2744,9.3584,9.3584,37.6966
4,31,3383.2698,0.0,8.1532,13.9546,13.9546,50.3996
4,32,3560.9682,0.0,2.5454,4.7767,4.7767,28.9035
4,33,3589.1533,0.0,2.2463,6.2559,6.2559,44.7012
4,34,3647.6223,0.0,14.0942,22.5657,22.5657,61.994
4,35,3671.6623,0.0,10.5292,19.625,19.625,51.048
4,36,3726.1916,0.0,23.7711,25.7742,25.7742,81.4181
4,37,3769.183,0.0,15.9166,21.4011,21.4011,51.2094
4,38,3824.1536,0.0,4.7726,5.1611,5.1611,38.9617
4,39,4087.753,0.0,12.3061,17.2384,17.2384,57.2429
4,40,4125.7982,0.0,2.4101,5.6098,5.6098,28.9621
4,41,4142.5722,0.0,10.9468,20.5905,20.5905,85.6776
4,42,4173.4111,0.0,5.6254,8.064,8.064,77.1399
4,43,4439.744,0.0,8.2937,12.2485,12.2485,63.7909
4,44,4789.6301,0.0,4.02,20.1508,20.1508,55.9206
4,45,4825.2245,0.0,6.541,9.9917,9.9917,67.0983
4,46,4927.9796,0.0,17.3916,23.6029,23.6029,66.9272
4,47,4935.9332,0.0,12.8742,19.9261,19.9261,81.744
4,48,5004.6358,0.0,6.2277,11.442,11.442,64.3052
4,49,5090.7477,0.0,1.5383,6.7657,6.7657,39.2671
4,50,5099.9264,0.0,5.0209,13.8367,13.8367,50.448
4,51,5115.0524,0.0,22.537,28.0571,28.0571,81.3565
4,52,5289.5426,0.0,9.7989,17.2091,17.2091,114.8851
4,53,5451.1333,0.0,6.7804,14.8369,14.8369,58.9152
4,54,5530.1945,0.0,3.7418,10.4225,10.4225,32.0506
4,55,5577.4186,0.0,3.5466,4.6361,4.6361,33.914
4,56,5622.5832,0.0,5.7938,8.2336,8.2336,34.1047
4,57,5719.5019,0.0,3.6431,7.7119,7.7119,40.3791
4,58,5749.2847,0.0,13.3787,18.1399,18.1399,86.9518
4,59,5889.227,0.0,4.1886,10.3265,10.3265,52.3852
4,60,5921.9236,0.0,6.2781,18.3695,18.3695,66.8667
4,61,5936.8444,0.0,6.7304,11.5836,11.5836,57.5898
4,62,6004.6929,0.0,5.9437,10.1074,10.1074,78.5638
4,63,6102.63,0.0,20.1917,23.2263,23.2263,64.2099
4,64,6176.2599,0.0,2.8561,6.383,6.383,41.2684
4,65,6227.2174,0.0,1.8359,9.787,9.787,34.8213
4,66,6435.923,0.0,8.2648,12.2865,12.2865,57.305
4,67,6458.1086,0.0,12.9051,23.1754,23.1754,77.0243
4,68,6535.9875,0.0,5.6113,13.1518,13.1518,41.0987
4,69,6709.0838,0.0,20.6541,22.9149,22.9149,75.4757
4,70,6723.244,0.0,13.9144,17.5315,17.5315,77.3869
4,71,6934.6945,0.0,7.305,10.9866,10.9866,63.6252
4,72,7051.8736,0.0,6.6587,9.2981,9.2981,52.9935
4,73,7106.6534,0.0,21.6856,24.8362,24.8362,123.6086
4,74,7136.0813,0.0,12.5163,28.9566,28.9566,153.9316
4,75,7219.9357,0.0,3.7298,4.1958,4.1958,76.6534
4,76,7309.3186,0.0,8.0247,11.2306,11.2306,75.3768
4,77,7331.0342,0.0,9.8698,15.1258,15.1258,62.6616
4,78,7669.9418,0.0,4.833,8.4198,8.4198,48.5546
4,79,7712.962,0.0,7.9057,17.449,17.449,47.6304
4,80,7777.4204,0.0,10.0159,15.4595,15.4595,54.634
4,81,7867.77,0.0,2.0149,4.9837,4.9837,43.5391
4,82,7861.1369,0.0,8.8982,12.8866,12.8866,60.4221
4,83,7878.1816,0.0,10.2953,17.9045,17.9045,55.0578
4,84,7965.1483,0.0,3.2963,11.9674,11.9674,50.3391
4,85,7971.494,0.0,8.4147,11.2343,11.2343,63.4296
4,86,8011.4607,0.0,4.4429,6.8683,6.8683,48.7414
4,87,8031.5802,0.0,21.139,31.7878,31.7878,84.0123
4,88,8062.0114,0.0,24.5224,35.3625,35.3625,85.8832
4,89,8236.7168,0.0,5.6734,9.9057,9.9057,52.7163
4,90,8229.5544,0.0,17.1636,20.113,20.113,68.5926
4,91,8244.4867,0.0,8.3345,22.0685,22.0685,58.3171
4,92,8305.8424,0.0,22.563,24.4339,24.4339,83.9151
4,93,8354.4868,0.0,11.5662,13.5942,13.5942,67.0578
4,94,8653.6596,0.0,10.86,18.5996,18.5996,82.7005
4,95,8958.7734,0.0,7.4993,8.9737,8.9737,58.535
4,96,9068.6598,0.0,11.8165,23.8051,23.8051,71.2397
4,97,9202.5804,0.0,6.3297,16.0777,16.0777,58.1239
4,98,9210.1986,0.0,10.7732,12.9432,12.9432,121.1146
4,99,9253.7129,0.0,3.9071,10.153,10.153,79.773
4,100,9261.7357,0.0,12.9858,29.316,29.316,75.2728
4,101,9309.4715,0.0,13.5803,20.1627,20.1627,51.2209
4,102,9323.0151,0.0,21.9078,24.4176,24.4176,104.1938
4,103,9384.5114,0.0,2.2206,7.2229,7.2229,51.933
4,104,9432.7712,0.0,1.5383,17.3258,17.3258,72.5164
4,105,9465.9742,0.0,11.7494,20.0007,20.0007,63.026
4,106,9519.7731,0.0,0.5992,6.4226,6.4226,18.4088
4,107,9516.4487,0.0,14.623,18.5928,18.5928,97.3684
4,108,9852.0398,0.0,5.0634,10.1358,10.1358,63.3201
4,109,9885.5505,0.0,14.403,24.1609,24.1609,67.9252
4,110,9951.7526,0.0,13.1594,17.1418,17.1418,64.7556
4,111,10055.0652,0.0,2.8888,6.9795,6.9795,82.1244
4,112,10151.5944,0.0,13.0139,14.53,14.53,43.0857
4,113,10876.1921,0.0,23.8674,31.9359,31.9359,116.0209
4,114,11016.5459,0.0,12.5887,14.6486,14.6486,61.8098
4,115,11049.0105,0.0,11.1918,12.7316,12.7316,73.3741
4,116,11090.1126,0.0,5.5896,8.1407,8.1407,42.6747
4,117,11125.5853,0.0,18.7052,21.4758,21.4758,76.5329
4,118,11179.1549,0.0,0.8512,3.1275,3.1275,31.7324
4,119,11235.1686,0.0,8.881,34.8671,34.8671,59.4515
4,120,11318.9188,0.0,10.7335,15.3999,15.3999,41.1871
4,121,11370.702,0.0,2.9237,4.6995,4.6995,105.6997
4,122,11364.7688,0.0,10.1948,11.8314,11.8314,117.5875
4,123,11387.0063,0.0,2.3534,4.4192,4.4192,97.5963
4,124,11512.8203,0.0,1.627,3.0723,3.0723,34.2238
4,125,11546.2851,0.0,12.9454,17.3203,17.3203,52.2118
4,126,11562.4851,0.0,11.4545,26.3248,26.3248,68.558
4,127,11818.9164,0.0,5.7805,11.0743,11.0743,58.112
4,128,12122.3993,0.0,11.0106,24.3718,24.3718,73.7281
4,129,12239.2336,0.0,11.6603,15.6163,15.6163,45.2296
4,130,12327.8136,0.0,9.126,10.2686,10.2686,44.6177
4,131,12332.157,0.0,12.1153,32.5578,32.5578,82.9372
4,132,12406.2608,0.0,11.3525,28.2466,28.2466,70.4953
4,133,12445.8786,0.0,12.5965,33.1042,33.1042,58.2579
4,134,12457.609,0.0,8.2957,25.6481,25.6481,50.1584
4,135,12527.7598,0.0,10.2909,16.1603,16.1603,71.8988
4,136,12718.4947,0.0,13.4908,18.4874,18.4874,43.716
4,137,12814.6592,0.0,1.3537,10.0116,10.0116,31.4626
4,138,12893.3232,0.0,6.9907,11.7621,11.7621,43.2437
4,139,13031.6694,0.0,9.4027,13.1901,13.1901,57.0866
4,140,13111.7671,0.0,5.6987,10.5282,10.5282,29.7918
4,141,13118.906,0.0,2.4327,5.8225,5.8225,42.4837
4,142,13469.7233,0.0,12.8038,16.0233,16.0233,59.7716
4,143,13531.0079,0.0,11.0522,16.9729,16.9729,75.8571
4,144,13559.9774,0.0,5.9314,13.8193,13.8193,48.6566
4,145,13671.5588,0.0,4.3406,6.1685,6.1685,24.6778
4,146,13794.8222,0.0,2.4106,4.2668,4.2668,15.5254
4,147,13823.9411,0.0,10.1418,17.8962,17.8962,63.4705
4,148,13920.5468,0.0,7.2967,11.9715,11.9715,63.1243
4,149,13939.8352,0.0,15.0083,20.7976,20.7976,56.6737
4,150,14138.1722,0.0,7.1724,17.9806,17.9806,44.1252
4,151,14150.5293,0.0,13.31,16.1055,16.1055,44.5825
4,152,14433.3922,0.0,4.9625,8.9018,8.9018,31.6383
4,153,14445.3495,0.0,17.9194,26.2859,26.2859,69.8397
4,154,14468.8357,0.0,2.6025,8.3725,8.3725,58.4511
4,155,14499.0756,0.0,3.9786,9.1349,9.1349,40.8199
4,156,14967.236,0.0,21.1997,24.132,24.132,74.3066
4,157,15016.4561,0.0,4.3758,7.4923,7.4923,33.6773
4,158,15079.3032,0.0,4.8196,6.9671,6.9671,41.9891
4,159,15128.3573,0.0,8.5929,10.3214,10.3214,129.4237
4,160,15466.3176,0.0,13.5447,18.2558,18.2558,60.5139
4,161,15609.0587,0.0,7.1604,11.3915,11.3915,61.9934
4,162,15613.392,0.0,5.5348,11.8964,11.8964,85.8614
4,163,15618.8856,0.0,19.8941,24.6048,24.6048,88.479
4,164,15715.9217,0.0,5.8031,26.2733,26.2733,83.0885
4,165,15819.7381,0.0,21.874,26.6927,26.6927,78.8927
4,166,16266.4835,0.0,10.255,17.1383,17.1383,45.6195
4,167,16453.9393,0.0,6.5256,13.4882,13.4882,52.008
4,168,16529.8281,0.0,9.3694,11.962,11.962,53.5517
4,169,16578.604,0.0,27.0671,28.8074,28.8074,81.8685
4,170,16635.355,0.0,13.9137,16.1543,16.1543,79.827
4,171,16796.2676,0.0,8.8638,15.7972,15.7972,74.5551
4,172,16912.9302,0.0,8.8131,19.7324,19.7324,42.9008
4,173,16941.8484,0.0,14.0019,21.7917,21.7917,73.0886
4,174,16976.2991,0.0,1.6606,6.6884,6.6884,45.6778
4,175,17056.9692,0.0,4.9944,10.6021,10.6021,42.9986
4,176,17283.1383,0.0,6.6088,43.177,43.177,106.829
4,177,17321.4227,0.0,13.165,29.9575,29.9575,89.2724
4,178,17341.2974,0.0,22.8459,24.9335,24.9335,97.8061
4,179,17406.9472,0.0,12.951,18.5038,18.5038,54.2723
4,180,17738.4858,0.0,8.9395,12.572,12.572,67.3777
4,181,17811.4761,0.0,11.9215,19.8125,19.8125,67.6963
4,182,17842.8106,0.0,19.041,22.7367,22.7367,29.4726
4,183,17866.3359,0.0,4.8031,6.9655,6.9655,67.1446
4,184,17889.1027,0.0,4.9655,9.2461,9.2461,43.815
4,185,18039.6103,0.0,1.9926,8.8777,8.8777,34.0045
4,186,18059.9366,0.0,11.9953,14.8519,14.8519,61.3607
4,187,18085.8592,0.0,8.7122,12.0298,12.0298,37.6924
4,188,18089.8266,0.0,3.3461,11.8457,11.8457,99.9184
4,189,18235.8843,0.0,7.0834,11.9644,11.9644,54.6546
4,190,18369.369,0.0,10.5925,14.7667,14.7667,93.6437
4,191,18406.8804,0.0,11.2061,18.7061,18.7061,72.8618
4,192,18866.8256,0.0,17.9065,21.8936,21.8936,40.0891
4,193,18889.9125,0.0,5.2206,9.296,9.296,72.5194
4,194,18983.2061,0.0,6.7725,10.209,10.209,42.4602
4,195,19201.2377,0.0,2.8355,11.4094,11.4094,33.2192
4,196,19205.3967,0.0,11.1121,14.9659,14.9659,37.7228
4,197,19227.3756,0.0,9.148,13.8729,13.8729,51.3865
4,198,19348.3554,0.0,4.9654,7.1775,7.1775,44.662
4,199,19353.7743,0.0,3.894,8.2647,8.2647,45.0551
4,200,19366.9333,0.0,6.3805,12.1463,12.1463,38.5514
4,201,19490.6717,0.0,12.2145,19.2807,19.2807,51.3467
4,202,19507.1098,0.0,21.1266,29.4321,29.4321,95.423
4,203,19544.9203,0.0,4.2287,9.5859,9.5859,69.055
4,204,19576.0966,0.0,9.554,14.898,14.898,53.6159
4,205,19606.1487,0.0,10.8763,20.5873,20.5873,87.0903
4,206,19766.8298,0.0,18.4344,19.9844,19.9844,63.0172
4,207,19902.2321,0.0,5.5032,59.3706,59.3706,106.5499
4,208,20039.8879,0.0,3.7424,7.4939,7.4939,38.9309
4,209,20098.7481,0.0,9.1847,14.2131,14.2131,40.2278
4,210,20397.1142,0.0,9.4357,15.5038,15.5038,58.1382
4,211,20560.4146,0.0,13.6918,21.175,21.175,74.0987
4,212,20606.5164,0.0,6.2714,15.7955,15.7955,42.6404
4,213,20643.9761,0.0,15.8944,23.2188,23.2188,61.9152
4,214,20896.1735,0.0,14.5003,19.4715,19.4715,29.6066
4,215,20921.0662,0.0,7.3657,11.0974,11.0974,103.6555
4,216,20927.8559,0.0,13.2733,28.5177,28.5177,73.0253
4,217,21036.9302,0.0,6.2277,12.9942,12.9942,68.3246
4,218,21039.099,0.0,6.5076,18.2984,18.2984,77.3789
4,219,21155.7579,0.0,2.804,5.3099,5.3099,34.6047
4,220,21189.876,0.0,11.3049,20.7263,20.7263,49.7938
4,221,21277.5618,0.0,1.6606,4.6433,4.6433,52.022
4,222,21308.0338,0.0,5.1197,8.2156,8.2156,50.3046
4,223,21453.0063,0.0,12.6808,18.0833,18.0833,83.2157
4,224,21553.5756,0.0,8.1028,20.6578,20.6578,78.511
4,225,21603.7243,0.0,5.749,19.8823,19.8823,72.5404
4,226,21920.6333,0.0,17.3143,24.6585,24.6585,39.9307
4,227,21952.889,0.0,5.0289,7.244,7.244,45.9887
4,228,21978.3321,0.0,1.8657,12.2688,12.2688,124.1949
4,229,22014.4577,0.0,3.8569,7.1886,7.1886,36.3983
4,230,22030.2749,0.0,6.1821,11.9312,11.9312,49.6792
4,231,22082.9272,0.0,1.6382,4.6661,4.6661,64.079
4,232,22172.2571,0.0,8.141,23.9143,23.9143,71.7949
4,233,22204.3014,0.0,8.6154,16.0533,16.0533,55.2132
4,234,22300.8009,0.0,4.3059,7.7781,7.7781,52.122
4,235,22380.8811,0.0,7.6599,14.5781,14.5781,44.456
4,236,22409.1423,0.0,9.418,12.8498,12.8498,43.1218
4,237,22474.157,0.0,5.0549,10.8373,10.8373,32.3818
4,238,22610.7728,0.0,10.7009,17.6442,17.6442,75.3839
4,239,22720.0835,0.0,10.6188,17.9175,17.9175,45.5071
4,240,22822.4947,0.0,1.9714,3.7603,3.7603,72.0335
4,241,22873.6222,0.0,3.117,8.4961,8.4961,57.5872
4,242,22903.3434,0.0,5.9995,12.2176,12.2176,64.6494
4,243,22958.1157,0.0,3.629,9.1007,9.1007,32.4064
4,244,23019.9453,0.0,7.833,10.8427,10.8427,58.8508
4,245,23032.166,0.0,8.5543,16.879,16.879,49.7075
4,246,23079.7562,0.0,7.5728,9.5184,9.5184,53.127
4,247,23196.7251,0.0,11.9671,15.9044,15.9044,63.0797
4,248,23525.8207,0.0,12.9846,25.6326,25.6326,62.0628
4,249,23663.3297,0.0,12.0992,29.1949,29.1949,77.8221
4,250,23754.8851,0.0,6.775,16.8761,16.8761,39.8565
4,251,23845.9727,0.0,2.6198,6.3369,6.3369,33.7685
4,252,23832.8775,0.0,12.6851,20.9943,20.9943,62.7161
4,253,23930.9578,0.0,16.5617,21.2352,21.2352,69.6313
4,254,24065.7307,0.0,4.8822,10.925,10.925,47.0879
4,255,24123.402,0.0,0.8512,5.052,5.052,89.9765
4,256,24342.521,0.0,10.766,18.6838,18.6838,55.7121
4,257,24610.3098,0.0,11.7414,15.9673,15.9673,59.4978
4,258,24716.319,0.0,5.3968,8.3453,8.3453,44.0059
4,259,25049.9334,0.0,6.3731,8.1683,8.1683,50.9875
4,260,25056.7093,0.0,9.5939,14.3034,14.3034,61.57
4,261,25109.1815,0.0,21.1727,29.5457,29.5457,94.5424
4,262,25249.5572,0.0,7.8753,11.4547,11.4547,54.8755
4,263,25262.7014,0.0,13.1498,15.5447,15.5447,57.1779
4,264,25366.4383,0.0,11.0495,14.9823,14.9823,47.3175
4,265,25428.89,0.0,12.234,17.272,17.272,73.9761
4,266,25482.4825,0.0,2.6274,7.6162,7.6162,50.0488
4,267,25558.5618,0.0,3.7117,8.5999,8.5999,41.4798
4,268,25972.2961,0.0,8.1832,14.6566,14.6566,58.225
4,269,26013.2616,0.0,7.4947,9.7118,9.7118,64.0496
4,270,26076.4926,0.0,1.5666,5.8291,5.8291,44.013
4,271,26581.8509,0.0,5.48,7.3027,7.3027,26.3765
4,272,26594.2879,0.0,9.468,15.6226,15.6226,60.36
4,273,26637.9043,0.0,13.2936,18.1496,18.1496,56.4249
4,274,26759.7281,0.0,10.9476,14.6557,14.6557,46.3001
4,275,26777.9659,0.0,10.6039,11.9991,11.9991,81.876
4,276,26858.9492,0.0,26.3841,34.1403,34.1403,62.0909
4,277,26872.9949,0.0,10.8953,22.0034,22.0034,110.9823
4,278,26940.3032,0.0,10.3002,15.0017,15.0017,77.5038
4,279,26983.6452,0.0,9.5052,19.144,19.144,67.4908
4,280,27136.211,0.0,10.1021,14.3218,14.3218,52.87
4,281,27389.4378,0.0,2.546,9.4473,9.4473,41.2069
4,282,27636.3512,0.0,7.9949,15.2783,15.2783,50.2185
4,283,27693.2412,0.0,1.7373,10.5912,10.5912,26.7829
4,284,27871.6404,0.0,10.8963,12.8835,12.8835,51.1012
4,285,27898.9155,0.0,5.0565,11.3511,11.3511,68.787
4,286,27970.7542,0.0,8.8948,16.1617,16.1617,92.9519
4,287,27963.4997,0.0,24.5784,30.8508,30.8508,105.4006
4,288,28050.5557,0.0,19.0548,23.7414,23.7414,43.1746
4,289,28059.5872,0.0,12.4628,16.4591,16.4591,66.3142
4,290,28006.027,0.0,21.5659,79.1931,79.1931,140.8807
4,291,28157.5112,0.0,2.2206,11.7891,11.7891,36.2816
4,292,28268.7813,0.0,11.2719,17.8396,17.8396,57.1774
4,293,28273.9648,0.0,10.5058,15.3491,15.3491,82.6134
4,294,28376.8054,0.0,4.8945,26.1283,26.1283,53.8906
4,295,28426.6353,0.0,1.7731,7.8307,7.8307,32.0926
4,296,28545.187,0.0,12.4013,16.2183,16.2183,62.4475
4,297,28630.4451,0.0,3.107,7.942,7.942,37.6281
4,298,29235.1883,0.0,9.2056,12.3155,12.3155,109.6534
4,299,29355.7179,0.0,3.3739,24.0406,24.0406,45.7979
4,300,29507.3246,0.0,5.0675,9.5469,9.5469,32.4213
4,301,29507.9898,0.0,11.7147,16.9503,16.9503,48.3461
4,302,29515.2943,0.0,18.5907,21.272,21.272,78.2171
4,303,29595.1521,0.0,6.9047,11.5475,11.5475,41.8226
4,304,29596.3438,0.0,10.1958,17.0715,17.0715,48.9805
4,305,29639.8484,0.0,16.865,20.7093,20.7093,63.1735
4,306,29678.559,0.0,14.4377,18.226,18.226,50.8269
4,307,29729.489,0.0,9.0727,13.2507,13.2507,61.7914
4,308,29900.5072,0.0,9.4891,13.5139,13.5139,77.1312
4,309,30038.2998,0.0,14.9885,18.9222,18.9222,72.9071
4,310,30085.1058,0.0,1.824,16.2727,16.2727,39.6985
4,311,30775.2726,0.0,8.0185,15.9678,15.9678,85.9871
4,312,30798.3852,0.0,7.3943,10.5565,10.5565,71.8539
4,313,30872.9548,0.0,12.5077,21.6989,21.6989,55.7968
4,314,30919.9016,0.0,11.5802,13.0904,13.0904,38.2705
4,315,30981.1937,0.0,22.9171,32.9028,32.9028,85.9782
4,316,31088.5268,0.0,23.2522,28.2736,28.2736,89.934
4,317,31150.5075,0.0,11.142,14.3659,14.3659,43.1183
4,318,31197.6619,0.0,16.1821,19.8689,19.8689,75.7779
4,319,31253.0172,0.0,3.3183,12.3569,12.3569,49.0819
4,320,31321.8201,0.0,6.7825,15.5949,15.5949,40.7913
4,321,31485.6625,0.0,8.814,13.1756,13.1756,54.8404
4,322,31671.9181,0.0,6.673,12.3235,12.3235,89.9497
4,323,31915.3352,0.0,5.4512,8.2395,8.2395,40.0542
4,324,32278.2132,0.0,11.0267,30.4135,30.4135,84.8395
4,325,32294.2986,0.0,9.33,18.2225,18.2225,86.1417
4,326,32405.113,0.0,22.6586,27.9005,27.9005,78.3674
4,327,32520.8228,0.0,20.1436,41.46,41.46,74.1891
4,328,32598.6415,0.0,13.6462,18.1367,18.1367,66.629
4,329,32675.8378,0.0,4.3977,13.2929,13.2929,55.6177
4,330,32677.7616,0.0,13.5941,17.5012,17.5012,67.7805
4,331,32733.1166,0.0,12.9862,37.5265,37.5265,66.2064
4,332,32783.5459,0.0,9.295,11.5797,11.5797,49.515
4,333,32860.1354,0.0,6.1113,11.6428,11.6428,62.8927
4,334,32894.7337,0.0,2.6692,9.4297,9.4297,35.9929
4,335,32894.6178,0.0,17.7506,21.9754,21.9754,60.993
4,336,32959.5277,0.0,5.4214,33.8432,33.8432,58.3101
4,337,33003.9187,0.0,6.4141,12.8738,12.8738,36.8272
4,338,33093.4806,0.0,9.726,14.461,14.461,66.2552
4,339,33264.418,0.0,9.3503,12.7229,12.7229,63.3838
4,340,33406.5724,0.0,3.6814,18.9099,18.9099,49.1031
4,341,33623.1567,0.0,5.4306,20.5557,20.5557,65.2799
4,342,33828.3007,0.0,6.6234,19.1857,19.1857,60.892
4,343,33863.9389,0.0,4.3524,5.2592,5.2592,31.5584
4,344,33852.5743,0.0,10.5611,22.4113,22.4113,58.5705
4,345,33865.1078,0.0,6.8813,12.2675,12.2675,85.9361
4,346,33875.5806,0.0,9.1369,13.6529,13.6529,95.128
4,347,33882.9386,0.0,4.6799,8.5756,8.5756,92.7144
4,348,33918.1906,0.0,10.4488,14.338,14.338,62.481
4,349,34009.1003,0.0,12.1999,21.0936,21.0936,55.3789
4,350,34028.9266,0.0,5.4924,6.2735,6.2735,95.0404
4,351,34046.4437,0.0,6.492,19.2234,19.2234,60.425
4,352,34176.2053,0.0,9.7786,18.6504,18.6504,58.0852
4,353,34306.7266,0.0,11.3479,14.9453,14.9453,61.3917
4,354,34471.9878,0.0,7.0345,10.1312,10.1312,48.2919
4,355,35137.4034,0.0,2.0149,6.6425,6.6425,34.1477
4,356,35152.699,0.0,5.3267,7.8297,7.8297,70.5747
4,357,35165.9217,0.0,17.3996,21.9129,21.9129,54.5236
4,358,35177.8878,0.0,13.6791,15.9224,15.9224,59.3595
4,359,35432.196,0.0,4.5302,8.8633,8.8633,35.5849
4,360,35474.7573,0.0,5.9106,10.1873,10.1873,51.5406
4,361,35655.1374,0.0,21.1916,36.3909,36.3909,97.9437
4,362,35747.5021,0.0,12.4193,25.2529,25.2529,50.8822
4,363,35751.3068,0.0,11.526,22.5609,22.5609,52.1173
4,364,36059.5941,0.0,6.8015,14.7676,14.7676,48.3796
4,365,36099.9551,0.0,2.3349,5.5196,5.5196,38.3636
4,366,36119.5605,0.0,3.4614,12.3866,12.3866,46.5069
4,367,36208.5141,0.0,3.4614,7.2398,7.2398,43.0677
4,368,36321.213,0.0,9.8819,16.5463,16.5463,45.3247
4,369,36547.1323,0.0,15.1855,18.8304,18.8304,92.0005
4,370,36605.5451,0.0,14.0564,21.1925,21.1925,54.3626
4,371,36694.6139,0.0,5.4147,6.7447,6.7447,62.8194
4,372,36699.5201,0.0,19.0365,26.9174,26.9174,88.1771
4,373,36720.9031,0.0,14.8708,19.3436,19.3436,109.7302
4,374,36758.708,0.0,1.6025,6.3547,6.3547,93.345
4,375,36743.7964,0.0,7.2891,33.9569,33.9569,88.9193
4,376,36920.8863,0.0,10.0443,12.7154,12.7154,43.404
4,377,36933.1523,0.0,2.6926,5.5053,5.5053,45.5389
4,378,36932.0238,0.0,6.3907,9.4377,9.4377,68.4581
4,379,37306.3935,0.0,10.3361,16.1336,16.1336,68.2908
4,380,37355.2615,0.0,10.1123,15.8283,15.8283,59.5769
4,381,37740.8585,0.0,3.341,9.9803,9.9803,65.9214
4,382,37983.987,0.0,12.7583,20.8141,20.8141,44.4332
4,383,38019.3944,0.0,7.1645,10.1687,10.1687,45.9738
4,384,38132.0391,0.0,6.3731,13.0424,13.0424,57.2256
4,385,38129.539,0.0,5.6817,20.7771,20.7771,59.2543
4,386,38189.0996,0.0,24.1895,27.3847,27.3847,47.5249
4,387,38227.2482,0.0,4.3758,6.9972,6.9972,78.8767
4,388,38213.7796,0.0,15.041,23.3231,23.3231,106.9372
4,389,38318.207,0.0,2.4403,9.7887,9.7887,50.2256
4,390,38519.6243,0.0,2.703,8.4362,8.4362,35.148
4,391,38670.2693,0.0,11.0126,14.011,14.011,62.586
4,392,38750.4764,0.0,3.5207,10.4981,10.4981,57.3203
4,393,38767.9852,0.0,6.4818,12.3749,12.3749,53.6091
4,394,38859.1791,0.0,2.5657,4.907,4.907,72.8674
4,395,39159.477,0.0,4.4878,9.7517,9.7517,53.9091
4,396,39261.8832,0.0,6.1821,8.6794,8.6794,61.582
4,397,39418.4713,0.0,3.2342,9.5316,9.5316,44.3388
4,398,39571.5189,0.0,14.2127,20.1566,20.1566,36.3175
4,399,39614.0618,0.0,8.9395,11.3159,11.3159,108.7835
4,400,39690.231,0.0,2.3836,5.3696,5.3696,26.0202
4,401,39855.1804,0.0,8.1222,15.7324,15.7324,41.6251
4,402,39877.5311,0.0,9.1019,12.5287,12.5287,71.5247
4,403,39898.6604,0.0,13.3607,16.8643,16.8643,69.317
4,404,40177.2602,0.0,2.9008,4.7174,4.7174,46.2909
4,405,40222.2215,0.0,3.98,13.3649,13.3649,49.1135
4,406,40623.7875,0.0,6.851,20.7981,20.7981,39.4089
4,407,40815.5591,0.0,13.0698,17.0929,17.0929,60.1445
4,408,40873.6201,0.0,5.5479,12.3995,12.3995,47.2519
4,409,40867.6664,0.0,6.8335,21.0069,21.0069,61.8276
4,410,40904.1069,0.0,5.2512,9.8481,9.8481,34.3782
4,411,40921.707,0.0,11.3804,15.753,15.753,89.571
4,412,41018.4648,0.0,7.2094,13.0985,13.0985,45.3409
4,413,41038.9784,0.0,13.3146,19.3976,19.3976,51.513
4,414,41253.0541,0.0,5.1974,14.4827,14.4827,48.7395
4,415,41387.4498,0.0,4.8822,9.973,9.973,42.7246
4,416,41390.5274,0.0,17.2458,19.5924,19.5924,82.9116
4,417,41484.2383,0.0,6.9489,13.5319,13.5319,42.0018
4,418,41535.1274,0.0,3.0684,6.6488,6.6488,29.1111
4,419,41534.8923,0.0,8.4809,19.3843,19.3843,41.7861
4,420,41541.354,0.0,7.0347,14.9414,14.9414,62.1066
4,421,41612.1411,0.0,8.3461,11.1953,11.1953,53.3837
4,422,41655.5636,0.0,1.9542,8.1835,8.1835,35.8964
4,423,41671.2777,0.0,5.6254,9.9843,9.9843,29.248
4,424,41704.2953,0.0,8.0996,11.64,11.64,31.9256
4,425,41818.2871,0.0,13.2114,24.2868,24.2868,83.4873
4,426,41867.7359,0.0,5.8378,11.4568,11.4568,50.8372
4,427,42179.9295,0.0,10.4799,14.0461,14.0461,80.2056
4,428,42315.8902,0.0,4.2107,8.188,8.188,26.9242
4,429,42330.8904,0.0,2.5228,6.3582,6.3582,20.8114
4,430,42405.4806,0.0,10.0381,13.6709,13.6709,61.1288
4,431,42400.0297,0.0,14.8854,22.8528,22.8528,61.6137
4,432,42425.7914,0.0,14.7598,36.1244,36.1244,93.3737
4,433,42452.691,0.0,10.4847,38.5744,38.5744,87.1303
4,434,42506.4104,0.0,12.8734,18.8484,18.8484,51.3977
4,435,42534.8643,0.0,11.8064,16.9618,16.9618,60.424
4,436,42549.0236,0.0,23.3765,26.6452,26.6452,76.6036
4,437,42619.904,0.0,9.6687,12.2277,12.2277,62.6481
4,438,42622.4556,0.0,11.9138,16.1115,16.1115,80.911
4,439,42639.3544,0.0,3.6657,6.9397,6.9397,106.6421
4,440,42684.4091,0.0,12.6033,19.8005,19.8005,83.2858
4,441,42762.7706,0.0,12.7052,19.7188,19.7188,51.069
4,442,42999.7262,0.0,6.835,15.6675,15.6675,42.2414
4,443,43034.8799,0.0,14.4481,19.4306,19.4306,53.8099
4,444,43154.2967,0.0,2.6275,11.8457,11.8457,43.7749
4,445,43162.2227,0.0,11.8097,15.0396,15.0396,60.7911
5,1,0.0,0.0,6.7285,15.0589,15.0589,57.6165
5,2,166.0942,0.0,10.0469,14.3919,14.3919,53.9136
5,3,226.2538,0.0,9.0787,21.7686,21.7686,84.5684
5,4,356.0587,0.0,8.9523,16.7455,16.7455,50.566
5,5,352.6464,0.0,11.2379,21.7188,21.7188,53.6663
5,6,437.3039,0.0,2.8231,9.4802,9.4802,56.337
5,7,573.5079,0.0,6.0895,15.0966,15.0966,77.3979
5,8,598.6752,0.0,13.3064,15.2165,15.2165,112.5911
5,9,804.3576,0.0,21.7785,24.5863,24.5863,61.4047
5,10,821.6497,0.0,4.6733,10.5562,10.5562,59.0534
5,11,827.12,0.0,13.849,16.3954,16.3954,87.0574
5,12,955.6633,0.0,11.078,22.364,22.364,64.3535
5,13,1500.7121,0.0,14.1964,17.2044,17.2044,44.4693
5,14,1521.3712,0.0,10.4791,16.1117,16.1117,50.1154
5,15,1558.7448,0.0,6.5587,9.3841,9.3841,49.5547
5,16,1957.6102,0.0,6.5295,9.918,9.918,28.8274
5,17,2116.3642,0.0,12.8298,17.4126,17.4126,26.6046
5,18,2165.3094,0.0,3.3144,7.1186,7.1186,93.8026
5,19,2271.7624,0.0,8.8948,11.6352,11.6352,44.8502
5,20,2545.9786,0.0,19.1303,23.1986,23.1986,62.5242
5,21,2562.8162,0.0,11.7003,19.2698,19.2698,94.8056
5,22,2581.8256,0.0,6.434,11.9496,11.9496,62.8192
5,23,2625.0306,0.0,7.6242,15.6316,15.6316,63.8518
5,24,2653.0359,0.0,19.8807,27.1905,27.1905,78.5304
5,25,2712.6012,0.0,9.0456,10.5702,10.5702,54.6011
5,26,2785.6903,0.0,10.6978,11.8165,11.8165,33.3289
5,27,2944.7924,0.0,4.7934,6.8358,6.8358,50.4783
5,28,2921.4974,0.0,9.6315,33.2112,33.2112,107.508
5,29,3011.9574,0.0,7.1177,12.6546,12.6546,47.6373
5,30,3309.3012,0.0,16.3609,20.8937,20.8937,80.394
5,31,3340.6126,0.0,18.1915,23.7658,23.7658,102.4057
5,32,3354.0514,0.0,15.9325,21.4597,21.4597,111.5482
5,33,3530.1821,0.0,9.0662,14.0841,14.0841,58.9329
5,34,3605.2778,0.0,3.1864,4.6499,4.6499,27.4603
5,35,3602.6306,0.0,11.0549,36.4014,36.4014,64.9393
5,36,4052.5452,0.0,21.422,26.4598,26.4598,63.4897
5,37,4272.2598,0.0,9.7283,18.0389,18.0389,65.6172
5,38,4263.2666,0.0,4.8516,31.9686,31.9686,66.7226
5,39,4429.7225,0.0,5.2266,8.9524,8.9524,43.8901
5,40,4811.0427,0.0,4.2481,5.0849,5.0849,28.0707
5,41,4803.4679,0.0,10.9265,12.9393,12.9393,64.7911
5,42,4960.1743,0.0,9.1376,13.6591,13.6591,45.5497
5,43,5048.4241,0.0,9.5477,16.4589,16.4589,49.136
5,44,5129.215,0.0,8.7631,11.7202,11.7202,61.7257
5,45,5151.0261,0.0,5.48,29.934,29.934,38.5714
5,46,5179.1743,0.0,9.7428,12.3597,12.3597,82.2845
5,47,5220.5383,0.0,6.5566,8.6623,8.6623,42.8359
5,48,5392.5162,0.0,12.1872,14.7546,14.7546,50.3793
5,49,5451.4794,0.0,6.3114,8.4191,8.4191,30.6728
5,50,5615.0581,0.0,9.5466,17.7304,17.7304,71.7765
5,51,5661.3859,0.0,22.488,29.9162,29.9162,99.3664
5,52,5758.0348,0.0,4.0911,7.5992,7.5992,60.9832
5,53,5859.2355,0.0,2.6025,14.1328,14.1328,34.1209
5,54,6268.2867,0.0,2.3859,6.6281,6.6281,32.4921
5,55,6431.4722,0.0,6.752,16.4751,16.4751,39.696
5,56,6633.7011,0.0,4.5365,10.3476,10.3476,47.4234
5,57,6656.6641,0.0,12.1999,14.3394,14.3394,61.964
5,58,6742.3191,0.0,18.4169,26.7688,26.7688,55.2564
5,59,6873.3387,0.0,6.2027,16.8743,16.8743,42.0772
5,60,6871.4332,0.0,6.9079,25.6686,25.6686,62.0796
5,61,7112.0155,0.0,5.8872,8.9255,8.9255,39.7059
5,62,7126.9278,0.0,1.9405,9.3812,9.3812,38.4628
5,63,7276.3493,0.0,5.2979,23.754,23.754,49.7989
5,64,7429.6444,0.0,7.8341,11.4648,11.4648,89.2664
5,65,7641.2146,0.0,3.389,16.8587,16.8587,41.5702
5,66,7699.8696,0.0,5.3029,12.4889,12.4889,43.2891
5,67,7836.7917,0.0,18.3887,24.9902,24.9902,92.3629
5,68,7951.2723,0.0,20.0206,33.0345,33.0345,89.4158
5,69,7992.8337,0.0,11.3782,14.161,14.161,142.1757
5,70,8027.122,0.0,8.7304,11.7556,11.7556,82.744
5,71,8042.9895,0.0,6.6722,15.2555,15.2555,104.5441
5,72,8038.3098,0.0,14.4027,24.2097,24.2097,111.7917
5,73,8056.2395,0.0,12.9607,20.2817,20.2817,137.3776
5,74,8119.0142,0.0,6.2559,13.7566,13.7566,78.1786
5,75,8205.1943,0.0,5.2013,12.1982,12.1982,37.7596
5,76,8456.6371,0.0,11.9055,15.8823,15.8823,58.9925
5,77,8579.2083,0.0,9.8049,13.5144,13.5144,79.8526
5,78,8612.3519,0.0,2.888,7.8996,7.8996,60.2559
5,79,8964.7952,0.0,20.5604,21.8055,21.8055,101.3756
5,80,9079.3261,0.0,9.7029,14.763,14.763,46.2743
5,81,9146.4243,0.0,7.7671,18.0471,18.0471,45.1318
5,82,9199.1714,0.0,21.9439,26.1794,26.1794,52.2403
5,83,9221.656,0.0,7.7686,9.4188,9.4188,77.6453
5,84,9266.6109,0.0,19.6544,20.7302,20.7302,76.5153
5,85,9364.4941,0.0,6.267,10.3297,10.3297,36.634
5,86,9372.7817,0.0,9.1376,15.6498,15.6498,53.8111
5,87,9402.7209,0.0,12.2798,20.7562,20.7562,90.2307
5,88,9515.1785,0.0,12.356,19.39,19.39,51.0707
5,89,9581.6311,0.0,4.7535,9.825,9.825,45.0081
5,90,9581.4462,0.0,10.9862,21.8989,21.8989,94.8846
5,91,9575.326,0.0,21.629,79.4169,79.4169,138.1193
5,92,9692.0442,0.0,13.9108,17.9563,17.9563,56.2576
5,93,9800.6291,0.0,9.5115,12.9399,12.9399,54.3621
5,94,9815.4972,0.0,15.5576,21.5896,21.5896,59.4074
5,95,9874.64,0.0,4.0569,13.1194,13.1194,54.3503
5,96,9879.2913,0.0,7.0563,12.214,12.214,63.9461
5,97,9912.7293,0.0,5.2196,11.0723,11.0723,63.1823
5,98,10039.6232,0.0,13.2924,19.2188,19.2188,69.313
5,99,10454.319,0.0,7.7279,7.8187,7.8187,53.98
5,100,10578.3027,0.0,20.9212,27.4548,27.4548,89.5362
5,101,10617.2212,0.0,18.094,24.7128,24.7128,61.6822
5,102,10641.7165,0.0,9.7432,17.34,17.34,100.7921
5,103,10684.917,0.0,13.5803,28.6194,28.6194,53.643
5,104,10718.6754,0.0,19.1555,20.0644,20.0644,104.5433
5,105,10882.4868,0.0,2.7246,8.4996,8.4996,33.1452
5,106,10970.6173,0.0,15.9934,19.3758,19.3758,46.9358
5,107,11008.8973,0.0,7.3113,13.0081,13.0081,108.1221
5,108,11020.2362,0.0,10.2859,15.0303,15.0303,65.7706
5,109,11065.0267,0.0,4.2969,8.0875,8.0875,59.359
5,110,11063.6735,0.0,24.6736,25.4251,25.4251,88.4482
5,111,11153.944,0.0,11.2414,14.5692,14.5692,51.9242
5,112,11212.9191,0.0,1.8763,15.0315,15.0315,68.0038
5,113,11313.078,0.0,16.0714,17.7186,17.7186,63.031
5,114,11397.4014,0.0,5.2196,9.3077,9.3077,37.9955
5,115,11403.9529,0.0,10.9657,14.9551,14.9551,37.4292
5,116,11429.808,0.0,2.888,9.1415,9.1415,23.2624
5,117,11529.0592,0.0,10.9042,13.9335,13.9335,55.9665
5,118,11792.825,0.0,2.9132,5.5682,5.5682,35.5215
5,119,11811.1999,0.0,0.964,7.288,7.288,47.7499
5,120,11940.2033,0.0,5.3424,12.9056,12.9056,27.6014
5,121,12066.0676,0.0,6.8531,12.4681,12.4681,39.5015
5,122,12106.6184,0.0,6.3805,9.5504,9.5504,56.0626
5,123,12128.9797,0.0,3.4097,11.4416,11.4416,39.5174
5,124,12136.7903,0.0,12.9536,15.86,15.86,90.7045
5,125,12162.3648,0.0,15.0217,30.6822,30.6822,71.2161
5,126,12216.6026,0.0,15.7787,17.9314,17.9314,54.6897
5,127,12456.8654,0.0,6.718,35.2003,35.2003,79.9161
5,128,12502.6294,0.0,3.271,12.6844,12.6844,63.9675
5,129,12654.1862,0.0,8.1028,10.8078,10.8078,29.692
5,130,12765.7555,0.0,9.9371,15.1676,15.1676,43.5
5,131,12779.6223,0.0,2.3565,8.175,8.175,89.7794
5,132,12815.81,0.0,10.766,12.5792,12.5792,54.8688
5,133,12890.4185,0.0,7.8801,10.0978,10.0978,37.3171
5,134,12911.9331,0.0,14.3923,24.4252,24.4252,84.8732
5,135,13520.4541,0.0,3.5753,7.4157,7.4157,43.6831
5,136,13519.954,0.0,4.6101,13.2946,13.2946,74.8302
5,137,13594.0545,0.0,7.7969,10.6829,10.6829,87.2398
5,138,13556.4956,0.0,19.2619,48.8383,48.8383,52.573
5,139,13597.3725,0.0,9.8352,11.5232,11.5232,62.3496
5,140,13625.6241,0.0,4.6799,8.1309,8.1309,58.1842
5,141,13699.5854,0.0,10.6523,17.4817,17.4817,74.1351
5,142,13734.307,0.0,11.0495,17.5033,17.5033,65.6949
5,143,13754.2605,0.0,7.8215,12.1629,12.1629,54.7251
5,144,13742.2289,0.0,6.8174,37.6513,37.6513,72.4474
5,145,13797.0418,0.0,10.9476,18.9763,18.9763,59.3607
5,146,13817.7645,0.0,8.9186,13.4448,13.4448,52.9947
5,147,13812.7044,0.0,10.0159,18.7602,18.7602,62.6224
5,148,13968.2957,0.0,8.659,11.2085,11.2085,40.4394
5,149,13978.3562,0.0,14.4117,25.2026,25.2026,97.3763
5,150,14061.0839,0.0,6.8256,10.2699,10.2699,65.5385
5,151,14720.3076,0.0,18.2033,21.2673,21.2673,60.6862
5,152,15002.4069,0.0,3.3176,6.7376,6.7376,59.8569
5,153,15068.7547,0.0,9.2698,10.9507,10.9507,46.52
5,154,15168.4285,0.0,5.131,10.7576,10.7576,36.4334
5,155,15212.0467,0.0,4.6799,7.7238,7.7238,70.0192
5,156,15220.9952,0.0,10.8773,14.2412,14.2412,66.6386
5,157,15288.8147,0.0,2.0149,14.2046,14.2046,51.9923
5,158,15487.2682,0.0,7.5743,8.4399,8.4399,28.3619
5,159,15563.3625,0.0,13.7862,17.5998,17.5998,51.1846
5,160,15564.9748,0.0,9.9351,16.0677,16.0677,68.5903
5,161,15645.3463,0.0,13.3059,24.6165,24.6165,70.7307
5,162,15695.4264,0.0,10.9281,16.0111,16.0111,64.1514
5,163,15715.5896,0.0,10.758,16.1922,16.1922,92.2777
5,164,15758.3225,0.0,14.2691,16.3486,16.3486,55.9531
5,165,15854.56,0.0,14.0779,16.4458,16.4458,64.0684
5,166,16067.4145,0.0,5.9392,8.4895,8.4895,30.34
5,167,16072.0636,0.0,9.1423,9.6271,9.6271,58.4468
5,168,16121.4563,0.0,20.0269,24.6057,24.6057,74.0908
5,169,16425.5758,0.0,4.5365,20.5235,20.5235,57.5758
5,170,16429.2314,0.0,21.1138,28.6359,28.6359,105.3946
5,171,16555.5207,0.0,11.8312,12.8282,12.8282,69.1247
5,172,16633.7431,0.0,9.2833,12.3268,12.3268,47.4035
5,173,16693.4374,0.0,4.8095,7.9775,7.9775,62.8601
5,174,16907.5287,0.0,14.785,20.2194,20.2194,81.6966
5,175,16958.747,0.0,3.923,8.5337,8.5337,82.6963
5,176,17142.4779,0.0,15.3116,19.0,19.0,77.7758
5,177,17165.7598,0.0,9.8738,23.6371,23.6371,61.5791
5,178,17308.9496,0.0,9.5286,14.9493,14.9493,71.6696
5,179,17367.9244,0.0,10.4309,12.0444,12.0444,46.7967
5,180,17460.0312,0.0,15.2027,23.1687,23.1687,136.5009
5,181,17772.0058,0.0,11.1334,13.3611,13.3611,51.8327
5,182,17768.1232,0.0,11.5802,17.6904,17.6904,63.5358
5,183,17868.2214,0.0,6.9939,9.8274,9.8274,53.6757
5,184,17964.8108,0.0,7.994,12.4086,12.4086,34.8128
5,185,17974.2815,0.0,10.7831,18.2783,18.2783,58.2759
5,186,17983.5514,0.0,8.6198,17.9756,17.9756,55.4683
5,187,17987.4673,0.0,6.8176,14.6709,14.6709,92.1912
5,188,17988.7942,0.0,18.549,30.6802,30.6802,69.7175
5,189,18012.455,0.0,4.3328,8.7324,8.7324,97.2298
5,190,18055.4372,0.0,11.2049,39.3496,39.3496,110.636
5,191,18141.6671,0.0,11.8127,19.0676,19.0676,41.2673
5,192,18270.9195,0.0,5.1202,12.179,12.179,33.9129
5,193,18301.7067,0.0,12.0558,14.2301,14.2301,48.7319
5,194,18311.8675,0.0,12.2936,19.567,19.567,55.7599
5,195,18424.212,0.0,20.4967,23.2833,23.2833,78.9659
5,196,18478.2575,0.0,4.2324,6.2292,6.2292,33.7525
5,197,18510.509,0.0,3.7384,13.3066,13.3066,59.1681
5,198,18509.8573,0.0,9.9512,16.6958,16.6958,113.4699
5,199,18534.194,0.0,7.7111,18.871,18.871,108.3392
5,200,18553.003,0.0,15.3632,16.8617,16.8617,104.1178
5,201,18695.3592,0.0,6.5809,12.0644,12.0644,79.0564
5,202,18797.3882,0.0,4.8032,16.9309,16.9309,43.1008
5,203,18941.4113,0.0,10.8738,17.0626,17.0626,47.2226
5,204,19021.5221,0.0,10.2548,17.2423,17.2423,54.2081
5,205,19140.3669,0.0,13.0316,16.3661,16.3661,56.7179
5,206,19265.5137,0.0,3.7613,6.6915,6.6915,82.3439
5,207,19315.3977,0.0,10.7831,18.0083,18.0083,48.9685
5,208,19338.2109,0.0,14.5735,16.4927,16.4927,44.3925
5,209,19342.1275,0.0,14.1459,15.9583,15.9583,73.3113
5,210,19437.5178,0.0,16.4183,20.5188,20.5188,63.9008
5,211,19440.2692,0.0,17.2843,23.7146,23.7146,60.811
5,212,19448.5295,0.0,16.0728,25.6088,25.6088,78.904
5,213,19467.0735,0.0,8.6597,12.7148,12.7148,50.2515
5,214,19480.2803,0.0,7.5782,9.5255,9.5255,48.7975
5,215,19474.5892,0.0,8.0458,17.9166,17.9166,77.6937
5,216,19493.2221,0.0,13.0622,17.9764,17.9764,77.5514
5,217,19493.9175,16.3059,23.2729,41.4322,25.1263,103.3428
5,218,19484.8746,0.0,31.4689,51.3172,51.3172,96.7733
5,219,19553.2096,0.0,9.2196,18.41,18.41,62.8826
5,220,19576.1536,0.0,5.3114,12.8689,12.8689,77.7248
5,221,19563.2568,0.0,24.8052,28.8479,28.8479,66.2381
5,222,19595.7883,0.0,10.7331,12.2042,12.2042,107.32
5,223,19649.5238,0.0,15.0033,22.6056,22.6056,75.6057
5,224,19725.0875,0.0,13.2429,25.2794,25.2794,73.4754
5,225,19770.9429,0.0,11.8263,22.4905,22.4905,87.0097
5,226,19806.5186,0.0,7.6756,12.333,12.333,56.2418
5,227,19875.8742,0.0,8.0404,12.193,12.193,60.2511
5,228,19902.3792,0.0,5.4214,7.3328,7.3328,36.2924
5,229,19947.6949,0.0,9.1019,14.3486,14.3486,30.5706
5,230,19959.2687,0.0,7.1999,9.1889,9.1889,60.1081
5,231,19960.4712,0.0,10.6133,16.7393,16.7393,70.493
5,232,20225.8756,0.0,11.0452,13.8279,13.8279,39.7832
5,233,20539.6486,0.0,9.3437,15.8018,15.8018,57.3618
5,234,20688.2295,0.0,6.7434,12.664,12.664,51.4601
5,235,20731.652,0.0,15.8818,22.7254,22.7254,63.8449
5,236,20796.4954,0.0,6.3407,9.7016,9.7016,50.815
5,237,20790.6901,0.0,5.0128,18.8732,18.8732,69.7368
5,238,20807.9808,0.0,4.3642,7.9388,7.9388,61.8693
5,239,20944.4082,0.0,11.6962,16.6696,16.6696,57.0504
5,240,21079.843,0.0,8.2672,17.7948,17.7948,47.1708
5,241,21118.2046,0.0,7.4112,12.9506,12.9506,45.6354
5,242,21113.1842,0.0,8.7398,20.7281,20.7281,54.6548
5,243,21201.3044,0.0,3.3183,8.721,8.721,52.3849
5,244,21222.0391,0.0,9.6894,10.7795,10.7795,31.9106
5,245,21241.041,0.0,1.6606,4.8686,4.8686,71.3208
5,246,21263.2094,0.0,9.882,12.376,12.376,40.7444
5,247,21296.513,0.0,4.1131,26.6331,26.6331,62.9887
5,248,21390.3871,0.0,8.2016,12.8027,12.8027,65.479
5,249,21390.8233,0.0,9.1348,18.8535,18.8535,73.3263
5,250,21460.8785,0.0,2.4929,9.3298,9.3298,36.9636
5,251,21533.2975,0.0,8.6667,11.4914,11.4914,48.8721
5,252,21625.3064,0.0,3.4678,9.1651,9.1651,54.6287
5,253,21791.0425,0.0,13.9292,15.8936,15.8936,78.3276
5,254,21970.1508,0.0,5.3424,9.2139,9.2139,50.3239
5,255,22025.6727,0.0,2.5924,5.536,5.536,35.8008
5,256,22080.872,0.0,8.6722,11.5452,11.5452,73.8861
5,257,22171.3046,0.0,1.2976,3.8815,3.8815,34.7499
5,258,22180.4885,0.0,2.5228,9.4363,9.4363,39.2081
5,259,22209.1452,0.0,7.4998,8.6002,8.6002,40.1254
5,260,22239.9375,0.0,18.3692,27.5654,27.5654,79.4748
5,261,22263.9653,0.0,10.4235,14.7626,14.7626,52.8779
5,262,22280.5745,0.0,12.9693,17.9603,17.9603,92.7641
5,263,22313.5925,0.0,6.3616,11.5891,11.5891,45.4637
5,264,22330.9226,0.0,11.7496,19.1915,19.1915,88.1457
5,265,22366.906,0.0,12.2856,25.28,25.28,57.8641
5,266,22426.3996,0.0,23.9078,26.9076,26.9076,91.656
5,267,22456.1733,0.0,11.8819,13.5998,13.5998,84.4875
5,268,22487.4653,0.0,9.5693,11.6426,11.6426,57.1414
5,269,22558.1535,0.0,7.0186,11.3809,11.3809,72.1444
5,270,22593.2739,0.0,18.978,44.2745,44.2745,51.7708
5,271,22640.4456,0.0,1.9828,7.7893,7.7893,104.6404
5,272,22644.1595,0.0,7.7943,16.2372,16.2372,72.9044
5,273,22767.1752,0.0,8.2451,12.0881,12.0881,47.6953
5,274,22817.2883,0.0,14.3215,21.0339,21.0339,59.2403
5,275,22828.2226,0.0,14.0358,18.6459,18.6459,64.0507
5,276,22921.9192,0.0,1.8194,5.3979,5.3979,32.2771
5,277,22971.2655,0.0,10.766,14.0927,14.0927,46.3308
5,278,23091.4855,0.0,9.5486,12.5609,12.5609,73.9007
5,279,23192.5025,0.0,7.5123,15.9048,15.9048,68.6846
5,280,23205.4055,0.0,6.5558,7.8221,7.8221,64.6418
5,281,23248.3864,0.0,1.1765,6.9047,6.9047,45.5852
5,282,23256.8438,0.0,10.1349,20.0401,20.0401,49.0267
5,283,23322.4137,0.0,14.2302,19.8869,19.8869,80.1059
5,284,23536.2108,0.0,7.8823,11.0667,11.0667,62.9589
5,285,23545.3398,0.0,11.5925,22.4874,22.4874,60.1051
5,286,23618.4009,0.0,14.897,16.3475,16.3475,46.8555
5,287,23618.1352,0.0,15.7694,26.8176,26.8176,56.9181
5,288,23643.2391,0.0,11.5682,23.2881,23.2881,85.7622
5,289,23762.0159,0.0,11.6815,18.1041,18.1041,61.6591
5,290,23836.6125,0.0,13.5842,18.416,18.416,72.2626
5,291,24037.9108,0.0,6.9137,10.518,10.518,48.3518
5,292,24159.9694,0.0,6.434,11.2932,11.2932,62.6198
5,293,24189.976,0.0,4.1654,8.9681,8.9681,42.9987
5,294,24259.7052,0.0,12.2936,20.818,20.818,52.8193
5,295,24278.3126,0.0,12.7603,14.7506,14.7506,62.123
5,296,24298.048,0.0,11.1115,17.1795,17.1795,58.6252
5,297,24815.9123,0.0,6.2203,7.6154,7.6154,34.9252
5,298,25052.9751,0.0,11.7048,16.216,16.216,72.8729
5,299,25113.0435,0.0,10.8603,13.3917,13.3917,76.2695
5,300,25150.974,0.0,15.8683,19.6536,19.6536,63.8452
5,301,25165.5979,0.0,13.4512,16.2385,16.2385,66.4062
5,302,25234.7815,0.0,4.3673,16.8542,16.8542,59.8511
5,303,25259.5426,0.0,13.1499,16.1395,16.1395,36.9433
5,304,25274.7275,0.0,3.6559,8.2865,8.2865,55.5633
5,305,25433.4611,0.0,1.6342,10.0023,10.0023,42.0431
5,306,25460.1196,0.0,4.0072,8.9946,8.9946,41.8275
5,307,25552.5378,0.0,10.4343,19.0798,19.0798,101.0811
5,308,25837.7225,0.0,19.2383,61.4765,61.4765,130.6259
5,309,25914.8613,0.0,9.2648,13.4557,13.4557,71.088
5,310,25922.8032,0.0,14.9083,17.0618,17.0618,75.3593
5,311,25919.313,0.0,19.1224,22.9603,22.9603,124.4205
5,312,25925.7083,0.0,30.0164,35.5243,35.5243,135.308
5,313,26205.7907,0.0,6.8419,14.2713,14.2713,53.6128
5,314,26375.7824,0.0,14.8708,39.6065,39.6065,90.0329
5,315,26466.25,0.0,12.9889,15.1406,15.1406,82.1548
5,316,26488.8821,0.0,10.7198,14.6476,14.6476,63.7158
5,317,26479.1087,0.0,22.891,30.2379,30.2379,87.1868
5,318,26626.2436,0.0,10.3383,17.8866,17.8866,57.9356
5,319,26641.0971,0.0,10.5133,18.0208,18.0208,47.9781
5,320,26771.108,0.0,13.2533,18.7476,18.7476,68.8463
5,321,26878.1038,0.0,8.8232,11.3002,11.3002,38.1335
5,322,26879.1703,0.0,13.2191,23.967,23.967,85.6958
5,323,27030.1597,0.0,3.5604,7.1052,7.1052,68.2127
5,324,27215.3974,0.0,8.8142,13.3642,13.3642,72.889
5,325,27286.5963,0.0,14.1722,16.1653,16.1653,59.9107
5,326,27389.4137,0.0,9.5286,47.9364,47.9364,94.559
5,327,27454.1305,0.0,1.618,7.6432,7.6432,47.685
5,328,27450.9829,0.0,3.7133,13.4944,13.4944,59.0728
5,329,27598.8372,0.0,3.1645,8.7666,8.7666,61.1578
5,330,27854.6329,0.0,9.6689,14.3202,14.3202,72.6288
5,331,27924.8321,0.0,13.055,25.5733,25.5733,94.0712
5,332,27978.1666,0.0,8.8691,12.166,12.166,51.6098
5,333,27976.9472,0.0,9.418,21.0524,21.0524,68.7289
5,334,28012.2534,0.0,11.7379,18.1582,18.1582,61.2489
5,335,28086.1997,0.0,11.0216,14.8007,14.8007,56.4081
5,336,28082.0441,0.0,10.5717,22.2623,22.2623,70.2593
5,337,28120.774,0.0,9.1369,20.4108,20.4108,51.9856
5,338,28169.5484,0.0,12.8218,18.2085,18.2085,58.2949
5,339,28191.2398,0.0,4.4678,10.17,10.17,107.1078
5,340,28311.0479,0.0,7.4087,10.5901,10.5901,47.8741
5,341,28400.9039,0.0,11.2729,12.9254,12.9254,89.6141
5,342,28432.8,0.0,10.9573,15.2156,15.2156,66.2352
5,343,28478.5944,0.0,5.7938,8.8779,8.8779,33.8506
5,344,28566.6015,0.0,3.179,7.7851,7.7851,63.8471
5,345,28601.9525,0.0,13.9825,17.8792,17.8792,55.9528
5,346,28624.3193,0.0,5.4019,11.4198,11.4198,39.3121
5,347,28693.8246,0.0,8.5204,10.4125,10.4125,35.1829
5,348,28853.7282,0.0,15.5262,21.3968,21.3968,67.3172
5,349,29269.7599,0.0,2.2127,4.6386,4.6386,52.6136
5,350,29344.7957,0.0,16.2576,22.5136,22.5136,53.4046
5,351,29363.5419,0.0,9.2751,11.9015,11.9015,40.5014
5,352,29385.9988,0.0,14.8612,20.1658,20.1658,71.0742
5,353,29427.1416,0.0,6.3731,12.2656,12.2656,75.4812
5,354,29526.3876,0.0,4.9655,11.4086,11.4086,40.6966
5,355,29555.2585,0.0,3.894,6.0905,6.0905,40.4845
5,356,29563.4868,0.0,15.9813,25.4743,25.4743,62.9677
5,357,29651.0633,0.0,6.2971,28.7651,28.7651,56.0199
5,358,29682.8351,0.0,7.628,9.4007,9.4007,59.2089
5,359,29783.3421,0.0,8.195,11.7348,11.7348,54.347
5,360,29797.6637,0.0,11.6984,20.9925,20.9925,73.0437
5,361,29839.1048,0.0,11.2673,14.4628,14.4628,76.4919
5,362,29946.4748,0.0,19.1019,24.6819,24.6819,91.7862
5,363,29983.7064,0.0,5.5414,8.8968,8.8968,59.6821
5,364,30072.697,0.0,4.9291,8.2106,8.2106,54.3562
5,365,30102.0676,0.0,9.9351,17.2034,17.2034,64.6051
5,366,30134.3449,0.0,12.5022,15.9458,15.9458,56.2499
5,367,30224.5275,0.0,13.8869,20.2333,20.2333,58.7652
5,368,30240.8097,0.0,17.4475,28.2925,28.2925,108.5904
5,369,30333.0613,0.0,8.3398,12.392,12.392,48.8043
5,370,30550.0173,0.0,5.5681,17.5612,17.5612,60.7649
5,371,30681.3882,0.0,7.8323,10.6067,10.6067,40.0852
5,372,30685.4537,0.0,4.6992,17.4953,17.4953,78.2834
5,373,30729.1142,0.0,15.0023,19.1328,19.1328,52.7468
5,374,30770.9945,0.0,12.5544,17.3128,17.3128,69.5863
5,375,30886.2396,0.0,14.7791,21.8306,21.8306,65.6045
5,376,30903.8974,0.0,11.7609,28.0613,28.0613,94.3944
5,377,31008.4937,0.0,6.9047,15.4921,15.4921,45.3351
5,378,31376.8725,0.0,11.9486,14.8521,14.8521,44.7548
5,379,31451.7492,0.0,9.0599,16.2957,16.2957,57.3893
5,380,31463.1022,0.0,8.3934,11.4524,11.4524,61.9321
5,381,31497.2792,0.0,7.3002,10.9014,10.9014,62.4981
5,382,31495.1182,0.0,5.3594,26.5881,26.5881,99.0134
5,383,31522.4991,0.0,8.372,12.3581,12.3581,131.9093
5,384,31537.1631,0.0,18.6557,38.7881,38.7881,96.1995
5,385,31670.3614,0.0,5.4935,9.5616,9.5616,76.1626
5,386,31715.7861,0.0,0.6684,4.7306,4.7306,85.0132
5,387,31753.2178,0.0,4.5919,19.1791,19.1791,53.4057
5,388,31859.5523,0.0,8.5336,11.6508,11.6508,48.3529
5,389,32419.1014,0.0,1.5383,9.1469,9.1469,50.2337
5,390,32592.5236,0.0,8.5614,15.5838,15.5838,58.4759
5,391,32702.3321,0.0,10.0047,15.1845,15.1845,59.5043
5,392,32782.7808,0.0,9.7782,26.7487,26.7487,45.0995
5,393,32821.0282,0.0,12.8247,17.4404,17.4404,65.7314
5,394,32865.1572,0.0,10.7448,19.7232,19.7232,64.7681
5,395,32953.29,0.0,2.4618,8.6375,8.6375,25.1503
5,396,32973.404,0.0,9.4496,14.0344,14.0344,40.5177
5,397,33061.0723,0.0,3.569,4.5815,4.5815,43.6639
5,398,33079.5414,0.0,7.6088,19.8038,19.8038,44.3563
5,399,33128.5756,0.0,5.6306,10.7153,10.7153,63.0241
5,400,33367.7957,0.0,5.987,12.0521,12.0521,59.912
5,401,33389.4769,0.0,13.5729,19.2712,19.2712,88.287
5,402,33591.7432,0.0,5.3968,7.441,7.441,35.104
5,403,33669.4329,0.0,7.6067,10.4822,10.4822,38.8414
5,404,33718.4345,0.0,9.9991,13.3449,13.3449,52.1423
5,405,33760.1144,0.0,10.3491,15.8441,15.8441,40.4304
5,406,33772.8135,0.0,11.5915,20.0598,20.0598,65.7015
5,407,33795.7157,0.0,5.7069,18.1909,18.1909,51.6315
5,408,33879.6332,0.0,1.9226,6.7209,6.7209,44.808
5,409,34135.701,0.0,10.3568,19.6051,19.6051,73.5793
5,410,34238.082,0.0,11.772,15.1133,15.1133,90.4391
5,411,34417.1576,0.0,12.3511,15.1151,15.1151,72.7863
5,412,34421.6269,0.0,5.3968,12.6373,12.6373,82.9441
5,413,34454.5648,0.0,13.7141,20.8846,20.8846,56.2148
5,414,34477.9564,0.0,13.6001,17.3024,17.3024,59.3241
5,415,34562.2417,0.0,4.1045,6.9264,6.9264,45.6979
5,416,34617.3609,0.0,3.4368,6.3229,6.3229,69.6435
5,417,34998.3701,0.0,4.9536,11.2517,11.2517,38.6133
5,418,35019.1192,0.0,4.3278,7.324,7.324,72.7079
5,419,35023.6625,0.0,6.0819,15.8431,15.8431,115.255
5,420,35020.1912,0.0,17.7801,26.0058,26.0058,105.3866
5,421,35081.6678,0.0,5.3029,8.0181,8.0181,54.892
5,422,35109.7343,0.0,12.8887,15.5336,15.5336,58.6218
5,423,35125.2593,0.0,4.252,6.4601,6.4601,47.3662
5,424,35273.5696,0.0,6.5945,7.4565,7.4565,40.2946
5,425,35264.0813,0.0,20.1853,21.2386,21.2386,67.7612
5,426,35301.9821,0.0,16.9276,23.7334,23.7334,64.532
5,427,35310.4825,0.0,27.5271,30.6485,30.6485,99.4716
5,428,35370.7559,0.0,1.1637,6.6836,6.6836,58.802
5,429,35368.4602,0.0,9.8816,20.0287,20.0287,56.6141
5,430,35391.6254,0.0,14.1864,16.5459,16.5459,87.9042
5,431,35426.7868,0.0,3.3739,8.4068,8.4068,47.799
5,432,35681.9424,0.0,13.9453,17.4774,17.4774,80.4165
5,433,35777.8507,0.0,9.508,14.4196,14.4196,62.4804
5,434,36087.7254,0.0,14.5958,22.4777,22.4777,79.2119
5,435,36431.1506,0.0,5.2296,6.4105,6.4105,42.8447
5,436,36482.5812,0.0,8.8164,25.7988,25.7988,55.5948
5,437,36610.8631,0.0,23.4774,26.1441,26.1441,65.0164
5,438,36629.8145,0.0,7.8753,9.3875,9.3875,59.7286
5,439,36892.682,0.0,10.7723,15.3681,15.3681,74.7375
5,440,37177.5967,0.0,5.9533,7.2622,7.2622,38.8211
5,441,37177.3705,0.0,5.8286,10.8227,10.8227,44.7976
5,442,37192.9524,0.0,12.2598,18.4562,18.4562,56.378
5,443,37275.551,0.0,2.9036,7.4303,7.4303,24.9072
5,444,37272.6538,0.0,16.6126,18.458,18.458,52.0577
5,445,37352.9057,0.0,3.9033,7.3174,7.3174,52.9198
5,446,37418.0225,0.0,12.2771,16.0462,16.0462,53.9762
5,447,37543.1155,0.0,12.1235,19.4344,19.4344,73.3367
5,448,37597.6387,0.0,3.3418,5.8052,5.8052,38.8804
5,449,37641.1601,0.0,1.6418,7.2876,7.2876,69.0655
5,450,37712.9129,0.0,10.4309,12.1564,12.1564,50.874
5,451,37744.2075,0.0,3.5205,6.6972,6.6972,29.8318
5,452,37836.0951,0.0,12.5871,17.8928,17.8928,46.4156
5,453,37858.611,0.0,2.7783,5.1568,5.1568,78.4936
5,454,37887.1611,0.0,9.8478,12.9479,12.9479,45.0979
5,455,37894.0618,0.0,8.1973,14.0579,14.0579,63.9461
5,456,37896.5106,0.0,8.5035,14.5571,14.5571,88.7514
5,457,38220.6433,0.0,4.5912,12.449,12.449,45.1996
5,458,38231.9013,0.0,1.5383,14.1426,14.1426,88.205
5,459,38235.9807,0.0,5.9602,13.6551,13.6551,85.1155
5,460,38313.082,0.0,8.7626,11.9188,11.9188,56.4916
5,461,38407.7773,0.0,8.9765,11.4527,11.4527,49.5486
5,462,38410.1554,0.0,21.2992,26.3794,26.3794,86.8025
5,463,38467.9228,0.0,8.3345,8.8713,8.8713,44.2398
5,464,38538.983,0.0,5.1178,8.1223,8.1223,37.2378
5,465,38555.2142,0.0,6.1441,20.2202,20.2202,60.7418
5,466,38634.9973,0.0,2.4618,4.5526,4.5526,53.8336
5,467,38622.2714,0.0,23.1711,26.2405,26.2405,66.5138
5,468,38629.2638,0.0,5.4804,23.0906,23.0906,98.5862
5,469,38664.3027,0.0,7.8476,12.9204,12.9204,59.7781
5,470,38672.5121,0.0,4.2483,8.4477,8.4477,54.7863
5,471,38692.0095,0.0,6.1088,9.5915,9.5915,86.6616
5,472,38727.7337,0.0,4.4184,7.8053,7.8053,29.5742
5,473,38822.335,0.0,7.7065,17.0438,17.0438,50.3611
5,474,38877.1125,0.0,7.9681,13.4949,13.4949,64.9232
5,475,38884.7327,0.0,7.9912,14.9212,14.9212,97.7038
5,476,38924.3525,0.0,10.8352,16.0822,16.0822,73.3541
5,477,38970.3896,0.0,10.4375,27.4487,27.4487,76.0261
5,478,38998.4136,0.0,2.5963,12.853,12.853,65.8219
5,479,39072.499,0.0,5.8217,10.9504,10.9504,52.6522
5,480,39110.1884,0.0,7.881,11.1225,11.1225,55.1638
5,481,39389.0488,0.0,15.4809,19.9635,19.9635,59.5461
5,482,39408.2567,0.0,12.6953,13.9513,13.9513,55.9561
5,483,39441.0845,0.0,12.4662,22.9962,22.9962,53.2154
5,484,39453.4894,0.0,15.7404,26.8832,26.8832,62.0179
5,485,39490.3435,0.0,15.4547,17.7452,17.7452,54.6658
5,486,39589.4566,0.0,20.9685,40.0557,40.0557,91.4775
5,487,39675.1077,0.0,3.5307,8.357,8.357,40.0376
5,488,39803.0165,0.0,17.913,26.8692,26.8692,71.6696
5,489,39892.7004,0.0,9.251,12.1581,12.1581,39.2469
5,490,39902.4158,0.0,8.574,16.0122,16.0122,26.4505
5,491,39932.0604,0.0,1.9929,4.5264,4.5264,62.7514
5,492,40003.6955,0.0,8.6345,11.3561,11.3561,88.9133
5,493,40080.0347,0.0,12.7657,13.4389,13.4389,33.9957
5,494,40089.0968,0.0,4.3524,6.7785,6.7785,58.3869
5,495,40162.9425,0.0,14.0635,17.2827,17.2827,71.2996
5,496,40207.7486,0.0,22.6322,27.0502,27.0502,64.2358
5,497,40271.36,0.0,10.0547,12.9618,12.9618,58.5302
5,498,40300.9696,0.0,11.0994,13.1422,13.1422,31.1064
5,499,40313.9867,0.0,5.1641,8.9145,8.9145,46.474
5,500,40500.3376,0.0,9.3148,11.5586,11.5586,40.3027
5,501,40564.6447,0.0,17.2039,20.7901,20.7901,83.2159
5,502,40689.4649,0.0,6.1821,15.5752,15.5752,48.5002
5,503,40940.7308,0.0,21.139,27.2664,27.2664,98.1938
5,504,41028.7576,0.0,2.5075,4.2109,4.2109,43.1058
5,505,41044.123,0.0,8.3168,11.6937,11.6937,29.3536
5,506,41077.0439,0.0,9.4785,14.5768,14.5768,54.297
5,507,41218.9921,0.0,3.4648,10.1886,10.1886,40.3738
5,508,41210.4191,0.0,13.5842,24.093,24.093,77.2184
5,509,41361.0,0.0,2.3897,5.7229,5.7229,56.3425
5,510,41562.9749,0.0,9.1019,10.5513,10.5513,38.6438
5,511,41570.4254,0.0,10.104,16.7535,16.7535,71.5866
5,512,41973.7672,0.0,10.136,14.7333,14.7333,53.5733
5,513,42179.8895,0.0,17.7374,20.4345,20.4345,86.4833
5,514,42360.9666,0.0,3.6559,5.3412,5.3412,35.4534
5,515,42379.3332,0.0,14.3135,20.1715,20.1715,64.2782
5,516,42460.8263,0.0,6.4317,19.2091,19.2091,49.505
5,517,42529.6256,0.0,14.0161,27.2743,27.2743,79.0948
5,518,42542.786,0.0,15.4547,21.2028,21.2028,70.1023
5,519,42574.3389,0.0,11.2202,14.1861,14.1861,36.7056
5,520,42587.9946,0.0,4.7695,9.5488,9.5488,57.4443
5,521,42710.2458,0.0,11.4405,14.6866,14.6866,64.6531
5,522,42804.2456,0.0,4.2412,5.2349,5.2349,82.3269
5,523,42758.6376,0.0,18.8945,78.8945,78.8945,151.1107
5,524,42974.1742,0.0,6.466,10.5969,10.5969,51.6259
5,525,43023.9234,0.0,4.2036,10.5238,10.5238,83.0136
5,526,43088.5803,0.0,11.6984,19.7107,19.7107,86.5577
5,527,43167.8961,0.0,8.9872,13.1401,13.1401,49.0493
6,1,0.0,0.0,19.6787,23.0345,23.0345,95.4499
6,2,105.4535,0.0,5.9296,11.4071,11.4071,42.1214
6,3,152.5955,0.0,11.1182,19.0751,19.0751,64.3616
6,4,193.9174,0.0,2.9412,11.8812,11.8812,53.3587
6,5,256.9295,0.0,4.5788,10.2963,10.2963,48.9321
6,6,395.8898,0.0,12.4325,19.6869,19.6869,85.7462
6,7,495.7659,0.0,4.8815,6.2114,6.2114,46.1857
6,8,514.3503,0.0,7.4407,12.1906,12.1906,76.3924
6,9,540.3846,0.0,12.6851,21.107,21.107,67.7952
6,10,562.4931,0.0,14.3486,16.715,16.715,75.255
6,11,572.5589,0.0,7.0485,24.9793,24.9793,76.5893
6,12,643.1884,0.0,8.7025,24.0932,24.0932,72.346
6,13,740.114,0.0,10.9549,14.1366,14.1366,59.1155
6,14,844.8959,0.0,12.8734,17.4884,17.4884,58.442
6,15,845.8736,0.0,12.6312,16.8872,16.8872,72.7374
6,16,1050.4098,0.0,3.2172,7.8247,7.8247,35.1391
6,17,1095.9158,0.0,16.0931,23.0103,23.0103,54.8306
6,18,1122.0134,0.0,12.484,20.4304,20.4304,103.0438
6,19,1188.2369,0.0,3.7117,27.4048,27.4048,65.6523
6,20,1480.8955,0.0,2.8469,5.4096,5.4096,27.8205
6,21,1626.3821,0.0,5.5204,16.4063,16.4063,59.7877
6,22,1703.1439,0.0,4.786,8.4281,8.4281,48.3266
6,23,1782.2548,0.0,16.4133,22.4894,22.4894,72.4968
6,24,1869.3238,0.0,1.2459,10.4352,10.4352,27.922
6,25,2059.4464,0.0,2.7941,6.3849,6.3849,30.9038
6,26,2151.9897,0.0,9.7592,14.3815,14.3815,71.2366
6,27,2161.7264,0.0,12.0568,27.0794,27.0794,77.4261
6,28,2253.9533,0.0,3.9218,7.3616,7.3616,60.9764
6,29,2319.7309,0.0,19.5128,25.5634,25.5634,75.227
6,30,2549.3812,0.0,8.4489,11.6744,11.6744,26.6286
6,31,2599.4273,0.0,12.8683,24.0323,24.0323,52.6341
6,32,2630.126,0.0,3.7892,12.4604,12.4604,56.0354
6,33,2756.4649,0.0,12.6452,26.7469,26.7469,58.0526
6,34,2780.8463,0.0,9.942,10.7972,10.7972,59.6052
6,35,2805.8873,0.0,3.8128,8.0532,8.0532,45.034
6,36,2814.7347,0.0,3.1417,29.3342,29.3342,61.5049
6,37,2852.4067,0.0,17.5295,25.2878,25.2878,68.6657
6,38,2920.0023,0.0,21.0384,28.6992,28.6992,68.4075
6,39,3260.5247,0.0,8.2448,54.2386,54.2386,76.3574
6,40,3327.9855,0.0,17.5967,21.3882,21.3882,130.9568
6,41,3494.9366,0.0,11.108,22.6633,22.6633,98.3252
6,42,3478.8826,0.0,9.2404,69.2404,69.2404,128.0744
6,43,3582.9158,0.0,4.3406,14.3121,14.3121,74.9458
6,44,3563.3253,0.0,22.4937,36.553,36.553,109.2405
6,45,3636.3417,0.0,9.4842,29.9404,29.9404,80.176
6,46,3705.7198,0.0,11.3141,18.3421,18.3421,75.5127
6,47,3736.3566,0.0,5.3861,15.2597,15.2597,49.8457
6,48,3767.095,0.0,21.1163,26.9137,26.9137,92.9138
6,49,3951.995,0.0,12.8247,16.4709,16.4709,57.0431
6,50,4057.1574,0.0,9.7236,16.4297,16.4297,87.3499
6,51,4107.5315,0.0,11.5718,25.2881,25.2881,62.5671
6,52,4146.3822,0.0,8.405,16.4957,16.4957,43.1528
6,53,4407.079,0.0,13.9558,21.2286,21.2286,50.9657
6,54,4672.6749,0.0,13.2297,19.1552,19.1552,63.4384
6,55,4730.6762,0.0,9.0717,16.7614,16.7614,47.34
6,56,4898.4793,0.0,5.0236,8.0659,8.0659,47.1561
6,57,5102.6749,0.0,8.8976,12.0877,12.0877,38.6534
6,58,5109.2883,0.0,8.495,12.2673,12.2673,52.1293
6,59,5130.6515,0.0,11.4371,14.189,14.189,55.845
6,60,5130.1729,0.0,11.8516,20.6986,20.6986,76.7039
6,61,5189.1851,0.0,4.3207,9.4486,9.4486,45.1389
6,62,5221.5929,0.0,2.9157,4.5354,4.5354,35.2066
6,63,5223.5665,0.0,6.5231,23.1375,23.1375,59.6201
6,64,5245.7238,0.0,13.2533,16.6822,16.6822,63.7754
6,65,5326.7368,0.0,5.3565,12.0942,12.0942,39.2459
6,66,5345.9076,0.0,3.1463,8.6269,8.6269,39.9671
6,67,5389.1786,0.0,12.686,19.1891,19.1891,112.1812
6,68,5392.2307,0.0,17.4275,23.7363,23.7363,131.3884
6,69,5399.1799,0.0,13.0778,17.8625,17.8625,133.279
6,70,5742.9233,0.0,7.7584,11.2945,11.2945,54.9811
6,71,5905.5681,0.0,1.5375,5.0739,5.0739,15.5875
6,72,6124.7552,0.0,7.7172,12.7609,12.7609,55.8773
6,73,6235.5774,0.0,5.8217,6.6741,6.6741,38.1528
6,74,6426.0289,0.0,4.5302,21.2227,21.2227,58.621
6,75,6501.1957,0.0,9.285,13.6904,13.6904,54.5226
6,76,6665.6921,0.0,6.4145,11.5873,11.5873,71.3135
6,77,6690.5329,0.0,4.4639,12.7867,12.7867,54.2245
6,78,6759.8608,0.0,7.0308,12.58,12.58,51.1216
6,79,6791.4737,0.0,6.5684,12.6271,12.6271,44.3538
6,80,6802.258,0.0,15.7635,18.7008,18.7008,71.6514
6,81,6957.3687,0.0,1.024,11.9541,11.9541,69.039
6,82,7059.6616,0.0,4.6741,11.3376,11.3376,36.2259
6,83,7213.7256,0.0,9.4653,13.9069,13.9069,48.9401
6,84,7217.8229,0.0,11.1628,17.2622,17.2622,50.2365
6,85,7372.0466,0.0,10.4791,11.7942,11.7942,52.598
6,86,7874.997,0.0,3.0331,9.0623,9.0623,82.6372
6,87,7860.5326,0.0,21.1997,23.9687,23.9687,104.1326
6,88,7958.9425,0.0,18.7382,24.9499,24.9499,72.2724
6,89,8000.6076,0.0,17.4229,22.6896,22.6896,68.929
6,90,8122.2964,0.0,9.4742,14.5083,14.5083,69.042
6,91,8187.4823,0.0,7.6683,15.0391,15.0391,67.4065
6,92,8252.2833,0.0,16.1821,20.7502,20.7502,36.9403
6,93,8271.3729,0.0,1.9828,7.5824,7.5824,62.2997
6,94,8554.2031,0.0,11.5434,14.1378,14.1378,58.4147
6,95,8711.8482,0.0,9.7075,17.0692,17.0692,39.7992
6,96,8885.3898,0.0,5.5204,8.8612,8.8612,61.7385
6,97,8884.3396,0.0,6.6456,11.5935,11.5935,66.6177
6,98,9168.7928,0.0,4.9533,12.6473,12.6473,43.2811
6,99,9205.6743,0.0,11.108,20.3143,20.3143,49.0908
6,100,9210.4249,0.0,11.2414,16.242,16.242,59.1447
6,101,9210.0011,0.0,12.8641,16.801,16.801,107.3596
6,102,9384.9705,0.0,9.6451,17.442,17.442,61.2626
6,103,9471.9751,0.0,8.8568,13.394,13.394,39.5215
6,104,9464.1817,0.0,10.8418,25.8028,25.8028,86.0545
6,105,9496.4761,0.0,24.9236,32.0203,32.0203,76.6833
6,106,9551.255,0.0,14.8914,25.8827,25.8827,73.2176
6,107,9607.6468,0.0,4.4946,18.9166,18.9166,49.8843
6,108,9648.4361,0.0,16.5877,22.0038,22.0038,74.6518
6,109,9683.4505,0.0,10.5558,25.8983,25.8983,55.0559
6,110,9676.632,0.0,7.2616,40.9233,40.9233,75.9283
6,111,9719.194,0.0,11.9009,14.8501,14.8501,51.8505
6,112,9775.2338,0.0,1.3545,4.5482,4.5482,45.0828
6,113,9806.639,0.0,10.5558,15.3384,15.3384,45.8091
6,114,9815.1078,0.0,19.794,23.8239,23.8239,69.4418
6,115,10241.9877,0.0,8.0535,15.0092,15.0092,73.0457
6,116,10307.207,0.0,3.4652,8.1641,8.1641,38.3529
6,117,10595.0939,0.0,13.0086,20.1738,20.1738,86.9883
6,118,10617.2253,0.0,15.1071,26.3077,26.3077,70.7388
6,119,10960.2457,0.0,2.5454,7.4397,7.4397,52.8054
6,120,10964.994,0.0,10.2006,18.1685,18.1685,62.3394
6,121,11096.0815,0.0,7.865,11.4396,11.4396,35.183
6,122,11151.0729,0.0,11.9584,23.383,23.383,67.9244
6,123,11186.3719,0.0,11.6337,13.2508,13.2508,66.7263
6,124,11449.3673,0.0,4.4112,12.2282,12.2282,66.9856
6,125,12028.075,0.0,5.8053,12.7041,12.7041,73.8259
6,126,12059.6044,0.0,13.4459,17.8243,17.8243,50.1761
6,127,12236.4092,0.0,5.4858,9.6088,9.6088,40.6095
6,128,12230.4952,0.0,11.995,19.5936,19.5936,62.5013
6,129,12300.6211,0.0,3.0331,10.7344,10.7344,33.5033
6,130,12323.636,0.0,7.2891,9.0282,9.0282,38.4232
6,131,12330.4814,0.0,16.5757,19.1921,19.1921,56.5815
6,132,12406.0649,0.0,11.0474,16.7228,16.7228,56.1067
6,133,12446.1105,0.0,15.9091,19.5368,19.5368,57.3329
6,134,12560.5501,0.0,9.9585,15.9832,15.9832,63.1606
6,135,12717.9005,0.0,3.8078,5.8207,5.8207,38.2557
6,136,12742.093,0.0,5.1509,15.0642,15.0642,30.5951
6,137,12831.7509,0.0,0.9415,12.5454,12.5454,49.3437
6,138,13043.824,0.0,9.824,11.4746,11.4746,53.8073
6,139,13193.8706,0.0,5.8421,11.3957,11.3957,47.4531
6,140,13462.3761,0.0,5.4858,9.9895,9.9895,52.51
6,141,13468.2128,0.0,18.986,22.4635,22.4635,90.1539
6,142,13726.1574,0.0,9.5511,12.5958,12.5958,39.6419
6,143,13827.4272,0.0,7.8121,20.2938,20.2938,51.2758
6,144,13930.4233,0.0,11.4808,14.1659,14.1659,76.3732
6,145,14083.399,0.0,12.3824,18.6156,18.6156,84.716
6,146,14139.904,0.0,10.9785,13.9152,13.9152,45.0959
6,147,14239.7352,0.0,17.9701,23.0035,23.0035,84.8392
6,148,14781.4266,0.0,9.4414,23.5181,23.5181,53.1008
6,149,15034.3222,0.0,1.2976,2.7028,2.7028,28.7959
6,150,15152.4054,0.0,11.3011,12.5474,12.5474,46.5515
6,151,15175.9701,0.0,9.6829,15.1317,15.1317,58.6174
6,152,15188.2307,0.0,13.1473,14.8012,14.8012,65.0464
6,153,15302.7742,0.0,2.8164,6.3543,6.3543,58.3894
6,154,15372.569,0.0,6.6795,10.6936,10.6936,37.2355
6,155,15484.7138,0.0,10.8175,15.8987,15.8987,86.849
6,156,15641.6513,0.0,20.893,26.6247,26.6247,75.7434
6,157,15775.8393,0.0,15.3338,23.8488,23.8488,74.169
6,158,15867.7836,0.0,9.8768,12.6829,12.6829,58.1711
6,159,15890.9264,0.0,4.1003,7.632,7.632,70.2321
6,160,16590.1196,0.0,2.921,8.6755,8.6755,34.5947
6,161,16604.2657,0.0,15.5842,24.1329,24.1329,72.7826
6,162,16702.3391,0.0,12.1999,14.9413,14.9413,34.3512
6,163,16708.2681,0.0,4.8196,11.6899,11.6899,44.9395
6,164,16719.0921,0.0,9.4785,15.2535,15.2535,60.5868
6,165,16753.1153,0.0,6.5839,10.6805,10.6805,45.8575
6,166,16782.4268,0.0,4.7695,6.3773,6.3773,26.0061
6,167,16807.1934,0.0,6.8844,39.8126,39.8126,63.8746
6,168,16873.0481,0.0,6.0776,10.4446,10.4446,78.26
6,169,16930.8369,0.0,7.5039,13.8798,13.8798,37.5898
6,170,16949.4524,0.0,2.3936,14.144,14.144,43.4323
6,171,16955.8887,0.0,9.5711,15.7368,15.7368,49.3636
6,172,16992.4904,0.0,4.9115,9.0908,9.0908,50.3673
6,173,17194.1834,0.0,11.7288,14.3238,14.3238,75.1638
6,174,17215.7264,0.0,6.6156,24.0288,24.0288,60.3783
6,175,17245.5565,0.0,19.6438,23.9892,23.9892,62.9571
6,176,17427.1456,0.0,5.5445,6.6727,6.6727,34.7791
6,177,17664.8386,0.0,11.2815,13.8008,13.8008,60.7866
6,178,17808.9985,0.0,6.2176,13.5973,13.5973,49.4625
6,179,17833.9977,0.0,21.692,25.8497,25.8497,76.9112
6,180,17937.3,0.0,4.7106,19.9634,19.9634,90.1098
6,181,18003.0573,0.0,19.6481,24.7178,24.7178,63.8676
6,182,18071.3796,0.0,4.3328,7.3569,7.3569,38.4942
6,183,18292.865,0.0,8.9765,12.8148,12.8148,55.3198
6,184,18369.3388,0.0,4.686,8.0118,8.0118,35.4453
6,185,18606.5326,0.0,17.2461,42.4528,42.4528,101.8217
6,186,18690.2443,0.0,11.9009,15.8521,15.8521,59.5014
6,187,19021.0195,0.0,21.2898,24.2504,24.2504,91.3453
6,188,19083.355,0.0,19.2193,21.1954,21.1954,75.1935
6,189,19199.9722,0.0,6.5076,12.2344,12.2344,30.7859
6,190,19266.0953,0.0,13.6791,14.715,14.715,64.9964
6,191,19344.9625,0.0,1.4438,6.6659,6.6659,75.4306
6,192,19422.9508,0.0,12.1129,18.1751,18.1751,46.9323
6,193,19495.5294,0.0,9.6829,12.5437,12.5437,27.6166
6,194,19561.4245,0.0,19.3841,22.7879,22.7879,63.8846
6,195,19646.5002,0.0,3.6125,8.4665,8.4665,52.0321
6,196,19643.0032,0.0,2.4111,17.9863,17.9863,62.8921
6,197,19686.0683,0.0,20.1561,24.7633,24.7633,88.0981
6,198,19940.345,0.0,3.56,60.467,60.467,100.9515
6,199,20002.4798,0.0,19.6468,27.8688,27.8688,78.7149
6,200,20245.1873,0.0,8.9666,11.154,11.154,63.4031
6,201,20584.6821,0.0,8.5044,13.772,13.772,49.1523
6,202,20761.9394,0.0,7.7292,11.0375,11.0375,62.4044
6,203,20838.4535,0.0,9.8302,17.9949,17.9949,50.5868
6,204,20903.2464,0.0,3.3739,7.7965,7.7965,36.6582
6,205,20949.3287,0.0,8.2186,13.7995,13.7995,51.5091
6,206,20976.5946,0.0,22.9127,29.3464,29.3464,96.275
6,207,20986.0344,0.0,4.9654,48.8739,48.8739,96.9674
6,208,21044.5895,0.0,9.9584,16.7394,16.7394,51.6695
6,209,21360.349,0.0,12.4011,17.2464,17.2464,58.4844
6,210,21412.3302,0.0,6.5998,13.0717,13.0717,44.6313
6,211,21449.0208,0.0,14.8649,19.6531,19.6531,65.3911
6,212,21593.0033,0.0,24.297,29.3395,29.3395,77.7292
6,213,21733.3589,0.0,5.7312,10.9164,10.9164,38.6868
6,214,21878.6593,0.0,12.3241,17.6775,17.6775,73.946
6,215,22045.9646,0.0,4.3278,9.0209,9.0209,55.2367
6,216,22091.18,0.0,13.9137,17.187,17.187,69.7701
6,217,22193.7253,0.0,16.8661,19.9559,19.9559,55.0896
6,218,22200.8729,0.0,9.8474,12.8938,12.8938,60.8077
6,219,22192.5655,0.0,11.9462,24.5694,24.5694,70.5832
6,220,22255.1112,0.0,18.1089,25.2062,25.2062,91.6175
6,221,22282.9992,0.0,8.8979,27.8018,27.8018,69.4845
6,222,22359.8631,0.0,3.1706,6.2412,6.2412,86.8112
6,223,22358.034,0.0,16.0996,23.4403,23.4403,94.3099
6,224,22453.9744,0.0,17.1526,44.1711,44.1711,76.9177
6,225,22491.9418,0.0,14.2518,43.3284,43.3284,97.8388
6,226,22634.4404,0.0,13.3829,17.5035,17.5035,83.1188
6,227,22604.8157,0.0,13.1093,49.7998,49.7998,124.9177
6,228,23303.3423,0.0,11.13,15.3057,15.3057,73.5353
6,229,23441.3897,0.0,10.2574,19.756,19.756,75.8523
6,230,23713.5722,0.0,8.4025,12.7233,12.7233,40.7185
6,231,23863.6218,0.0,12.5088,14.5065,14.5065,52.7753
6,232,23928.8809,0.0,5.2224,21.2067,21.2067,45.2441
6,233,24022.3192,0.0,14.3774,19.7522,19.7522,50.5007
6,234,24132.1336,0.0,5.0781,7.1308,7.1308,37.0529
6,235,24171.6891,0.0,8.8336,43.3752,43.3752,96.1778
6,236,24240.5024,0.0,15.3321,18.3098,18.3098,79.5852
6,237,24399.085,0.0,1.6606,8.6248,8.6248,36.4385
6,238,24656.0033,0.0,18.6699,21.4254,21.4254,81.4944
6,239,24797.4207,0.0,8.2937,12.2479,12.2479,40.6403
6,240,24900.4458,0.0,4.4269,12.1147,12.1147,49.5428
6,241,24941.561,0.0,10.7027,21.0354,21.0354,54.9155
6,242,24996.6317,0.0,3.6125,10.5239,10.5239,84.6194
6,243,25024.9687,0.0,12.6284,13.8638,13.8638,59.9562
6,244,25039.6242,0.0,8.9546,36.8504,36.8504,93.9114
6,245,25153.5839,0.0,12.1433,15.9669,15.9669,45.4268
6,246,25171.8795,0.0,3.1811,5.0447,5.0447,48.1026
6,247,25281.1718,0.0,11.4371,19.2042,19.2042,63.9049
6,248,25335.8986,0.0,11.6041,15.3273,15.3273,74.2851
6,249,25409.4153,0.0,5.2123,9.9848,9.9848,80.1348
6,250,25592.572,0.0,1.269,16.3917,16.3917,64.8551
6,251,25718.0186,0.0,1.7731,7.6406,7.6406,31.3686
6,252,25701.1133,0.0,22.1136,27.5082,27.5082,102.1807
6,253,26334.5086,0.0,8.0154,16.6635,16.6635,59.5749
6,254,26383.5317,0.0,5.5016,11.4939,11.4939,38.5515
6,255,26385.7267,0.0,10.2394,14.4414,14.4414,64.861
6,256,26448.0302,0.0,14.083,19.8982,19.8982,48.6199
6,257,26451.1518,0.0,15.0033,24.69,24.69,89.8405
6,258,26502.0182,0.0,12.7583,24.3217,24.3217,61.5233
6,259,26586.6294,0.0,2.1629,6.355,6.355,23.2944
6,260,26568.2032,0.0,19.0365,31.59,31.59,81.1002
6,261,26761.3287,0.0,10.0618,13.064,13.064,49.8899
6,262,26764.5356,0.0,9.468,12.8413,12.8413,63.9955
6,263,26784.2625,0.0,13.1876,19.0266,19.0266,54.6809
6,264,26790.4683,0.0,6.8335,13.7266,13.7266,93.5255
6,265,26863.3229,0.0,11.2981,21.9316,21.9316,99.1945
6,266,26926.9051,0.0,19.7929,29.9142,29.9142,65.1423
6,267,27019.8665,0.0,1.0221,7.118,7.118,41.9914
6,268,27021.4951,0.0,12.8375,17.8431,17.8431,64.8809
6,269,27060.6653,0.0,5.2105,14.4002,14.4002,50.2295
6,270,27062.7333,0.0,11.7443,14.5451,14.5451,86.8382
6,271,27089.4106,0.0,5.9658,45.892,45.892,62.1729
6,272,27098.7067,0.0,27.8003,37.442,37.442,76.3048
6,273,27200.5228,0.0,1.8874,6.4194,6.4194,40.3861
6,274,27204.2896,0.0,2.3177,4.1712,4.1712,46.6953
6,275,27229.5714,0.0,5.8872,18.8848,18.8848,61.0915
6,276,27227.861,0.0,14.5439,20.7501,20.7501,80.115
6,277,27270.1655,0.0,11.7288,17.2138,17.2138,53.3712
6,278,27315.2795,0.0,8.4427,31.0405,31.0405,64.7888
6,279,27415.3675,0.0,2.392,12.1535,12.1535,58.2922
6,280,27908.7613,0.0,5.8157,14.0424,14.0424,73.135
6,281,27956.9707,0.0,1.887,6.4794,6.4794,29.5412
6,282,27960.0843,0.0,7.5904,15.3785,15.3785,52.3091
6,283,28019.0689,0.0,9.7392,19.1624,19.1624,52.7826
6,284,28034.62,0.0,10.2174,16.3807,16.3807,50.6551
6,285,28169.6878,0.0,14.857,24.3144,24.3144,41.5627
6,286,28187.0571,0.0,12.1644,13.7073,13.7073,77.2286
6,287,28210.4249,0.0,5.4624,8.8984,8.8984,50.1455
6,288,28288.4383,0.0,5.7538,21.9437,21.9437,62.3244
6,289,28296.3029,0.0,19.5003,21.6438,21.6438,24.434
6,290,28331.4507,0.0,1.6679,7.4032,7.4032,73.6455
6,291,28386.9466,0.0,5.8031,8.7824,8.7824,42.8624
6,292,28579.4359,0.0,3.9153,11.3704,11.3704,48.7936
6,293,28640.9436,0.0,4.1125,8.3968,8.3968,99.4464
6,294,28740.044,0.0,10.2323,17.5604,17.5604,43.1034
6,295,28990.9736,0.0,6.1692,10.2312,10.2312,51.5824
6,296,29022.3288,0.0,1.9349,5.7889,5.7889,48.5997
6,297,29291.6385,0.0,4.3059,6.8598,6.8598,28.8039
6,298,29309.8731,0.0,13.1175,20.8324,20.8324,55.5397
6,299,29371.7336,0.0,2.921,8.7503,8.7503,32.1315
6,300,29376.2274,0.0,24.1511,26.7564,26.7564,86.2925
6,301,29488.9525,0.0,11.8499,18.0148,18.0148,77.2173
6,302,29545.8779,0.0,11.4329,13.0853,13.0853,49.382
6,303,29592.609,0.0,8.141,12.2383,12.2383,68.7461
6,304,29656.8641,0.0,6.5019,10.3297,10.3297,79.1467
6,305,29686.493,0.0,13.0581,16.9085,16.9085,75.3042
6,306,29896.3767,0.0,7.1749,10.6568,10.6568,78.4682
6,307,29953.4682,0.0,2.3534,5.8369,5.8369,62.4432
6,308,30133.0632,0.0,2.3626,20.3494,20.3494,44.9098
6,309,30268.1457,0.0,5.5016,11.7824,11.7824,39.4918
6,310,30295.0378,0.0,6.3287,7.8794,7.8794,62.7755
6,311,30327.9063,0.0,1.7968,6.9739,6.9739,35.2172
6,312,30737.9232,0.0,12.8038,21.0415,21.0415,101.5588
6,313,30934.9978,0.0,12.5492,16.5393,16.5393,76.9377
6,314,31123.6947,0.0,6.9047,18.2562,18.2562,52.6535
6,315,31131.3062,0.0,5.9601,11.5756,11.5756,84.0312
6,316,31197.3132,0.0,1.7731,10.8804,10.8804,33.0146
6,317,31303.6558,0.0,10.4548,13.7337,13.7337,47.5617
6,318,31598.4345,0.0,14.9558,19.1711,19.1711,65.4091
6,319,31716.0005,0.0,3.3103,7.6268,7.6268,46.3173
6,320,31824.6365,0.0,15.2027,18.8971,18.8971,74.3047
6,321,32151.0,0.0,4.3758,14.2008,14.2008,42.8399
6,322,32158.1352,0.0,0.8328,12.9467,12.9467,65.6789
6,323,32354.8561,0.0,8.6196,14.1988,14.1988,75.7875
6,324,32394.5173,0.0,16.9732,24.1061,24.1061,82.9624
6,325,32562.9901,0.0,10.1667,13.4231,13.4231,64.1083
6,326,32953.9044,0.0,5.6734,8.1858,8.1858,61.8152
6,327,33005.7766,0.0,5.4829,9.2369,9.2369,23.1771
6,328,33342.372,0.0,4.4699,9.8192,9.8192,39.9607
6,329,33637.0847,0.0,13.8739,26.0936,26.0936,97.7817
6,330,33733.5742,0.0,14.083,22.7507,22.7507,60.3123
6,331,33914.1545,0.0,2.6198,5.8828,5.8828,71.1935
6,332,33928.3701,0.0,9.126,11.9161,11.9161,65.0073
6,333,34007.2909,0.0,5.8683,12.9036,12.9036,28.2356
6,334,34086.437,0.0,6.6587,10.4713,10.4713,30.5433
6,335,34084.7681,0.0,8.7253,12.2884,12.2884,42.456
6,336,34142.382,0.0,11.0171,15.4572,15.4572,72.5955
6,337,34230.2734,0.0,10.8506,16.8954,16.8954,59.8893
6,338,34233.8648,0.0,19.8738,24.4361,24.4361,73.3207
6,339,34566.4963,0.0,9.5372,10.9513,10.9513,60.0091
6,340,34640.3022,0.0,3.8382,7.9183,7.9183,56.964
6,341,34754.8118,0.0,11.5807,24.6505,24.6505,76.6469
6,342,34981.8174,0.0,14.1082,20.1638,20.1638,105.189
6,343,35037.9783,0.0,10.2352,12.6483,12.6483,71.3077
6,344,35081.994,0.0,4.496,9.6022,9.6022,60.9244
6,345,35158.6732,0.0,14.4564,17.5171,17.5171,61.8716
6,346,35164.3163,0.0,9.8426,15.5925,15.5925,95.4611
6,347,35333.7295,0.0,15.2352,21.5296,21.5296,81.5135
6,348,35812.7103,0.0,7.1604,18.9106,18.9106,57.7986
6,349,35867.4539,0.0,6.0258,9.1344,9.1344,59.1547
6,350,35886.6451,0.0,11.4217,17.5325,17.5325,48.0316
6,351,35896.6506,0.0,10.9498,13.7725,13.7725,50.884
6,352,35953.814,0.0,11.1276,18.5445,18.5445,48.9834
6,353,35967.0497,0.0,17.1636,22.3179,22.3179,75.3957
6,354,36191.8351,0.0,2.8768,12.6377,12.6377,37.9926
6,355,36228.3867,0.0,2.7071,9.5657,9.5657,44.9847
6,356,36254.0579,0.0,3.004,6.6976,6.6976,42.1238
6,357,36283.5994,0.0,3.4405,5.1876,5.1876,27.9782
6,358,36462.6762,0.0,8.1707,16.2002,16.2002,60.2074
6,359,36552.5994,0.0,9.8398,13.5844,13.5844,41.8497
6,360,36581.2767,0.0,14.2988,17.9555,17.9555,40.2583
6,361,36584.1459,0.0,10.4372,18.9297,18.9297,43.5316
6,362,36589.8717,0.0,6.6034,13.9768,13.9768,73.1624
6,363,36623.737,0.0,11.7956,19.6636,19.6636,73.0661
6,364,36773.4515,0.0,11.2745,18.5995,18.5995,55.7151
6,365,36794.4616,0.0,5.0322,13.4197,13.4197,42.8536
6,366,36831.9112,0.0,6.6234,16.6668,16.6668,58.1287
6,367,36907.6561,0.0,10.3774,13.2972,13.2972,39.1638
6,368,37072.8187,0.0,5.8286,11.1115,11.1115,25.2803
6,369,37189.0491,0.0,4.9766,11.0801,11.0801,90.4709
6,370,37619.1058,0.0,9.6724,14.4607,14.4607,46.1829
6,371,37709.8932,0.0,10.6526,11.5906,11.5906,80.221
6,372,38026.5009,0.0,9.538,16.2059,16.2059,48.7652
6,373,38052.1956,0.0,6.7554,10.1112,10.1112,36.4043
6,374,38164.4621,0.0,14.5306,22.2109,22.2109,54.8454
6,375,38199.3393,0.0,11.0495,20.6445,20.6445,72.7715
6,376,38199.084,0.0,25.1291,26.882,26.882,106.0904
6,377,38228.941,0.0,21.5659,26.8417,26.8417,65.6795
6,378,38241.0607,0.0,10.1187,17.7609,17.7609,88.7349
6,379,38445.6754,0.0,2.3653,12.661,12.661,49.6325
6,380,38457.2422,0.0,9.5052,15.68,15.68,49.3107
6,381,38455.2544,0.0,14.4638,18.3721,18.3721,62.0449
6,382,38548.6642,0.0,12.2936,15.7482,15.7482,47.973
6,383,38554.6698,0.0,14.0942,22.8861,22.8861,93.4707
6,384,38573.7008,0.0,4.608,7.4866,7.4866,93.4436
6,385,38616.8838,0.0,7.3839,11.7755,11.7755,71.219
6,386,38627.7866,0.0,10.7778,19.3731,19.3731,73.0859
6,387,38722.3101,0.0,9.9343,15.8211,15.8211,37.5239
6,388,38906.2011,0.0,9.243,10.7014,10.7014,66.3521
6,389,38952.9679,0.0,9.0033,13.8352,13.8352,70.9562
6,390,38969.0915,0.0,3.6987,4.5808,4.5808,68.6572
6,391,39234.3411,0.0,8.9964,19.1158,19.1158,54.896
6,392,39362.5694,0.0,8.1096,10.7881,10.7881,63.4421
6,393,39503.4722,0.0,2.7941,5.5894,5.5894,49.1027
6,394,39653.4029,0.0,11.7303,15.8735,15.8735,71.0608
6,395,39790.8708,0.0,7.6967,16.5414,16.5414,67.3193
6,396,39805.1157,0.0,11.0716,13.9309,13.9309,64.1903
6,397,39878.2231,0.0,1.269,4.3315,4.3315,26.7647
6,398,39971.4751,0.0,13.945,20.1451,20.1451,64.5008
6,399,40004.1689,0.0,5.1641,14.8326,14.8326,69.0555
6,400,40070.0078,0.0,14.1672,34.1216,34.1216,77.3749
6,401,40146.6136,0.0,8.8919,18.7401,18.7401,40.8707
6,402,40345.0191,0.0,5.7624,20.0167,20.0167,52.3808
6,403,40399.2437,0.0,5.0453,8.6715,8.6715,43.3032
6,404,40443.6865,0.0,8.0867,13.519,13.519,72.0495
6,405,40869.5528,0.0,21.5659,25.3185,25.3185,77.2858
6,406,40887.7318,0.0,9.6689,12.9508,12.9508,85.4696
6,407,40943.8321,0.0,6.0903,12.5344,12.5344,58.2903
6,408,40951.3412,0.0,11.8222,16.1737,16.1737,58.909
6,409,42032.8956,0.0,10.8318,21.2533,21.2533,77.8788
6,410,42353.7118,0.0,13.4163,15.0902,15.0902,59.6148
6,411,42362.7952,0.0,15.1581,35.0316,35.0316,94.7153
6,412,42446.8094,0.0,13.127,15.3635,15.3635,49.5612
6,413,42710.6106,0.0,2.7461,12.5503,12.5503,32.3045
6,414,42786.4688,0.0,3.5207,13.1668,13.1668,51.0325
6,415,42793.5925,0.0,5.8803,12.2855,12.2855,51.8133
6,416,42842.4691,0.0,3.5362,10.1746,10.1746,32.893
6,417,42870.5369,0.0,7.0552,17.1745,17.1745,57.953
6,418,42974.5014,0.0,6.0541,16.5628,16.5628,55.6469
6,419,43035.8642,0.0,4.9952,10.7872,10.7872,59.3613
7,1,0.0,0.0,11.997,14.9562,14.9562,84.6419
7,2,54.8291,0.0,8.2282,20.8459,20.8459,91.6691
7,3,88.3508,0.0,15.9686,20.3453,20.3453,74.1092
7,4,167.6998,0.0,3.5368,8.6281,8.6281,38.9067
7,5,207.4766,0.0,11.7085,15.5031,15.5031,65.5899
7,6,346.4538,0.0,1.8359,7.0028,7.0028,23.4379
7,7,480.9238,0.0,6.0046,8.1413,8.1413,44.1546
7,8,526.1938,0.0,12.4922,18.9383,18.9383,53.5339
7,9,535.0209,0.0,8.7304,17.4219,17.4219,87.7768
7,10,609.6293,0.0,10.3033,15.4202,15.4202,93.3037
7,11,676.7949,0.0,5.9591,13.491,13.491,43.1505
7,12,661.6966,0.0,25.7184,31.8334,31.8334,156.3092
7,13,677.9657,0.0,13.0737,17.9518,17.9518,174.8173
7,14,752.0074,0.0,4.0085,7.7946,7.7946,95.8938
7,15,766.2535,0.0,10.2614,18.8319,18.8319,95.5714
7,16,769.2048,0.0,10.7494,16.276,16.276,79.7534
7,17,787.6239,0.0,5.4306,10.4462,10.4462,102.7784
7,18,800.6472,0.0,14.2322,17.3696,17.3696,69.5482
7,19,827.6184,0.0,2.4106,6.4811,6.4811,113.2608
7,20,883.872,0.0,6.775,19.746,19.746,48.2065
7,21,926.3405,0.0,6.5669,10.8631,10.8631,30.9772
7,22,890.0154,0.0,7.024,54.4722,54.4722,52.0234
7,23,938.3116,0.0,6.5893,8.4381,8.4381,88.1876
7,24,935.3301,0.0,3.8612,16.8695,16.8695,159.7859
7,25,1164.8475,0.0,10.2797,13.3136,13.3136,44.6509
7,26,1420.4014,0.0,8.0075,9.5916,9.5916,41.3063
7,27,1450.1679,0.0,1.9448,11.8819,11.8819,34.6319
7,28,1718.0347,0.0,2.354,5.596,5.596,74.714
7,29,1905.0554,0.0,13.0218,15.7379,15.7379,62.1557
7,30,1944.9609,0.0,4.4178,9.8956,9.8956,45.6633
7,31,1979.509,0.0,8.3118,11.6358,11.6358,54.2101
7,32,2076.6451,0.0,2.1226,4.3202,4.3202,35.8415
7,33,2091.5576,0.0,3.0569,4.2818,4.2818,25.9423
7,34,2098.147,0.0,11.0549,12.782,12.782,46.5429
7,35,2105.4148,0.0,3.1445,15.0627,15.0627,45.2529
7,36,2125.7936,0.0,9.1302,19.4559,19.4559,54.9629
7,37,2175.8536,0.0,13.3282,19.1588,19.1588,94.5459
7,38,2197.9494,0.0,17.3996,24.1532,24.1532,89.8726
7,39,2214.7725,0.0,20.8579,24.6703,24.6703,74.3343
7,40,2268.1163,0.0,19.0365,38.3753,38.3753,41.313
7,41,2319.3428,0.0,2.0651,5.235,5.235,98.9658
7,42,2531.1983,0.0,8.2477,18.0487,18.0487,47.5205
7,43,2694.1262,0.0,2.7672,4.8193,4.8193,26.1546
7,44,2731.1064,0.0,19.2952,23.2299,23.2299,61.9463
7,45,3022.3712,0.0,6.5287,8.2995,8.2995,82.145
7,46,3313.9911,0.0,6.1733,9.5173,9.5173,63.7024
7,47,3351.3564,0.0,5.8378,11.6103,11.6103,38.1106
7,48,3417.791,0.0,5.357,8.1055,8.1055,28.0457
7,49,3470.4898,0.0,5.1405,8.3328,8.3328,36.6252
7,50,3602.1455,0.0,3.192,8.4272,8.4272,36.4955
7,51,3609.9217,0.0,5.3114,8.7374,8.7374,41.4512
7,52,3608.8637,0.0,10.2614,14.2528,14.2528,53.8115
7,53,3644.1157,0.0,1.8954,4.6016,4.6016,31.8586
7,54,3724.5734,0.0,22.9624,28.7165,28.7165,65.4883
7,55,3739.5441,0.0,12.2053,16.1418,16.1418,108.2777
7,56,3900.156,0.0,22.971,28.4403,28.4403,48.9304
7,57,3914.826,0.0,10.8065,22.5256,22.5256,118.5598
7,58,3934.929,0.0,16.3357,20.7418,20.7418,91.5121
7,59,3938.2814,0.0,16.4896,21.8468,21.8468,104.4812
7,60,4218.0034,0.0,9.8476,12.2897,12.2897,48.4124
7,61,4392.9726,0.0,6.9759,13.3062,13.3062,139.3698
7,62,4401.9632,0.0,15.1208,18.0579,18.0579,139.3136
7,63,4515.2452,0.0,13.4908,17.1534,17.1534,50.9916
7,64,4521.2985,0.0,2.5027,12.9081,12.9081,64.7542
7,65,4564.255,0.0,7.7617,9.8544,9.8544,42.0321
7,66,4629.2997,0.0,4.1302,15.0427,15.0427,67.3782
7,67,4833.1305,0.0,15.1855,23.297,23.297,89.2229
7,68,4894.9708,0.0,12.09,21.3037,21.3037,94.8263
7,69,5092.565,0.0,2.0727,22.5771,22.5771,57.2485
7,70,5334.5434,0.0,14.9274,24.3358,24.3358,64.8845
7,71,5537.6459,0.0,10.6456,14.6327,14.6327,63.7866
7,72,5548.3242,0.0,14.5701,21.6478,21.6478,71.9353
7,73,5722.1589,0.0,9.1053,13.556,13.556,64.5341
7,74,5966.2933,0.0,4.0953,6.6049,6.6049,40.6334
7,75,5996.7208,0.0,7.94,11.3971,11.3971,78.7117
7,76,6033.0246,0.0,19.4804,22.6209,22.6209,89.0958
7,77,6440.0871,0.0,10.0819,18.5772,18.5772,47.6878
7,78,6571.6592,0.0,3.4699,10.351,10.351,45.6501
7,79,6595.5881,0.0,8.8427,18.9496,18.9496,52.4808
7,80,6603.8513,0.0,10.0716,12.1682,12.1682,76.9025
7,81,6635.8418,0.0,2.3868,7.3496,7.3496,93.636
7,82,6753.3755,0.0,1.3537,6.1099,6.1099,80.72
7,83,6833.6515,0.0,7.7584,11.4322,11.4322,60.0362
7,84,6975.3175,0.0,11.6582,12.5829,12.5829,41.8613
7,85,7034.7767,0.0,7.1298,11.9172,11.9172,44.6869
7,86,7208.6223,0.0,6.4251,9.1022,9.1022,45.4885
7,87,7498.2146,0.0,13.165,22.9142,22.9142,62.3954
7,88,7768.0488,0.0,21.471,22.3815,22.3815,50.5289
7,89,7781.0463,0.0,6.9047,13.4968,13.4968,77.2681
7,90,7850.0168,0.0,4.2527,10.9455,10.9455,60.9753
7,91,7858.0929,0.0,14.8708,17.1976,17.1976,54.9131
7,92,7863.6544,0.0,18.1212,29.5102,29.5102,89.051
7,93,7894.7005,0.0,21.9078,26.4026,26.4026,82.558
7,94,7926.4036,0.0,2.4106,8.2997,8.2997,57.3801
7,95,7919.2929,0.0,12.8101,18.1433,18.1433,74.0819
7,96,7985.663,0.0,5.5316,8.2912,8.2912,34.2911
7,97,7967.3825,0.0,37.811,39.6789,39.6789,63.0312
7,98,8132.7654,0.0,6.4145,12.1325,12.1325,61.7866
7,99,8158.0245,0.0,22.0373,27.2621,27.2621,78.9799
7,100,8227.0565,0.0,17.3274,21.7649,21.7649,66.434
7,101,8255.5841,0.0,3.8022,12.7298,12.7298,45.1687
7,102,8278.0865,0.0,1.3537,5.5909,5.5909,33.5981
7,103,8386.6346,0.0,2.71,5.2567,5.2567,27.7654
7,104,8479.2259,0.0,2.6274,6.0892,6.0892,67.6331
7,105,8526.2016,0.0,1.3537,3.1051,3.1051,52.337
7,106,8502.5237,0.0,6.7625,51.9675,51.9675,99.6827
7,107,8930.6272,0.0,10.3951,15.6142,15.6142,66.5769
7,108,8979.7015,0.0,1.2077,15.5945,15.5945,46.4202
7,109,9187.9328,0.0,14.0146,22.0778,22.0778,67.9901
7,110,9346.3714,0.0,3.894,5.2467,5.2467,62.9202
7,111,9498.4929,0.0,10.1132,12.5717,12.5717,63.4515
7,112,9537.7286,0.0,4.2527,14.3082,14.3082,45.0127
7,113,9547.2661,0.0,12.234,15.2615,15.2615,50.2006
7,114,9692.5692,0.0,14.8963,35.9848,35.9848,85.6873
7,115,9757.7222,0.0,5.3588,15.3647,15.3647,76.5502
7,116,9775.5444,0.0,5.1769,9.199,9.199,74.607
7,117,9812.2639,0.0,12.4101,15.2143,15.2143,61.0777
7,118,9817.6729,0.0,5.2725,13.6917,13.6917,67.466
7,119,9818.581,0.0,12.4509,16.8836,16.8836,86.6359
7,120,9902.6837,0.0,4.8328,5.7496,5.7496,46.1636
7,121,10096.4045,0.0,7.3373,9.454,9.454,45.2008
7,122,10283.5388,0.0,6.4463,10.645,10.645,43.5447
7,123,10348.4373,0.0,4.4067,10.2579,10.2579,37.1062
7,124,10445.1041,0.0,20.9557,29.0366,29.0366,69.2065
7,125,10581.2001,0.0,3.2995,5.7537,5.7537,47.6565
7,126,10784.6219,0.0,19.6481,29.1382,29.1382,90.9865
7,127,10797.6339,0.0,15.9813,21.2631,21.2631,31.7171
7,128,10863.8445,0.0,1.5383,5.7393,5.7393,35.8339
7,129,10861.5984,0.0,9.9962,14.0812,14.0812,118.553
7,130,10909.1734,0.0,4.1259,25.6491,25.6491,49.3801
7,131,10946.1562,0.0,19.8742,22.4189,22.4189,69.9999
7,132,11010.5812,0.0,3.443,7.6525,7.6525,48.2909
7,133,11255.7509,0.0,10.7091,19.0563,19.0563,64.5587
7,134,11319.7214,0.0,4.0104,7.0701,7.0701,53.2738
7,135,11589.6272,0.0,7.1575,15.0917,15.0917,61.1637
7,136,11891.8734,0.0,3.8706,10.5324,10.5324,37.4612
7,137,11930.7459,0.0,4.597,16.5865,16.5865,56.0399
7,138,12036.0372,0.0,5.8367,17.0791,17.0791,44.2984
7,139,12106.7256,0.0,3.8949,24.0211,24.0211,51.7893
7,140,12101.7453,0.0,27.4493,30.9562,30.9562,44.5779
7,141,12121.3058,0.0,11.0312,14.7461,14.7461,106.4291
7,142,12170.8403,0.0,8.4412,11.886,11.886,48.8391
7,143,12174.0998,0.0,9.8928,14.7723,14.7723,59.8904
7,144,12146.7369,0.0,12.8279,43.7898,43.7898,89.3873
7,145,12292.5564,0.0,5.124,10.7372,10.7372,30.4688
7,146,12310.823,0.0,5.9831,10.6562,10.6562,78.1693
7,147,12319.8915,0.0,7.9892,12.3219,12.3219,75.0132
7,148,12379.8894,0.0,11.8707,66.3478,66.3478,126.7382
7,149,12674.7884,0.0,9.4891,37.8203,37.8203,82.9446
7,150,12742.4883,0.0,9.0919,12.2465,12.2465,44.1437
7,151,13254.3739,0.0,10.4088,21.2906,21.2906,39.1792
7,152,13265.9537,0.0,4.484,11.3447,11.3447,89.6938
7,153,13310.1791,0.0,9.1649,12.0383,12.0383,42.3023
7,154,13364.9126,0.0,2.6748,8.7497,8.7497,32.3541
7,155,13440.353,0.0,1.5383,13.9211,13.9211,27.7965
7,156,13508.697,0.0,5.1504,15.1237,15.1237,49.1562
7,157,13565.8229,0.0,4.3271,6.625,6.625,50.1442
7,158,13888.3481,0.0,10.8045,14.5596,14.5596,50.7253
7,159,13907.6186,0.0,9.3343,13.8081,13.8081,96.9637
7,160,14053.4972,0.0,9.6829,16.1282,16.1282,67.246
7,161,14128.482,0.0,4.7838,8.9572,8.9572,35.0188
7,162,14204.4935,0.0,6.7472,13.3085,13.3085,42.974
7,163,14202.0077,0.0,9.1363,24.012,24.012,55.7548
7,164,14254.2127,0.0,3.5207,28.3538,28.3538,63.6198
7,165,14320.9487,0.0,1.4713,7.7388,7.7388,33.1302
7,166,14322.0954,0.0,8.3411,10.0571,10.0571,46.8112
7,167,14823.1738,0.0,4.4295,6.9388,6.9388,24.7559
7,168,14838.0851,0.0,4.8522,9.3369,9.3369,45.6139
7,169,15034.8771,0.0,4.3304,9.6531,9.6531,54.1238
7,170,15110.6941,0.0,11.8457,35.2121,35.2121,109.9144
7,171,15315.7593,0.0,6.6234,11.1464,11.1464,78.3398
7,172,15324.9665,0.0,12.1211,16.3532,16.3532,77.8785
7,173,15357.6948,0.0,8.2451,13.9174,13.9174,55.05
7,174,15502.9004,0.0,9.2822,13.9608,13.9608,60.8896
7,175,15496.7476,0.0,11.4475,26.1828,26.1828,79.2757
7,176,15573.5532,0.0,4.8029,7.0705,7.0705,29.5198
7,177,15730.4743,0.0,10.9189,22.4108,22.4108,39.2955
7,178,15742.5159,0.0,6.2647,17.6626,17.6626,66.7855
7,179,16381.0958,0.0,4.2481,9.5169,9.5169,36.3259
7,180,16462.658,0.0,13.0127,15.0115,15.0115,51.0774
7,181,16486.5355,0.0,2.7934,6.6744,6.6744,91.337
7,182,16612.2043,0.0,7.5871,11.9165,11.9165,48.9707
7,183,16631.5632,0.0,10.7723,17.9124,17.9124,76.1116
7,184,16668.237,0.0,13.4459,19.7725,19.7725,54.0769
7,185,16706.1776,0.0,9.2037,11.3202,11.3202,55.19
7,186,16756.8333,0.0,3.1639,3.6513,3.6513,47.1649
7,187,16807.4127,0.0,2.7672,6.1091,6.1091,24.2867
7,188,16926.3154,0.0,3.5207,3.983,3.983,28.1234
7,189,16925.7904,0.0,3.1946,5.509,5.509,57.5785
7,190,17162.799,0.0,5.4214,10.1453,10.1453,50.7447
7,191,17304.4203,0.0,2.4885,4.291,4.291,20.7108
7,192,17309.4099,0.0,11.722,20.9542,20.9542,111.1646
7,193,17652.953,0.0,4.03,13.0523,13.0523,36.8029
7,194,17746.2833,0.0,8.3469,13.2074,13.2074,45.2187
7,195,17822.6778,0.0,13.6878,18.526,18.526,66.5781
7,196,17867.3211,0.0,9.2976,13.5769,13.5769,73.7024
7,197,17892.4466,0.0,5.0322,19.9063,19.9063,50.9723
7,198,17955.1804,0.0,9.2037,16.2185,16.2185,52.5693
7,199,18165.587,0.0,4.1592,9.7953,9.7953,37.3054
7,200,18177.0129,0.0,3.7613,7.9503,7.9503,59.8304
7,201,18300.7742,0.0,6.8219,11.2121,11.2121,38.7231
7,202,18600.3137,0.0,15.0764,21.288,21.288,76.5042
7,203,18796.3841,0.0,3.1985,13.6053,13.6053,101.8054
7,204,18857.6917,0.0,1.6418,3.1561,3.1561,50.4903
7,205,18917.2144,0.0,7.8442,15.8632,15.8632,67.497
7,206,19069.8528,0.0,6.9901,12.1871,12.1871,44.2668
7,207,19095.7001,0.0,3.7104,7.5889,7.5889,33.0901
7,208,19238.0852,0.0,10.1786,16.3622,16.3622,45.9672
7,209,19237.9533,0.0,8.5338,20.03,20.03,54.3852
7,210,19285.7939,0.0,7.2372,13.9417,13.9417,43.3561
7,211,19326.2665,0.0,2.9457,15.4923,15.4923,46.1165
7,212,19427.6905,0.0,5.5479,8.5167,8.5167,38.3805
7,213,19472.1171,0.0,13.3964,25.8643,25.8643,68.4401
7,214,19563.8863,0.0,14.1578,15.6334,15.6334,53.1016
7,215,19604.3326,0.0,9.0762,14.9895,14.9895,54.2824
7,216,19795.262,0.0,10.6392,13.5733,13.5733,43.0893
7,217,19792.4633,0.0,11.5149,32.3598,32.3598,64.3029
7,218,19845.8758,0.0,2.7997,6.5,6.5,33.9119
7,219,19904.5783,0.0,19.3529,25.8139,25.8139,49.3915
7,220,19927.9268,0.0,12.4882,14.3301,14.3301,38.0846
7,221,19953.6233,0.0,3.7951,7.9053,7.9053,92.642
7,222,20016.3902,0.0,18.0509,19.4012,19.4012,33.9328
7,223,20035.733,0.0,9.2829,12.7952,12.7952,66.6284
7,224,20265.0982,0.0,17.5722,19.9981,19.9981,69.7107
7,225,20456.7754,0.0,4.5639,8.0826,8.0826,49.8669
7,226,20556.5681,0.0,3.8011,15.9078,15.9078,66.7348
7,227,20598.3581,0.0,9.9235,14.8017,14.8017,90.4465
7,228,20702.889,0.0,3.4097,6.5474,6.5474,33.1901
7,229,20844.4095,0.0,9.3011,16.0733,16.0733,54.2983
7,230,20858.9022,0.0,20.6235,23.0274,23.0274,83.5458
7,231,21162.2043,0.0,8.9696,13.535,13.535,41.4294
7,232,21173.0917,0.0,13.1245,16.977,16.977,79.0421
7,233,21230.4331,0.0,11.235,13.1071,13.1071,31.2174
7,234,21364.1398,0.0,4.1212,20.8328,20.8328,58.508
7,235,21461.1725,0.0,1.3456,4.7605,4.7605,24.7517
7,236,21506.982,0.0,7.3002,15.5815,15.5815,44.8779
7,237,21608.937,0.0,7.436,10.0219,10.0219,58.213
7,238,21688.0734,0.0,7.1803,13.2069,13.2069,56.5524
7,239,21860.9973,0.0,9.3698,15.8315,15.8315,56.1377
7,240,21881.8593,0.0,1.2534,3.7392,3.7392,94.9486
7,241,22114.0167,0.0,1.5383,5.7997,5.7997,56.3694
7,242,22100.2457,0.0,16.9679,23.8365,23.8365,81.7641
7,243,22235.7525,0.0,4.5439,9.5822,9.5822,36.2773
7,244,22409.5093,0.0,10.0386,16.3957,16.3957,56.3658
7,245,22516.5288,0.0,5.5923,10.9292,10.9292,41.9891
7,246,22588.9166,0.0,4.1641,12.5858,12.5858,44.9549
7,247,22597.0215,0.0,14.5781,20.1289,20.1289,48.9493
7,248,22619.3912,0.0,12.7657,18.3534,18.3534,55.5328
7,249,22749.9236,0.0,12.5379,17.5631,17.5631,63.426
7,250,22791.3071,0.0,3.7424,8.3562,8.3562,35.3775
7,251,22840.8739,0.0,5.1086,7.1735,7.1735,36.0879
7,252,22857.2901,0.0,5.1874,16.5294,16.5294,72.4891
7,253,23094.7591,0.0,9.4902,21.1156,21.1156,59.5911
7,254,23251.338,0.0,17.7801,24.4036,24.4036,41.4231
7,255,23263.9262,0.0,5.3203,15.2751,15.2751,61.8242
7,256,23569.4563,0.0,17.4229,20.7189,20.7189,65.0561
7,257,23739.1755,0.0,10.6523,15.7428,15.7428,48.0872
7,258,23764.0768,0.0,3.1445,10.1502,10.1502,47.9406
7,259,23836.8871,0.0,6.8083,12.6281,12.6281,41.2124
7,260,23831.0541,0.0,12.6875,31.1868,31.1868,63.0484
7,261,24008.3649,0.0,4.3696,7.9419,7.9419,24.1845
7,262,24013.5045,0.0,10.4841,15.3447,15.3447,47.3833
7,263,24064.5237,0.0,4.0569,5.2041,5.2041,45.2336
7,264,24132.6368,0.0,9.7097,20.2981,20.2981,35.9721
7,265,24358.5695,0.0,14.6073,19.25,19.25,118.645
7,266,24459.9563,0.0,11.1395,16.6753,16.6753,44.9555
7,267,24499.0288,0.0,2.194,8.456,8.456,47.6625
7,268,24568.2019,0.0,9.5337,15.3397,15.3397,65.6755
7,269,24966.0342,0.0,5.5619,13.1287,13.1287,49.845
7,270,25064.5288,0.0,9.4692,14.555,14.555,51.636
7,271,25082.5943,0.0,14.9632,18.5704,18.5704,65.1314
7,272,25257.8298,0.0,3.0795,6.6257,6.6257,50.4841
7,273,25290.8496,0.0,16.739,21.2959,21.2959,59.9723
7,274,25309.4239,0.0,7.0635,16.8946,16.8946,62.0827
7,275,25473.3153,0.0,5.1689,17.2914,17.2914,66.0192
7,276,25728.5364,0.0,3.9209,7.3783,7.3783,40.0829
7,277,26071.7534,0.0,6.8841,8.1377,8.1377,56.2123
7,278,26320.1,0.0,3.769,5.3864,5.3864,39.6069
7,279,26321.9336,0.0,3.3103,9.9179,9.9179,52.1245
7,280,26427.736,0.0,2.0651,8.2656,8.2656,38.9071
7,281,26472.9994,0.0,7.1279,16.2692,16.2692,68.1346
7,282,26539.6356,0.0,10.3245,11.8314,11.8314,51.9444
7,283,26661.5848,0.0,11.3281,14.995,14.995,101.715
7,284,26685.3432,0.0,5.9602,18.0853,18.0853,82.0487
7,285,26694.9352,0.0,13.1708,18.3517,18.3517,61.4335
7,286,26706.7672,0.0,9.6829,14.4388,14.4388,81.8685
7,287,26735.9119,0.0,20.2052,25.0692,25.0692,65.5771
7,288,26800.6287,0.0,7.5888,10.6511,10.6511,52.328
7,289,26804.2756,0.0,3.6125,15.1104,15.1104,74.6733
7,290,26819.6423,0.0,16.83,18.9118,18.9118,71.9962
7,291,26855.7644,0.0,21.9078,31.6425,31.6425,94.1315
7,292,27207.0453,0.0,2.5834,28.8181,28.8181,70.8518
7,293,27342.3644,0.0,8.038,20.5033,20.5033,60.4722
7,294,27373.5205,0.0,11.4632,14.5623,14.5623,75.1819
7,295,27562.1071,0.0,9.0787,19.338,19.338,61.3117
7,296,27763.9495,0.0,7.7147,15.3358,15.3358,68.1394
7,297,27921.7281,0.0,9.5667,11.2269,11.2269,59.8996
7,298,28050.7363,0.0,9.0762,18.6222,18.6222,62.3228
7,299,28154.354,0.0,6.7454,11.8857,11.8857,34.1717
7,300,28191.2241,0.0,12.4116,16.7814,16.7814,50.4618
7,301,28252.7121,0.0,6.2441,6.6331,6.6331,56.8911
7,302,28293.1634,0.0,13.2936,20.2975,20.2975,34.682
7,303,28310.1866,0.0,5.6817,10.4395,10.4395,73.919
7,304,28329.5297,0.0,13.9871,21.7784,21.7784,58.9146
7,305,28341.3047,0.0,4.327,12.6548,12.6548,100.1072
7,306,28358.1637,0.0,15.3338,24.4493,24.4493,74.9497
7,307,28473.1887,0.0,10.2569,33.2974,33.2974,65.8699
7,308,28710.8205,0.0,18.5823,25.7244,25.7244,71.6197
7,309,28894.2637,0.0,7.4346,11.3672,11.3672,77.2769
7,310,29063.9644,0.0,10.3074,19.88,19.88,55.9424
7,311,29102.1687,0.0,15.1805,17.7646,17.7646,38.3905
7,312,29117.982,0.0,8.6623,15.2621,15.2621,77.5938
7,313,29144.4003,0.0,9.7739,17.5065,17.5065,47.5279
7,314,29163.5314,0.0,2.9412,5.3037,5.3037,77.2972
7,315,29305.9061,0.0,10.3701,15.6547,15.6547,89.2765
7,316,29544.5408,0.0,6.0044,10.0642,10.0642,64.6007
7,317,29558.2851,0.0,16.4094,18.9948,18.9948,58.6271
7,318,29691.069,0.0,20.7689,29.8837,29.8837,51.7678
7,319,29715.3192,0.0,10.2006,12.2394,12.2394,100.3561
7,320,29740.8618,0.0,3.4517,10.6298,10.6298,62.6391
7,321,29824.4446,0.0,2.3534,7.761,7.761,55.0695
7,322,29900.5805,0.0,3.5524,5.8245,5.8245,27.3107
7,323,30119.3795,0.0,9.945,17.4406,17.4406,44.8112
7,324,30130.4838,0.0,14.3015,16.1795,16.1795,69.4102
7,325,30151.8226,0.0,10.9468,14.7993,14.7993,55.2226
7,326,30218.717,0.0,6.5082,13.5601,13.5601,50.987
7,327,30218.5455,0.0,10.0984,20.2905,20.2905,55.0062
7,328,30542.4192,0.0,1.8843,8.4198,8.4198,73.207
7,329,30671.3206,0.0,17.6621,21.4966,21.4966,76.5398
7,330,30970.0087,0.0,5.1405,15.8687,15.8687,44.4037
7,331,31122.4319,0.0,13.6679,17.485,17.485,65.9862
7,332,31160.0627,0.0,10.0716,22.4294,22.4294,54.1273
7,333,31231.2657,0.0,11.7003,21.075,21.075,125.402
7,334,31254.0013,0.0,6.8736,11.1382,11.1382,123.7267
7,335,31402.7767,0.0,10.061,15.2095,15.2095,81.9353
7,336,31463.4678,0.0,13.0778,16.3268,16.3268,42.328
7,337,31497.6095,0.0,5.7723,16.7787,16.7787,66.7289
7,338,31516.2089,0.0,11.078,13.9498,13.9498,61.0665
7,339,31530.7342,0.0,5.1197,9.6928,9.6928,83.468
7,340,31549.1195,0.0,9.5682,39.0471,39.0471,116.271
7,341,32053.1954,0.0,9.2189,10.578,10.578,57.0124
7,342,32153.9482,0.0,3.741,7.5039,7.5039,48.1614
7,343,32292.449,0.0,5.0236,14.0297,14.0297,61.5761
7,344,32313.2966,0.0,12.8833,16.8745,16.8745,69.5455
7,345,32329.8617,0.0,2.0572,7.4036,7.4036,111.7692
7,346,32415.9509,0.0,3.8175,7.9948,7.9948,47.3211
7,347,32477.1173,0.0,7.229,10.2074,10.2074,35.1782
7,348,32465.9846,0.0,19.0365,26.1339,26.1339,86.8172
7,349,32519.2215,0.0,8.4412,13.4729,13.4729,68.4277
7,350,32539.8343,0.0,13.9648,23.3863,23.3863,69.0644
7,351,32567.2867,0.0,22.1026,35.8224,35.8224,73.4218
7,352,32617.1508,0.0,7.1385,13.7964,13.7964,127.6883
7,353,32670.6825,0.0,5.7078,15.6352,15.6352,33.2718
7,354,32679.1222,0.0,7.4561,9.9212,9.9212,36.8731
7,355,32694.9965,0.0,16.4792,18.831,18.831,79.9278
7,356,32741.8162,0.0,24.297,29.1005,29.1005,78.9973
7,357,32816.3417,0.0,2.854,7.6587,7.6587,56.3118
7,358,32888.611,0.0,5.3044,8.3389,8.3389,47.7998
7,359,32959.6881,0.0,10.4336,18.3325,18.3325,52.5975
7,360,33137.5708,0.0,5.3025,10.4531,10.4531,29.7514
7,361,33167.2762,0.0,8.2139,10.2017,10.2017,70.6545
7,362,33398.4672,0.0,6.7989,12.9324,12.9324,34.1942
7,363,33441.4544,0.0,9.5437,20.097,20.097,49.7895
7,364,33690.5743,0.0,8.3969,10.2095,10.2095,49.979
7,365,33734.1197,0.0,5.5619,20.06,20.06,69.59
7,366,33794.8971,0.0,6.0381,10.6147,10.6147,38.5339
7,367,33809.2237,0.0,5.0549,12.7776,12.7776,65.823
7,368,33901.1375,0.0,21.2595,26.1361,26.1361,87.2055
7,369,34003.3533,0.0,9.1673,16.7569,16.7569,48.0285
7,370,34162.7629,0.0,6.6767,13.8862,13.8862,70.1847
7,371,34196.994,0.0,11.2316,13.2975,13.2975,51.6909
7,372,34326.4867,0.0,1.8194,5.944,5.944,44.2069
7,373,34403.3431,0.0,9.1397,11.5916,11.5916,56.8844
7,374,34405.9875,0.0,14.5743,19.359,19.359,66.6117
7,375,34438.5682,0.0,3.6625,12.7639,12.7639,76.9364
7,376,34476.6976,0.0,12.8032,19.2509,19.2509,85.3437
7,377,34604.1357,0.0,14.6694,25.9815,25.9815,91.9386
7,378,35204.8844,0.0,4.5439,13.7723,13.7723,52.2494
7,379,35224.7564,0.0,6.9939,13.4947,13.4947,49.77
7,380,35244.0861,0.0,12.6033,16.8688,16.8688,52.0216
7,381,35259.496,0.0,15.4547,19.8683,19.8683,65.2139
7,382,35283.586,0.0,8.1505,13.1117,13.1117,61.346
7,383,35315.0964,0.0,4.674,9.9573,9.9573,36.4537
7,384,35351.3105,0.0,8.4757,15.9463,15.9463,51.0246
7,385,35372.0193,0.0,11.9953,17.3443,17.3443,67.6254
7,386,35381.4786,0.0,22.6069,29.7981,29.7981,67.7252
7,387,35419.4248,0.0,4.3231,8.1286,8.1286,124.241
7,388,35431.9131,0.0,15.6346,18.8499,18.8499,86.7134
7,389,35461.2735,0.0,5.4924,14.8471,14.8471,65.8437
7,390,35473.2708,0.0,6.3616,10.6847,10.6847,59.6003
7,391,35481.1339,0.0,13.1326,26.6029,26.6029,78.05
7,392,35516.0442,0.0,3.9246,8.0423,8.0423,54.2641
7,393,35553.4352,0.0,9.4592,13.1005,13.1005,54.1864
7,394,35598.7104,0.0,12.3575,16.067,16.067,44.4037
7,395,35618.4588,0.0,2.2201,6.9415,6.9415,34.9429
7,396,35632.7775,0.0,11.3233,17.4272,17.4272,62.8571
7,397,35692.033,0.0,2.9846,11.5696,11.5696,62.7383
7,398,35873.9834,0.0,9.726,13.8939,13.8939,39.9288
7,399,35897.4273,0.0,3.0535,6.9337,6.9337,54.7974
7,400,36139.6857,0.0,7.1438,9.6247,9.6247,42.1087
7,401,36135.0975,0.0,4.7626,17.0827,17.0827,52.6775
7,402,36158.3712,0.0,3.8569,25.8333,25.8333,52.1473
7,403,36435.2236,0.0,5.1381,27.9715,27.9715,68.4704
7,404,36461.8195,0.0,17.0301,77.0301,77.0301,152.785
7,405,36564.7408,0.0,8.9647,12.9879,12.9879,62.7933
7,406,36549.5279,0.0,26.516,37.3857,37.3857,90.2784
7,407,36635.2727,0.0,5.9592,11.8611,11.8611,64.0807
7,408,36632.9079,0.0,6.1385,21.2827,21.2827,66.7076
7,409,36656.8159,0.0,15.927,20.8889,20.8889,46.4752
7,410,36694.8811,0.0,2.3868,11.5637,11.5637,88.0218
7,411,36776.0231,0.0,15.9659,20.0878,20.0878,54.9113
7,412,36802.1176,0.0,10.551,14.0168,14.0168,94.619
7,413,36864.2495,0.0,4.3642,8.2898,8.2898,42.7965
7,414,36932.6912,0.0,3.1811,6.4254,6.4254,31.3372
7,415,36926.6046,0.0,10.3774,17.3674,17.3674,56.8078
7,416,36977.9406,0.0,3.2624,9.7075,9.7075,39.7697
7,417,37168.3221,0.0,2.1475,12.3953,12.3953,57.7715
7,418,37165.1285,0.0,13.408,18.0516,18.0516,71.5777
7,419,37320.5587,0.0,5.9995,8.4133,8.4133,57.7847
7,420,37398.6806,0.0,15.1736,21.536,21.536,93.8354
7,421,37475.4835,0.0,5.4124,7.7892,7.7892,70.1879
7,422,37586.791,0.0,13.0218,17.8874,17.8874,63.9669
7,423,37705.0561,0.0,3.3912,6.3447,6.3447,59.1373
7,424,37709.9714,0.0,9.7246,14.6385,14.6385,70.4229
7,425,37826.9732,0.0,1.2534,10.8544,10.8544,37.2623
7,426,37878.4262,0.0,1.7295,9.2902,9.2902,63.1072
7,427,37911.9318,0.0,5.4354,12.4775,12.4775,51.1279
7,428,37911.5401,0.0,5.6306,25.9002,25.9002,78.598
7,429,37973.3195,0.0,10.6523,18.2946,18.2946,62.989
7,430,38010.9689,0.0,9.0227,17.0791,17.0791,59.4584
7,431,38060.0257,0.0,5.7538,35.9636,35.9636,81.3765
7,432,38116.5541,0.0,21.9078,22.3374,22.3374,94.1048
7,433,38267.7805,0.0,12.6586,22.05,22.05,63.7385
7,434,38301.1415,0.0,4.2335,8.2535,8.2535,104.2138
7,435,38368.3848,0.0,5.0209,10.2022,10.2022,45.4709
7,436,38564.6838,0.0,15.1101,19.0946,19.0946,74.3721
7,437,38609.1712,0.0,8.7634,13.6018,13.6018,65.3037
7,438,38664.4966,0.0,12.6452,17.2567,17.2567,42.0301
7,439,38752.5978,0.0,10.3801,15.3599,15.3599,73.5143
7,440,38853.2443,0.0,9.541,27.1441,27.1441,65.7094
7,441,38948.2157,0.0,6.8419,13.5599,13.5599,58.636
7,442,39049.784,0.0,9.7739,14.8119,14.8119,46.8513
7,443,39052.8212,0.0,6.6077,13.2552,13.2552,74.5454
7,444,39353.0954,0.0,3.6964,6.5984,6.5984,50.888
7,445,39637.4354,0.0,20.0686,24.9857,24.9857,71.3377
7,446,39652.3977,0.0,10.2325,17.8609,17.8609,102.8776
7,447,39655.9123,0.0,19.5003,28.5129,28.5129,98.394
7,448,39744.1003,0.0,10.5611,13.3691,13.3691,51.0894
7,449,39755.5721,0.0,13.3123,22.5691,22.5691,76.1126
7,450,39847.3963,0.0,8.7651,20.4216,20.4216,62.6948
7,451,39875.8959,0.0,11.6665,15.2394,15.2394,72.1665
7,452,39916.3133,0.0,3.104,14.0193,14.0193,42.6643
7,453,39931.3745,0.0,3.0813,4.8742,4.8742,71.8416
7,454,40169.6016,0.0,7.8274,12.1486,12.1486,59.3826
7,455,40205.2538,0.0,4.5554,10.5243,10.5243,55.149
7,456,40508.0511,0.0,3.1791,6.4441,6.4441,55.7368
7,457,40544.4628,0.0,8.3469,10.788,10.788,42.1314
7,458,40774.2598,0.0,4.425,10.3792,10.3792,42.3564
7,459,40884.3303,0.0,14.5065,20.3009,20.3009,71.6926
7,460,40882.4671,0.0,25.1291,37.1789,37.1789,87.4083
7,461,40972.3339,0.0,22.9127,25.0904,25.0904,90.2831
7,462,40975.292,0.0,20.6729,24.1364,24.1364,100.3819
7,463,41019.8107,0.0,3.635,8.2052,8.2052,70.6877
7,464,41038.5263,0.0,6.5566,12.1406,12.1406,62.0413
7,465,41070.7387,0.0,7.9113,10.0455,10.0455,48.5702
7,466,41083.7149,0.0,21.6976,25.446,25.446,87.2509
7,467,41298.1966,0.0,14.9559,20.0239,20.0239,68.1463
7,468,41326.812,0.0,13.2191,22.2546,22.2546,53.8819
7,469,41341.5419,0.0,3.9209,8.4584,8.4584,33.1714
7,470,41370.0766,0.0,6.434,8.6725,8.6725,70.9265
7,471,41371.671,0.0,14.7303,18.9692,18.9692,75.7419
7,472,41449.3301,0.0,9.5408,12.8473,12.8473,71.6055
7,473,41507.6737,0.0,16.4896,17.9427,17.9427,72.5831
7,474,41614.0595,0.0,8.7346,18.8445,18.8445,49.001
7,475,41641.8731,0.0,7.3143,11.0731,11.0731,38.572
7,476,41717.7357,0.0,7.5493,16.7064,16.7064,52.9231
7,477,41890.4283,0.0,4.2392,9.9618,9.9618,97.9251
7,478,42170.6879,0.0,8.3317,14.1059,14.1059,51.0646
7,479,42297.5636,0.0,20.1315,23.1734,23.1734,76.0653
7,480,42313.7575,0.0,12.2969,24.3735,24.3735,119.0829
7,481,42365.1868,0.0,8.1532,14.5121,14.5121,109.6957
7,482,42426.2844,0.0,5.0756,9.6849,9.6849,76.7165
7,483,42497.8732,0.0,5.5819,14.7445,14.7445,41.2
7,484,43186.7125,0.0,4.7046,13.0087,13.0087,65.3745
8,1,0.0,0.0,4.1188,16.3412,16.3412,60.2908
8,2,465.2231,0.0,1.0573,6.5205,6.5205,30.6418
8,3,590.8335,0.0,3.1206,9.2144,9.2144,53.0841
8,4,822.8434,0.0,10.8705,13.1743,13.1743,52.0848
8,5,849.8926,0.0,7.9105,30.6908,30.6908,68.8293
8,6,915.6583,0.0,3.7763,7.7674,7.7674,31.2541
8,7,948.3881,0.0,2.7581,4.9115,4.9115,71.4189
8,8,956.0256,0.0,10.3089,27.3189,27.3189,58.2134
8,9,1019.6465,0.0,9.9506,20.5134,20.5134,76.086
8,10,1051.3733,0.0,3.923,5.4622,5.4622,52.4593
8,11,1083.8035,0.0,14.5743,18.8917,18.8917,25.639
8,12,1106.2141,0.0,1.0221,13.9413,13.9413,61.5867
8,13,1162.4618,0.0,2.7672,10.0837,10.0837,42.0611
8,14,1246.3885,0.0,4.5784,10.184,10.184,56.4163
8,15,1405.5508,0.0,3.4275,19.1035,19.1035,51.3849
8,16,1569.2732,0.0,10.2574,17.579,17.579,73.8003
8,17,1690.5401,0.0,11.3787,15.8133,15.8133,57.2335
8,18,1804.0422,0.0,6.5387,11.3584,11.3584,58.2619
8,19,1820.3418,0.0,11.2379,16.8167,16.8167,66.2382
8,20,1990.8396,0.0,4.2481,9.7678,9.7678,47.985
8,21,1974.208,0.0,25.6174,31.3184,31.3184,105.9406
8,22,2046.0845,0.0,6.5231,8.698,8.698,45.885
8,23,2050.9281,0.0,2.0935,14.3883,14.3883,72.3418
8,24,2129.1349,0.0,5.9314,10.1219,10.1219,51.4919
8,25,2158.3274,0.0,11.0268,15.2113,15.2113,55.4106
8,26,2276.2307,0.0,5.2123,8.3736,8.3736,52.0065
8,27,2274.1156,0.0,6.7906,12.6472,12.6472,72.78
8,28,2412.4831,0.0,11.0666,23.1037,23.1037,64.7455
8,29,2690.1052,0.0,3.117,8.8368,8.8368,58.39
8,30,2740.043,0.0,7.3839,15.783,15.783,79.5587
8,31,3256.5172,0.0,6.5975,11.0295,11.0295,61.567
8,32,3253.142,0.0,6.2414,16.0656,16.0656,64.2787
8,33,3512.5521,0.0,17.1322,19.8236,19.8236,73.1746
8,34,3607.4142,0.0,3.3144,16.7168,16.7168,74.5341
8,35,3760.2077,0.0,8.2696,25.9418,25.9418,63.7016
8,36,3793.5918,0.0,6.5839,9.0486,9.0486,45.1832
8,37,3945.0803,0.0,11.3373,13.8719,13.8719,41.4246
8,38,3949.1069,0.0,9.1726,13.8014,13.8014,56.1144
8,39,4002.6464,0.0,9.508,10.5842,10.5842,32.2496
8,40,4062.0697,0.0,19.2601,26.3012,26.3012,88.4462
8,41,4196.9387,0.0,2.9036,6.1019,6.1019,18.5731
8,42,4184.5457,0.0,12.4577,24.3908,24.3908,91.1348
8,43,4501.5074,0.0,15.1805,22.0844,22.0844,56.8916
8,44,4689.6395,0.0,8.6288,68.6288,68.6288,104.2087
8,45,4993.1471,0.0,3.9842,6.8621,6.8621,36.9811
8,46,5023.8014,0.0,5.7465,15.7752,15.7752,42.0219
8,47,5160.8189,0.0,9.6687,16.1215,16.1215,52.9727
8,48,5187.7769,0.0,13.97,23.8972,23.8972,52.8999
8,49,5200.1671,0.0,9.468,15.2206,15.2206,70.7362
8,50,5536.2733,0.0,5.1641,19.5477,19.5477,50.7352
8,51,5781.932,0.0,3.5225,11.8432,11.8432,49.6945
8,52,5792.6057,0.0,9.6724,34.0887,34.0887,106.9993
8,53,5884.967,0.0,10.7368,20.3763,20.3763,55.8843
8,54,5992.6655,0.0,3.341,6.7958,6.7958,41.6197
8,55,5997.8575,0.0,4.4011,8.7186,8.7186,84.0625
8,56,6396.5251,0.0,10.2439,19.459,19.459,55.6516
8,57,6446.8447,0.0,13.2533,17.5479,17.5479,67.9909
8,58,6459.9675,0.0,13.7565,17.77,17.77,72.6102
8,59,6526.0647,0.0,10.254,15.0582,15.0582,57.4039
8,60,6544.8999,0.0,13.2165,19.1685,19.1685,67.539
8,61,6684.7232,0.0,14.0146,21.6622,21.6622,51.9758
8,62,6829.1092,0.0,11.2653,17.489,17.489,59.338
8,63,6839.4332,0.0,12.5596,15.015,15.015,58.4261
8,64,7090.2774,0.0,9.5867,15.7678,15.7678,73.3467
8,65,7427.4011,0.0,4.1302,9.0915,9.0915,49.7084
8,66,7433.7314,0.0,17.7501,19.9237,19.9237,35.3836
8,67,7463.2966,0.0,6.1442,14.8277,14.8277,79.3356
8,68,7436.3958,0.0,17.2059,58.278,58.278,129.1978
8,69,7660.817,0.0,11.2197,16.6196,16.6196,48.3521
8,70,7677.4758,0.0,10.1455,27.3589,27.3589,52.7915
8,71,7821.4694,0.0,15.9659,17.7093,17.7093,53.6658
8,72,7840.2103,0.0,9.601,12.3757,12.3757,62.1754
8,73,7838.6405,0.0,11.6389,71.6389,71.6389,125.5551
8,74,7983.8766,0.0,4.5365,8.4322,8.4322,40.7151
8,75,7995.0688,0.0,3.3144,11.4732,11.4732,38.0057
8,76,7997.6187,0.0,13.5197,23.1387,23.1387,67.4739
8,77,8036.8771,0.0,12.8015,17.7163,17.7163,67.7072
8,78,8129.1787,0.0,12.2445,12.8289,12.8289,41.8131
8,79,8161.7725,0.0,9.1733,14.44,14.44,49.9422
8,80,8226.7471,0.0,4.7046,9.9094,9.9094,35.3172
8,81,8443.757,0.0,3.5318,7.8219,7.8219,68.5975
8,82,8988.5123,0.0,6.3232,10.411,10.411,44.7012
8,83,9073.0906,0.0,10.2574,13.5681,13.5681,97.8428
8,84,9132.2414,0.0,7.6967,12.3111,12.3111,60.2523
8,85,9166.1826,0.0,11.1352,21.7072,21.7072,66.0677
8,86,9210.7284,0.0,2.6778,4.2463,4.2463,56.2732
8,87,9309.6915,0.0,5.6194,12.4502,12.4502,34.5009
8,88,9306.8794,0.0,12.8213,19.5489,19.5489,54.2971
8,89,9432.2963,0.0,9.6554,13.1911,13.1911,63.2323
8,90,9501.5862,0.0,8.4487,12.3188,12.3188,60.5057
8,91,9549.1949,0.0,13.0979,19.3249,19.3249,62.6949
8,92,9636.8267,0.0,8.4747,12.3571,12.3571,89.4924
8,93,9733.7222,0.0,9.1847,16.4122,16.4122,65.3609
8,94,9794.092,0.0,1.0221,4.6864,4.6864,27.0437
8,95,10038.4146,0.0,15.5808,19.5644,19.5644,40.1905
8,96,10056.7622,0.0,3.7384,6.1715,6.1715,90.0655
8,97,10176.6132,0.0,6.1442,12.798,12.798,38.1853
8,98,10180.9494,0.0,2.5963,11.0425,11.0425,51.945
8,99,10439.3091,0.0,0.6684,3.7768,3.7768,20.9523
8,100,10442.1847,0.0,4.816,8.1008,8.1008,25.2973
8,101,10554.1459,0.0,5.3151,10.7535,10.7535,92.0037
8,102,10793.534,0.0,10.4218,16.4074,16.4074,97.9051
8,103,10806.7433,0.0,12.8607,31.9843,31.9843,112.0485
8,104,11078.1922,0.0,11.2064,12.069,12.069,69.376
8,105,11129.6697,0.0,6.7625,8.7364,8.7364,52.5978
8,106,11208.922,0.0,4.3976,7.7569,7.7569,34.1338
8,107,11296.6833,0.0,6.0555,8.7384,8.7384,42.7103
8,108,11337.1732,0.0,3.6576,6.6154,6.6154,35.0216
8,109,11596.7864,0.0,4.6883,7.3307,7.3307,34.4463
8,110,11954.3432,0.0,4.4722,12.2809,12.2809,54.0833
8,111,12098.9392,0.0,13.091,17.5162,17.5162,52.2661
8,112,12131.4534,0.0,7.8798,15.4701,15.4701,51.7205
8,113,12324.3099,0.0,11.0114,13.4256,13.4256,81.3271
8,114,12722.843,0.0,13.2051,23.6453,23.6453,105.9965
8,115,12868.6604,0.0,8.4998,10.8704,10.8704,41.2653
8,116,12868.581,0.0,5.746,17.4168,17.4168,71.1101
8,117,12900.9176,0.0,3.8432,5.4314,5.4314,54.1977
8,118,12909.8459,0.0,7.6242,9.9117,9.9117,48.5421
8,119,12910.1583,0.0,6.2881,12.6729,12.6729,63.7499
8,120,12899.8543,0.0,6.6805,29.639,29.639,82.005
8,121,13079.5032,0.0,13.9853,15.8534,15.8534,63.2947
8,122,13522.483,0.0,11.0563,33.2517,33.2517,69.5525
8,123,13591.7579,0.0,17.0353,31.2114,31.2114,86.9068
8,124,13707.4368,0.0,2.7581,8.3585,8.3585,28.6407
8,125,13726.2044,0.0,10.6093,18.0166,18.0166,52.5962
8,126,13736.2867,0.0,16.0438,25.3993,25.3993,75.4052
8,127,13811.4287,0.0,7.6407,12.1477,12.1477,114.9185
8,128,13860.5323,0.0,2.6778,8.8262,8.8262,78.3475
8,129,13870.0436,0.0,15.562,19.282,19.282,83.4033
8,130,13892.5505,0.0,21.139,27.3244,27.3244,127.907
8,131,14095.0647,0.0,3.6332,9.3213,9.3213,60.3752
8,132,14131.0168,0.0,8.102,12.2263,12.2263,70.627
8,133,14204.6624,0.0,7.7956,10.1735,10.1735,53.1689
8,134,14315.4349,0.0,6.3965,11.5302,11.5302,54.3149
8,135,14628.5436,0.0,7.3766,9.2324,9.2324,76.2378
8,136,14816.5467,0.0,8.2149,17.2359,17.2359,70.885
8,137,14835.6909,0.0,12.2093,18.4367,18.4367,62.0949
8,138,14850.4621,0.0,13.2711,26.363,26.363,61.677
8,139,14922.4803,0.0,11.6624,19.1769,19.1769,54.8939
8,140,14982.013,0.0,2.8655,4.9885,4.9885,22.5288
8,141,15124.7863,0.0,4.9459,7.9331,7.9331,45.1975
8,142,15291.4663,0.0,13.3124,19.2076,19.2076,42.6724
8,143,15298.0305,0.0,13.3282,16.0736,16.0736,57.8764
8,144,15498.3997,0.0,5.4948,12.289,12.289,28.6597
8,145,15557.0119,0.0,5.9963,9.0652,9.0652,40.0054
8,146,15590.8839,0.0,2.9445,7.0781,7.0781,48.2045
8,147,15596.4991,0.0,4.3696,11.9926,11.9926,60.3157
8,148,15614.901,0.0,18.2398,21.0334,21.0334,53.2756
8,149,15642.0175,0.0,11.6395,24.4097,24.4097,93.7804
8,150,15631.1725,0.0,10.6963,70.6963,70.6963,108.5943
8,151,15731.1912,0.0,8.4998,18.8698,18.8698,54.0471
8,152,15754.6153,0.0,10.1473,17.0607,17.0607,60.9978
8,153,15802.4897,0.0,12.0398,20.293,20.293,54.2731
8,154,15851.2682,0.0,0.8717,5.0556,5.0556,42.5261
8,155,15962.5411,0.0,7.0909,9.0133,9.0133,46.6223
8,156,15966.2798,0.0,9.6327,15.5189,15.5189,56.6878
8,157,16012.4488,0.0,11.7174,17.4987,17.4987,93.9726
8,158,16247.9291,0.0,9.9685,12.3821,12.3821,66.1026
8,159,16343.0482,0.0,5.3696,19.8037,19.8037,60.3237
8,160,16413.9761,0.0,6.7466,15.8011,15.8011,85.8596
8,161,16482.3416,0.0,8.825,13.1231,13.1231,41.1553
8,162,16521.9045,0.0,13.182,15.4444,15.4444,49.9304
8,163,16564.5757,0.0,13.1084,17.0943,17.0943,73.0063
8,164,16645.2728,0.0,11.5561,16.0397,16.0397,43.0891
8,165,16713.8604,0.0,11.0149,18.3109,18.3109,51.7714
8,166,16734.8152,0.0,5.8737,25.423,25.423,57.8492
8,167,16886.4989,0.0,2.7672,5.5979,5.5979,14.6774
8,168,16955.094,0.0,8.5752,19.8879,19.8879,69.4879
8,169,16970.1059,0.0,12.583,25.6937,25.6937,67.5745
8,170,17031.4385,0.0,11.6051,12.0572,12.0572,63.1827
8,171,17054.4401,0.0,13.3437,18.4461,18.4461,60.373
8,172,17296.1631,0.0,7.2571,11.2424,11.2424,45.385
8,173,17438.2023,0.0,3.2967,11.636,11.636,71.6639
8,174,17529.0157,0.0,7.4144,10.5346,10.5346,38.0275
8,175,17663.2028,0.0,8.2149,13.0917,13.0917,53.9981
8,176,17858.6847,0.0,6.4982,18.8811,18.8811,30.4185
8,177,17870.8876,0.0,1.5383,6.9161,6.9161,46.965
8,178,17880.4237,0.0,11.9953,17.7014,17.7014,76.4197
8,179,17926.9249,0.0,23.2917,28.3349,28.3349,104.7809
8,180,18025.9049,0.0,11.0312,12.2295,12.2295,58.9642
8,181,18110.0581,0.0,1.7572,6.6456,6.6456,27.292
8,182,18152.7518,0.0,12.496,25.7912,25.7912,81.8101
8,183,18171.9554,0.0,14.4577,20.8854,20.8854,61.2989
8,184,18187.9044,0.0,4.256,14.2422,14.2422,95.4711
8,185,18274.5967,0.0,11.3175,13.741,13.741,70.2506
8,186,18296.5436,0.0,15.5717,19.76,19.76,67.1832
8,187,18445.8551,0.0,2.6274,6.7737,6.7737,21.8062
8,188,18539.2138,0.0,1.3537,13.0102,13.0102,60.7828
8,189,18776.1257,0.0,3.1277,6.0417,6.0417,33.8988
8,190,19007.4273,0.0,10.595,15.2559,15.2559,73.5613
8,191,19041.1014,0.0,13.9179,29.9611,29.9611,65.0187
8,192,19209.4424,0.0,3.635,7.237,7.237,43.953
8,193,19285.0465,0.0,4.8828,21.5319,21.5319,55.8104
8,194,19410.5789,0.0,8.5987,13.7554,13.7554,39.9476
8,195,19424.4738,0.0,5.6194,9.9817,9.9817,50.1055
8,196,19416.5462,0.0,15.1071,22.1182,22.1182,69.4731
8,197,19486.8979,0.0,5.0549,7.7289,7.7289,47.0132
8,198,19497.5094,0.0,2.0935,6.0872,6.0872,82.2195
8,199,19518.8948,0.0,8.3908,14.0347,14.0347,55.5154
8,200,19602.5217,0.0,11.0268,12.6151,12.6151,57.3965
8,201,19616.1645,0.0,12.1549,15.8048,15.8048,73.4322
8,202,19729.3616,0.0,3.107,9.2494,9.2494,36.0985
8,203,19812.8573,0.0,4.1052,5.5233,5.5233,67.7364
8,204,19863.8675,0.0,18.2766,21.3876,21.3876,45.8287
8,205,19877.6766,0.0,2.8107,8.3126,8.3126,76.8369
8,206,19929.5755,0.0,8.8544,14.6614,14.6614,97.1879
8,207,19974.4757,0.0,22.1136,33.1105,33.1105,74.5251
8,208,20381.5371,0.0,5.288,10.3377,10.3377,47.8735
8,209,20398.8568,0.0,5.2148,12.1575,12.1575,41.9076
8,210,20426.2108,0.0,10.5339,15.7623,15.7623,80.3946
8,211,20439.721,0.0,14.3422,19.8746,19.8746,100.5229
8,212,20509.0734,0.0,9.5286,12.1332,12.1332,41.6234
8,213,20551.9732,0.0,11.6706,24.1485,24.1485,88.6894
8,214,20670.4614,0.0,13.3543,14.7807,14.7807,62.6905
8,215,20727.1965,0.0,19.8842,26.2846,26.2846,108.0592
8,216,20763.9055,0.0,9.8838,17.696,17.696,92.7529
8,217,20820.7703,0.0,1.7572,10.0185,10.0185,46.4525
8,218,20968.5372,0.0,2.1629,9.6123,9.6123,55.8155
8,219,21056.447,0.0,8.1648,11.0235,11.0235,43.116
8,220,21069.0628,0.0,10.9469,13.7944,13.7944,46.6031
8,221,21098.2197,0.0,1.4421,6.1894,6.1894,38.1452
8,222,21397.0615,0.0,3.923,10.4485,10.4485,48.8464
8,223,21414.7487,0.0,13.8515,20.0676,20.0676,74.6477
8,224,21506.8279,0.0,11.4138,18.589,18.589,43.3875
8,225,21522.1213,0.0,5.8286,7.6979,7.6979,70.2527
8,226,21592.4188,0.0,9.6144,17.342,17.342,60.6973
8,227,21663.2493,0.0,5.417,12.7553,12.7553,105.7988
8,228,21745.1638,0.0,2.4714,5.5025,5.5025,50.8305
8,229,21853.7402,0.0,12.071,17.4115,17.4115,68.8485
8,230,22125.7497,0.0,2.3868,7.0438,7.0438,54.8053
8,231,22161.2004,0.0,20.3588,27.046,27.046,54.7079
8,232,22169.0251,0.0,8.2379,22.7463,22.7463,51.3428
8,233,22199.7461,0.0,8.2712,11.7621,11.7621,66.8471
8,234,22199.6609,0.0,12.9548,14.9813,14.9813,118.8632
8,235,22240.3942,0.0,12.0622,15.9119,15.9119,57.6158
8,236,22475.1234,0.0,6.6276,16.9924,16.9924,54.7041
8,237,22522.382,0.0,1.3646,36.9334,36.9334,84.2118
8,238,22665.1474,0.0,5.1596,7.7017,7.7017,30.3573
8,239,22732.8384,0.0,7.2787,8.6731,8.6731,98.1381
8,240,22746.4367,0.0,22.1136,37.9005,37.9005,93.0038
8,241,22824.4326,0.0,9.1491,11.2913,11.2913,79.1194
8,242,22872.9186,0.0,5.1197,8.1598,8.1598,34.7387
8,243,22999.3667,0.0,8.4491,13.4849,13.4849,39.607
8,244,23078.65,0.0,1.7058,5.9901,5.9901,47.3234
8,245,23113.7472,0.0,3.6913,5.7802,5.7802,43.3961
8,246,23157.566,0.0,8.9491,12.4089,12.4089,66.8092
8,247,23204.1225,0.0,12.811,19.3359,19.3359,56.0207
8,248,23334.542,0.0,9.2948,18.7856,18.7856,55.9748
8,249,23466.5216,0.0,1.5666,10.8414,10.8414,39.5773
8,250,23495.3777,0.0,7.1346,9.4141,9.4141,51.9255
8,251,23708.1702,0.0,9.5667,22.9888,22.9888,57.9477
8,252,23745.4538,0.0,12.8011,23.3034,23.3034,42.9607
8,253,23759.9775,0.0,10.6174,19.2784,19.2784,75.311
8,254,23822.0148,0.0,9.5667,11.2303,11.2303,58.6949
8,255,23871.7718,0.0,12.6033,17.437,17.437,62.2388
8,256,24016.8271,0.0,8.4491,12.3656,12.3656,69.031
8,257,24077.721,0.0,8.1028,13.0623,13.0623,77.0769
8,258,24115.1774,0.0,3.6092,8.0359,8.0359,28.4656
8,259,24131.5459,0.0,1.7731,7.9105,7.9105,53.1618
8,260,24170.0636,0.0,9.0156,12.3221,12.3221,67.231
8,261,24228.1129,0.0,7.4216,12.699,12.699,48.5586
8,262,24258.4572,0.0,6.5701,8.0911,8.0911,54.4546
8,263,24890.7588,0.0,18.0554,22.8298,22.8298,85.5896
8,264,24984.5951,0.0,2.3389,6.0777,6.0777,42.9658
8,265,24979.8597,0.0,5.3461,12.8987,12.8987,64.439
8,266,24970.7392,0.0,15.9584,25.2527,25.2527,83.3945
8,267,24995.7143,0.0,15.3569,22.4304,22.4304,46.2513
8,268,25033.5218,0.0,7.6846,19.1002,19.1002,97.7001
8,269,25043.4161,0.0,3.4699,11.0657,11.0657,87.9541
8,270,25095.993,0.0,4.3059,7.7876,7.7876,64.9909
8,271,25118.0074,0.0,8.754,35.1064,35.1064,68.5389
8,272,25175.3446,0.0,14.7514,15.8724,15.8724,49.1261
8,273,25185.356,0.0,21.6045,24.9584,24.9584,66.4591
8,274,25222.8324,0.0,22.3778,30.3086,30.3086,54.9802
8,275,25248.3856,0.0,12.7781,16.1944,16.1944,97.7563
8,276,25726.7335,0.0,3.3746,7.9146,7.9146,48.9724
8,277,25780.8484,0.0,6.1088,8.2611,8.2611,51.3087
8,278,25758.0316,0.0,23.0425,35.1812,35.1812,80.2326
8,279,25799.3813,0.0,9.4235,12.2953,12.2953,55.3367
8,280,25921.4522,0.0,9.9872,16.6234,16.6234,51.5938
8,281,25979.0862,0.0,9.9534,12.7089,12.7089,63.095
8,282,26236.2308,0.0,5.8217,9.8649,9.8649,62.5502
8,283,26360.6743,0.0,10.4845,20.3658,20.3658,74.1613
8,284,26443.2759,0.0,3.4097,8.557,8.557,26.3551
8,285,26619.7212,0.0,4.1399,16.8644,16.8644,30.4045
8,286,26670.7354,0.0,4.8815,8.8354,8.8354,43.1325
8,287,26688.0739,0.0,9.2013,12.4872,12.4872,61.1768
8,288,26691.8562,0.0,13.3458,15.9463,15.9463,66.7292
8,289,26712.1778,0.0,10.5061,13.5224,13.5224,70.0963
8,290,26730.8142,0.0,5.8639,12.8123,12.8123,49.5332
8,291,26754.6042,0.0,8.4397,21.811,21.811,77.5267
8,292,26859.2702,0.0,19.1555,21.6662,21.6662,79.5181
8,293,26919.4698,0.0,17.4153,18.9935,18.9935,115.5884
8,294,27018.9763,0.0,15.2805,21.1692,21.1692,67.6392
8,295,27080.1798,0.0,8.4284,20.5767,20.5767,42.5844
8,296,27084.1836,0.0,10.9457,18.0946,18.0946,48.4774
8,297,27176.2444,0.0,10.6196,14.6869,14.6869,52.8243
8,298,27234.2352,0.0,13.5941,17.9056,17.9056,96.0132
8,299,27297.9983,0.0,9.9351,15.6048,15.6048,76.9392
8,300,27391.0455,0.0,12.2056,28.8379,28.8379,59.6093
8,301,27602.5373,0.0,7.6057,21.6678,21.6678,47.3678
8,302,27705.9331,0.0,4.0845,7.8481,7.8481,35.7408
8,303,27741.9982,0.0,6.8811,9.8173,9.8173,34.973
8,304,27752.6125,0.0,5.5681,10.4805,10.4805,55.9098
8,305,27852.794,0.0,4.3059,8.8697,8.8697,44.7013
8,306,27864.4148,0.0,9.9415,16.2121,16.2121,59.8938
8,307,27910.756,0.0,15.8875,20.2564,20.2564,62.9386
8,308,27946.452,0.0,11.4818,15.4089,15.4089,73.2611
8,309,27974.5329,0.0,1.9858,5.2527,5.2527,60.9831
8,310,27958.3433,0.0,12.4961,54.5824,54.5824,97.0538
8,311,28090.0358,0.0,5.7672,12.3886,12.3886,65.7572
8,312,28117.9111,0.0,7.2428,10.0155,10.0155,42.29
8,313,28120.0946,0.0,7.024,10.0941,10.0941,55.7981
8,314,28163.6764,0.0,9.7446,14.7609,14.7609,61.3648
8,315,28252.8537,0.0,2.8561,7.9076,7.9076,53.9999
8,316,28416.5243,0.0,14.2691,28.1889,28.1889,76.3203
8,317,28551.449,0.0,4.8944,8.0748,8.0748,31.5177
8,318,28572.9442,0.0,5.9963,12.7415,12.7415,66.9906
8,319,28660.2559,0.0,8.4747,14.5256,14.5256,45.6007
8,320,28823.9505,0.0,17.5967,20.0834,20.0834,75.6991
8,321,29409.2818,0.0,8.0185,13.8205,13.8205,34.5152
8,322,29417.4895,0.0,15.8715,22.5199,22.5199,73.8416
8,323,29480.744,0.0,15.4603,17.243,17.243,70.1671
8,324,29531.3339,0.0,12.8491,43.4226,43.4226,88.82
8,325,29554.7153,0.0,18.8454,22.1952,22.1952,70.2202
8,326,29622.5563,0.0,9.2037,16.4664,16.4664,48.5511
8,327,29628.1442,0.0,9.5667,12.8262,12.8262,85.5402
8,328,29681.3027,0.0,4.256,5.5593,5.5593,43.6728
8,329,29775.227,0.0,10.0382,12.1665,12.1665,33.745
8,330,29782.6234,0.0,4.3894,5.2085,5.2085,47.5155
8,331,29790.5811,0.0,7.2494,14.6159,14.6159,50.6935
8,332,29800.8793,0.0,3.5604,5.1642,5.1642,164.5245
8,333,29820.9173,0.0,10.1967,26.5368,26.5368,139.997
8,334,29949.6824,0.0,12.6778,19.6055,19.6055,55.7694
8,335,30008.9642,0.0,9.5867,17.3134,17.3134,44.7338
8,336,30040.9452,0.0,2.969,9.5243,9.5243,86.6668
8,337,30061.1587,0.0,15.4264,21.8126,21.8126,74.7061
8,338,30102.0628,0.0,12.7617,18.105,18.105,38.842
8,339,30172.7215,0.0,10.5558,14.8509,14.8509,52.3762
8,340,30166.337,0.0,9.244,21.7349,21.7349,111.3516
8,341,30258.6076,0.0,6.2258,11.6752,11.6752,40.1945
8,342,30672.1705,0.0,7.1329,14.3975,14.3975,58.0858
8,343,30823.77,0.0,12.1458,41.7982,41.7982,81.2395
8,344,30875.9877,0.0,13.9137,19.8268,19.8268,65.4776
8,345,30953.3601,0.0,16.1678,25.7123,25.7123,76.1684
8,346,31005.47,0.0,16.4731,23.8144,23.8144,119.8346
8,347,31076.6367,0.0,4.3758,16.5369,16.5369,57.4588
8,348,31077.6407,0.0,17.9543,24.4582,24.4582,89.9367
8,349,31128.4506,0.0,7.5216,20.2098,20.2098,89.942
8,350,31174.7438,0.0,16.5984,20.4743,20.4743,64.4316
8,351,31222.3438,0.0,8.0442,10.6692,10.6692,59.4574
8,352,31248.2909,0.0,4.8944,6.6827,6.6827,47.0457
8,353,31543.7813,0.0,7.8483,14.7588,14.7588,54.3194
8,354,31615.063,0.0,11.078,30.8064,30.8064,124.2821
8,355,31749.0594,0.0,10.1031,17.5561,17.5561,55.1888
8,356,31768.7306,0.0,11.3229,14.4479,14.4479,61.229
8,357,32028.1306,0.0,10.701,13.4063,13.4063,58.1983
8,358,32197.5558,0.0,8.0185,9.7232,9.7232,94.6969
8,359,32231.6791,0.0,6.982,11.2904,11.2904,62.7388
8,360,32230.4125,0.0,7.1257,12.8245,12.8245,72.0597
8,361,32261.9421,0.0,14.3804,15.9338,15.9338,57.6042
8,362,32279.2668,0.0,10.9001,13.2333,13.2333,50.3048
8,363,32297.882,0.0,12.1278,20.4908,20.4908,52.4943
8,364,32279.8162,0.0,42.0711,47.8003,47.8003,86.1475
8,365,32308.2649,0.0,21.7842,28.8666,28.8666,47.5139
8,366,32347.2089,0.0,5.0565,13.6444,13.6444,93.9097
8,367,32609.5426,0.0,8.9177,15.1088,15.1088,42.4436
8,368,32811.5382,0.0,8.3111,13.6807,13.6807,43.1705
8,369,32835.9556,0.0,4.5002,6.1424,6.1424,87.9249
8,370,32906.5308,0.0,13.3607,21.2695,21.2695,63.4126
8,371,32921.2975,0.0,12.3061,14.4327,14.4327,83.5948
8,372,33150.2835,0.0,8.6616,13.1779,13.1779,62.6037
8,373,33436.0294,0.0,4.5788,8.6788,8.6788,38.3668
8,374,33475.9024,0.0,2.4714,7.4225,7.4225,61.5221
8,375,33585.9101,0.0,8.5359,16.8127,16.8127,80.0704
8,376,33612.2695,0.0,2.7763,5.7329,5.7329,63.4542
8,377,33716.0664,0.0,2.9856,6.1471,6.1471,49.3628
8,378,33810.2438,0.0,5.9314,8.3416,8.3416,37.9431
8,379,33826.9247,0.0,6.1304,7.2748,7.2748,61.4663
8,380,33882.8923,0.0,12.0568,17.2037,17.2037,50.0655
8,381,33881.3477,0.0,13.6791,19.0274,19.0274,60.7068
8,382,33970.3657,0.0,4.6697,16.1297,16.1297,50.3848
8,383,34042.8728,0.0,16.8682,19.8635,19.8635,90.5645
8,384,34046.8838,0.0,14.3135,17.8015,17.8015,89.8459
8,385,34087.2487,0.0,4.7532,14.1064,14.1064,81.838
8,386,34379.6323,0.0,1.7731,4.6318,4.6318,25.5428
8,387,34359.3055,0.0,14.6093,27.1271,27.1271,67.653
8,388,34716.1821,0.0,3.6324,9.997,9.997,56.1662
8,389,34723.2177,0.0,3.3818,9.5236,9.5236,70.0472
8,390,35016.3533,0.0,10.2185,11.8956,11.8956,59.5745
8,391,35090.5972,0.0,21.1163,34.8652,34.8652,83.7612
8,392,35186.0568,0.0,10.8045,27.9636,27.9636,28.9226
8,393,35199.4414,0.0,7.2831,17.1435,17.1435,79.7964
8,394,35222.9577,0.0,3.2819,9.5775,9.5775,78.7415
8,395,35273.8686,0.0,4.4678,8.2801,8.2801,54.5516
8,396,35300.3771,0.0,15.7787,18.0485,18.0485,74.8244
8,397,35396.7958,0.0,12.3658,15.8205,15.8205,40.5479
8,398,35396.0863,0.0,10.9869,16.721,16.721,50.3954
8,399,35457.6039,0.0,11.7392,17.9676,17.9676,68.6995
8,400,35496.0117,0.0,13.3196,20.5976,20.5976,64.8333
8,401,35512.3266,0.0,10.2174,12.8065,12.8065,64.1194
8,402,35579.8665,0.0,10.0166,21.4917,21.4917,54.1542
8,403,35766.313,0.0,4.9048,7.2404,7.2404,60.3322
8,404,35792.4808,0.0,12.9106,72.9106,72.9106,152.3059
8,405,35897.7151,0.0,15.2406,20.4743,20.4743,54.7369
8,406,35993.0993,0.0,19.6565,22.8857,22.8857,60.8271
8,407,36371.2347,0.0,2.4714,6.3696,6.3696,28.63
8,408,36373.8726,0.0,7.7197,15.0587,15.0587,44.2575
8,409,36489.5917,0.0,19.3879,30.6175,30.6175,52.464
8,410,36512.5872,0.0,12.7577,16.3245,16.3245,81.5061
8,411,36525.6359,0.0,21.0665,22.9736,22.9736,101.0257
8,412,36596.6515,0.0,8.7766,16.3579,16.3579,43.0143
8,413,36605.5775,0.0,16.8497,20.886,20.886,51.802
8,414,36671.0209,0.0,7.024,14.5157,14.5157,71.047
8,415,36717.0135,0.0,5.844,16.4163,16.4163,48.6042
8,416,36766.2112,0.0,6.9418,20.7919,20.7919,69.206
8,417,36751.5574,0.0,7.5915,50.4245,50.4245,72.6499
8,418,36823.5211,0.0,8.7796,20.9514,20.9514,43.031
8,419,36875.06,0.0,5.4924,7.63,7.63,38.0095
8,420,36980.5722,0.0,6.9364,17.4733,17.4733,41.2055
8,421,37016.3143,0.0,2.0996,28.8533,28.8533,71.3163
8,422,37205.2625,0.0,10.1861,21.4417,21.4417,31.3064
8,423,37216.6368,0.0,7.6683,13.056,13.056,43.8118
8,424,37297.1986,0.0,11.479,20.3345,20.3345,52.8374
8,425,37791.8443,0.0,2.909,6.8923,6.8923,29.6452
8,426,37990.9598,0.0,10.894,17.2671,17.2671,78.4712
8,427,38018.828,0.0,25.0423,28.2569,28.2569,45.4454
8,428,38055.2644,0.0,1.5291,4.2392,4.2392,84.7777
8,429,38045.5777,0.0,11.6943,22.726,22.726,62.6574
8,430,38098.0142,0.0,6.0324,29.0438,29.0438,58.6115
8,431,38129.5904,0.0,4.8965,11.0093,11.0093,45.3981
8,432,38172.7036,0.0,14.549,19.0674,19.0674,49.0296
8,433,38241.8908,0.0,8.7753,14.1211,14.1211,52.3156
8,434,38249.1228,0.0,5.5479,12.217,12.217,51.5619
8,435,38263.202,0.0,4.1948,15.9455,15.9455,68.4759
8,436,38253.5506,0.0,18.6306,28.5782,28.5782,68.3035
8,437,38569.7243,0.0,5.1197,9.7522,9.7522,37.0497
8,438,38584.4584,0.0,3.9097,10.3032,10.3032,64.4721
8,439,38694.3767,0.0,3.2172,9.1285,9.1285,50.9394
8,440,38723.1091,0.0,7.0552,17.048,17.048,59.4051
8,441,38769.253,0.0,5.1602,8.5122,8.5122,42.0683
8,442,38861.3368,0.0,6.4144,9.5355,9.5355,44.082
8,443,38980.8392,0.0,12.6983,31.9888,31.9888,84.5359
8,444,39067.5828,0.0,18.0554,23.8939,23.8939,30.9549
8,445,39085.0834,0.0,3.341,14.8497,14.8497,78.4611
8,446,39153.7567,0.0,4.2754,6.8327,6.8327,36.5022
8,447,39148.8462,0.0,8.2448,16.0571,16.0571,83.1453
8,448,39231.5994,0.0,8.8394,14.0401,14.0401,51.8858
8,449,39446.3894,0.0,4.0454,6.2322,6.2322,77.5647
8,450,39589.5556,0.0,11.3824,14.4208,14.4208,55.7934
8,451,39632.5883,0.0,2.7246,8.4017,8.4017,72.3894
8,452,39670.2041,0.0,19.2619,25.5851,25.5851,84.2618
8,453,39688.1708,0.0,11.9347,33.2928,33.2928,89.6897
8,454,39738.7079,0.0,7.2934,11.1785,11.1785,53.9898
8,455,39768.1496,0.0,16.0639,19.0368,19.0368,79.5181
8,456,39837.3832,0.0,8.2829,10.0847,10.0847,58.14
8,457,39863.9469,0.0,3.6092,6.7199,6.7199,47.7782
8,458,39931.032,0.0,14.2683,23.9563,23.9563,75.4289
8,459,40113.8484,0.0,2.1705,6.8227,6.8227,73.4507
8,460,40428.837,0.0,10.2947,13.0554,13.0554,75.8609
8,461,40598.0329,0.0,3.4426,6.5496,6.5496,47.9802
8,462,40653.7943,0.0,10.3814,14.8744,14.8744,52.4895
8,463,40732.7805,0.0,5.1271,7.776,7.776,34.9443
8,464,40839.662,0.0,9.0204,15.0393,15.0393,45.7739
8,465,40869.6553,0.0,6.4002,10.0299,10.0299,33.8289
8,466,41065.6512,0.0,14.6869,34.2276,34.2276,75.8719
8,467,41229.4213,0.0,5.1504,8.1072,8.1072,45.2643
8,468,41245.035,0.0,16.5984,20.3915,20.3915,60.5568
8,469,41205.1494,0.0,17.4542,77.4542,77.4542,124.3793
8,470,41277.401,0.0,12.4882,18.4982,18.4982,70.7115
8,471,41391.8753,0.0,10.0984,14.7718,14.7718,56.0274
8,472,41447.7193,0.0,12.5596,20.5058,20.5058,56.8283
8,473,41496.1618,0.0,11.2026,14.5649,14.5649,61.1671
8,474,41505.1363,0.0,11.5081,16.2867,16.2867,73.2942
8,475,41529.8308,0.0,16.1786,20.1153,20.1153,91.9042
8,476,42003.772,0.0,9.5896,14.7853,14.7853,24.6376
8,477,42011.7375,0.0,5.4448,9.7223,9.7223,70.4184
8,478,42145.9834,0.0,1.5365,3.0301,3.0301,43.6488
8,479,42234.6992,0.0,5.689,7.6276,7.6276,43.4413
8,480,42261.5147,0.0,2.8561,6.8158,6.8158,35.904
8,481,42285.1195,0.0,4.2224,21.6013,21.6013,60.7617
8,482,42458.4422,0.0,1.9226,9.0281,9.0281,37.067
8,483,42522.7768,0.0,7.4641,15.0902,15.0902,36.4181
8,484,42521.6617,0.0,22.2108,28.1621,28.1621,95.6429
8,485,42603.4459,0.0,4.2107,13.1262,13.1262,40.204
8,486,42609.438,0.0,12.4264,28.584,28.584,79.076
8,487,42699.5603,0.0,12.3833,17.5524,17.5524,57.7046
8,488,42691.3852,0.0,21.3068,29.8875,29.8875,94.4762
8,489,42785.9332,0.0,8.0889,11.0306,11.0306,49.2046
8,490,42968.6827,0.0,17.0614,20.3619,20.3619,66.0164
8,491,43002.2289,0.0,2.3695,6.0687,6.0687,38.8197
8,492,43038.7683,0.0,7.3942,10.7757,10.7757,97.5736
8,493,43067.543,0.0,5.3085,10.4961,10.4961,91.1832
9,1,0.0,0.0,1.9642,7.0089,7.0089,38.9389
9,2,139.8923,0.0,7.1399,12.7609,12.7609,71.6733
9,3,345.3203,0.0,2.5622,7.1705,7.1705,41.7299
9,4,439.9549,0.0,10.2618,20.5708,20.5708,69.904
9,5,561.2991,0.0,13.8766,16.2155,16.2155,73.7351
9,6,579.6017,0.0,12.4749,18.6005,18.6005,59.6423
9,7,613.0923,0.0,8.7655,14.3555,14.3555,81.6573
9,8,752.2557,0.0,14.6378,21.2602,21.2602,48.4132
9,9,760.0626,0.0,11.7609,15.1587,15.1587,108.2697
9,10,788.9391,0.0,5.433,7.2084,7.2084,76.0741
9,11,828.8712,0.0,15.6475,19.6758,19.6758,55.0674
9,12,957.1894,0.0,9.5721,14.0464,14.0464,47.5738
9,13,1015.7949,0.0,1.627,7.2188,7.2188,71.2347
9,14,1044.3162,0.0,10.758,15.238,15.238,30.3169
9,15,1060.1153,0.0,2.1213,9.0971,9.0971,54.6897
9,16,1075.1822,0.0,4.1437,9.3157,9.3157,32.1497
9,17,1137.991,0.0,7.7584,10.2303,10.2303,57.3178
9,18,1168.3885,0.0,9.9193,17.2581,17.2581,63.1792
9,19,1448.859,0.0,6.837,24.5197,24.5197,51.184
9,20,1656.0046,0.0,12.1091,14.6246,14.6246,39.8429
9,21,1700.1184,0.0,11.1891,44.2236,44.2236,80.709
9,22,1843.3904,0.0,4.9199,8.5198,8.5198,50.5932
9,23,1853.8316,0.0,10.2574,16.986,16.986,101.6972
9,24,1849.6142,0.0,10.3444,21.3408,21.3408,108.3051
9,25,1947.638,0.0,11.0343,18.7498,18.7498,89.9351
9,26,1988.592,0.0,9.0531,12.7578,12.7578,66.8426
9,27,1989.4641,0.0,9.4785,15.3293,15.3293,128.1989
9,28,2105.3259,0.0,21.4611,25.4991,25.4991,88.0227
9,29,2149.5177,0.0,2.0149,5.2525,5.2525,116.89
9,30,2190.4898,0.0,13.6392,16.6671,16.6671,85.0947
9,31,2208.2645,0.0,16.1571,21.7074,21.7074,82.6118
9,32,2318.2798,0.0,8.8461,10.951,10.951,39.3081
9,33,2304.1118,0.0,15.0388,25.6601,25.6601,77.1301
9,34,2339.6232,0.0,18.0869,19.1988,19.1988,70.7977
9,35,2372.1928,0.0,7.1448,14.2009,14.2009,59.1039
9,36,2410.4593,0.0,7.9571,8.805,8.805,35.6051
9,37,2434.2476,0.0,6.962,11.8355,11.8355,56.1981
9,38,2424.4226,0.0,12.1872,22.5219,22.5219,63.0599
9,39,2479.2391,0.0,2.7461,7.0403,7.0403,31.532
9,40,2489.9036,0.0,11.172,27.2192,27.2192,49.72
9,41,2648.5371,0.0,7.4283,17.1427,17.1427,34.2177
9,42,2698.4577,0.0,19.1636,23.109,23.109,94.1688
9,43,2716.1312,0.0,18.6428,22.4825,22.4825,57.5991
9,44,2745.6202,0.0,2.7672,8.6401,8.6401,97.6301
9,45,2977.4542,0.0,8.5027,15.3394,15.3394,57.2716
9,46,3019.3517,0.0,11.5189,14.5226,14.5226,54.1075
9,47,3053.2874,0.0,17.0469,20.6661,20.6661,76.6911
9,48,3163.9735,0.0,8.9197,23.7133,23.7133,72.033
9,49,3384.1608,0.0,11.5516,18.3537,18.3537,57.498
9,50,3580.6452,0.0,6.492,12.5554,12.5554,54.3049
9,51,3586.7903,0.0,7.024,7.9278,7.9278,68.0722
9,52,3731.4648,0.0,23.1674,26.4349,26.4349,97.5164
9,53,3766.784,0.0,9.1956,11.2522,11.2522,74.0042
9,54,3774.9215,0.0,7.8232,13.6807,13.6807,86.6876
9,55,3792.6521,0.0,11.0495,17.9162,17.9162,77.1777
9,56,3792.3414,0.0,21.692,34.7401,34.7401,93.9745
9,57,3858.6689,0.0,2.9237,5.62,5.62,41.4291
9,58,3934.2328,0.0,2.674,5.6705,5.6705,44.4578
9,59,3949.8497,0.0,4.7593,29.0584,29.0584,62.6552
9,60,4055.888,0.0,12.8128,26.0398,26.0398,53.0401
9,61,4068.7701,0.0,8.3928,18.2989,18.2989,53.9519
9,62,4097.8619,0.0,13.9641,18.6869,18.6869,57.9729
9,63,4187.8068,0.0,10.6615,13.134,13.134,51.5937
9,64,4416.9778,0.0,11.9243,22.7117,22.7117,61.8495
9,65,4490.2856,0.0,14.1082,16.3882,16.3882,47.2497
9,66,4657.9604,0.0,4.1125,7.7023,7.7023,28.0966
9,67,4896.8972,0.0,10.0716,19.5015,19.5015,45.12
9,68,4921.595,0.0,27.2705,33.0618,33.0618,88.2222
9,69,5037.5748,0.0,7.1645,13.5508,13.5508,55.874
9,70,5339.9334,0.0,6.4413,11.7435,11.7435,52.8168
9,71,5333.2209,0.0,2.015,23.3374,23.3374,64.8136
9,72,5418.2825,0.0,11.8973,15.1885,15.1885,56.1824
9,73,5608.2935,0.0,14.2691,20.1031,20.1031,66.3249
9,74,5662.2006,0.0,20.3873,25.7139,25.7139,76.911
9,75,5993.6677,0.0,12.2494,21.7185,21.7185,60.8197
9,76,6161.6796,0.0,10.9502,14.0428,14.0428,40.0686
9,77,6296.2156,0.0,4.2481,10.0495,10.0495,36.1865
9,78,6302.5482,0.0,11.9953,19.111,19.111,48.2876
9,79,6404.3192,0.0,6.5295,12.9343,12.9343,52.767
9,80,6514.2375,0.0,8.9313,11.2266,11.2266,56.5383
9,81,6508.0272,0.0,12.6833,20.6693,20.6693,56.5826
9,82,6631.517,0.0,8.6597,11.8106,11.8106,34.1931
9,83,6805.3592,0.0,5.6625,10.7215,10.7215,41.8236
9,84,6822.0688,0.0,10.6336,18.6304,18.6304,70.1557
9,85,6841.6263,0.0,13.0362,42.953,42.953,91.1893
9,86,6908.0121,0.0,12.4834,26.4094,26.4094,61.6532
9,87,7807.1378,0.0,5.9145,12.9753,12.9753,48.0739
9,88,7807.3436,0.0,6.4862,15.3884,15.3884,47.1881
9,89,7815.4336,0.0,2.6338,7.3029,7.3029,63.8177
9,90,7805.7356,0.0,14.0578,20.7761,20.7761,75.5729
9,91,7849.4418,0.0,16.9435,21.2419,21.2419,75.2733
9,92,8015.6904,0.0,9.6059,16.1413,16.1413,56.7112
9,93,8093.879,0.0,4.6101,10.4741,10.4741,34.2705
9,94,8145.9928,0.0,12.8038,20.2071,20.2071,42.3879
9,95,8239.6604,0.0,13.8218,17.3252,17.3252,57.7547
9,96,8498.7007,0.0,3.0375,6.956,6.956,35.356
9,97,8596.1633,0.0,12.9982,17.0346,17.0346,123.9936
9,98,8941.8884,0.0,4.8565,6.5629,6.5629,40.0844
9,99,9104.8392,0.0,7.4805,9.4137,9.4137,47.3803
9,100,9156.2641,0.0,13.7565,27.9217,27.9217,81.2191
9,101,9245.9839,0.0,8.6505,10.9253,10.9253,69.0067
9,102,9255.7977,0.0,6.6722,15.1685,15.1685,67.579
9,103,9632.6227,0.0,7.0552,12.5003,12.5003,60.9799
9,104,9641.9888,0.0,14.4069,16.7355,16.7355,57.8594
9,105,9688.4311,0.0,5.8286,15.2356,15.2356,59.1978
9,106,9716.4567,0.0,6.6661,11.1458,11.1458,60.4521
9,107,9735.4434,0.0,3.0006,8.8736,8.8736,46.483
9,108,9823.417,0.0,2.4929,13.3408,13.3408,131.6521
9,109,9840.1448,0.0,8.5597,10.0072,10.0072,167.0192
9,110,9882.2887,0.0,10.5558,15.5027,15.5027,154.8911
9,111,9984.2035,0.0,9.077,12.8994,12.8994,65.937
9,112,10133.1396,0.0,5.4946,13.0294,13.0294,62.2342
9,113,10156.7308,0.0,3.769,14.1724,14.1724,45.6604
9,114,10318.1058,0.0,4.7893,12.667,12.667,57.8115
9,115,10772.0837,0.0,9.6829,17.835,17.835,68.5807
9,116,10822.331,0.0,11.8444,25.3166,25.3166,47.7238
9,117,10888.7922,0.0,22.9511,32.7033,32.7033,55.8477
9,118,10913.9973,0.0,2.9157,8.4038,8.4038,84.116
9,119,10977.138,0.0,14.0269,18.5541,18.5541,49.018
9,120,11017.8941,0.0,16.3259,23.0448,23.0448,44.2792
9,121,11050.7348,0.0,9.4255,15.1279,15.1279,85.6397
9,122,11078.9954,0.0,16.8568,21.4555,21.4555,74.4359
9,123,11194.9147,0.0,15.3047,29.7143,29.7143,48.934
9,124,11220.9466,0.0,2.5705,6.8637,6.8637,86.5034
9,125,11341.2018,0.0,8.2016,15.288,15.288,48.2665
9,126,11362.8158,0.0,11.3139,17.302,17.302,62.2593
9,127,12062.8248,0.0,5.8948,9.2321,9.2321,48.8722
9,128,12138.1586,0.0,11.4023,17.3453,17.3453,63.6117
9,129,12174.0449,0.0,10.5045,18.0483,18.0483,55.4813
9,130,12237.5207,0.0,9.4785,11.0505,11.0505,43.3127
9,131,12243.9044,0.0,16.4828,21.3533,21.3533,59.1783
9,132,12269.0514,0.0,27.4493,30.1627,30.1627,82.7822
9,133,12324.6084,0.0,4.4027,12.9276,12.9276,79.0338
9,134,12330.3666,0.0,13.1513,19.7251,19.7251,52.2275
9,135,12348.9711,0.0,8.4757,13.194,13.194,97.9842
9,136,12358.5182,0.0,8.1775,13.8749,13.8749,128.5777
9,137,12394.6406,0.0,12.9625,18.0023,18.0023,93.8388
9,138,12443.7099,0.0,12.1205,15.9605,15.9605,51.2776
9,139,12457.532,0.0,4.2335,10.349,10.349,56.2688
9,140,12532.0796,0.0,10.0787,14.4453,14.4453,78.1376
9,141,12577.6897,0.0,8.3345,11.3606,11.3606,35.1349
9,142,12603.7635,0.0,1.7731,4.2225,4.2225,47.484
9,143,12656.5328,0.0,11.4626,25.8689,25.8689,54.6982
9,144,12758.8658,0.0,7.3776,12.8866,12.8866,45.3988
9,145,12831.7249,0.0,2.703,8.1362,8.1362,41.2585
9,146,13098.1792,0.0,5.2206,12.8628,12.8628,65.8912
9,147,13504.2244,0.0,6.3616,16.1285,16.1285,50.8968
9,148,13538.636,0.0,15.5095,19.6954,19.6954,65.5527
9,149,13588.7133,0.0,4.3758,11.5475,11.5475,25.4089
9,150,13635.5215,0.0,8.2674,10.8609,10.8609,52.2354
9,151,13697.018,0.0,8.0458,11.1793,11.1793,76.448
9,152,13694.084,0.0,11.8572,17.3023,17.3023,91.5315
9,153,13763.0148,0.0,5.8053,9.0068,9.0068,62.2412
9,154,13795.7735,0.0,11.9138,15.7339,15.7339,90.9593
9,155,13828.6457,0.0,15.2707,22.5557,22.5557,41.1724
9,156,13854.4008,0.0,8.0185,14.4818,14.4818,111.8323
9,157,13905.0924,0.0,14.0161,21.9906,21.9906,58.7251
9,158,13896.2204,0.0,6.9568,31.3432,31.3432,63.81
9,159,13923.3863,0.0,11.3442,12.6632,12.6632,108.684
9,160,14191.8213,0.0,14.7104,19.7543,19.7543,36.1927
9,161,14213.989,0.0,2.9237,5.1433,5.1433,53.5366
9,162,14207.3872,0.0,9.7236,13.9586,13.9586,84.8189
9,163,14682.5932,0.0,7.1423,12.5669,12.5669,36.2974
9,164,14692.3212,0.0,4.8522,8.1561,8.1561,69.034
9,165,14758.1604,0.0,12.8255,23.2377,23.2377,79.052
9,166,14857.5296,0.0,3.6201,8.2735,8.2735,39.3434
9,167,15032.8825,0.0,3.1445,16.2064,16.2064,50.8145
9,168,15055.8033,0.0,5.8983,7.2914,7.2914,49.4555
9,169,15053.3952,0.0,23.6181,27.8635,27.8635,46.3877
9,170,15071.1306,0.0,8.6012,14.6036,14.6036,37.1221
9,171,15103.3727,0.0,10.0716,19.3944,19.3944,93.1808
9,172,15173.5883,0.0,11.2981,31.344,31.344,30.5116
9,173,15202.6083,0.0,1.4148,7.8199,7.8199,85.5792
9,174,15247.1907,0.0,20.2315,23.9707,23.9707,96.2389
9,175,15304.6672,0.0,7.5865,12.0453,12.0453,59.9385
9,176,15302.7822,0.0,12.0668,15.4084,15.4084,67.1825
9,177,15348.2961,0.0,12.5965,15.3733,15.3733,57.8703
9,178,15380.5357,0.0,7.2969,9.5347,9.5347,40.5196
9,179,15494.0923,0.0,3.5207,9.4599,9.4599,37.6963
9,180,15564.4812,0.0,14.9699,29.984,29.984,73.2861
9,181,15620.0126,0.0,7.3244,29.926,29.926,79.088
9,182,15759.2697,0.0,6.5775,25.8552,25.8552,60.4018
9,183,16000.1025,0.0,7.5019,10.5252,10.5252,53.4023
9,184,16295.6432,0.0,9.6552,18.905,18.905,39.4342
9,185,16347.6463,0.0,21.596,25.6666,25.6666,76.2963
9,186,16371.8701,0.0,7.7285,15.4262,15.4262,103.4567
9,187,16382.8974,0.0,12.0567,37.9594,37.9594,84.7937
9,188,16491.5219,0.0,6.672,11.6095,11.6095,68.4841
9,189,16491.7661,0.0,9.4378,16.2551,16.2551,72.483
9,190,16673.5032,0.0,2.4665,5.7714,5.7714,37.8038
9,191,16691.1942,0.0,5.9831,13.8681,13.8681,33.1933
9,192,16691.6996,0.0,5.844,15.5516,15.5516,52.1607
9,193,16706.4802,0.0,7.4825,10.0351,10.0351,66.6563
9,194,16739.6161,0.0,10.6638,15.8427,15.8427,55.3693
9,195,16763.8945,0.0,4.458,8.9125,8.9125,34.3549
9,196,16768.9719,0.0,4.0454,5.9503,5.9503,43.2833
9,197,16771.3161,0.0,9.0751,17.6645,17.6645,87.0743
9,198,16792.6654,0.0,11.7729,18.2707,18.2707,60.7296
9,199,16819.3463,0.0,11.165,15.7734,15.7734,55.3739
9,200,17225.0331,0.0,13.2191,18.9693,18.9693,82.5232
9,201,17591.2851,0.0,7.5123,13.5479,13.5479,60.277
9,202,17721.116,0.0,5.9918,10.1161,10.1161,40.6644
9,203,17732.444,0.0,10.5147,17.9338,17.9338,84.296
9,204,17826.3687,0.0,4.0008,8.3398,8.3398,51.1697
9,205,17900.9191,0.0,3.7462,26.7953,26.7953,57.1605
9,206,17987.339,0.0,1.7875,7.7227,7.7227,52.9916
9,207,18107.0561,0.0,12.1129,24.79,24.79,61.8186
9,208,18149.4713,0.0,2.0149,23.6853,23.6853,51.9032
9,209,18290.6755,0.0,10.6336,14.6016,14.6016,52.0819
9,210,18391.7975,0.0,7.3262,13.0611,13.0611,50.0395
9,211,18390.7099,0.0,11.6984,18.2706,18.2706,65.5384
9,212,18409.3016,0.0,9.5247,16.4626,16.4626,52.2413
9,213,18560.8935,0.0,5.7697,10.3529,10.3529,39.2969
9,214,18566.7157,0.0,16.1649,20.4903,20.4903,80.0083
9,215,18705.7676,0.0,9.6637,21.9514,21.9514,65.2633
9,216,18815.8679,0.0,8.7583,15.4436,15.4436,47.8228
9,217,18851.9492,0.0,4.3318,11.1354,11.1354,32.7654
9,218,19038.4201,0.0,5.9016,20.0342,20.0342,69.7238
9,219,19097.8244,0.0,19.2682,26.2221,26.2221,99.7497
9,220,19154.2826,0.0,13.2606,13.4805,13.4805,56.0425
9,221,19235.632,0.0,11.585,12.6554,12.6554,60.2187
9,222,19320.6342,0.0,27.0115,32.5791,32.5791,79.3767
9,223,19338.719,0.0,13.3964,31.008,31.008,68.8425
9,224,19519.5464,0.0,5.7069,15.3577,15.3577,73.7266
9,225,19554.142,0.0,5.3114,18.6638,18.6638,51.2698
9,226,19616.5366,0.0,11.9953,15.2922,15.2922,55.8035
9,227,19622.9826,0.0,5.8291,15.4021,15.4021,72.1986
9,228,19690.1566,0.0,12.0196,15.5025,15.5025,54.8075
9,229,19767.0445,0.0,11.078,13.1876,13.1876,100.2512
9,230,19848.0069,0.0,3.5122,5.1956,5.1956,40.6864
9,231,19865.4859,0.0,1.3537,7.8905,7.8905,35.7894
9,232,19978.4421,0.0,14.9317,19.2534,19.2534,74.8821
9,233,20040.5973,0.0,8.0404,16.0607,16.0607,84.29
9,234,20232.4259,0.0,4.778,9.7283,9.7283,68.0337
9,235,20310.8385,0.0,3.3322,6.7491,6.7491,27.1762
9,236,20697.9364,0.0,5.8178,9.4748,9.4748,42.8266
9,237,20717.7406,0.0,16.4183,20.4144,20.4144,68.745
9,238,20760.803,0.0,8.0424,11.7861,11.7861,57.4625
9,239,20792.6274,0.0,17.5754,24.4368,24.4368,78.3105
9,240,20855.2366,0.0,13.3373,32.0527,32.0527,85.9787
9,241,20860.1018,0.0,20.5828,36.7784,36.7784,98.3329
9,242,20915.7282,0.0,11.1647,12.4981,12.4981,60.5285
9,243,20929.2484,0.0,13.1084,15.305,15.305,58.1089
9,244,20916.3827,0.0,9.4974,28.6704,28.6704,75.5614
9,245,20955.4179,0.0,9.6589,13.4994,13.4994,48.0019
9,246,21051.7215,0.0,7.6923,32.1771,32.1771,89.2364
9,247,21174.7023,0.0,7.233,11.1816,11.1816,32.3222
9,248,21220.5178,0.0,15.0435,18.4233,18.4233,61.4802
9,249,21255.9495,0.0,1.5463,17.7704,17.7704,62.7317
9,250,21599.8589,0.0,5.0174,9.4722,9.4722,34.9404
9,251,21617.5522,0.0,19.2254,25.8843,25.8843,43.5734
9,252,21637.3383,0.0,9.2179,15.0946,15.0946,78.4266
9,253,21733.4184,0.0,11.0654,17.8532,17.8532,57.0711
9,254,21777.7188,0.0,4.9199,9.6183,9.6183,64.2083
9,255,21834.2584,0.0,3.3912,11.3279,11.3279,29.0709
9,256,21854.6932,0.0,3.813,9.5509,9.5509,58.6001
9,257,21913.9122,0.0,4.0459,6.2031,6.2031,41.0989
9,258,22144.6728,0.0,10.5637,24.869,24.869,84.6409
9,259,22227.2904,0.0,11.2472,13.2999,13.2999,58.5393
9,260,22282.5187,0.0,3.6279,5.9374,5.9374,42.9987
9,261,22286.0008,0.0,6.1583,9.7559,9.7559,49.5671
9,262,22311.8317,0.0,4.4492,8.297,8.297,45.0915
9,263,22321.3656,0.0,8.8652,15.64,15.64,44.7919
9,264,22374.1607,0.0,3.0331,6.3193,6.3193,30.2243
9,265,22393.3082,0.0,3.8949,8.8395,8.8395,43.7175
9,266,22542.0519,0.0,11.2201,14.4005,14.4005,49.2608
9,267,22577.1813,0.0,4.9451,14.6004,14.6004,42.0894
9,268,22637.8639,0.0,6.8364,17.874,17.874,43.3047
9,269,22873.4026,0.0,13.3472,16.9695,16.9695,57.5342
9,270,22933.2604,0.0,18.4693,23.0304,23.0304,71.1213
9,271,23055.9059,0.0,11.2844,17.6701,17.6701,52.0441
9,272,23065.8532,0.0,4.9503,8.0291,8.0291,41.8603
9,273,23078.8071,0.0,0.6786,7.5018,7.5018,76.81
9,274,23430.3427,0.0,8.0535,25.597,25.597,79.6343
9,275,23475.0303,0.0,10.3444,13.2883,13.2883,69.4695
9,276,23610.5319,0.0,5.9145,11.286,11.286,63.0129
9,277,23699.5578,0.0,12.0605,16.4122,16.4122,78.5266
9,278,23874.7624,0.0,7.5865,8.6963,8.6963,75.3953
9,279,23927.7202,0.0,12.3658,20.198,20.198,84.6869
9,280,23935.4529,0.0,12.6312,17.3091,17.3091,94.7078
9,281,23987.5829,0.0,10.2439,13.8782,13.8782,59.4362
9,282,23976.9072,0.0,26.516,28.1588,28.1588,74.4009
9,283,24047.3162,0.0,8.4809,11.6545,11.6545,55.5352
9,284,24020.4491,0.0,41.3619,50.7943,50.7943,95.611
9,285,24093.5096,0.0,7.5618,11.178,11.178,66.2121
9,286,24227.7689,0.0,9.7401,11.8596,11.8596,29.8968
9,287,24262.8708,0.0,4.9121,17.8371,17.8371,46.7203
9,288,24280.4235,0.0,8.1489,23.3922,23.3922,47.11
9,289,24310.5682,0.0,11.2415,14.3284,14.3284,42.2491
9,290,24326.2528,0.0,4.6131,10.7443,10.7443,61.2653
9,291,24679.7765,0.0,4.7387,19.8955,19.8955,50.0768
9,292,24815.4196,0.0,1.6418,3.7051,3.7051,52.036
9,293,25030.9783,0.0,0.9672,13.9394,13.9394,65.6195
9,294,25038.7449,0.0,5.1874,10.207,10.207,76.2425
9,295,25091.0319,0.0,13.0215,16.7664,16.7664,49.7157
9,296,25108.3091,0.0,11.8444,14.4673,14.4673,41.8099
9,297,25245.1461,0.0,8.2672,9.8755,9.8755,81.6687
9,298,25329.5864,0.0,17.4229,20.5641,20.5641,75.0685
9,299,25359.8708,0.0,17.1702,22.9543,22.9543,92.2226
9,300,25679.121,0.0,3.049,6.6498,6.6498,56.3224
9,301,25708.6895,0.0,19.6093,21.7865,21.7865,42.8477
9,302,25723.1323,0.0,7.409,10.2532,10.2532,60.3007
9,303,25819.9288,0.0,12.7888,16.1707,16.1707,52.7964
9,304,25864.5406,0.0,5.1126,8.932,8.932,61.356
9,305,25887.5246,0.0,3.4177,7.2877,7.2877,93.1733
9,306,26004.1765,0.0,5.142,11.159,11.159,45.3219
9,307,26275.3093,0.0,8.7588,13.2835,13.2835,41.8335
9,308,26486.978,0.0,4.5394,9.3058,9.3058,34.9857
9,309,26528.6986,0.0,19.8513,23.3749,23.3749,71.4259
9,310,26591.7454,0.0,3.23,10.5507,10.5507,42.8169
9,311,26645.6798,0.0,9.1981,12.4308,12.4308,29.2173
9,312,26653.4639,0.0,1.551,6.2458,6.2458,52.1545
9,313,26709.1587,0.0,5.5261,12.6383,12.6383,51.9354
9,314,26723.8107,0.0,7.1699,23.4661,23.4661,74.2834
9,315,26769.1087,0.0,7.9694,11.8978,11.8978,73.5126
9,316,26797.3035,0.0,11.0835,21.3795,21.3795,61.7405
9,317,27013.4438,0.0,5.8286,11.7217,11.7217,53.2171
9,318,27049.87,0.0,10.9468,15.9729,15.9729,49.0698
9,319,27071.5998,0.0,7.9117,13.6239,13.6239,34.1303
9,320,27197.0837,0.0,3.5318,6.2073,6.2073,28.1066
9,321,27296.069,0.0,10.1963,20.5842,20.5842,81.3985
9,322,27306.3869,0.0,18.6557,21.9905,21.9905,60.7587
9,323,27324.2338,0.0,6.6795,14.2427,14.2427,89.4314
9,324,27415.0345,0.0,3.9189,10.341,10.341,36.6966
9,325,27438.2279,0.0,3.4966,13.9406,13.9406,30.459
9,326,27606.531,0.0,10.4379,25.058,25.058,69.089
9,327,27930.5452,0.0,8.5857,10.263,10.263,52.0984
9,328,28046.9031,0.0,13.133,21.8202,21.8202,57.2811
9,329,28069.0589,0.0,8.445,12.4496,12.4496,38.3807
9,330,28103.5867,0.0,12.5887,14.6448,14.6448,63.5654
9,331,28179.5378,0.0,6.9331,11.8444,11.8444,32.8341
9,332,28193.6127,0.0,5.5619,10.8847,10.8847,39.5805
9,333,28192.8863,0.0,5.5619,13.6385,13.6385,48.1095
9,334,28276.4829,0.0,8.1775,19.0202,19.0202,49.417
9,335,28301.6256,0.0,4.8993,11.0869,11.0869,34.5026
9,336,28435.0141,0.0,1.7475,5.6738,5.6738,96.0971
9,337,28431.467,0.0,15.2369,19.4057,19.4057,104.4832
9,338,28595.7575,0.0,7.2958,37.7253,37.7253,93.8039
9,339,28721.8384,0.0,19.8138,26.4586,26.4586,103.8101
9,340,28900.8264,0.0,5.1836,9.3919,9.3919,39.6865
9,341,29153.0074,0.0,7.1593,8.512,8.512,30.7062
9,342,29326.5353,0.0,3.6559,7.284,7.284,49.7926
9,343,29405.1525,0.0,16.9276,21.3437,21.3437,76.1409
9,344,29553.5209,0.0,12.7419,18.9154,18.9154,55.3624
9,345,29619.8372,0.0,1.6382,5.2693,5.2693,24.4104
9,346,30105.8842,0.0,6.1546,10.5405,10.5405,47.1068
9,347,30137.8686,0.0,10.1948,19.6272,19.6272,52.5799
9,348,30152.0701,0.0,8.4453,12.9197,12.9197,44.6873
9,349,30153.1777,0.0,8.1133,22.3725,22.3725,60.6376
9,350,30272.7103,0.0,9.6724,13.3837,13.3837,61.4085
9,351,30626.7155,0.0,5.3638,8.5095,8.5095,69.3755
9,352,30651.4434,0.0,12.5525,72.5525,72.5525,104.122
9,353,30722.8903,0.0,10.1737,14.3389,14.3389,62.5201
9,354,30728.149,0.0,11.0549,17.3919,17.3919,79.3656
9,355,30836.4834,0.0,12.1962,17.9005,17.9005,59.1107
9,356,30881.2734,0.0,5.0232,7.5901,7.5901,30.3375
9,357,30940.6448,0.0,1.5392,10.0833,10.0833,64.8824
9,358,31025.8475,0.0,10.249,14.3216,14.3216,41.7121
9,359,31044.5595,0.0,3.6868,6.5861,6.5861,33.0981
9,360,31046.5639,0.0,8.0499,12.0366,12.0366,50.0727
9,361,31050.3513,0.0,11.531,13.9852,13.9852,42.5828
9,362,31063.908,0.0,6.5366,10.8936,10.8936,58.9417
9,363,31094.7569,0.0,8.4757,18.8366,18.8366,23.1977
9,364,31104.6837,0.0,4.7087,11.0858,11.0858,57.7614
9,365,31110.5572,0.0,15.4809,18.221,18.221,60.2836
9,366,31390.7735,0.0,9.1809,12.5415,12.5415,91.8146
9,367,31411.3991,0.0,14.3977,18.1864,18.1864,83.4483
9,368,31420.0806,0.0,16.9823,20.8201,20.8201,91.8975
9,369,31471.0209,0.0,8.3461,13.2142,13.2142,46.296
9,370,31618.0683,0.0,3.1988,5.9319,5.9319,27.4506
9,371,32084.1709,0.0,9.0809,15.1665,15.1665,62.8286
9,372,32240.2468,0.0,13.1499,16.9632,16.9632,132.6286
9,373,32353.3067,0.0,12.6033,13.6176,13.6176,45.5321
9,374,32373.2504,0.0,8.754,12.3129,12.3129,100.2744
9,375,32405.6263,0.0,17.4413,20.5599,20.5599,72.3417
9,376,32498.5051,0.0,10.3967,14.7619,14.7619,41.6337
9,377,32546.1092,0.0,10.8763,13.9723,13.9723,51.6398
9,378,32740.0888,0.0,7.0347,12.0687,12.0687,54.3329
9,379,32897.865,0.0,2.3626,5.8365,5.8365,24.213
9,380,32925.4618,0.0,5.5015,9.389,9.389,77.0399
9,381,32983.3343,0.0,16.3357,18.7228,18.7228,56.9749
9,382,33063.2256,0.0,10.5558,11.4826,11.4826,37.6481
9,383,33097.5506,0.0,20.8096,28.141,28.141,72.1154
9,384,33220.0994,0.0,9.9038,22.1559,22.1559,58.3285
9,385,33362.9298,0.0,14.2415,25.2354,25.2354,76.7509
9,386,33650.3932,0.0,12.1153,16.8082,16.8082,55.5728
9,387,33648.5391,0.0,14.5881,20.1544,20.1544,73.9263
9,388,33664.715,0.0,6.9108,10.0307,10.0307,76.4263
9,389,33755.3943,0.0,16.1004,19.5097,19.5097,58.8627
9,390,33777.3781,0.0,6.9331,9.9528,9.9528,88.7235
9,391,33875.5131,0.0,11.0045,16.2443,16.2443,40.4635
9,392,34079.4127,0.0,7.9403,8.5317,8.5317,35.0068
9,393,34083.7675,0.0,4.5868,8.9848,8.9848,42.9673
9,394,34108.7772,0.0,9.0391,18.2905,18.2905,78.5511
9,395,34278.0485,0.0,7.3428,11.8377,11.8377,55.5725
9,396,34303.2425,0.0,3.8424,5.3381,5.3381,45.7975
9,397,34350.0993,0.0,4.7398,12.3422,12.3422,54.6724
9,398,34378.6386,0.0,9.2451,12.5519,12.5519,59.8528
9,399,34404.2054,0.0,3.923,9.7188,9.7188,44.3159
9,400,34503.5784,0.0,11.526,25.469,25.469,59.0552
9,401,34586.6475,0.0,17.2244,29.3792,29.3792,42.6231
9,402,34605.5949,0.0,8.7588,13.227,13.227,89.3422
9,403,34666.4036,0.0,11.4079,14.9014,14.9014,49.5081
9,404,34940.496,0.0,8.3052,16.8595,16.8595,53.5678
9,405,35192.2213,0.0,3.3461,6.6122,6.6122,49.5017
9,406,35209.3564,0.0,6.8176,8.8364,8.8364,61.5299
9,407,35217.6761,0.0,5.5819,8.9392,8.9392,82.4438
9,408,35445.4917,0.0,5.5255,14.8983,14.8983,38.9588
9,409,35516.1378,0.0,3.6657,8.2597,8.2597,39.26
9,410,35536.5803,0.0,13.6939,18.7914,18.7914,62.7659
9,411,35765.1509,0.0,19.0751,21.2209,21.2209,76.0062
9,412,35796.4395,0.0,13.1245,23.6808,23.6808,57.409
9,413,36142.5755,0.0,6.857,26.0533,26.0533,62.1424
9,414,36245.2188,0.0,4.5919,6.6098,6.6098,32.2518
9,415,36552.1155,0.0,12.0859,18.4754,18.4754,51.0835
9,416,36595.8861,0.0,4.2481,15.4817,15.4817,72.9366
9,417,36625.6817,0.0,13.8455,17.3149,17.3149,57.5561
9,418,36690.4602,0.0,7.8732,12.915,12.915,59.5288
9,419,36739.7508,0.0,4.282,13.1191,13.1191,51.7645
9,420,36780.6846,0.0,4.1286,7.9037,7.9037,43.0792
9,421,36868.5331,0.0,22.9093,30.2718,30.2718,48.868
9,422,36909.7996,0.0,8.0585,17.3395,17.3395,103.9213
9,423,37133.3666,0.0,8.7346,14.6955,14.6955,50.4085
9,424,37130.268,0.0,14.9364,19.5595,19.5595,57.0963
9,425,37188.6944,0.0,6.0307,11.9544,11.9544,27.5075
9,426,37243.0729,0.0,3.7892,4.9249,4.9249,45.458
9,427,37460.5043,0.0,10.7148,23.899,23.899,74.1428
9,428,37493.819,0.0,3.3912,7.8015,7.8015,52.7246
9,429,37596.8196,0.0,4.4699,11.0877,11.0877,40.8546
9,430,37960.2835,0.0,3.6868,19.3553,19.3553,82.8129
9,431,38018.017,0.0,8.4757,13.0206,13.0206,51.1096
9,432,38028.9597,0.0,8.0137,11.2464,11.2464,54.3203
9,433,38281.9549,0.0,13.3146,18.7818,18.7818,56.5304
9,434,38424.9717,0.0,4.1003,26.5181,26.5181,54.5389
9,435,38597.0403,0.0,4.1043,7.016,7.016,25.2391
9,436,38743.878,0.0,7.8476,14.9271,14.9271,59.5192
9,437,38959.5511,0.0,4.7617,14.5288,14.5288,60.9229
9,438,39466.2413,0.0,4.91,6.6039,6.6039,36.2557
9,439,39772.6286,0.0,4.0237,11.632,11.632,40.0631
9,440,39808.7001,0.0,14.0564,30.7788,30.7788,93.5167
9,441,39924.5442,0.0,7.4269,10.5513,10.5513,69.0579
9,442,39946.4372,0.0,3.7892,11.6525,11.6525,54.1669
9,443,39968.5836,0.0,2.3177,15.8701,15.8701,35.668
9,444,39999.9668,0.0,11.8606,12.4034,12.4034,40.3545
9,445,40262.291,0.0,7.9297,12.1617,12.1617,38.6024
9,446,40341.4798,0.0,1.5644,7.0288,7.0288,32.675
9,447,40659.0495,0.0,2.4714,10.6573,10.6573,30.9736
9,448,40694.0296,0.0,8.2232,14.245,14.245,62.0009
9,449,40740.3373,0.0,9.1174,12.1899,12.1899,47.3859
9,450,40888.5278,0.0,17.9612,20.5558,20.5558,80.0749
9,451,40901.9601,0.0,11.8443,14.4631,14.4631,97.5814
9,452,40946.7359,0.0,6.492,8.2801,8.2801,56.1428
9,453,40968.5462,0.0,25.132,28.2012,28.2012,87.3271
9,454,41035.2228,0.0,5.0549,8.3631,8.3631,40.3304
9,455,41049.9657,0.0,16.4731,20.9624,20.9624,85.1216
9,456,41138.189,0.0,5.0373,17.314,17.314,39.2113
9,457,41136.4062,0.0,12.1457,21.2494,21.2494,39.5034
9,458,41154.2226,0.0,6.0661,10.4291,10.4291,50.308
9,459,41177.6118,0.0,5.4657,8.5759,8.5759,112.7846
9,460,41353.3856,0.0,7.7136,10.7353,10.7353,51.2228
9,461,41423.7387,0.0,3.1285,6.7487,6.7487,26.6999
9,462,41597.4704,0.0,4.4329,8.7503,8.7503,32.2386
9,463,41720.8988,0.0,9.1019,13.2418,13.2418,67.6136
9,464,41756.8761,0.0,4.7693,8.1495,8.1495,52.1851
9,465,42073.7685,0.0,8.4326,12.1116,12.1116,70.0694
9,466,42178.0497,0.0,21.0021,24.8069,24.8069,76.9319
9,467,42361.3043,0.0,11.7197,15.9161,15.9161,58.2679
9,468,42434.2726,0.0,15.6998,27.1829,27.1829,90.4249
9,469,42550.5103,0.0,19.0365,21.4621,21.4621,76.8817
9,470,42615.039,0.0,6.2971,11.8582,11.8582,70.2487
9,471,42771.444,0.0,2.9195,7.2632,7.2632,63.5828
9,472,42988.3027,0.0,16.7521,19.649,19.649,81.9043
10,1,0.0,0.0,9.6521,11.7434,11.7434,53.7534
10,2,53.452,0.0,10.8675,18.8702,18.8702,54.1929
10,3,65.3535,0.0,4.3894,9.5469,9.5469,83.7809
10,4,618.1696,0.0,21.8838,34.1901,34.1901,87.6536
10,5,662.4661,0.0,11.453,15.7885,15.7885,66.1856
10,6,691.3254,0.0,1.5383,6.2119,6.2119,49.864
10,7,685.2387,0.0,21.5202,33.879,33.879,89.8056
10,8,778.4552,0.0,2.8585,9.1401,9.1401,66.4369
10,9,772.4271,0.0,4.6796,26.8646,26.8646,63.0734
10,10,827.9912,0.0,9.9493,39.4139,39.4139,60.264
10,11,849.0605,0.0,19.1505,27.037,27.037,64.0495
10,12,961.7043,0.0,8.7503,17.05,17.05,89.1419
10,13,987.174,0.0,6.5809,11.9413,11.9413,44.9713
10,14,1011.7931,0.0,1.6632,2.9488,2.9488,84.9373
10,15,1017.4445,0.0,6.507,21.8504,21.8504,95.8517
10,16,1073.4821,0.0,2.9195,5.975,5.975,46.5605
10,17,1264.7874,0.0,5.4684,6.9887,6.9887,33.3202
10,18,1367.5631,0.0,4.1654,7.5158,7.5158,31.6982
10,19,1799.8736,0.0,10.1765,14.5377,14.5377,63.7228
10,20,1828.1747,0.0,5.584,6.6173,6.6173,47.1686
10,21,1918.0493,0.0,3.3689,16.4748,16.4748,51.3719
10,22,1930.7285,0.0,6.6276,9.8626,9.8626,43.968
10,23,2033.6266,0.0,11.2981,17.3987,17.3987,54.8033
10,24,2052.1685,0.0,8.1532,11.5518,11.5518,44.2237
10,25,2108.3937,0.0,5.6418,8.2489,8.2489,53.2519
10,26,2149.2853,0.0,9.32,11.6933,11.6933,39.5685
10,27,2174.2557,0.0,5.5283,9.1101,9.1101,61.0992
10,28,2168.9589,0.0,19.9578,26.8863,26.8863,73.2803
10,29,2177.0581,0.0,9.3694,23.2649,23.2649,70.875
10,30,2213.2587,0.0,4.1619,8.2774,8.2774,56.2132
10,31,2201.8208,0.0,9.126,26.1625,26.1625,86.4603
10,32,2212.7346,0.0,10.211,15.5888,15.5888,100.391
10,33,2236.7002,0.0,21.5659,25.7217,25.7217,88.7456
10,34,2289.9514,0.0,4.7334,9.1255,9.1255,46.6615
10,35,2391.2393,0.0,4.5649,13.9048,13.9048,52.73
10,36,2434.5336,0.0,4.8299,11.023,11.023,34.7301
10,37,2471.5684,0.0,18.6714,32.6461,32.6461,70.7666
10,38,2503.3052,0.0,11.6984,15.849,15.849,41.8801
10,39,2544.7723,0.0,3.4513,4.6216,4.6216,99.6363
10,40,2571.7768,0.0,15.2602,19.5821,19.5821,67.3593
10,41,2783.3948,0.0,20.3953,25.0172,25.0172,83.6895
10,42,2801.1591,0.0,11.2902,16.1102,16.1102,111.6187
10,43,2836.9845,0.0,12.4193,28.6932,28.6932,61.2353
10,44,3102.8929,0.0,6.6864,21.1039,21.1039,55.4946
10,45,3130.207,0.0,18.6519,22.5455,22.5455,109.8928
10,46,3207.3277,0.0,5.4448,9.3309,9.3309,52.2238
10,47,3325.8088,0.0,4.3318,9.4536,9.4536,32.3433
10,48,3533.1271,0.0,12.928,19.7675,19.7675,49.0457
10,49,3600.5253,0.0,9.8426,11.1256,11.1256,56.1079
10,50,3599.7594,0.0,10.9469,38.6562,38.6562,79.3434
10,51,3640.664,0.0,10.9549,27.1862,27.1862,61.1134
10,52,3722.3112,0.0,4.8476,8.5213,8.5213,29.511
10,53,3723.2169,0.0,10.8596,12.4489,12.4489,53.3413
10,54,3783.2483,0.0,14.4066,18.5618,18.5618,63.5157
10,55,3774.9392,0.0,24.4423,50.2502,50.2502,98.306
10,56,3857.1202,0.0,16.9597,22.3679,22.3679,53.1307
10,57,3986.7721,0.0,9.726,12.2922,12.2922,55.1948
10,58,3989.2678,0.0,7.3457,16.6334,16.6334,66.989
10,59,3998.3647,0.0,9.3054,19.7715,19.7715,65.6782
10,60,4013.9792,0.0,16.1064,39.4975,39.4975,44.5167
10,61,4038.8193,0.0,7.6667,18.4008,18.4008,87.0432
10,62,4106.8402,0.0,10.4592,13.5954,13.5954,63.5448
10,63,4072.3199,0.0,2.8277,60.4995,60.4995,120.673
10,64,4256.913,0.0,6.2874,20.3667,20.3667,58.9704
10,65,4343.3639,0.0,4.5205,9.4754,9.4754,37.3172
10,66,4411.459,0.0,2.2067,4.9557,4.9557,45.8842
10,67,4601.8791,0.0,8.9203,17.6926,17.6926,46.6172
10,68,4747.9885,0.0,11.4842,18.5463,18.5463,42.939
10,69,4840.3655,0.0,10.8705,23.2278,23.2278,71.3161
10,70,5062.028,0.0,4.9655,11.532,11.532,47.1373
10,71,5150.3708,0.0,11.6745,14.2295,14.2295,41.6356
10,72,5215.4104,0.0,8.7304,16.1947,16.1947,45.7699
10,73,5221.2483,0.0,8.7655,14.6741,14.6741,46.2772
10,74,5244.5798,0.0,3.5701,10.822,10.822,44.199
10,75,5282.3221,0.0,4.4369,6.3195,6.3195,26.8715
10,76,5274.5179,0.0,13.5413,18.4021,18.4021,50.2508
10,77,5311.3685,0.0,6.2494,11.9672,11.9672,34.114
10,78,5377.6936,0.0,22.6562,31.0354,31.0354,36.5518
10,79,5418.7623,0.0,4.938,5.6228,5.6228,121.9963
10,80,5412.4459,0.0,12.6808,24.64,24.64,100.7625
10,81,5461.0173,0.0,11.6931,20.7067,20.7067,57.2585
10,82,5536.9032,0.0,7.0528,13.0345,13.0345,99.5059
10,83,5911.039,0.0,7.454,10.6738,10.6738,44.4635
10,84,6026.7366,0.0,3.3942,7.6966,7.6966,32.0925
10,85,6201.8019,0.0,5.9916,9.0607,9.0607,51.4001
10,86,6312.8263,0.0,15.8118,25.7841,25.7841,83.5264
10,87,6366.5631,0.0,7.7534,12.648,12.648,120.8814
10,88,6386.0849,0.0,11.2202,15.4794,15.4794,121.8321
10,89,6603.2729,0.0,12.0475,14.5833,14.5833,62.1765
10,90,6836.9227,0.0,2.3695,20.7976,20.7976,49.7443
10,91,6987.3455,0.0,7.0834,11.0493,11.0493,35.2755
10,92,7004.7469,0.0,10.3095,13.2837,13.2837,44.6082
10,93,7078.6621,0.0,11.3751,14.8138,14.8138,66.8433
10,94,7089.9682,0.0,6.44,20.3627,20.3627,97.167
10,95,7079.6909,0.0,10.4841,34.3524,34.3524,76.1139
10,96,7104.0469,0.0,8.1916,21.5229,21.5229,115.3176
10,97,7140.2789,0.0,22.1746,29.702,29.702,94.2544
10,98,7236.9839,0.0,11.4651,13.3875,13.3875,75.6265
10,99,7303.4345,0.0,10.2574,15.7172,15.7172,68.6521
10,100,7575.2768,0.0,9.4902,14.8059,14.8059,51.4583
10,101,7753.1013,0.0,7.3741,11.4056,11.4056,58.8774
10,102,7771.1924,0.0,17.826,23.5966,23.5966,79.5429
10,103,7908.0177,0.0,3.6559,20.3472,20.3472,49.1397
10,104,8074.6211,0.0,19.5003,27.2532,27.2532,92.501
10,105,8149.6911,0.0,14.7789,20.6209,20.6209,38.6722
10,106,8163.7951,0.0,6.835,16.4163,16.4163,65.2981
10,107,8246.6961,0.0,8.4075,17.1687,17.1687,80.0076
10,108,8287.0335,0.0,15.0083,17.567,17.567,114.7236
10,109,8460.518,0.0,2.6715,5.4446,5.4446,35.2832
10,110,8470.9212,0.0,2.8107,9.248,9.248,57.1899
10,111,8456.203,0.0,2.6692,48.8311,48.8311,77.2785
10,112,8495.312,0.0,16.0931,18.5283,18.5283,68.6951
10,113,8508.3249,0.0,13.9825,20.5556,20.5556,100.4929
10,114,8620.1946,0.0,4.7649,10.5595,10.5595,27.7748
10,115,8826.7784,0.0,9.848,14.1183,14.1183,61.9167
10,116,8831.21,0.0,12.9066,15.4106,15.4106,95.9197
10,117,8884.1474,0.0,2.6009,5.3764,5.3764,42.087
10,118,8903.6763,0.0,8.4304,16.175,16.175,59.8017
10,119,9074.2026,0.0,10.255,16.787,16.787,47.928
10,120,9266.691,0.0,11.1528,16.9093,16.9093,82.7544
10,121,9289.9044,0.0,1.7572,5.7413,5.7413,65.5246
10,122,9318.9667,0.0,22.8883,27.12,27.12,81.3216
10,123,9330.1853,0.0,15.8875,27.0836,27.0836,92.3747
10,124,9379.0271,0.0,5.0565,6.4656,6.4656,46.4015
10,125,9416.8076,0.0,6.7466,7.8672,7.8672,54.4418
10,126,9444.9348,0.0,12.1549,13.8161,13.8161,68.8652
10,127,9502.0917,0.0,8.9408,19.9726,19.9726,43.202
10,128,9517.8024,0.0,3.1445,8.5427,8.5427,66.5694
10,129,9603.2776,0.0,5.632,9.6617,9.6617,39.8863
10,130,9785.5001,0.0,3.5207,9.8186,9.8186,55.1586
10,131,9767.1993,0.0,13.1325,29.0095,29.0095,91.4024
10,132,9995.1091,0.0,2.7461,14.5425,14.5425,45.6033
10,133,10033.7962,0.0,5.8454,7.7376,7.7376,70.9835
10,134,10091.755,0.0,7.6343,11.9311,11.9311,57.0856
10,135,10116.0646,0.0,9.7737,16.8253,16.8253,76.8541
10,136,10303.6507,0.0,4.4105,6.3496,6.3496,37.9895
10,137,10512.5063,0.0,3.1985,4.6515,4.6515,26.0982
10,138,10588.2314,0.0,9.9962,17.6477,17.6477,32.4113
10,139,10771.8771,0.0,17.1322,28.0873,28.0873,62.6104
10,140,10794.0305,0.0,15.7351,18.6823,18.6823,107.4703
10,141,10903.1686,0.0,6.7454,12.1794,12.1794,51.5889
10,142,10979.9022,0.0,8.4149,12.6618,12.6618,45.3747
10,143,11003.4039,0.0,6.3501,11.1349,11.1349,47.7327
10,144,10988.5856,0.0,18.2964,29.0939,29.0939,70.3557
10,145,11077.6956,0.0,13.1325,15.1649,15.1649,64.417
10,146,11189.3646,0.0,4.9451,11.486,11.486,63.4639
10,147,11274.1028,0.0,8.1423,17.428,17.428,92.2577
10,148,11314.1716,0.0,1.9702,6.9954,6.9954,59.2153
10,149,11358.1708,0.0,7.6601,8.5502,8.5502,35.8486
10,150,11359.8467,0.0,7.5039,12.5841,12.5841,51.2061
10,151,11382.153,0.0,3.8405,8.8308,8.8308,39.4317
10,152,11405.7593,0.0,10.7899,21.6567,21.6567,85.9993
10,153,11539.5345,0.0,5.3424,7.9812,7.9812,58.6019
10,154,11652.3823,0.0,17.3967,22.1914,22.1914,79.8335
10,155,12003.3712,0.0,10.9869,15.835,15.835,59.9356
10,156,12068.4972,0.0,6.6234,8.066,8.066,50.6765
10,157,12110.5969,0.0,4.2224,7.0332,7.0332,45.3181
10,158,12236.3052,0.0,14.1565,20.1241,20.1241,51.2483
10,159,12245.9735,0.0,10.23,21.2537,21.2537,58.1916
10,160,12305.0413,0.0,14.425,17.5838,17.5838,52.7165
10,161,12681.3586,0.0,12.9212,24.7165,24.7165,57.8559
10,162,12859.4447,0.0,5.7221,8.3522,8.3522,35.3457
10,163,12974.4553,0.0,8.1484,13.1968,13.1968,83.5552
10,164,13131.8608,0.0,10.2167,29.4716,29.4716,75.8026
10,165,13514.4265,0.0,4.6796,9.4227,9.4227,56.3045
10,166,13602.1267,0.0,24.0814,26.2098,26.2098,86.6199
10,167,13642.0563,0.0,9.1707,13.8687,13.8687,77.8921
10,168,13718.4729,0.0,4.2107,9.0117,9.0117,41.6017
10,169,13772.7811,0.0,13.2504,19.3747,19.3747,90.1195
10,170,13819.7812,0.0,6.7466,11.4178,11.4178,55.7395
10,171,13821.651,0.0,10.841,12.8286,12.8286,63.4323
10,172,13834.4623,0.0,11.4861,31.9375,31.9375,91.2361
10,173,13878.4703,0.0,12.4446,15.3195,15.3195,60.6652
10,174,13894.3457,0.0,7.5865,13.9875,13.9875,52.6339
10,175,13906.3761,0.0,11.2495,13.607,13.607,62.0752
10,176,13967.3316,0.0,9.0606,14.974,14.974,38.7457
10,177,14115.2284,0.0,4.6377,28.9616,28.9616,70.4634
10,178,14192.5161,0.0,10.4229,13.6009,13.6009,51.7018
10,179,14500.6419,0.0,6.1857,16.1042,16.1042,42.6086
10,180,14509.9575,0.0,3.1956,12.5101,12.5101,58.4194
10,181,14699.9299,0.0,6.913,21.4376,21.4376,33.6296
10,182,14725.096,0.0,3.3619,17.4757,17.4757,43.0016
10,183,14854.089,0.0,10.2574,15.4505,15.4505,55.0215
10,184,14989.3653,0.0,5.0565,10.2793,10.2793,64.2416
10,185,15036.6434,0.0,5.8178,13.425,13.425,87.8649
10,186,15057.3017,0.0,5.0972,10.7655,10.7655,85.2564
10,187,15101.5701,0.0,14.1565,18.1863,18.1863,53.9848
10,188,15163.367,0.0,17.026,45.6395,45.6395,51.8106
10,189,15211.9719,0.0,13.3373,20.5591,20.5591,112.0725
10,190,15294.4465,0.0,5.7867,8.8062,8.8062,45.569
10,191,15548.3829,0.0,4.7811,10.2265,10.2265,47.9362
10,192,15629.2987,0.0,2.4929,6.4882,6.4882,55.532
10,193,15747.8926,0.0,12.3802,17.4776,17.4776,53.6662
10,194,15984.3834,0.0,19.6787,27.6706,27.6706,67.9786
10,195,16022.8685,0.0,0.9482,7.7109,7.7109,34.1569
10,196,16132.4302,0.0,3.7133,7.5959,7.5959,67.2731
10,197,16316.5259,0.0,12.206,14.0695,14.0695,54.3457
10,198,16349.4487,0.0,8.9558,12.6616,12.6616,47.2951
10,199,16352.3612,0.0,7.5865,9.8934,9.8934,61.4061
10,200,16492.5361,0.0,14.8944,15.561,15.561,50.3688
10,201,16604.8193,0.0,4.5365,7.0909,7.0909,84.7804
10,202,16580.8002,0.0,26.516,32.6237,32.6237,97.8149
10,203,16619.0466,0.0,2.4106,8.8342,8.8342,173.1764
10,204,16619.268,0.0,14.3801,26.4649,26.4649,161.6615
10,205,16639.6631,0.0,26.9284,34.8105,34.8105,147.2122
10,206,16648.0622,0.0,29.0233,41.3764,41.3764,142.1843
10,207,16737.2925,0.0,8.7025,20.3456,20.3456,60.65
10,208,16756.6849,0.0,16.9276,19.3005,19.3005,49.0852
10,209,16795.0044,0.0,5.1625,9.2869,9.2869,96.6641
10,210,16924.4424,0.0,9.7712,15.3393,15.3393,53.6559
10,211,17013.9633,0.0,20.8096,43.8727,43.8727,102.8331
10,212,17090.9683,0.0,1.1479,4.9936,4.9936,39.0057
10,213,17063.3479,0.0,6.8256,43.5553,43.5553,106.2713
10,214,17147.3055,0.0,11.5669,13.5641,13.5641,62.7284
10,215,17171.037,0.0,19.2601,21.2772,21.2772,63.3175
10,216,17229.5526,0.0,1.6955,5.4412,5.4412,16.246
10,217,17280.6324,0.0,7.2851,11.791,11.791,39.0415
10,218,17371.8478,0.0,14.9834,19.1785,19.1785,70.3223
10,219,17589.2652,0.0,1.8657,5.9183,5.9183,40.3639
10,220,17885.6901,0.0,12.8887,14.7514,14.7514,49.5456
10,221,18045.5328,0.0,3.9583,6.8938,6.8938,46.9675
10,222,18192.1553,0.0,3.0795,12.9503,12.9503,46.1965
10,223,18218.3969,0.0,3.4648,18.2126,18.2126,50.7296
10,224,18340.0147,0.0,4.8822,8.2207,8.2207,67.0488
10,225,18361.7947,0.0,1.9768,8.7315,8.7315,59.1748
10,226,18436.2612,0.0,13.2429,44.516,44.516,97.3182
10,227,18490.7271,0.0,19.032,23.2886,23.2886,66.104
10,228,18543.2759,0.0,3.5956,10.4631,10.4631,31.4917
10,229,18549.3693,0.0,8.9044,16.1572,16.1572,46.0209
10,230,18597.6192,0.0,7.4348,10.7646,10.7646,56.66
10,231,18604.2379,0.0,4.9659,10.7298,10.7298,97.9712
10,232,19116.0278,0.0,11.3946,12.6861,12.6861,51.2734
10,233,19271.2067,0.0,5.0549,7.7097,7.7097,71.2464
10,234,19609.9178,0.0,1.9267,7.8016,7.8016,22.0843
10,235,19647.9426,0.0,3.8175,12.8218,12.8218,34.4583
10,236,19647.9043,0.0,6.6822,13.1014,13.1014,40.1215
10,237,19782.2412,0.0,9.2451,11.7883,11.7883,85.0631
10,238,19824.9841,0.0,6.8291,11.6759,11.6759,55.187
10,239,19953.391,0.0,4.3524,10.1001,10.1001,47.644
10,240,20095.7881,0.0,4.1972,15.4587,15.4587,66.7305
10,241,20207.2321,0.0,6.5422,9.8865,9.8865,34.7945
10,242,20221.3626,0.0,7.2051,10.711,10.711,36.311
10,243,20387.9931,0.0,11.9641,17.0916,17.0916,82.4276
10,244,20754.7374,0.0,5.1504,8.4241,8.4241,50.8908
10,245,20821.6101,0.0,7.2094,15.8723,15.8723,67.7809
10,246,20868.3488,0.0,4.0454,9.8338,9.8338,39.2656
10,247,20890.5397,0.0,12.8607,17.4845,17.4845,59.8677
10,248,21003.1766,0.0,10.7341,21.3743,21.3743,50.3919
10,249,21110.2136,0.0,10.2127,12.2509,12.2509,62.042
10,250,21197.2668,0.0,1.3537,4.4051,4.4051,30.442
10,251,21398.0336,0.0,17.5758,56.6965,56.6965,99.6713
10,252,21452.1751,0.0,9.7283,21.4162,21.4162,79.5474
10,253,21479.1824,0.0,5.9913,8.0136,8.0136,56.0117
10,254,21593.165,0.0,2.6878,5.9578,5.9578,41.7483
10,255,22177.2027,0.0,10.0918,13.9223,13.9223,72.4489
10,256,22243.9943,0.0,9.3033,14.1175,14.1175,25.418
10,257,22251.483,0.0,1.9858,6.9931,6.9931,63.8508
10,258,22251.0492,0.0,14.5279,16.7763,16.7763,67.0552
10,259,22277.133,0.0,4.2481,7.1887,7.1887,62.7331
10,260,22459.2379,0.0,14.9841,21.7496,21.7496,49.1314
10,261,22842.1946,0.0,9.077,12.9334,12.9334,40.2747
10,262,22921.6078,0.0,14.1683,18.2914,18.2914,71.6692
10,263,22955.8481,0.0,12.0203,15.2813,15.2813,68.7258
10,264,23038.8545,0.0,7.9246,16.3863,16.3863,49.9376
10,265,23109.619,0.0,7.3325,15.0346,15.0346,76.7295
10,266,23138.0212,0.0,2.9239,17.8295,17.8295,96.2223
10,267,23449.4823,0.0,9.8336,14.8321,14.8321,47.6152
10,268,23535.1069,0.0,9.2823,11.442,11.442,45.3319
10,269,23545.7168,0.0,13.5554,19.561,19.561,72.8854
10,270,23578.1205,0.0,17.826,22.3658,22.3658,63.6317
10,271,23595.0736,0.0,8.4841,12.6956,12.6956,69.1368
10,272,23716.478,0.0,11.72,15.5816,15.5816,74.0885
10,273,23776.5983,0.0,9.8816,11.4107,11.4107,70.9764
10,274,23835.2961,0.0,7.024,10.8802,10.8802,60.5504
10,275,23867.7188,0.0,6.0902,8.2425,8.2425,50.2558
10,276,23862.391,0.0,13.1876,17.6096,17.6096,55.0727
10,277,23873.7152,0.0,2.7763,7.7395,7.7395,82.3576
10,278,24016.9747,0.0,4.8822,6.7175,6.7175,30.1917
10,279,24070.405,0.0,4.9048,20.2956,20.2956,56.2574
10,280,24110.2188,0.0,14.1027,15.1371,15.1371,84.2358
10,281,24121.2395,0.0,6.8704,16.1776,16.1776,80.4544
10,282,24161.193,0.0,10.6502,16.8947,16.8947,49.3438
10,283,24265.5231,0.0,23.2204,32.6756,32.6756,84.6017
10,284,24328.1832,0.0,8.3709,9.9784,9.9784,41.7291
10,285,24385.931,0.0,21.4668,27.2274,27.2274,80.8924
10,286,24453.2841,0.0,7.7054,14.1063,14.1063,50.226
10,287,24840.0928,0.0,16.364,19.1064,19.1064,77.3293
10,288,25006.3457,0.0,17.5587,19.7334,19.7334,81.1353
10,289,25042.5863,0.0,9.5667,20.3728,20.3728,68.3161
10,290,25092.1683,0.0,14.1357,21.3349,21.3349,59.6605
10,291,25268.9766,0.0,8.6464,14.5945,14.5945,60.265
10,292,25308.9744,0.0,9.3011,13.0104,13.0104,41.4267
10,293,25437.8405,0.0,4.5002,15.401,15.401,97.8572
10,294,25460.7927,0.0,11.4549,14.4243,14.4243,88.778
10,295,25766.498,0.0,9.4773,44.7332,44.7332,135.3493
10,296,25913.8195,0.0,3.0207,26.4722,26.4722,63.887
10,297,26170.0401,0.0,6.7395,14.0796,14.0796,51.6952
10,298,26341.1612,0.0,2.1461,5.1702,5.1702,33.5572
10,299,26375.5737,0.0,7.3879,22.0372,22.0372,32.9839
10,300,26393.6302,0.0,7.1837,9.1953,9.1953,68.8841
10,301,26419.7963,0.0,1.5873,3.7817,3.7817,48.2455
10,302,26487.9003,0.0,10.5839,13.5433,13.5433,43.8779
10,303,26539.7337,0.0,24.6268,38.2407,38.2407,51.1533
10,304,26573.7309,0.0,7.5865,12.9572,12.9572,141.6504
10,305,26612.1306,0.0,3.2881,9.0391,9.0391,71.5561
10,306,26619.4512,0.0,11.9988,13.7338,13.7338,91.0083
10,307,26661.9456,0.0,5.3861,35.0319,35.0319,77.3623
10,308,26728.3817,0.0,10.5489,19.6523,19.6523,81.8327
10,309,26769.1854,0.0,9.8074,35.1558,35.1558,58.0289
10,310,26874.2181,0.0,2.9237,9.8191,9.8191,68.7144
10,311,26912.6492,0.0,8.0992,15.6647,15.6647,52.1831
10,312,26995.4595,0.0,11.7888,15.645,15.645,53.3302
10,313,27018.2979,0.0,5.6599,13.4797,13.4797,89.8994
10,314,27024.6243,0.0,7.1724,10.8811,10.8811,88.2061
10,315,27206.2703,0.0,8.881,10.246,10.246,46.9903
10,316,27268.4343,0.0,1.7475,6.456,6.456,34.1367
10,317,27285.7033,0.0,6.7731,8.4244,8.4244,87.9639
10,318,27519.6997,0.0,7.1701,22.9015,22.9015,53.4497
10,319,28010.1715,0.0,7.0625,10.7512,10.7512,69.8816
10,320,28166.3347,0.0,2.5228,4.7069,4.7069,63.193
10,321,28231.1322,0.0,5.6194,15.6946,15.6946,48.164
10,322,28245.0688,0.0,9.8426,11.7875,11.7875,46.9794
10,323,28253.3057,0.0,4.6748,13.3303,13.3303,51.8467
10,324,28269.7784,0.0,11.9953,16.0709,16.0709,64.1737
10,325,28356.397,0.0,1.9034,3.214,3.214,45.435
10,326,28354.9413,0.0,2.4618,5.9349,5.9349,53.3673
10,327,28539.088,0.0,11.2273,20.1234,20.1234,65.154
10,328,28598.5975,0.0,5.3855,10.0016,10.0016,70.2816
10,329,28600.1139,0.0,18.7084,26.5892,26.5892,83.9386
10,330,28679.5654,0.0,6.3737,12.6739,12.6739,36.7356
10,331,28704.6579,0.0,1.4369,2.5528,2.5528,32.8682
10,332,28767.1621,0.0,2.035,8.8365,8.8365,35.6154
10,333,28963.4701,0.0,9.132,20.5136,20.5136,51.0374
10,334,29113.2277,0.0,9.8511,11.2759,11.2759,49.3048
10,335,29389.3696,0.0,13.3376,16.6964,16.6964,97.7127
10,336,29438.1068,0.0,4.1948,14.6323,14.6323,65.5503
10,337,29537.8129,0.0,10.0774,12.1509,12.1509,36.4071
10,338,29641.8557,0.0,15.8875,31.306,31.306,77.5199
10,339,29696.9493,0.0,11.0312,16.6899,16.6899,49.2436
10,340,29720.853,0.0,10.5381,14.2632,14.2632,50.5866
10,341,29804.831,0.0,8.655,15.2561,15.2561,59.7279
10,342,29895.5453,0.0,11.6001,15.7844,15.7844,80.4755
10,343,30050.4805,0.0,10.2569,23.6233,23.6233,116.5872
10,344,30139.3145,0.0,10.7117,13.7078,13.7078,62.5799
10,345,30249.6137,0.0,4.5045,10.2795,10.2795,34.2476
10,346,30264.7352,0.0,8.9847,10.1535,10.1535,38.6838
10,347,30318.5075,0.0,3.3046,18.2792,18.2792,58.0287
10,348,30333.7249,0.0,5.5521,14.2078,14.2078,32.4247
10,349,30357.6602,0.0,2.4714,4.7534,4.7534,60.7356
10,350,30420.3665,0.0,5.4668,20.1822,20.1822,65.2257
10,351,30744.1576,0.0,7.6967,18.2344,18.2344,24.7343
10,352,30780.4188,0.0,1.6328,8.0977,8.0977,92.5206
10,353,30813.4508,0.0,12.3363,14.6181,14.6181,54.599
10,354,30810.5408,0.0,10.4666,70.4666,70.4666,116.1897
10,355,30974.9444,0.0,10.5637,13.9933,13.9933,59.637
10,356,31052.2234,0.0,20.6729,21.9918,21.9918,68.3784
10,357,31107.557,0.0,4.256,21.4264,21.4264,56.7133
10,358,31235.3457,0.0,10.3617,11.7098,11.7098,62.9332
10,359,31239.9345,0.0,16.4708,22.8408,22.8408,61.2058
10,360,31371.507,0.0,10.0619,21.3562,21.3562,51.0341
10,361,31380.613,0.0,9.726,15.1048,15.1048,68.365
10,362,31441.5557,0.0,7.0552,11.8422,11.8422,53.3297
10,363,31448.5416,0.0,11.5014,64.2112,64.2112,105.2087
10,364,31615.8575,0.0,4.7431,10.6093,10.6093,98.9103
10,365,31621.726,0.0,4.5679,6.9349,6.9349,105.0987
10,366,31646.5889,0.0,5.5881,21.4776,21.4776,104.523
10,367,31856.3805,0.0,14.6694,20.5266,20.5266,69.1034
10,368,31927.5778,0.0,7.0424,11.995,11.995,43.3599
10,369,31953.3221,0.0,8.5469,10.9582,10.9582,53.5928
10,370,31979.5872,0.0,4.116,46.8963,46.8963,84.6679
10,371,32032.3985,0.0,9.359,12.5267,12.5267,41.3113
10,372,32033.6901,0.0,15.1256,17.9613,17.9613,54.5434
10,373,32190.7891,0.0,10.3967,18.459,18.459,62.3737
10,374,32242.6861,0.0,10.1418,21.7896,21.7896,67.3549
10,375,32380.2089,0.0,2.0651,4.5653,4.5653,52.6201
10,376,32378.9743,0.0,2.7976,7.6847,7.6847,58.7703
10,377,32462.6589,0.0,11.9215,12.9687,12.9687,84.7745
10,378,32525.6476,0.0,12.1999,14.8964,14.8964,65.2928
10,379,32592.0606,0.0,8.6154,12.3624,12.3624,69.4422
10,380,32596.404,0.0,10.6174,21.2659,21.2659,84.5075
10,381,32639.1146,0.0,6.3048,9.9318,9.9318,52.5987
10,382,32648.4779,0.0,11.1506,14.8369,14.8369,48.8736
10,383,32763.6402,0.0,2.2066,4.4509,4.4509,91.4582
10,384,32799.9079,0.0,8.1489,10.2738,10.2738,58.1625
10,385,32849.4604,0.0,8.2042,12.5296,12.5296,60.5238
10,386,32874.5209,0.0,4.7532,17.9596,17.9596,51.8862
10,387,32929.5586,0.0,3.3183,7.9502,7.9502,40.2346
10,388,32986.3857,0.0,3.9759,13.6587,13.6587,36.5572
10,389,33053.9346,0.0,8.0943,14.3619,14.3619,69.7123
10,390,33078.4394,0.0,11.4084,12.5504,12.5504,53.5099
10,391,33102.6166,0.0,9.5711,18.2709,18.2709,94.9882
10,392,33488.4572,0.0,4.2666,7.6266,7.6266,51.0776
10,393,33498.6212,0.0,8.1611,10.3444,10.3444,55.9853
10,394,33762.5879,0.0,1.8499,4.1836,4.1836,14.5818
10,395,33759.0033,0.0,15.2581,23.7582,23.7582,63.3113
10,396,33772.7983,0.0,11.5925,14.3589,14.3589,74.5291
10,397,33776.1971,0.0,5.387,12.7619,12.7619,101.0698
10,398,33814.4699,0.0,18.7264,31.3369,31.3369,80.3276
10,399,33954.3128,0.0,10.1667,12.9657,12.9657,35.5929
10,400,33959.0922,0.0,7.4462,11.1125,11.1125,72.2951
10,401,33957.8146,0.0,11.927,28.097,28.097,87.0968
10,402,34087.3094,0.0,12.3802,16.8994,16.8994,62.3786
10,403,34149.5156,0.0,4.1212,16.4773,16.4773,55.8065
10,404,34195.8715,0.0,9.0856,21.7275,21.7275,46.4649
10,405,34287.8457,0.0,14.3215,27.0093,27.0093,86.2942
10,406,34619.9785,0.0,8.8037,11.2294,11.2294,69.093
10,407,34897.9641,0.0,16.0902,55.1199,55.1199,135.6893
10,408,35129.8518,0.0,3.0715,5.2145,5.2145,19.4485
10,409,35213.1367,0.0,5.9602,9.1404,9.1404,31.6984
10,410,35246.7906,0.0,6.0381,10.0606,10.0606,47.1802
10,411,35279.6687,0.0,8.7025,11.1088,11.1088,56.0233
10,412,35282.5821,0.0,9.4711,14.117,14.117,68.1568
10,413,35398.5315,0.0,16.4626,21.8235,21.8235,73.8001
10,414,35635.04,0.0,2.9237,7.9766,7.9766,40.4358
10,415,35692.6207,0.0,1.6955,11.9538,11.9538,31.983
10,416,35848.0106,0.0,3.8022,7.6985,7.6985,45.7353
10,417,35894.3511,0.0,11.342,18.9543,18.9543,57.0235
10,418,35864.9593,0.0,1.8874,61.8874,61.8874,110.2015
10,419,36033.245,0.0,12.6329,17.8773,17.8773,62.4171
10,420,36278.3896,0.0,14.4692,19.5567,19.5567,53.87
10,421,36463.7495,0.0,4.1808,13.0935,13.0935,67.0454
10,422,36491.2986,0.0,15.9265,17.5343,17.5343,90.3644
10,423,36576.0869,0.0,11.4594,19.9426,19.9426,46.742
10,424,36587.927,0.0,11.0114,13.1078,13.1078,77.7932
10,425,36647.893,0.0,11.5682,14.4086,14.4086,43.2784
10,426,36667.654,0.0,7.4407,10.1412,10.1412,80.9789
10,427,36675.4533,0.0,14.5585,20.7223,20.7223,52.5365
10,428,36707.1795,0.0,3.3461,14.8139,14.8139,94.6748
10,429,36704.7517,0.0,5.955,36.0827,36.0827,68.7502
10,430,36795.357,0.0,12.4756,19.3718,19.3718,50.6303
10,431,36856.3121,0.0,9.8339,12.8001,12.8001,60.2713
10,432,36853.9981,0.0,10.5516,15.763,15.763,71.2986
10,433,36924.4241,0.0,9.4842,14.2997,14.2997,58.1127
10,434,36944.1461,0.0,11.2981,13.2644,13.2644,84.7383
10,435,36981.6388,0.0,9.6685,15.4174,15.4174,60.736
10,436,37034.6779,0.0,5.8133,11.7535,11.7535,37.3324
10,437,37107.5701,0.0,4.5091,14.7476,14.7476,35.0621
10,438,37123.8946,0.0,12.9982,27.5828,27.5828,58.9049
10,439,37219.0559,0.0,5.0581,7.8647,7.8647,34.1372
10,440,37223.0848,0.0,5.5436,16.3579,16.3579,48.9725
10,441,37219.1083,0.0,9.3277,21.0868,21.0868,61.3471
10,442,37293.7911,0.0,4.8822,7.4109,7.4109,56.4482
10,443,37302.08,0.0,6.9612,12.0205,12.0205,75.0873
10,444,37515.3599,0.0,8.5131,11.8063,11.8063,43.6936
10,445,37924.1568,0.0,2.0651,8.466,8.466,28.6683
10,446,37929.5862,0.0,5.124,12.0968,12.0968,44.8493
10,447,37970.8956,0.0,10.9469,17.2565,17.2565,44.4145
10,448,38004.3703,0.0,5.3029,15.7831,15.7831,50.9092
10,449,38014.0351,0.0,7.2503,11.9012,11.9012,50.6063
10,450,38035.66,0.0,10.5637,14.7756,14.7756,60.9458
10,451,38032.7847,0.0,12.4922,23.8167,23.8167,70.0549
10,452,38076.0097,0.0,16.4183,21.1639,21.1639,75.3707
10,453,38119.6382,0.0,5.1442,11.3779,11.3779,48.1846
10,454,38133.6672,0.0,4.2481,14.2777,14.2777,38.2575
10,455,38158.1392,0.0,14.5923,21.9778,21.9778,75.7011
10,456,38301.3735,0.0,12.2801,17.4099,17.4099,57.9884
10,457,38348.8781,0.0,3.3676,9.0348,9.0348,45.9667
10,458,38367.5627,0.0,2.2402,13.7585,13.7585,36.2654
10,459,38413.1903,0.0,8.1489,14.323,14.323,62.3137
10,460,38517.1008,0.0,11.0381,12.3499,12.3499,65.8713
10,461,38560.2816,0.0,8.5366,17.9191,17.9191,49.9563
10,462,38572.7797,0.0,10.7101,15.6277,15.6277,64.3417
10,463,38878.9768,0.0,1.9884,9.2199,9.2199,37.375
10,464,39037.3963,0.0,8.519,14.1133,14.1133,41.7402
10,465,39355.5685,0.0,12.7346,19.8251,19.8251,64.8715
10,466,39446.9855,0.0,14.9142,18.0501,18.0501,78.9565
10,467,39531.8274,0.0,12.1546,22.0924,22.0924,79.1648
10,468,39540.5633,0.0,15.4289,17.8628,17.8628,76.1195
10,469,39541.453,0.0,16.821,22.2568,22.2568,79.9201
10,470,39557.6272,0.0,10.3923,20.6905,20.6905,69.6827
10,471,39821.9398,0.0,10.2127,14.2934,14.2934,20.44
10,472,39844.3076,0.0,1.573,5.3076,5.3076,79.8469
10,473,39859.2732,0.0,10.3089,13.2625,13.2625,54.557
10,474,39920.0111,0.0,7.7138,17.8662,17.8662,94.9375
10,475,40024.1245,0.0,5.5982,10.5755,10.5755,39.0521
10,476,40099.0145,0.0,10.4462,14.749,14.749,50.0677
10,477,40123.7134,0.0,9.3883,10.9987,10.9987,34.7075
10,478,40202.3262,0.0,13.3059,22.957,22.957,59.6895
10,479,40332.6927,0.0,8.1923,11.1584,11.1584,66.2069
10,480,40369.7214,0.0,3.4614,8.4002,8.4002,48.4904
10,481,40819.5553,0.0,9.9747,13.8892,13.8892,58.6543
10,482,40876.24,0.0,3.4097,17.7861,17.7861,37.1092
10,483,40909.6298,0.0,10.3469,15.8049,15.8049,60.5957
10,484,40945.2655,0.0,7.2372,12.8119,12.8119,44.5563
10,485,40999.6741,0.0,11.4405,23.276,23.276,62.614
10,486,41085.819,0.0,8.509,11.2994,11.2994,78.361
10,487,41092.7481,0.0,13.9887,20.6772,20.6772,113.9991
10,488,41141.7067,0.0,11.108,15.9573,15.9573,85.127
10,489,41319.2013,0.0,3.117,13.671,13.671,40.5878
10,490,41353.7008,0.0,2.5134,6.072,6.072,22.9441
10,491,41343.4956,0.0,7.8048,23.5716,23.5716,50.2162
10,492,41364.5315,0.0,8.3577,13.1484,13.1484,108.9449
10,493,41389.6233,0.0,3.9316,10.6727,10.6727,67.385
10,494,41511.6449,0.0,8.2997,13.0108,13.0108,64.764
10,495,41606.821,0.0,24.1554,31.5031,31.5031,104.4235
10,496,41626.1773,0.0,19.257,26.5916,26.5916,114.5093
10,497,41715.6651,0.0,7.3991,11.2781,11.2781,33.3691
10,498,41785.8962,0.0,12.3095,15.2258,15.2258,43.0758
10,499,41872.0321,0.0,1.9448,6.7813,6.7813,48.3233
10,500,42071.6447,0.0,5.0974,7.7683,7.7683,57.1734
10,501,42140.4505,0.0,7.5391,17.5639,17.5639,50.1037
10,502,42143.3392,0.0,6.2979,44.7502,44.7502,110.7843
10,503,42363.5856,0.0,9.4842,20.9509,20.9509,72.8522
10,504,42445.7222,0.0,5.4858,10.0038,10.0038,80.261
10,505,42467.1918,0.0,7.6067,9.4287,9.4287,73.4148
10,506,42530.4031,0.0,6.3731,15.4083,15.4083,49.4984
10,507,42546.4449,0.0,10.4551,13.6778,13.6778,80.1442
10,508,42636.7194,0.0,1.0699,2.2647,2.2647,26.9006
10,509,42653.0467,0.0,15.9166,20.1553,20.1553,64.0496
10,510,42902.1246,0.0,0.8512,5.5756,5.5756,34.4514
10,511,42908.2327,0.0,8.8865,13.3085,13.3085,73.4296
10,512,42952.8756,0.0,5.1585,12.112,12.112,61.1547
10,513,43055.3468,0.0,4.1654,13.1179,13.1179,40.969
11,1,0.0,0.0,10.6136,14.7539,14.7539,35.356
11,2,94.6985,0.0,2.7491,3.9395,3.9395,28.9749
11,3,96.2358,0.0,8.6288,12.2189,12.2189,49.8315
11,4,289.8755,0.0,6.9081,10.2494,10.2494,53.4876
11,5,463.3529,0.0,13.7133,17.5006,17.5006,61.2672
11,6,461.4041,0.0,17.584,22.2947,22.2947,54.6903
11,7,479.7267,0.0,9.3483,10.8691,10.8691,79.2501
11,8,564.287,0.0,13.1473,30.7992,30.7992,66.6828
11,9,621.2676,0.0,26.5293,30.3694,30.3694,81.2508
11,10,680.329,0.0,4.0302,12.6511,12.6511,40.624
11,11,694.6924,0.0,19.7902,21.9288,21.9288,39.0488
11,12,727.8574,0.0,5.0756,8.3264,8.3264,82.0617
11,13,1037.2754,0.0,12.1077,19.0812,19.0812,75.8791
11,14,1046.0521,0.0,12.857,20.5456,20.5456,91.0269
11,15,1087.0379,0.0,7.3942,11.9085,11.9085,60.5072
11,16,1084.2095,0.0,11.4426,15.3127,15.3127,63.1133
11,17,1135.1457,0.0,11.0891,13.6442,13.6442,46.5618
11,18,1307.8442,0.0,7.5243,17.3843,17.3843,60.905
11,19,1965.052,0.0,11.9395,15.8381,15.8381,65.6463
11,20,2151.2996,0.0,13.3964,19.4238,19.4238,68.7224
11,21,2215.7547,0.0,13.97,17.2274,17.2274,60.9626
11,22,2207.0886,0.0,20.4725,28.3476,28.3476,86.3516
11,23,2354.7292,0.0,4.2107,8.1409,8.1409,52.2827
11,24,2372.5228,0.0,9.5603,15.1981,15.1981,64.0909
11,25,2399.8254,0.0,12.9106,19.2802,19.2802,64.555
11,26,2462.8477,0.0,24.3236,26.7332,26.7332,66.8868
11,27,2511.2068,0.0,11.1395,18.7674,18.7674,50.487
11,28,2643.7017,0.0,12.2953,16.1286,16.1286,80.1858
11,29,2722.6978,0.0,9.3478,11.5267,11.5267,47.0577
11,30,2783.4612,0.0,14.5015,18.3477,18.3477,58.343
11,31,2817.6321,0.0,19.2025,28.2661,28.2661,54.8186
11,32,2847.4469,0.0,3.179,10.1802,10.1802,122.1986
11,33,2958.7902,0.0,7.8124,16.4879,16.4879,54.7677
11,34,3096.6941,0.0,12.614,15.7758,15.7758,57.205
11,35,3202.9724,0.0,3.3602,31.3073,31.3073,67.9238
11,36,3323.4366,0.0,2.7071,7.441,7.441,50.6213
11,37,3374.8092,0.0,11.2414,12.4644,12.4644,49.3774
11,38,3371.3256,0.0,24.0282,26.9485,26.9485,93.7876
11,39,3411.5556,0.0,4.02,6.7169,6.7169,72.7998
11,40,3415.9676,0.0,11.8056,17.6801,17.6801,75.2333
11,41,3493.5867,0.0,5.2363,11.7727,11.7727,74.07
11,42,3508.3787,0.0,14.4645,34.4499,34.4499,117.0359
11,43,3676.1411,0.0,21.8851,35.6104,35.6104,76.7111
11,44,3761.0526,0.0,19.7902,26.5122,26.5122,65.1497
11,45,3866.377,0.0,15.9165,20.7623,20.7623,67.5168
11,46,3921.5673,0.0,6.5998,20.9676,20.9676,64.0078
11,47,4071.6848,0.0,9.007,15.8264,15.8264,66.234
11,48,4082.8755,0.0,13.3437,18.969,18.969,73.5634
11,49,4195.9288,0.0,9.8738,11.3448,11.3448,59.7928
11,50,4222.5129,0.0,6.1811,12.393,12.393,68.2925
11,51,4243.505,0.0,4.8822,15.6034,15.6034,54.3706
11,52,4348.0601,0.0,8.8612,15.7875,15.7875,82.3788
11,53,4455.8655,0.0,2.9435,24.3704,24.3704,45.9995
11,54,4548.0889,0.0,2.4714,4.9163,4.9163,44.1542
11,55,4541.8468,0.0,16.5526,18.7844,18.7844,73.9123
11,56,4575.0027,0.0,2.7783,5.9068,5.9068,123.4092
11,57,4638.2197,0.0,5.6105,22.5202,22.5202,58.3467
11,58,5094.0274,0.0,11.4861,24.9662,24.9662,57.1769
11,59,5117.3605,0.0,12.5857,17.4465,17.4465,54.7723
11,60,5186.7291,0.0,1.6328,9.0746,9.0746,84.963
11,61,5296.367,0.0,4.444,8.9277,8.9277,46.562
11,62,5429.3708,0.0,12.1369,14.4824,14.4824,65.4162
11,63,5438.8899,0.0,17.3499,21.4589,21.4589,76.2006
11,64,5478.5903,0.0,12.3061,15.6808,15.6808,61.6507
11,65,5685.7329,0.0,10.3227,17.0213,17.0213,56.1966
11,66,6205.7165,0.0,14.1932,20.4352,20.4352,102.2752
11,67,6438.3037,0.0,1.9267,3.2199,3.2199,35.1764
11,68,6493.7271,0.0,14.0924,24.0552,24.0552,57.5131
11,69,6500.4211,0.0,13.4666,24.9983,24.9983,53.1991
11,70,6846.4542,0.0,6.4192,12.7592,12.7592,58.9233
11,71,6880.3074,0.0,5.2761,8.163,8.163,43.8481
11,72,6938.2376,0.0,4.4248,21.4167,21.4167,43.126
11,73,7060.9857,0.0,9.9902,20.9282,20.9282,80.6198
11,74,7101.8597,0.0,13.9108,18.8976,18.8976,55.7511
11,75,7134.6169,0.0,8.1916,36.4967,36.4967,81.0236
11,76,7238.0842,0.0,7.69,17.9643,17.9643,64.8059
11,77,7484.1438,0.0,3.2662,8.238,8.238,37.4422
11,78,7561.0015,0.0,3.2977,5.7107,5.7107,35.2347
11,79,7891.3083,0.0,5.026,10.2592,10.2592,35.9242
11,80,7997.8259,0.0,6.3297,11.6993,11.6993,40.0062
11,81,8144.5649,0.0,4.9654,6.3709,6.3709,51.54
11,82,8281.8104,0.0,1.714,18.7301,18.7301,150.8241
11,83,8330.6463,0.0,5.6625,11.6437,11.6437,107.3655
11,84,8336.4384,0.0,23.7793,25.5392,25.5392,104.193
11,85,8560.3112,0.0,2.5705,8.1847,8.1847,46.09
11,86,8644.1099,0.0,7.6351,12.9126,12.9126,52.9245
11,87,8659.5316,0.0,11.9272,17.0585,17.0585,83.9729
11,88,8726.345,0.0,9.3632,56.8096,56.8096,77.4566
11,89,8807.2234,0.0,10.2574,20.8497,20.8497,63.2722
11,90,8997.9556,0.0,3.2253,7.1466,7.1466,38.3457
11,91,8998.0725,0.0,18.2069,23.473,23.473,48.9267
11,92,9038.4671,0.0,5.2405,16.0222,16.0222,97.4179
11,93,9067.3115,0.0,7.0064,15.8874,15.8874,50.3939
11,94,9126.2649,0.0,8.187,17.1249,17.1249,47.5655
11,95,9286.5442,0.0,17.4229,24.7488,24.7488,75.5784
11,96,9466.5659,0.0,3.9016,9.5964,9.5964,53.5211
11,97,9467.899,0.0,8.1368,13.0791,13.0791,62.3004
11,98,9507.9929,0.0,16.4094,24.1752,24.1752,53.9986
11,99,9680.5685,0.0,2.3976,5.8059,5.8059,28.1931
11,100,9711.1621,0.0,10.1317,13.2239,13.2239,80.5747
11,101,9741.8091,0.0,3.8128,4.5899,4.5899,64.9664
11,102,9918.8155,0.0,5.1602,10.1259,10.1259,29.2939
11,103,9991.82,0.0,7.7116,14.2147,14.2147,44.1721
11,104,10030.9368,0.0,10.2425,13.9507,13.9507,88.1495
11,105,10330.971,0.0,6.749,10.2987,10.2987,34.169
11,106,10467.7121,0.0,5.3733,56.4722,56.4722,105.0839
11,107,10707.2447,0.0,3.8492,8.5532,8.5532,30.7953
11,108,10705.7221,0.0,20.9482,23.3887,23.3887,80.7466
11,109,10800.1143,0.0,1.9858,10.3227,10.3227,24.8055
11,110,10884.3966,0.0,7.8717,10.3271,10.3271,32.2048
11,111,10975.2137,0.0,16.9536,18.0344,18.0344,49.3485
11,112,11004.457,0.0,11.2322,16.5803,16.5803,74.3636
11,113,11082.1864,0.0,8.8865,16.6245,16.6245,48.1851
11,114,11227.2776,0.0,2.0621,9.0312,9.0312,31.7718
11,115,11335.96,0.0,10.3133,15.1716,15.1716,47.9225
11,116,11449.3939,0.0,2.0976,7.2724,7.2724,75.9211
11,117,11989.6241,0.0,13.9903,16.5941,16.5941,77.0986
11,118,12011.9662,0.0,12.5557,22.7927,22.7927,72.3955
11,119,12184.3735,0.0,6.2581,9.4834,9.4834,32.9515
11,120,12188.0919,0.0,23.237,27.0651,27.0651,47.1852
11,121,12202.7602,0.0,8.1368,14.4386,14.4386,45.4943
11,122,12211.2267,0.0,6.2971,15.8602,15.8602,75.0291
11,123,12292.5834,0.0,10.7491,16.3494,16.3494,48.2909
11,124,12319.5476,0.0,0.4874,3.785,3.785,37.7871
11,125,12328.1702,0.0,1.5438,10.801,10.801,39.9954
11,126,12331.8614,0.0,16.0024,20.9696,20.9696,54.7505
11,127,12331.1094,0.0,21.5202,29.9025,29.9025,37.5808
11,128,12368.9439,0.0,10.7108,15.04,15.04,87.8038
11,129,12372.8919,0.0,10.7453,17.8085,17.8085,60.3485
11,130,12450.4116,0.0,2.7763,9.4314,9.4314,31.4434
11,131,12440.7248,0.0,19.2619,22.1165,22.1165,91.5788
11,132,12686.9037,0.0,13.9616,19.9926,19.9926,40.6063
11,133,12706.1331,0.0,6.777,11.22,11.22,71.84
11,134,12738.3038,0.0,9.726,29.405,29.405,41.213
11,135,12758.038,0.0,2.9166,13.2888,13.2888,86.1867
11,136,12795.3944,0.0,7.3244,10.4478,10.4478,43.275
11,137,13088.3062,0.0,18.1947,20.9309,20.9309,85.2318
11,138,13107.558,0.0,18.3353,24.2224,24.2224,87.4642
11,139,13209.0057,0.0,6.1692,12.6162,12.6162,48.2556
11,140,13309.6721,0.0,7.0166,10.3471,10.3471,66.9252
11,141,13596.0109,0.0,14.2519,20.1736,20.1736,81.5094
11,142,13612.9768,0.0,10.6039,17.948,17.948,40.5927
11,143,13657.8145,0.0,5.7525,10.7079,10.7079,95.0495
11,144,13659.126,0.0,14.2127,33.4582,33.4582,61.6356
11,145,13744.809,0.0,5.5479,11.5719,11.5719,33.2501
11,146,13743.0925,0.0,15.203,27.4562,27.4562,87.64
11,147,13767.799,0.0,9.5879,12.6514,12.6514,91.8973
11,148,13834.8583,0.0,3.6279,10.0606,10.0606,48.9798
11,149,13869.8484,0.0,11.2099,13.2562,13.2562,44.0975
11,150,13968.8512,0.0,8.2016,13.2239,13.2239,57.1389
11,151,13988.8748,0.0,10.5068,17.1574,17.1574,73.4955
11,152,14137.2486,0.0,19.2878,22.2958,22.2958,80.8497
11,153,14191.9309,0.0,18.257,22.1057,22.1057,69.1663
11,154,14306.9049,0.0,11.132,19.3687,19.3687,67.8155
11,155,14469.4165,0.0,7.6171,11.9469,11.9469,50.94
11,156,15002.4991,0.0,23.4326,31.5039,31.5039,86.3787
11,157,15144.9396,0.0,10.8628,22.429,22.429,90.6017
11,158,15169.0547,0.0,9.0762,15.299,15.299,74.8108
11,159,15227.3667,0.0,12.8568,16.4454,16.4454,52.1926
11,160,15264.1577,0.0,14.0846,16.6827,16.6827,57.7742
11,161,15291.9423,0.0,12.6033,16.3723,16.3723,61.561
11,162,15479.5255,0.0,8.2104,18.3576,18.3576,60.4738
11,163,15514.3064,0.0,11.078,13.543,13.543,60.4922
11,164,15609.5428,0.0,5.9615,16.7648,16.7648,60.3694
11,165,15620.7537,0.0,7.6694,11.8277,11.8277,101.9541
11,166,15747.6455,0.0,6.6357,9.8082,9.8082,60.4507
11,167,15761.9951,0.0,8.3329,25.4113,25.4113,61.6409
11,168,15993.9259,0.0,14.0165,20.5912,20.5912,57.7468
11,169,16023.551,0.0,4.2666,7.5862,7.5862,58.9958
11,170,16084.1493,0.0,4.5205,24.7698,24.7698,54.4377
11,171,16209.2699,0.0,12.7795,19.6031,19.6031,70.4822
11,172,16257.5311,0.0,7.1538,13.2145,13.2145,51.2528
11,173,16268.0051,0.0,10.3135,12.0544,12.0544,66.4904
11,174,16415.6279,0.0,5.5255,25.7725,25.7725,58.6145
11,175,16479.8184,0.0,11.3141,17.0345,17.0345,60.9937
11,176,16478.1037,0.0,16.0671,19.9272,19.9272,80.1819
11,177,16553.7155,0.0,5.5166,17.4435,17.4435,57.4268
11,178,16576.7038,0.0,8.5787,10.6181,10.6181,48.1924
11,179,16602.0606,0.0,5.6431,11.32,11.32,74.0871
11,180,16707.0873,0.0,22.276,24.2414,24.2414,41.6856
11,181,16736.381,0.0,4.8828,16.4148,16.4148,77.0534
11,182,16761.9683,0.0,5.6847,7.7587,7.7587,68.6182
11,183,16812.8036,0.0,11.299,14.9263,14.9263,47.8334
11,184,16866.9501,0.0,11.2459,15.5775,15.5775,48.5433
11,185,16895.3334,0.0,8.8919,12.8265,12.8265,25.3838
11,186,16910.0671,0.0,5.8733,10.4193,10.4193,51.0164
11,187,16918.948,0.0,2.3653,9.1931,9.1931,38.3833
11,188,16968.4374,0.0,8.0404,21.7147,21.7147,66.9159
11,189,16989.3906,0.0,13.7354,16.1704,16.1704,56.8706
11,190,16985.2348,0.0,18.5234,25.3795,25.3795,102.026
11,191,17158.6078,0.0,5.3613,6.2375,6.2375,31.4065
11,192,17155.0069,0.0,12.3342,18.346,18.346,55.434
11,193,17477.2422,0.0,2.909,6.4716,6.4716,44.4904
11,194,17665.4715,0.0,5.9916,15.9449,15.9449,40.9857
11,195,17736.3247,0.0,7.3873,12.4866,12.4866,46.5309
11,196,17800.2337,0.0,16.1712,25.0041,25.0041,78.7909
11,197,17922.8844,0.0,5.8157,10.1822,10.1822,30.6753
11,198,17928.3857,0.0,9.468,13.8137,13.8137,48.2487
11,199,18053.6371,0.0,2.5454,8.1874,8.1874,53.5383
11,200,18053.628,0.0,13.3146,18.2002,18.2002,60.5291
11,201,18079.5683,0.0,8.3969,13.1533,13.1533,39.1613
11,202,18126.816,0.0,6.8475,15.5432,15.5432,62.4166
11,203,18162.4432,0.0,21.471,26.851,26.851,80.6542
11,204,18226.9393,0.0,7.6341,15.9001,15.9001,86.4604
11,205,18297.2057,0.0,4.3976,6.2239,6.2239,35.4922
11,206,18337.1811,0.0,5.7522,17.3882,17.3882,83.9159
11,207,18441.7023,0.0,10.4841,15.9699,15.9699,97.9711
11,208,18537.5734,0.0,7.305,11.3778,11.3778,47.2225
11,209,18541.271,0.0,9.2163,11.3745,11.3745,69.8057
11,210,18569.7847,0.0,8.2803,16.3253,16.3253,53.1302
11,211,18999.561,0.0,10.931,15.9945,15.9945,43.4077
11,212,19001.7039,0.0,2.9239,16.4481,16.4481,69.7386
11,213,19011.0043,0.0,9.6521,11.8784,11.8784,124.5062
11,214,19148.1548,0.0,3.556,6.9917,6.9917,31.5428
11,215,19239.5627,0.0,1.8857,11.5864,11.5864,45.2834
11,216,19355.9052,0.0,4.3059,8.6488,8.6488,48.8908
11,217,19350.9147,0.0,12.0859,25.0516,25.0516,102.3688
11,218,19379.9232,0.0,9.4094,11.6265,11.6265,76.5085
11,219,19391.4567,0.0,6.7554,10.5416,10.5416,100.3749
11,220,19499.2176,0.0,6.6425,10.0255,10.0255,31.6979
11,221,19492.6192,0.0,12.5887,27.4895,27.4895,95.045
11,222,19582.8197,0.0,0.9672,6.532,6.532,98.6533
11,223,19618.9768,0.0,20.9091,26.8092,26.8092,53.3215
11,224,19634.1346,0.0,13.1876,21.6616,21.6616,84.8748
11,225,19770.9488,0.0,11.4265,15.5826,15.5826,82.4894
11,226,19765.3856,0.0,20.7943,23.6216,23.6216,129.8203
11,227,19887.5942,0.0,3.179,5.2537,5.2537,35.5656
11,228,19918.5946,0.0,13.8218,17.8883,17.8883,78.3815
11,229,19959.525,0.0,10.9508,13.3865,13.3865,72.9848
11,230,20100.3537,0.0,5.3565,8.2619,8.2619,42.5065
11,231,20096.5575,0.0,17.286,33.3815,33.3815,74.0788
11,232,20401.1779,0.0,5.5204,24.6785,24.6785,54.227
11,233,20708.4537,0.0,18.7605,25.9488,25.9488,77.7327
11,234,20755.7598,0.0,22.5478,28.5703,28.5703,105.5413
11,235,20830.2792,0.0,3.2827,7.9895,7.9895,36.9638
11,236,21006.8071,0.0,12.1999,16.0058,16.0058,64.999
11,237,21145.0589,0.0,18.4107,23.252,23.252,69.8305
11,238,21187.1224,0.0,2.2753,6.4462,6.4462,123.9528
11,239,21403.9177,0.0,11.7934,15.3664,15.3664,54.6654
11,240,21478.1337,0.0,3.1579,5.5815,5.5815,38.1228
11,241,21498.4816,0.0,8.574,13.2419,13.2419,67.8049
11,242,21814.5066,0.0,3.3732,7.5362,7.5362,27.9034
11,243,21965.0998,0.0,4.2553,7.7197,7.7197,40.6113
11,244,22084.3973,0.0,3.4948,10.4918,10.4918,35.1516
11,245,22120.5988,0.0,3.5331,4.5849,4.5849,39.9831
11,246,22171.2118,0.0,4.6897,21.6967,21.6967,47.9371
11,247,22212.5444,0.0,24.7366,27.9666,27.9666,103.2904
11,248,22222.8782,0.0,25.5409,33.2354,33.2354,60.7291
11,249,22281.3313,0.0,10.254,16.367,16.367,136.9514
11,250,22301.9426,0.0,13.849,14.5415,14.5415,76.7438
11,251,22341.962,0.0,22.6753,28.9852,28.9852,76.091
11,252,22398.8779,0.0,4.9459,12.1289,12.1289,46.4086
11,253,22397.8974,0.0,7.8215,14.7963,14.7963,63.671
11,254,22436.1543,0.0,2.3868,8.6945,8.6945,35.9627
11,255,22435.7618,0.0,9.1388,10.7809,10.7809,79.234
11,256,22475.6316,0.0,7.6959,13.6353,13.6353,47.0189
11,257,22499.9896,0.0,9.8398,13.8638,13.8638,52.856
11,258,23095.2397,0.0,4.046,6.875,6.875,61.5456
11,259,23184.1152,0.0,8.8612,18.4691,18.4691,41.7806
11,260,23498.1474,0.0,12.2399,14.0533,14.0533,26.9989
11,261,23505.318,0.0,6.6588,12.5052,12.5052,44.7915
11,262,23587.3938,0.0,4.1399,9.1079,9.1079,76.0015
11,263,23602.9425,0.0,1.9926,25.7753,25.7753,77.2497
11,264,23689.3634,0.0,25.1698,33.294,33.294,87.6712
11,265,23755.7781,0.0,8.4757,11.5916,11.5916,67.9365
11,266,23852.8358,0.0,24.7366,32.2432,32.2432,83.017
11,267,23998.1231,0.0,9.5115,20.3337,20.3337,53.8472
11,268,24055.9923,0.0,7.766,10.4263,10.4263,43.5295
11,269,24130.0686,0.0,10.1861,11.887,11.887,42.6509
11,270,24166.9574,0.0,11.4265,13.8652,13.8652,48.2002
11,271,24296.6259,0.0,17.0037,22.2543,22.2543,69.0033
11,272,24400.7121,0.0,5.1641,9.9005,9.9005,43.5425
11,273,24624.1806,0.0,5.5016,7.7477,7.7477,26.3964
11,274,24840.2711,0.0,11.8295,16.9279,16.9279,56.9533
11,275,24933.3254,0.0,5.2148,8.925,8.925,92.636
11,276,24942.0058,0.0,5.4354,7.4281,7.4281,115.9187
11,277,24960.3177,0.0,6.3518,8.7012,8.7012,98.1597
11,278,25014.1291,0.0,5.2471,7.2819,7.2819,66.0185
11,279,25177.2166,0.0,6.0044,11.1671,11.1671,62.0117
11,280,25203.3957,0.0,5.2512,8.7221,8.7221,59.4974
11,281,25283.1578,0.0,12.1025,18.2998,18.2998,45.4315
11,282,25304.6779,0.0,22.8343,33.4365,33.4365,36.0467
11,283,25340.7513,0.0,5.3114,19.8886,19.8886,88.633
11,284,25443.6277,0.0,2.9445,30.0718,30.0718,51.3218
11,285,25850.7732,0.0,3.2697,5.9133,5.9133,55.4116
11,286,25909.1939,0.0,5.7684,6.9095,6.9095,38.2751
11,287,25909.1581,0.0,4.7583,8.794,8.794,57.7834
11,288,25927.6189,0.0,6.7968,11.9609,11.9609,43.6619
11,289,25973.6274,0.0,7.4426,14.5544,14.5544,44.3402
11,290,26391.7222,0.0,8.0867,10.6503,10.6503,46.7395
11,291,26615.544,0.0,7.3957,11.7504,11.7504,46.2014
11,292,26621.5564,0.0,7.0485,20.3341,20.3341,47.7488
11,293,26775.394,0.0,21.7842,29.0469,29.0469,77.7213
11,294,26822.697,0.0,21.8838,24.4893,24.4893,80.2988
11,295,26938.8858,0.0,13.0417,18.1406,18.1406,70.8153
11,296,27011.3897,0.0,7.3904,11.0155,11.0155,56.3411
11,297,27024.2018,0.0,7.3991,12.495,12.495,61.121
11,298,27064.5766,0.0,3.8088,9.5647,9.5647,33.6962
11,299,27071.4605,0.0,5.4489,7.7049,7.7049,56.0815
11,300,27084.5789,0.0,13.0992,17.7029,17.7029,84.5449
11,301,27145.4719,0.0,3.0684,13.4893,13.4893,42.9261
11,302,27231.7784,0.0,1.6919,5.2556,5.2556,34.6733
11,303,27514.4634,0.0,10.4285,16.359,16.359,74.027
11,304,27556.6627,0.0,7.6643,11.2665,11.2665,43.3888
11,305,27700.657,0.0,2.7264,6.3329,6.3329,38.0762
11,306,27673.3769,0.0,20.4049,41.8509,41.8509,95.5618
11,307,27866.1125,0.0,10.0004,15.1725,15.1725,76.9665
11,308,27891.1829,0.0,20.4725,20.7917,20.7917,70.0241
11,309,28023.4896,0.0,9.3683,10.6904,10.6904,45.949
11,310,28133.1975,0.0,4.7228,7.3665,7.3665,43.6122
11,311,28415.4423,0.0,14.3215,20.4396,20.4396,66.3073
11,312,28459.4015,0.0,6.9907,16.385,16.385,47.8606
11,313,28547.9354,0.0,12.4568,15.1558,15.1558,55.7658
11,314,28637.5851,0.0,11.3442,18.5835,18.5835,59.6099
11,315,28785.0138,0.0,2.5834,4.9995,4.9995,37.6656
11,316,29064.4223,0.0,15.8892,20.2292,20.2292,57.4593
11,317,29171.3737,0.0,4.1188,7.9658,7.9658,47.2143
11,318,29334.8934,0.0,6.4862,13.0846,13.0846,74.8028
11,319,29324.7342,0.0,7.5936,50.9413,50.9413,98.3277
11,320,29575.8163,0.0,14.0175,24.6538,24.6538,76.3808
11,321,29561.9468,0.0,14.5065,41.5165,41.5165,75.6929
11,322,29673.2671,0.0,11.531,16.8737,16.8737,52.2518
11,323,29698.061,0.0,8.2946,17.6105,17.6105,53.2318
11,324,29739.6437,0.0,9.7919,15.8246,15.8246,41.284
11,325,29756.2471,0.0,12.7303,16.3697,16.3697,42.6189
11,326,30005.2255,0.0,15.0625,18.7342,18.7342,76.6266
11,327,30228.8527,0.0,10.4592,12.7227,12.7227,61.8215
11,328,30195.8957,0.0,14.8687,54.7453,54.7453,105.0999
11,329,30266.2689,0.0,15.1332,19.112,19.112,65.3843
11,330,30433.0999,0.0,16.8245,20.8157,20.8157,56.4276
11,331,30444.0169,0.0,13.3931,27.3526,27.3526,70.9682
11,332,30562.7016,0.0,8.3695,18.5318,18.5318,79.8173
11,333,30630.7599,0.0,3.704,6.657,6.657,21.3069
11,334,30688.5663,0.0,7.2663,10.1188,10.1188,63.1581
11,335,30828.6888,0.0,12.1433,18.71,18.71,45.2309
11,336,30854.4832,0.0,9.1302,16.5284,16.5284,43.0448
11,337,30880.2068,0.0,6.9939,26.3729,26.3729,69.2949
11,338,31020.4187,0.0,8.2242,14.6445,14.6445,59.0862
11,339,31127.8248,0.0,15.7787,29.499,29.499,69.7158
11,340,31136.3364,0.0,17.9267,55.6335,55.6335,47.7516
11,341,31168.4599,0.0,7.6923,27.261,27.261,93.7166
11,342,31373.9734,0.0,9.7764,16.0855,16.0855,53.2588
11,343,31381.6744,0.0,23.3341,33.8584,33.8584,85.016
11,344,31433.9831,0.0,4.1125,12.6039,12.6039,42.9116
11,345,31499.6487,0.0,7.6315,12.8865,12.8865,52.428
11,346,31548.1796,0.0,11.0068,16.732,16.732,86.1387
11,347,31548.7347,0.0,14.22,20.7905,20.7905,91.571
11,348,31641.8002,0.0,6.0815,13.65,13.65,58.8655
11,349,31620.6746,0.0,9.6651,35.0256,35.0256,71.946
11,350,31709.6995,0.0,7.7197,13.7095,13.7095,42.6992
11,351,31714.0176,0.0,11.1459,17.2645,17.2645,44.1169
11,352,31822.6559,0.0,7.4448,9.6923,9.6923,42.1846
11,353,31858.1818,0.0,10.438,16.0764,16.0764,41.595
11,354,31901.3018,0.0,7.8467,14.9543,14.9543,77.6866
11,355,32182.9442,0.0,4.1259,17.2665,17.2665,43.5908
11,356,32195.2481,0.0,5.4578,12.3092,12.3092,37.5582
11,357,32343.7348,0.0,10.1132,12.7486,12.7486,47.5717
11,358,32363.3751,0.0,24.8568,28.8376,28.8376,91.8566
11,359,32431.0351,0.0,15.123,21.6091,21.6091,57.8767
11,360,32462.5912,0.0,7.8961,10.8011,10.8011,76.0555
11,361,32612.6356,0.0,21.9078,30.6019,30.6019,51.1596
11,362,32641.6781,0.0,3.2172,8.8068,8.8068,92.8018
11,363,32719.2388,0.0,7.0505,9.696,9.696,70.8845
11,364,32702.6858,0.0,24.6736,29.019,29.019,97.8356
11,365,32944.1336,0.0,5.3968,18.7128,18.7128,46.2744
11,366,33041.7539,0.0,4.7593,10.0113,10.0113,83.5225
11,367,33131.1919,0.0,5.9831,9.4974,9.4974,58.5329
11,368,33317.0003,0.0,5.0198,11.854,11.854,52.1491
11,369,33365.5241,0.0,2.7006,39.7165,39.7165,95.2144
11,370,33470.9454,0.0,5.3261,14.0248,14.0248,52.7283
11,371,33574.6942,0.0,3.2755,7.9989,7.9989,57.7133
11,372,33642.5181,0.0,13.97,18.2134,18.2134,46.0967
11,373,33656.7647,0.0,25.7184,34.3422,34.3422,79.6843
11,374,33702.9644,0.0,22.9046,27.5085,27.5085,83.1726
11,375,33779.6241,0.0,4.1948,5.7038,5.7038,35.3075
11,376,33871.0247,0.0,5.8157,21.8189,21.8189,71.0285
11,377,33943.8004,0.0,9.2078,17.082,17.082,37.2479
11,378,33964.0805,0.0,10.9765,12.5033,12.5033,135.097
11,379,33978.8465,0.0,8.9962,14.08,14.08,135.6911
11,380,34269.5099,0.0,21.4668,28.9271,28.9271,91.6772
11,381,34375.3226,0.0,3.736,6.1562,6.1562,31.3815
11,382,34979.6172,0.0,12.3405,16.2677,16.2677,75.6994
11,383,35146.2497,0.0,15.9659,19.2961,19.2961,75.1857
11,384,35197.0948,0.0,10.8588,29.4472,29.4472,92.5604
11,385,35578.9679,0.0,9.8731,12.3623,12.3623,64.3405
11,386,35604.6516,0.0,17.4153,20.4726,20.4726,70.4699
11,387,35624.3759,0.0,10.18,17.4477,17.4477,60.9345
11,388,35748.6634,0.0,11.1616,28.6129,28.6129,80.9382
11,389,35870.649,0.0,5.8454,11.3872,11.3872,67.748
11,390,36116.4365,0.0,4.8565,7.3872,7.3872,58.1595
11,391,36323.1606,0.0,7.5848,21.9776,21.9776,55.7719
11,392,36419.2341,0.0,7.4993,12.9258,12.9258,47.7627
11,393,36470.5494,0.0,11.1937,15.8202,15.8202,54.7304
11,394,36654.5517,0.0,13.3373,16.4878,16.4878,49.8199
11,395,36729.6901,0.0,7.4641,13.212,13.212,34.9142
11,396,36821.3548,0.0,10.3227,13.2262,13.2262,67.6466
11,397,36828.7197,0.0,9.067,15.5487,15.5487,68.3325
11,398,36856.2405,0.0,10.5743,48.3011,48.3011,105.2672
11,399,36889.8633,0.0,16.1047,24.8152,24.8152,76.6598
11,400,36928.8741,0.0,4.1592,8.8483,8.8483,60.0798
11,401,37133.6017,0.0,6.619,13.6815,13.6815,47.6957
11,402,37140.688,0.0,4.0445,7.1521,7.1521,53.7126
11,403,37285.7854,0.0,3.2967,5.8024,5.8024,61.4625
11,404,37520.4576,0.0,9.0055,13.5542,13.5542,52.6393
11,405,37558.1886,0.0,8.5283,12.3569,12.3569,44.852
11,406,37810.9023,0.0,19.8767,27.5914,27.5914,86.2601
11,407,37885.3722,0.0,5.6105,10.0576,10.0576,57.1177
11,408,38040.5689,0.0,10.2953,19.107,19.107,82.2559
11,409,38179.9751,0.0,10.7604,14.6418,14.6418,58.0692
11,410,38213.6494,0.0,9.2078,16.3643,16.3643,82.1523
11,411,38227.6329,0.0,12.9846,24.3435,24.3435,91.5722
11,412,38293.0571,0.0,25.9463,30.2497,30.2497,87.2979
11,413,38479.6413,0.0,4.9766,6.8657,6.8657,34.506
11,414,38486.8119,0.0,12.3708,19.062,19.062,63.2529
11,415,38735.8347,0.0,3.4682,5.8227,5.8227,41.3015
11,416,38898.9766,0.0,17.0689,19.0894,19.0894,39.5067
11,417,38929.9446,0.0,8.3469,13.4439,13.4439,108.2593
11,418,39432.7194,0.0,13.6819,19.3075,19.3075,71.6459
11,419,39491.9305,0.0,5.5255,10.8115,10.8115,55.9925
11,420,39562.5261,0.0,7.5904,20.3807,20.3807,74.0872
11,421,39608.873,0.0,17.3146,27.0797,27.0797,101.3568
11,422,39735.2939,0.0,5.0128,9.7019,9.7019,35.9982
11,423,39774.3763,0.0,9.4603,15.2567,15.2567,44.5845
11,424,39786.5127,0.0,5.0236,10.7401,10.7401,38.3522
11,425,39886.7055,0.0,19.4502,26.7172,26.7172,85.8785
11,426,40013.0317,0.0,7.8476,9.9949,9.9949,46.9544
11,427,40052.4822,0.0,4.7593,6.794,6.794,26.0934
11,428,40075.1728,0.0,2.1218,5.2663,5.2663,26.8096
11,429,40154.1367,0.0,2.4553,8.1745,8.1745,34.0219
11,430,40249.1683,0.0,11.7169,15.362,15.362,79.6473
11,431,40384.5083,0.0,7.4394,12.9549,12.9549,50.8155
11,432,40396.2221,0.0,3.3602,9.2004,9.2004,46.0059
11,433,40565.11,0.0,12.951,15.0777,15.0777,61.3249
11,434,40566.7391,0.0,12.5708,18.201,18.201,89.4132
11,435,40654.2574,0.0,3.7966,6.1496,6.1496,59.3968
11,436,40843.6277,0.0,3.8347,16.9679,16.9679,37.6904
11,437,40866.6513,0.0,12.6037,18.5993,18.5993,22.406
11,438,40886.1902,0.0,0.5992,5.4476,5.4476,52.3683
11,439,41001.038,0.0,4.4236,8.9253,8.9253,57.1417
11,440,41190.3259,0.0,11.4912,17.0605,17.0605,81.4225
11,441,41227.4969,0.0,12.8641,21.0893,21.0893,73.0672
11,442,41255.092,0.0,17.4248,18.7498,18.7498,51.5135
11,443,41351.7385,0.0,1.714,14.0713,14.0713,52.0274
11,444,41442.8429,0.0,4.4184,14.9357,14.9357,64.4904
11,445,41472.1424,0.0,5.3119,14.1603,14.1603,58.3524
11,446,41559.9568,0.0,5.0751,11.822,11.822,48.1209
11,447,41600.2398,0.0,11.4512,15.7334,15.7334,40.295
11,448,41630.0182,0.0,7.4586,9.4637,9.4637,59.8749
11,449,41640.057,0.0,5.8915,9.7679,9.7679,89.6074
11,450,41696.5121,0.0,11.078,22.8506,22.8506,80.1788
11,451,41838.3436,0.0,6.0262,17.1913,17.1913,49.6916
11,452,42183.2702,0.0,7.1593,11.4682,11.4682,106.607
11,453,42323.0926,0.0,15.2078,17.6217,17.6217,99.7761
11,454,42487.0893,0.0,5.1504,11.9249,11.9249,41.6695
11,455,42505.9186,0.0,4.2224,13.0963,13.0963,51.21
11,456,42527.0117,0.0,3.8492,11.8721,11.8721,42.2518
11,457,42524.3063,0.0,9.2068,15.113,15.113,47.6504
11,458,42526.9046,0.0,10.7488,13.9586,13.9586,60.9389
11,459,42521.2304,0.0,19.514,24.599,24.599,64.8042
11,460,42606.4466,0.0,9.1044,14.86,14.86,49.2522
11,461,42725.8089,0.0,14.5743,19.556,19.556,69.1007
11,462,42799.5927,0.0,10.8213,33.8203,33.8203,88.9362
11,463,43155.315,0.0,5.6123,10.5566,10.5566,71.7821
12,1,0.0,0.0,16.8245,22.844,22.844,69.2597
12,2,311.2995,0.0,3.2629,8.2545,8.2545,55.469
12,3,393.9118,0.0,3.6305,7.936,7.936,25.8476
12,4,398.2539,0.0,5.2407,10.909,10.909,46.7451
12,5,410.1777,0.0,8.4277,11.4304,11.4304,58.6132
12,6,455.0447,0.0,4.4878,9.1776,9.1776,63.0053
12,7,511.3291,0.0,8.4155,17.3123,17.3123,45.8752
12,8,569.9921,0.0,9.3951,15.9733,15.9733,51.5118
12,9,615.1449,0.0,6.555,10.4223,10.4223,58.6774
12,10,786.4732,0.0,12.5557,27.3667,27.3667,76.1326
12,11,813.5554,0.0,24.8256,37.2655,37.2655,77.4659
12,12,858.9146,0.0,9.1302,15.8353,15.8353,36.217
12,13,873.1599,0.0,5.0373,9.2099,9.2099,57.8592
12,14,913.4573,0.0,2.8328,24.7689,24.7689,47.1541
12,15,986.3753,0.0,5.022,9.65,9.65,51.7172
12,16,1069.5317,0.0,10.6594,22.8397,22.8397,66.5276
12,17,1204.4136,0.0,10.9222,15.8075,15.8075,113.3378
12,18,1242.3333,0.0,3.2172,6.3624,6.3624,78.5861
12,19,1250.8727,0.0,21.6716,27.4706,27.4706,81.3183
12,20,1287.8901,0.0,5.1602,8.1325,8.1325,47.0579
12,21,1302.8312,0.0,3.117,9.2251,9.2251,42.6363
12,22,1537.1648,0.0,7.6351,9.6333,9.6333,57.6601
12,23,1584.7209,0.0,8.5139,12.8794,12.8794,64.3162
12,24,1615.1541,0.0,5.8689,9.0879,9.0879,43.8499
12,25,1700.4294,0.0,0.9464,12.4317,12.4317,43.8388
12,26,1948.6007,0.0,8.0272,10.7025,10.7025,66.0395
12,27,2062.9034,0.0,12.1788,19.4468,19.4468,38.9677
12,28,2132.7683,0.0,16.9251,25.6545,25.6545,96.7094
12,29,2382.8695,0.0,8.8731,34.6383,34.6383,99.4605
12,30,2515.9469,0.0,12.8128,19.5095,19.5095,75.3785
12,31,2615.9526,0.0,2.5659,8.6337,8.6337,45.2549
12,32,2621.5171,0.0,7.5852,9.4543,9.4543,45.3874
12,33,2648.6264,0.0,11.9506,14.5719,14.5719,95.2488
12,34,2721.3315,0.0,3.049,8.9647,8.9647,45.2725
12,35,3006.5269,0.0,6.7725,11.9688,11.9688,45.5735
12,36,3241.7737,0.0,5.7805,10.7716,10.7716,38.828
12,37,3317.4155,0.0,14.3242,18.174,18.174,57.8459
12,38,3378.3956,0.0,18.7264,25.2596,25.2596,75.5216
12,39,3444.1058,0.0,5.6194,12.2915,12.2915,48.0129
12,40,3448.2444,0.0,7.4462,11.5406,11.5406,83.0995
12,41,3520.4066,0.0,8.935,17.5105,17.5105,48.7887
12,42,3578.7481,0.0,2.6743,8.8607,8.8607,42.5769
12,43,3633.0979,0.0,4.8993,7.9434,7.9434,34.3534
12,44,3798.0907,0.0,2.2402,15.8088,15.8088,32.6266
12,45,3974.2327,0.0,6.8844,9.0838,9.0838,55.9336
12,46,4178.1735,0.0,11.3175,12.0775,12.0775,63.5051
12,47,4264.6522,0.0,12.1369,26.9363,26.9363,81.973
12,48,4837.8902,0.0,1.8777,9.3555,9.3555,67.6354
12,49,4879.3269,0.0,8.949,17.5272,17.5272,61.7987
12,50,4910.6759,0.0,4.1655,11.3084,11.3084,56.1787
12,51,5040.1359,0.0,6.2809,11.5849,11.5849,40.7204
12,52,5040.9905,0.0,17.2391,23.9936,23.9936,85.5531
12,53,5112.407,0.0,10.3701,21.0644,21.0644,48.5195
12,54,5119.685,0.0,9.2078,26.9876,26.9876,73.944
12,55,5133.3841,0.0,20.8915,26.9215,26.9215,75.1284
12,56,5158.2182,0.0,6.555,15.8614,15.8614,53.5905
12,57,5205.485,0.0,6.5945,10.5323,10.5323,32.7031
12,58,5223.8756,0.0,4.3271,9.6989,9.6989,67.9427
12,59,5249.7384,0.0,9.9543,16.0275,16.0275,65.9335
12,60,5317.2337,0.0,7.7321,15.9847,15.9847,57.7856
12,61,5485.6505,0.0,1.7475,4.4187,4.4187,45.549
12,62,5664.7322,0.0,19.7725,25.5707,25.5707,76.865
12,63,5820.166,0.0,6.1692,12.7705,12.7705,51.9613
12,64,5892.4515,0.0,13.5753,21.9396,21.9396,109.0332
12,65,6221.4979,0.0,18.0955,20.5064,20.5064,95.8397
12,66,6355.1068,0.0,4.7683,7.6606,7.6606,46.4392
12,67,6356.1251,0.0,4.0895,8.4505,8.4505,52.5628
12,68,6344.0063,0.0,13.9648,23.6215,23.6215,70.8687
12,69,6491.2886,0.0,4.4593,7.1683,7.1683,34.9416
12,70,6564.7187,0.0,4.9654,7.4851,7.4851,34.189
12,71,6685.1817,0.0,13.0127,15.3629,15.3629,67.0639
12,72,6797.8045,0.0,12.3437,15.669,15.669,67.45
12,73,6828.361,0.0,12.9118,20.9671,20.9671,68.4138
12,74,6867.8651,0.0,5.2013,13.269,13.269,53.5145
12,75,7137.7695,0.0,4.4415,6.1515,6.1515,25.4876
12,76,7345.3055,0.0,0.4883,2.5625,2.5625,25.2246
12,77,7358.8658,0.0,12.6967,17.8122,17.8122,48.9397
12,78,7372.2399,0.0,6.3547,18.5822,18.5822,41.0724
12,79,7474.5756,0.0,1.9499,5.5834,5.5834,43.356
12,80,7499.7611,0.0,2.7264,5.9653,5.9653,41.8203
12,81,7687.8467,0.0,6.1439,13.5402,13.5402,48.5858
12,82,7730.8312,0.0,21.5667,23.8558,23.8558,88.3267
12,83,7753.1294,0.0,8.999,15.9191,15.9191,69.4094
12,84,7989.3657,0.0,10.2717,14.9864,14.9864,64.7102
12,85,8151.5841,0.0,5.4128,9.7148,9.7148,65.551
12,86,8159.8166,0.0,7.1375,13.5135,13.5135,69.8734
12,87,8228.2318,0.0,3.0684,11.3729,11.3729,45.077
12,88,8310.9954,0.0,3.7384,7.0897,7.0897,30.9633
12,89,8347.3606,0.0,12.9223,17.6346,17.6346,45.648
12,90,8378.1554,0.0,4.2483,11.9424,11.9424,86.782
12,91,8383.9132,0.0,11.2026,14.8812,14.8812,56.653
12,92,8537.141,0.0,6.7693,13.3113,13.3113,37.6003
12,93,8531.8117,0.0,15.2018,19.7515,19.7515,79.8203
12,94,8720.5597,0.0,6.7819,12.5851,12.5851,43.4305
12,95,8794.8747,0.0,6.2781,13.9149,13.9149,81.1728
12,96,8962.7222,0.0,7.2571,11.3906,11.3906,73.8757
12,97,9059.6676,0.0,11.1459,17.5656,17.5656,66.8034
12,98,9221.4535,0.0,3.1445,12.7828,12.7828,51.4853
12,99,9274.7139,0.0,2.1149,7.6541,7.6541,70.8852
12,100,9306.5956,0.0,11.108,16.7152,16.7152,66.4816
12,101,9312.9558,0.0,13.6791,18.7556,18.7556,78.3879
12,102,9361.034,0.0,17.2021,33.3621,33.3621,36.6373
12,103,9394.1054,0.0,5.5479,9.5155,9.5155,52.6337
12,104,9403.7691,0.0,1.9199,8.2811,8.2811,51.8719
12,105,9409.1474,0.0,5.433,18.7378,18.7378,108.263
12,106,9404.4949,0.0,23.7335,28.191,28.191,69.7524
12,107,9514.6303,0.0,20.9212,30.8808,30.8808,70.9888
12,108,9733.8159,0.0,10.6502,16.638,16.638,44.5847
12,109,10138.7057,0.0,7.4927,15.0759,15.0759,53.7984
12,110,10422.7114,0.0,8.6065,16.7463,16.7463,80.4785
12,111,10478.7602,0.0,2.4714,5.0832,5.0832,34.1003
12,112,10645.1546,0.0,2.2402,7.479,7.479,49.4827
12,113,10714.7387,0.0,14.96,31.9763,31.9763,81.1859
12,114,10810.6215,0.0,17.4229,21.2202,21.2202,65.0896
12,115,10828.0206,0.0,18.0033,21.0202,21.0202,72.5315
12,116,10914.9167,0.0,11.9181,18.2759,18.2759,51.7715
12,117,11090.0882,0.0,4.3894,7.1496,7.1496,26.2514
12,118,11129.0726,0.0,11.5903,14.9257,14.9257,92.9691
12,119,11252.4006,0.0,1.0412,3.342,3.342,20.8293
12,120,11299.5774,0.0,4.8275,14.3037,14.3037,146.9532
12,121,11332.9242,0.0,2.9647,5.9156,5.9156,132.1865
12,122,11320.9364,0.0,22.1136,28.4695,28.4695,156.2071
12,123,11370.3396,0.0,8.6927,13.0075,13.0075,111.5271
12,124,11405.3191,0.0,2.5217,11.9258,11.9258,104.9454
12,125,11606.4433,0.0,15.9683,20.966,20.966,37.557
12,126,11617.2899,0.0,11.2108,15.1494,15.1494,64.1706
12,127,11721.2149,0.0,9.0717,19.1355,19.1355,67.6974
12,128,12005.4392,0.0,7.4784,13.6411,13.6411,60.8186
12,129,12072.7569,0.0,10.0381,19.172,19.172,59.9886
12,130,12101.3196,0.0,10.4607,15.1325,15.1325,56.8252
12,131,12129.8595,0.0,15.5842,42.9848,42.9848,75.8463
12,132,12382.1726,0.0,12.327,15.8482,15.8482,48.5139
12,133,12387.3318,0.0,19.1514,27.505,27.505,61.6326
12,134,12443.0977,0.0,12.7887,16.433,16.433,61.4648
12,135,12494.9725,0.0,15.0008,18.1429,18.1429,73.8099
12,136,12583.8262,0.0,3.7384,8.1231,8.1231,30.4677
12,137,12687.9969,0.0,2.8277,7.3963,7.3963,52.8253
12,138,12700.1912,0.0,8.195,11.3695,11.3695,52.8676
12,139,12743.3061,0.0,4.2412,6.5919,6.5919,28.0101
12,140,12943.4142,0.0,11.7443,16.4982,16.4982,38.4375
12,141,12962.2135,0.0,6.9792,11.0254,11.0254,56.4325
12,142,12983.0401,0.0,4.1003,11.9281,11.9281,58.9707
12,143,13320.7697,0.0,5.0425,9.9028,9.9028,41.6365
12,144,13376.3134,0.0,3.8863,8.9547,8.9547,48.157
12,145,13465.463,0.0,10.5898,15.0845,15.0845,55.8801
12,146,13476.7315,0.0,9.5137,17.2687,17.2687,84.2886
12,147,13632.9285,0.0,8.1487,18.9512,18.9512,68.373
12,148,13662.163,0.0,10.4758,16.5059,16.5059,59.98
12,149,13721.393,0.0,3.0331,9.7977,9.7977,42.4844
12,150,13737.8952,0.0,10.0159,15.6884,15.6884,62.4086
12,151,13856.4445,0.0,22.303,22.9318,22.9318,67.914
12,152,13883.0196,0.0,8.6152,12.2743,12.2743,46.9918
12,153,14000.9743,0.0,16.0931,18.3397,18.3397,131.5828
12,154,14061.2123,0.0,4.779,8.6856,8.6856,82.9617
12,155,14115.6135,0.0,10.9965,14.6279,14.6279,49.2023
12,156,14189.3956,0.0,4.1183,10.6381,10.6381,40.8051
12,157,14387.5724,0.0,8.863,12.2002,12.2002,34.0531
12,158,14483.4228,0.0,7.2051,11.5296,11.5296,46.9434
12,159,14710.8306,0.0,10.5147,14.2284,14.2284,54.1982
12,160,14869.7449,0.0,8.4596,9.828,9.828,41.7175
12,161,14958.3992,0.0,3.7708,18.4546,18.4546,71.0797
12,162,15012.4486,0.0,7.3113,13.3651,13.3651,66.471
12,163,15030.7803,0.0,3.7442,6.0297,6.0297,91.3563
12,164,15319.2099,0.0,17.6018,24.3599,24.3599,68.8163
12,165,15358.0785,0.0,3.179,7.3585,7.3585,42.2746
12,166,15409.6642,0.0,6.4581,22.9308,22.9308,71.2918
12,167,15546.4436,0.0,9.8925,12.1511,12.1511,152.8554
12,168,15624.8041,0.0,2.4582,7.9029,7.9029,102.8825
12,169,15618.433,0.0,7.0528,14.9104,14.9104,123.1472
12,170,15635.6167,0.0,9.7295,19.1038,19.1038,119.0954
12,171,15644.049,0.0,9.8107,14.9175,14.9175,121.2767
12,172,15675.0967,0.0,4.7253,8.3428,8.3428,103.5692
12,173,15766.1784,0.0,21.8465,25.2465,25.2465,71.3519
12,174,15790.4305,0.0,2.7685,13.3876,13.3876,52.7499
12,175,15872.3737,0.0,6.5662,16.4224,16.4224,56.2
12,176,16078.7111,0.0,4.1318,7.3569,7.3569,42.216
12,177,16095.4925,0.0,13.5905,15.328,15.328,79.3207
12,178,16420.975,0.0,15.3418,21.6692,21.6692,66.0459
12,179,16570.2445,0.0,15.0023,26.5397,26.5397,78.2458
12,180,16620.1336,0.0,25.1291,32.9522,32.9522,95.1027
12,181,16887.3449,0.0,4.1961,9.4634,9.4634,45.8954
12,182,16961.8638,0.0,15.0083,18.4559,18.4559,55.6052
12,183,16971.243,0.0,19.4186,27.6287,27.6287,74.4631
12,184,17074.206,0.0,5.4019,14.2442,14.2442,71.4846
12,185,17085.1614,0.0,2.4929,5.4314,5.4314,64.9435
12,186,17238.6246,0.0,1.3537,5.8418,5.8418,32.5628
12,187,17229.2791,0.0,9.7035,15.6857,15.6857,47.0361
12,188,17243.8245,0.0,9.6313,10.3242,10.3242,86.9501
12,189,17490.917,0.0,2.5622,5.9372,5.9372,32.1825
12,190,17495.7008,0.0,4.4699,17.0894,17.0894,52.6651
12,191,17526.5049,0.0,2.4327,10.8678,10.8678,91.0409
12,192,17625.3039,0.0,6.3848,10.8635,10.8635,65.4553
12,193,17761.0015,0.0,7.4825,16.5628,16.5628,91.865
12,194,17874.6515,0.0,4.7695,21.3484,21.3484,51.9936
12,195,17954.029,0.0,11.9988,17.244,17.244,80.5641
12,196,18041.5905,0.0,5.3114,10.8816,10.8816,34.3954
12,197,18147.141,0.0,2.0149,3.2524,3.2524,25.1465
12,198,18163.7355,0.0,3.3461,6.5096,6.5096,30.297
12,199,18271.3336,0.0,5.1769,32.0288,32.0288,122.0575
12,200,18292.5655,0.0,10.9508,15.4559,15.4559,107.8798
12,201,18415.0926,0.0,3.389,10.0608,10.0608,37.6056
12,202,18597.7101,0.0,2.1099,10.1928,10.1928,47.7306
12,203,18955.6947,0.0,2.9288,10.8464,10.8464,40.7264
12,204,19307.0661,0.0,6.6425,11.6234,11.6234,47.1638
12,205,19337.3789,0.0,21.9078,32.0396,32.0396,76.5123
12,206,19406.4603,0.0,6.606,11.6815,11.6815,71.952
12,207,19693.8725,0.0,7.6864,20.4948,20.4948,56.4179
12,208,19800.0716,0.0,6.4144,25.648,25.648,77.5066
12,209,19891.6064,0.0,8.2253,25.0243,25.0243,51.5044
12,210,19967.8236,0.0,4.4623,8.0867,8.0867,36.5939
12,211,20011.7208,0.0,4.534,13.9219,13.9219,65.9665
12,212,20262.3139,0.0,11.0452,14.9964,14.9964,52.0843
12,213,20266.2628,0.0,10.1396,12.4599,12.4599,62.6148
12,214,20307.5326,0.0,12.5414,16.6216,16.6216,48.7369
12,215,20735.7359,0.0,25.1291,29.1641,29.1641,95.6531
12,216,20769.5358,0.0,11.6471,14.9282,14.9282,66.8896
12,217,20778.5582,0.0,9.2526,19.4985,19.4985,60.95
12,218,20872.9351,0.0,11.1033,16.7391,16.7391,101.8203
12,219,20922.8888,0.0,5.5283,9.6339,9.6339,63.7311
12,220,20952.1837,0.0,19.5975,79.5975,79.5975,66.1927
12,221,21019.1955,0.0,17.4413,29.6512,29.6512,159.0092
12,222,21047.1255,0.0,6.8335,13.995,13.995,73.2713
12,223,21068.8157,0.0,10.2439,18.7297,18.7297,57.8215
12,224,21160.4105,0.0,11.078,12.3902,12.3902,76.3853
12,225,21222.2413,0.0,5.5896,7.4449,7.4449,72.4016
12,226,21271.2674,0.0,12.2471,13.9169,13.9169,75.4761
12,227,21281.9804,0.0,11.726,17.6982,17.6982,68.0778
12,228,21337.0502,0.0,10.3704,21.0062,21.0062,70.6158
12,229,21521.6059,0.0,7.3942,12.5917,12.5917,66.2876
12,230,22201.1577,0.0,7.5667,11.2463,11.2463,83.9497
12,231,22237.7287,0.0,24.0877,30.6476,30.6476,88.3204
12,232,22331.713,0.0,23.5874,45.3635,45.3635,106.2223
12,233,22401.1821,0.0,8.8427,21.5596,21.5596,42.3307
12,234,22410.1567,0.0,15.1423,28.4555,28.4555,58.4802
12,235,22417.9915,0.0,20.9685,24.3313,24.3313,103.809
12,236,22428.4528,0.0,11.0985,22.869,22.869,122.1418
12,237,22445.2988,0.0,6.5565,16.2131,16.2131,117.8622
12,238,22456.4564,0.0,14.4645,21.1385,21.1385,161.2789
12,239,22602.1143,0.0,1.627,5.7006,5.7006,29.5051
12,240,22683.5255,0.0,10.3282,19.1102,19.1102,45.001
12,241,22697.7889,0.0,10.2611,16.5375,16.5375,68.963
12,242,22749.1447,0.0,11.0207,15.0639,15.0639,55.3392
12,243,22790.8917,0.0,6.1811,23.8657,23.8657,56.4574
12,244,22816.3051,0.0,15.4732,20.3743,20.3743,62.146
12,245,22897.3578,0.0,7.7943,8.5111,8.5111,45.911
12,246,22941.1539,0.0,5.2652,10.3956,10.3956,32.3835
12,247,23003.7625,0.0,11.7352,31.5663,31.5663,76.7139
12,248,23323.3044,0.0,10.2574,15.2775,15.2775,74.8179
12,249,23454.3627,0.0,8.0609,9.6877,9.6877,44.7664
12,250,23575.6502,0.0,15.4547,21.3031,21.3031,80.5293
12,251,23690.7507,0.0,12.7342,17.2654,17.2654,94.0067
12,252,23802.0647,0.0,20.9212,24.6241,24.6241,86.9467
12,253,23836.6342,0.0,14.857,32.4745,32.4745,95.6887
12,254,23890.2257,0.0,7.4605,12.0315,12.0315,76.0076
12,255,23928.8503,0.0,14.9959,16.4342,16.4342,88.8292
12,256,23963.146,0.0,10.4551,15.9038,15.9038,62.9416
12,257,23967.6136,0.0,8.9647,13.8906,13.8906,74.0535
12,258,24073.772,0.0,3.8405,9.174,9.174,78.4198
12,259,24134.2775,0.0,11.7288,31.8676,31.8676,36.5884
12,260,24174.7938,0.0,8.8339,12.1738,12.1738,86.0303
12,261,24223.5358,0.0,2.4952,9.529,9.529,69.2071
12,262,24232.1757,0.0,12.1915,17.5342,17.5342,66.3868
12,263,24408.7091,0.0,14.6321,29.8453,29.8453,74.2079
12,264,24723.0166,0.0,10.232,16.1242,16.1242,46.9304
12,265,24796.7226,0.0,8.8621,13.1962,13.1962,70.7997
12,266,24824.8905,0.0,3.6913,9.3208,9.3208,78.489
12,267,24910.6851,0.0,6.6411,11.4772,11.4772,45.6491
12,268,24956.8623,0.0,7.8783,10.7925,10.7925,43.2644
12,269,24956.0733,0.0,12.9998,18.2557,18.2557,48.4475
12,270,25020.8171,0.0,1.6328,2.4694,2.4694,29.7278
12,271,25196.2179,0.0,5.439,20.2358,20.2358,46.5179
12,272,25328.4245,0.0,17.4026,21.2126,21.2126,82.3486
12,273,25388.9183,0.0,5.8683,15.0334,15.0334,46.1815
12,274,25477.6564,0.0,5.7933,17.1918,17.1918,57.9093
12,275,25662.1501,0.0,1.6594,4.3,4.3,36.4275
12,276,26140.6498,0.0,14.752,21.7924,21.7924,47.6647
12,277,26383.5046,0.0,4.8192,14.1714,14.1714,42.9918
12,278,26570.2845,0.0,7.5713,12.4863,12.4863,41.7974
12,279,26578.5431,0.0,17.7463,22.8521,22.8521,67.9714
12,280,26602.7291,0.0,13.4201,19.2372,19.2372,64.2404
12,281,26732.0159,0.0,3.3144,17.5289,17.5289,56.2081
12,282,26764.6009,0.0,9.5667,11.4878,11.4878,37.866
12,283,26811.0844,0.0,5.9314,8.4318,8.4318,36.9676
12,284,27138.9061,0.0,13.225,23.7673,23.7673,51.5521
12,285,27150.0365,0.0,10.8224,14.0018,14.0018,70.9546
12,286,27212.5966,0.0,7.067,7.8635,7.8635,32.6095
12,287,27214.2696,0.0,3.5334,8.204,8.204,38.3344
12,288,27316.0698,0.0,6.7825,11.2149,11.2149,37.9132
12,289,27597.5617,0.0,1.9642,4.9851,4.9851,57.6602
12,290,27695.2253,0.0,8.8011,13.607,13.607,42.3749
12,291,27711.9219,0.0,10.5127,12.7787,12.7787,59.0625
12,292,27725.7604,0.0,11.4319,24.4021,24.4021,61.3387
12,293,27823.1578,0.0,1.8843,8.3431,8.3431,28.6203
12,294,27837.6934,0.0,6.9418,9.8339,9.8339,63.4088
12,295,28026.3435,0.0,11.0033,12.9217,12.9217,57.4226
12,296,28163.6293,0.0,21.692,25.0069,25.0069,80.4018
12,297,28204.0436,0.0,13.2956,17.4113,17.4113,48.074
12,298,28312.7815,0.0,12.9548,15.6591,15.6591,71.2104
12,299,28319.4352,0.0,3.4498,9.5937,9.5937,100.1194
12,300,28417.6375,0.0,5.8879,15.337,15.337,73.3059
12,301,28619.8145,0.0,9.3545,16.5651,16.5651,74.3001
12,302,28880.1933,0.0,17.2518,21.0427,21.0427,66.7023
12,303,29143.3607,0.0,12.8255,20.0698,20.0698,53.7854
12,304,29301.7837,0.0,4.3271,10.0009,10.0009,46.5995
12,305,29290.7978,0.0,16.9251,23.0226,23.0226,85.3407
12,306,29348.6005,0.0,13.478,20.5717,20.5717,62.0621
12,307,29411.9896,0.0,12.9051,19.6314,19.6314,73.9828
12,308,29481.1769,0.0,13.0737,17.6956,17.6956,29.8979
12,309,29507.6986,0.0,6.1304,15.4553,15.4553,64.7
12,310,29520.1479,0.0,13.0737,24.7329,24.7329,79.7373
12,311,29607.7283,0.0,4.0454,9.6879,9.6879,38.5576
12,312,29638.1432,0.0,16.0805,31.4762,31.4762,75.1686
12,313,29805.1735,0.0,12.3342,26.8916,26.8916,118.8398
12,314,29883.0911,0.0,13.1093,16.7623,16.7623,35.5063
12,315,29903.1917,0.0,1.8423,6.6375,6.6375,71.1988
12,316,29982.3043,0.0,3.179,20.3342,20.3342,63.9837
12,317,30039.1881,0.0,9.5401,13.7689,13.7689,67.4532
12,318,30053.2861,0.0,17.2071,25.0216,25.0216,36.0893
12,319,30084.9836,0.0,7.8595,20.6478,20.6478,92.2703
12,320,30141.8458,0.0,4.1212,6.8017,6.8017,55.0784
12,321,30219.9479,0.0,4.1972,12.7702,12.7702,70.2369
12,322,30518.9277,0.0,5.631,10.1873,10.1873,27.5908
12,323,30510.3604,0.0,18.7806,25.0592,25.0592,73.1431
12,324,30857.6513,0.0,18.8497,28.0565,28.0565,69.374
12,325,30925.3729,0.0,9.32,18.1991,18.1991,66.2026
12,326,31135.0693,0.0,7.271,16.3991,16.3991,42.6093
12,327,31173.4261,0.0,12.65,14.2977,14.2977,46.8584
12,328,31256.4703,0.0,18.4107,26.2976,26.2976,35.4161
12,329,31295.0737,0.0,5.2404,7.0728,7.0728,82.5396
12,330,31315.6146,0.0,20.4444,25.6399,25.6399,41.8093
12,331,31335.2183,0.0,7.9914,11.4889,11.4889,28.5555
12,332,31383.0687,0.0,1.7475,6.0518,6.0518,123.1052
12,333,31421.629,0.0,8.4427,13.5552,13.5552,65.4251
12,334,31559.0901,0.0,12.6042,28.2236,28.2236,30.0127
12,335,31592.372,0.0,5.6196,8.9423,8.9423,70.1147
12,336,31658.9912,0.0,10.0157,17.2345,17.2345,39.7631
12,337,31655.7906,0.0,1.6919,20.926,20.926,46.6499
12,338,31753.4183,0.0,1.5644,8.1011,8.1011,55.1278
12,339,31973.4022,0.0,12.7507,17.6286,17.6286,77.9693
12,340,32200.6069,0.0,10.0003,31.5206,31.5206,75.3929
12,341,32264.8591,0.0,10.5625,17.5657,17.5657,58.131
12,342,32356.2882,0.0,10.5625,16.1381,16.1381,53.6786
12,343,32378.1882,0.0,13.3355,17.9251,17.9251,51.4753
12,344,32397.7095,0.0,10.5482,13.0039,13.0039,94.5008
12,345,32459.0117,0.0,11.8222,65.4375,65.4375,122.0246
12,346,32561.9703,0.0,10.8014,18.6969,18.6969,72.6594
12,347,32629.3303,0.0,14.323,20.0563,20.0563,61.5929
12,348,32675.211,0.0,9.825,12.346,12.346,55.8301
12,349,32806.1876,0.0,17.5866,18.5101,18.5101,87.5782
12,350,32862.7757,0.0,11.5795,14.4887,14.4887,43.8454
12,351,32947.2829,0.0,3.0645,5.4983,5.4983,54.436
12,352,32974.5938,0.0,11.078,24.289,24.289,76.078
12,353,33086.2872,0.0,5.713,14.0045,14.0045,50.2406
12,354,33209.6318,0.0,2.029,6.5169,6.5169,30.2886
12,355,33220.2989,0.0,12.7689,17.0515,17.0515,56.3963
12,356,33409.4824,0.0,17.7501,29.1391,29.1391,80.4504
12,357,33662.9527,0.0,8.2829,16.63,16.63,57.285
12,358,33704.2177,0.0,4.3059,7.516,7.516,27.3137
12,359,33668.3027,0.0,21.471,47.0276,47.0276,93.5447
12,360,33812.5721,0.0,23.5184,29.9648,29.9648,66.1818
12,361,33842.9296,0.0,10.5996,13.9665,13.9665,106.3987
12,362,33909.2455,0.0,11.3689,19.4322,19.4322,65.7305
12,363,33924.2285,0.0,13.5803,20.1073,20.1073,60.3619
12,364,34066.2678,0.0,16.214,27.7717,27.7717,64.3886
12,365,34103.3494,0.0,7.7816,14.2613,14.2613,51.8451
12,366,34179.6133,0.0,4.1212,21.3796,21.3796,42.6913
12,367,34217.1224,0.0,9.0856,24.7747,24.7747,145.5668
12,368,34276.0812,0.0,8.0404,11.3403,11.3403,82.6098
12,369,34286.7319,0.0,6.9583,10.9371,10.9371,110.8539
12,370,34315.3612,0.0,24.0295,30.5681,30.5681,81.7088
12,371,34318.7796,0.0,29.8008,31.5307,31.5307,91.2943
12,372,34347.5558,0.0,12.5243,22.8499,22.8499,47.5077
12,373,34342.2807,0.0,28.1335,32.7015,32.7015,83.1326
12,374,34377.602,0.0,2.0996,5.6261,5.6261,79.1843
12,375,34373.9754,0.0,2.7997,9.2985,9.2985,137.6532
12,376,34470.0364,0.0,11.9288,17.6294,17.6294,51.4004
12,377,34550.0501,0.0,7.7584,12.7034,12.7034,57.2347
12,378,34742.416,0.0,2.9789,7.3931,7.3931,50.0865
12,379,34893.8042,0.0,5.577,9.3222,9.3222,80.2993
12,380,35023.0023,0.0,18.3079,24.0768,24.0768,57.7215
12,381,35033.0145,0.0,6.2581,26.0359,26.0359,65.0965
12,382,35052.2812,0.0,9.8838,13.6537,13.6537,101.006
12,383,35182.9881,0.0,21.9782,27.6587,27.6587,79.238
12,384,35290.6358,0.0,11.7846,18.813,18.813,56.1283
12,385,35309.0417,0.0,11.531,14.9577,14.9577,87.3952
12,386,35350.1918,0.0,14.0146,26.423,26.423,74.7478
12,387,35397.6109,0.0,4.0008,6.0228,6.0228,41.2584
12,388,35402.5977,0.0,11.0033,18.901,18.901,47.0048
12,389,35434.6069,0.0,6.4982,10.0451,10.0451,68.0823
12,390,35475.532,0.0,10.4758,12.4934,12.4934,56.9663
12,391,35497.4995,0.0,4.6595,8.7495,8.7495,44.5641
12,392,35636.9323,0.0,3.8482,6.9595,6.9595,44.9943
12,393,35738.3981,0.0,10.7304,30.3874,30.3874,91.1723
12,394,35794.7445,0.0,9.7236,15.6138,15.6138,59.205
12,395,35869.3326,0.0,13.8357,19.8491,19.8491,51.174
12,396,36080.3469,0.0,16.3428,19.3732,19.3732,89.8856
12,397,36286.7968,0.0,13.7673,18.8902,18.8902,67.7874
12,398,36460.4581,0.0,5.3411,12.2531,12.2531,55.9112
12,399,36546.5941,0.0,12.5857,15.1739,15.1739,65.5814
12,400,36556.0485,0.0,17.8715,25.4176,25.4176,83.8126
12,401,36591.13,0.0,8.2829,12.9736,12.9736,57.2821
12,402,36585.2449,0.0,21.6373,27.3141,27.3141,81.8984
12,403,36738.4486,0.0,6.7183,22.5479,22.5479,49.9974
12,404,36846.0689,0.0,4.2527,13.5731,13.5731,43.1035
12,405,36857.6925,0.0,13.2936,18.6447,18.6447,26.936
12,406,36877.3762,0.0,3.9842,13.8171,13.8171,67.4319
12,407,36897.0246,0.0,18.0033,24.5,24.5,76.7095
12,408,37008.8987,0.0,15.3338,17.248,17.248,50.0518
12,409,37313.5494,0.0,4.1437,12.214,12.214,58.9683
12,410,37518.7508,0.0,2.9789,5.7428,5.7428,48.3498
12,411,37591.7893,0.0,7.1502,13.3458,13.3458,69.3337
12,412,37590.699,0.0,6.3287,24.4945,24.4945,85.7315
12,413,37915.2382,0.0,9.2068,23.7904,23.7904,57.4099
12,414,38031.4768,0.0,9.6689,13.2383,13.2383,51.1227
12,415,38063.2644,0.0,3.5568,7.1631,7.1631,41.8158
12,416,38115.9795,0.0,11.7128,14.7573,14.7573,54.7925
12,417,38142.861,0.0,13.3756,19.6113,19.6113,66.7181
12,418,38204.1537,0.0,12.8954,21.2993,21.2993,62.9635
12,419,38211.4209,0.0,13.0127,33.029,33.029,109.3171
12,420,38399.6832,0.0,2.4929,15.1584,15.1584,47.007
12,421,38412.4057,0.0,9.7236,14.5814,14.5814,93.897
12,422,38446.4534,0.0,9.5711,12.5358,12.5358,69.1593
12,423,38689.112,0.0,12.5416,22.5528,22.5528,57.0638
12,424,38721.2172,0.0,13.0992,15.1267,15.1267,65.2328
12,425,38762.6738,0.0,4.6666,10.3073,10.3073,69.2476
12,426,38807.2857,0.0,3.0319,13.4817,13.4817,35.0595
12,427,38879.1121,0.0,18.1508,30.7095,30.7095,88.9655
12,428,39206.1882,0.0,8.2112,8.7728,8.7728,45.8823
12,429,39232.9446,0.0,15.0427,20.0105,20.0105,80.9931
12,430,39263.033,0.0,10.1031,12.9798,12.9798,88.0324
12,431,39462.0747,0.0,3.7442,7.4973,7.4973,40.3821
12,432,39567.6916,0.0,14.2518,17.5246,17.5246,77.2566
12,433,39720.8741,0.0,9.0049,17.9004,17.9004,53.5255
12,434,39930.5097,0.0,3.7951,9.9361,9.9361,63.9168
12,435,39950.975,0.0,5.5756,12.0333,12.0333,83.8976
12,436,39992.8497,0.0,10.6882,16.6227,16.6227,88.6983
12,437,40055.2194,0.0,12.2492,15.203,15.203,52.23
12,438,40106.1686,0.0,9.9215,11.7338,11.7338,80.8259
12,439,40163.3142,0.0,12.3591,14.4463,14.4463,71.8879
12,440,40201.7194,0.0,10.2225,11.9626,11.9626,61.1934
12,441,40575.9735,0.0,12.9029,15.8302,15.8302,66.7318
12,442,40681.552,0.0,6.1848,11.8724,11.8724,73.8207
12,443,40835.279,0.0,3.1445,9.1703,9.1703,51.8628
12,444,40885.5055,0.0,5.8367,7.7167,7.7167,47.936
12,445,40952.229,0.0,5.4014,9.4481,9.4481,47.799
12,446,41000.9088,0.0,8.2917,15.3679,15.3679,66.4722
12,447,41129.2511,0.0,16.9679,20.7856,20.7856,89.5934
12,448,41544.9423,0.0,16.9505,20.8078,20.8078,45.4108
12,449,41560.5031,0.0,8.1489,12.3828,12.3828,83.8242
12,450,41607.7013,0.0,20.6748,24.4457,24.4457,72.7749
12,451,41675.9011,0.0,1.3537,8.8728,8.8728,35.4593
12,452,41682.2832,0.0,9.1321,18.7276,18.7276,46.778
12,453,41677.3744,0.0,8.1133,25.6028,25.6028,67.2641
12,454,42052.6841,0.0,9.0509,11.2499,11.2499,38.5588
12,455,42364.1767,0.0,10.3148,11.7593,11.7593,43.6908
12,456,42371.7884,0.0,6.9103,13.5658,13.5658,55.5374
12,457,42406.4474,0.0,9.0049,19.3566,19.3566,79.2261
12,458,42410.1715,0.0,22.9624,28.2649,28.2649,83.7064
12,459,42494.218,0.0,8.5328,23.5601,23.5601,73.5409
12,460,42674.9895,0.0,8.2674,11.5777,11.5777,52.7177
12,461,42726.4306,0.0,8.4717,13.6197,13.6197,41.1175
12,462,42807.1427,0.0,9.374,13.6494,13.6494,60.2577
12,463,42806.6965,0.0,12.1369,16.557,16.557,67.0361
12,464,42801.5257,0.0,20.5713,24.1358,24.1358,67.2959
12,465,42809.7986,0.0,1.7475,16.0406,16.0406,77.4995
12,466,42862.4878,0.0,2.4614,9.1441,9.1441,44.1932
12,467,43063.3736,0.0,9.6685,12.6621,12.6621,49.8314
12,468,43081.6338,0.0,5.1913,12.5419,12.5419,65.9157
