replicate,call,t_call_min,queue_wait,travel_time,response_time,response_time_from_assignment,total_service_time
1,1,0.0,0,4.016,5.0266,5.0266,68.8337
1,2,82.8567,0,2.966,12.392,12.392,104.2157
1,3,292.9192,0,1.3522,3.5749,3.5749,21.1757
1,4,355.276,0,1.3114,5.6027,5.6027,54.6491
1,5,486.4459,0,6.7693,9.012,9.012,84.1224
1,6,563.4966,0,3.3902,6.4524,6.4524,68.085
1,7,631.5555,0,1.6146,15.6972,15.6972,58.1957
1,8,644.3696,0,9.8891,14.2005,14.2005,66.135
1,9,677.0984,0,3.64,7.8917,7.8917,65.5257
1,10,781.497,0,7.3918,19.0613,19.0613,64.5144
1,11,804.7794,0,5.8275,11.8778,11.8778,104.5649
1,12,902.2473,0,5.3393,20.9236,20.9236,48.7069
1,13,1092.7439,0,3.8527,8.1344,8.1344,68.6736
1,14,1182.8204,0,1.5281,17.7677,17.7677,35.573
1,15,1208.5112,0,6.5256,12.3505,12.3505,30.7241
1,16,1285.1065,0,7.7634,10.3578,10.3578,49.6547
1,17,1420.8768,0,5.6413,26.4547,26.4547,55.4359
1,18,1991.8299,0,1.7772,4.9223,4.9223,33.9859
1,19,1996.5748,0,1.2867,4.3849,4.3849,50.6478
1,20,1997.3873,0,2.7788,4.2928,4.2928,53.646
1,21,2007.2282,0,18.9709,28.766,28.766,112.7686
1,22,2109.1109,0,3.0331,5.0647,5.0647,51.4146
1,23,2187.8981,0,3.248,7.5229,7.5229,37.093
1,24,2344.1626,0,12.2956,21.4792,21.4792,48.9298
1,25,2438.507,0,4.9179,14.333,14.333,59.0999
1,26,2446.4458,0,7.5433,13.4521,13.4521,80.0003
1,27,2590.3718,0,0.5174,5.6081,5.6081,44.9149
1,28,2581.0893,0,3.8775,15.1499,15.1499,64.9663
1,29,2688.5373,0,3.3178,6.5361,6.5361,34.7316
1,30,2764.5193,0,5.2682,25.3574,25.3574,55.7083
1,31,2865.1385,0,6.477,13.3502,13.3502,92.0237
1,32,3201.9711,0,6.0492,9.7424,9.7424,77.7177
1,33,3262.0692,0,2.8713,10.764,10.764,54.4923
1,34,3278.7181,0,4.4677,7.8297,7.8297,40.3083
1,35,3298.6284,0,6.8311,11.8002,11.8002,80.3812
1,36,3445.4908,0,3.4601,12.7019,12.7019,59.3402
1,37,3538.6692,0,3.1348,6.1509,6.1509,47.4973
1,38,3573.3334,0,5.9563,8.7374,8.7374,49.8439
1,39,3574.29,0,11.3063,20.8443,20.8443,58.7321
1,40,3629.7359,0,8.3668,11.8078,11.8078,64.4432
1,41,3668.9412,0,4.9119,11.6679,11.6679,58.623
1,42,3716.3144,0,6.2106,10.3789,10.3789,30.6693
1,43,3736.09,0,5.3298,15.0346,15.0346,63.2801
1,44,3805.9771,0,2.2366,6.2927,6.2927,51.1329
1,45,3821.3835,0,3.8767,6.6538,6.6538,38.2163
1,46,3883.2061,0,1.8183,2.449,2.449,65.1432
1,47,3903.7055,0,6.5334,14.0399,14.0399,65.3811
1,48,4092.3593,0,11.9991,15.9485,15.9485,84.5
1,49,4146.0977,0,1.116,6.2271,6.2271,57.7121
1,50,4217.5247,0,4.5389,14.9872,14.9872,33.6952
1,51,4223.6244,0,4.8616,14.6244,14.6244,51.0927
1,52,4300.764,0,3.8273,7.0443,7.0443,81.5861
1,53,4372.6908,0,1.4236,5.6185,5.6185,31.7835
1,54,4404.7803,0,4.7728,8.9857,8.9857,30.1959
1,55,4650.0704,0,13.1486,18.2924,18.2924,48.9056
1,56,4762.2059,0,1.5168,10.2137,10.2137,57.7045
1,57,4795.3761,0,2.1518,6.288,6.288,78.476
1,58,4845.8487,0,1.1253,5.4617,5.4617,62.1249
1,59,4848.317,0,9.6966,22.4421,22.4421,80.9468
1,60,5078.4873,0,8.3637,18.38,18.38,63.3157
1,61,5103.02,0,3.7037,5.3069,5.3069,51.5324
1,62,5122.2151,0,13.1982,19.3509,19.3509,60.7595
1,63,5150.7563,0,11.8768,15.1751,15.1751,38.879
1,64,5173.3102,0,10.5211,19.0342,19.0342,68.5251
1,65,5219.1964,0,4.7165,20.4556,20.4556,51.3423
1,66,5225.5564,0,14.7789,22.5695,22.5695,49.2052
1,67,5264.6017,0,12.2884,34.5964,34.5964,50.962
1,68,5408.9458,0,3.2033,7.6062,7.6062,46.8316
1,69,5411.955,0,5.0366,9.693,9.693,100.5047
1,70,5433.1454,0,10.2535,21.493,21.493,95.7348
1,71,5657.3749,0,1.7008,8.5672,8.5672,41.1187
1,72,5702.8574,0,5.5699,10.0285,10.0285,68.8217
1,73,5770.1785,0,3.9139,11.358,11.358,124.7723
1,74,5782.8451,0,5.5036,14.2234,14.2234,118.4367
1,75,5819.154,0,3.5294,12.891,12.891,90.4165
1,76,5881.6313,0,5.2717,10.4688,10.4688,55.8979
1,77,5998.7797,0,6.4191,14.3492,14.3492,66.6093
1,78,6120.3073,0,3.2,14.4423,14.4423,62.6921
1,79,6269.5329,0,2.5546,11.8542,11.8542,45.1873
1,80,6401.1329,0,4.0824,7.5454,7.5454,36.3692
1,81,6506.2819,0,9.4772,13.287,13.287,52.4845
1,82,6534.9174,0,3.1438,5.2236,5.2236,38.5283
1,83,6607.3953,0,6.3122,12.4,12.4,67.2435
1,84,6679.6299,0,7.2819,13.5402,13.5402,42.8021
1,85,6688.4078,0,3.8497,9.1869,9.1869,61.3815
1,86,6721.1167,0,2.2652,17.7274,17.7274,48.1406
1,87,7042.7842,0,5.0836,9.0511,9.0511,67.5322
1,88,7138.7156,0,3.0989,6.9042,6.9042,54.1156
1,89,7407.8295,0,0.443,7.2125,7.2125,37.1801
1,90,7539.0951,0,1.496,2.3203,2.3203,25.9696
1,91,7625.7879,0,1.6928,27.8534,27.8534,62.6699
1,92,7838.6728,0,2.8766,7.2854,7.2854,49.7062
1,93,7913.8526,0,6.8758,24.6346,24.6346,47.5712
1,94,7920.952,0,11.4632,18.8095,18.8095,122.1721
1,95,8053.6927,0,3.4226,11.8942,11.8942,112.837
1,96,8164.1125,0,1.4884,4.5688,4.5688,40.8955
1,97,8179.2583,0,2.6661,11.6045,11.6045,54.7445
1,98,8256.8251,0,1.7714,4.6717,4.6717,41.2698
1,99,8578.4555,0,2.3054,4.9448,4.9448,29.1606
1,100,8914.3813,0,1.731,5.3558,5.3558,48.632
1,101,9136.2825,0,6.1662,9.5913,9.5913,33.1936
1,102,9175.5696,0,5.5761,10.7627,10.7627,54.739
1,103,9325.4279,0,1.4122,3.0162,3.0162,72.8463
1,104,9430.0267,0,5.5708,15.642,15.642,65.7007
1,105,9451.0708,0,8.0192,9.4876,9.4876,60.743
1,106,9520.1156,0,4.8983,6.9334,6.9334,47.0202
1,107,9636.7712,0,4.5794,6.821,6.821,38.4026
1,108,9639.1547,0,3.573,5.7424,5.7424,38.5473
1,109,9701.6151,0,2.5189,6.2312,6.2312,82.834
1,110,9739.7186,0,11.4776,14.2278,14.2278,77.5557
1,111,9906.888,0,3.918,7.264,7.264,61.5226
1,112,10103.9869,0,3.2633,7.0454,7.0454,57.7196
1,113,10181.4326,0,1.1238,14.4132,14.4132,45.4217
1,114,10241.1175,0,3.015,7.7327,7.7327,41.378
1,115,10446.1867,0,4.2335,13.5039,13.5039,41.409
1,116,10500.5267,0,7.9404,16.5031,16.5031,35.0847
1,117,10512.0516,0,1.9247,8.4162,8.4162,79.9393
1,118,10738.9382,0,0.7008,3.3358,3.3358,36.4808
1,119,10752.0687,0,5.5219,10.2276,10.2276,31.4644
1,120,10751.703,0,10.085,24.5058,24.5058,73.8455
1,121,10832.5531,0,1.7058,24.4263,24.4263,67.3329
1,122,10882.8809,0,3.3202,11.1559,11.1559,72.2152
1,123,10885.6419,0,18.9371,24.3147,24.3147,102.746
1,124,10967.5398,0,14.3009,21.887,21.887,112.6135
1,125,11049.6084,0,2.1539,7.1079,7.1079,41.1328
1,126,11110.6093,0,2.5958,4.7817,4.7817,31.9222
1,127,11125.5383,0,8.315,24.752,24.752,89.7021
1,128,11116.8612,0,6.0088,40.8452,40.8452,83.5558
1,129,11169.9985,0,5.2501,7.8498,7.8498,51.5816
1,130,11191.7573,0,8.1213,13.1729,13.1729,57.2447
1,131,11223.7226,0,1.3371,2.606,2.606,35.4076
1,132,11292.8687,0,6.0415,10.323,10.323,53.0422
1,133,11314.8484,0,3.4314,7.7926,7.7926,57.4156
1,134,11375.3905,0,8.9768,10.1806,10.1806,45.8254
1,135,11779.7837,0,1.5494,5.5676,5.5676,40.7025
1,136,11779.8714,0,2.8471,8.4432,8.4432,62.025
1,137,11801.0285,0,10.8508,17.1714,17.1714,57.0853
1,138,11806.7759,0,11.6004,15.6003,15.6003,79.1623
1,139,11971.6453,0,3.8151,12.6954,12.6954,60.4503
1,140,12049.5896,0,2.491,6.0125,6.0125,58.2437
1,141,12158.7913,0,5.2039,7.2159,7.2159,28.8488
1,142,12571.366,0,5.9961,9.3544,9.3544,49.4563
1,143,12597.9247,0,1.2402,7.8047,7.8047,62.4593
1,144,12660.2825,0,3.0585,7.1718,7.1718,30.3327
1,145,12664.0409,0,4.3452,18.9963,18.9963,63.654
1,146,12730.4794,0,9.8828,21.4056,21.4056,39.6628
1,147,12789.2659,0,0.1996,2.7348,2.7348,50.0616
1,148,12988.1368,0,2.0965,6.1601,6.1601,89.0941
1,149,12998.744,0,1.0362,12.7767,12.7767,84.5103
1,150,13214.2979,0,1.7083,4.312,4.312,60.729
1,151,13500.5424,0,4.0198,16.8749,16.8749,70.4854
1,152,13606.5975,0,1.0087,9.0628,9.0628,66.2997
1,153,13697.698,0,2.8624,7.3289,7.3289,83.5134
1,154,13784.1471,0,4.6504,16.1262,16.1262,43.4328
1,155,13796.3687,0,3.6358,6.4558,6.4558,33.7637
1,156,13832.0237,0,8.3574,11.7208,11.7208,44.0812
1,157,13887.107,0,9.9431,14.0789,14.0789,50.9393
1,158,13906.7714,0,7.315,14.5829,14.5829,78.4713
1,159,13992.4401,0,4.7252,15.6286,15.6286,38.1916
1,160,14050.6118,0,4.5921,13.7351,13.7351,72.746
1,161,14242.53,0,5.3096,10.4213,10.4213,44.6101
1,162,14453.5699,0,2.4876,9.2277,9.2277,38.7887
1,163,14487.5003,0,4.654,5.6347,5.6347,72.1148
1,164,14668.1218,0,7.1733,10.3303,10.3303,73.3118
1,165,14888.8752,0,11.4799,19.4094,19.4094,87.035
1,166,14924.2849,0,12.0803,13.2845,13.2845,78.0991
1,167,15040.1392,0,3.7206,27.5915,27.5915,71.2724
1,168,15105.5843,0,7.315,10.1442,10.1442,62.3639
1,169,15113.4725,0,4.3329,5.9777,5.9777,79.1586
1,170,15323.0622,0,2.6418,5.1094,5.1094,37.8004
1,171,15380.3874,0,2.2106,5.3509,5.3509,39.8309
1,172,15429.2458,0,2.2979,8.5252,8.5252,81.7156
1,173,15483.6776,0,4.9221,9.7836,9.7836,64.6188
1,174,15551.8823,0,6.6288,10.4184,10.4184,57.657
1,175,15646.7153,0,1.6567,4.6693,4.6693,41.7391
1,176,15684.8712,0,6.0791,66.0791,66.0791,171.4375
1,177,15877.9546,0,0.1899,2.6314,2.6314,35.5921
1,178,15880.7086,0,6.6322,40.6099,40.6099,75.0084
1,179,16100.6605,0,6.3367,15.8094,15.8094,45.4944
1,180,16376.6168,0,9.2343,12.8492,12.8492,82.344
1,181,16377.5084,0,15.4934,19.0434,19.0434,88.4981
1,182,16389.0223,0,24.2498,28.9386,28.9386,88.5672
1,183,16504.1082,0,3.3254,6.2225,6.2225,53.6872
1,184,16610.1591,0,3.0331,9.0228,9.0228,39.0358
1,185,16647.54,0,1.8639,8.0065,8.0065,90.2757
1,186,16764.5122,0,0.7334,3.2978,3.2978,40.2367
1,187,16824.4963,0,2.799,9.9074,9.9074,45.7739
1,188,16830.2109,0,13.8674,18.815,18.815,67.0217
1,189,17019.0039,0,3.5753,10.1004,10.1004,62.4268
1,190,17050.987,0,6.536,9.7819,9.7819,34.135
1,191,17182.8622,0,3.2058,12.8612,12.8612,79.2111
1,192,17513.7398,0,3.0046,63.0046,63.0046,108.1499
1,193,17582.6196,0,6.9312,14.4071,14.4071,94.0619
1,194,17865.7642,0,2.1883,10.4814,10.4814,50.5348
1,195,17950.1171,0,2.2668,6.6035,6.6035,28.7532
1,196,18028.4425,0,3.5899,5.66,5.66,70.234
1,197,18111.025,0,6.2581,9.2905,9.2905,55.8006
1,198,18181.7995,0,2.1517,10.0608,10.0608,38.2931
1,199,18400.6703,0,7.2621,10.3782,10.3782,57.5675
1,200,18447.9236,0,5.7821,10.9326,10.9326,64.5013
1,201,18494.7329,0,13.5616,17.3506,17.3506,41.1136
1,202,18509.8105,0,2.1761,8.6402,8.6402,66.5816
1,203,18567.8668,0,0.913,15.2535,15.2535,44.4113
1,204,18663.696,0,6.8174,11.129,11.129,47.875
1,205,19219.6247,0,3.416,10.5029,10.5029,52.739
1,206,19396.4722,0,4.8378,6.6112,6.6112,47.4938
1,207,19602.1092,0,6.415,8.8109,8.8109,46.0556
1,208,19590.5426,0,5.6442,23.2557,23.2557,71.2106
1,209,19602.708,0,6.1835,14.1412,14.1412,102.9781
1,210,19647.7136,0,5.8454,16.7966,16.7966,63.2156
1,211,19730.037,0,3.519,9.0003,9.0003,29.4636
1,212,19740.3678,0,5.2812,13.1451,13.1451,49.9165
1,213,19818.5389,0,4.6986,14.7705,14.7705,68.6744
1,214,19824.3104,0,6.7313,37.3044,37.3044,93.3106
1,215,20005.6012,0,7.6324,14.3678,14.3678,65.6523
1,216,20073.4449,0,1.3371,8.2578,8.2578,54.8151
1,217,20166.7244,0,6.353,10.152,10.152,78.4702
1,218,20228.2699,0,1.8666,6.2539,6.2539,54.8442
1,219,20656.0113,0,10.3151,14.1441,14.1441,47.958
1,220,20665.1681,0,4.5564,6.9062,6.9062,53.1611
1,221,20711.127,0,3.0226,8.4631,8.4631,49.0611
1,222,20780.0258,0,2.0837,9.545,9.545,89.1423
1,223,20982.6082,0,6.965,8.5982,8.5982,57.9388
1,224,21036.4934,0,4.7494,8.0785,8.0785,50.7737
1,225,21096.295,0,3.6255,25.0087,25.0087,22.8439
1,226,21113.7368,0,4.6137,8.104,8.104,48.3231
1,227,21119.4924,0,1.6733,5.4534,5.4534,72.6774
1,228,21275.2963,0,7.3575,12.4694,12.4694,47.2279
1,229,21368.9258,0,3.379,16.2593,16.2593,66.4625
1,230,21386.1976,0,3.8654,13.4217,13.4217,85.2369
1,231,21388.8784,0,3.0501,18.492,18.492,90.54
1,232,21397.5303,0,5.2447,12.6775,12.6775,86.1996
1,233,21446.3697,0,1.3406,7.3939,7.3939,48.6315
1,234,21511.4301,0,6.2531,6.8027,6.8027,28.9044
1,235,21575.3065,0,5.8173,10.4815,10.4815,52.2583
1,236,21606.6679,0,3.072,10.2004,10.2004,84.365
1,237,21641.7771,0,2.824,6.5609,6.5609,57.1534
1,238,22086.9167,0,2.6435,15.9898,15.9898,68.7471
1,239,22235.0733,0,8.6437,11.6875,11.6875,63.8646
1,240,22230.7294,0,5.4191,24.1449,24.1449,47.1764
1,241,22254.278,0,1.4865,18.4784,18.4784,75.5652
1,242,22267.1422,0,16.0437,21.3413,21.3413,41.6749
1,243,22275.7558,0,7.1255,13.4453,13.4453,82.1244
1,244,22534.7974,0,1.2808,18.9029,18.9029,58.8887
1,245,22555.2095,0,8.8668,13.5959,13.5959,60.8072
1,246,22591.7476,0,8.6423,22.1699,22.1699,59.8728
1,247,22729.4654,0,2.7249,5.9202,5.9202,52.6894
1,248,22728.3168,0,4.6419,10.4948,10.4948,65.9409
1,249,22770.9881,0,2.5086,5.0078,5.0078,66.9674
1,250,22799.1953,0,8.7163,10.3355,10.3355,59.6679
1,251,22883.379,0,5.505,7.3171,7.3171,33.5399
1,252,23157.1681,0,4.5837,6.2148,6.2148,39.9014
1,253,23345.8413,0,1.8942,8.9682,8.9682,39.1152
1,254,23457.3345,0,2.3521,6.1798,6.1798,51.6539
1,255,23666.4198,0,2.3436,4.5662,4.5662,57.6116
1,256,23725.4592,0,3.4811,7.6803,7.6803,50.124
1,257,23803.1235,0,6.6749,16.6993,16.6993,54.7193
1,258,23878.8912,0,7.6422,26.728,26.728,48.3894
1,259,23982.0937,0,9.0041,12.9763,12.9763,86.7365
1,260,24218.156,0,2.6409,7.4263,7.4263,49.9533
1,261,24227.3713,0,3.4588,9.5992,9.5992,45.3383
1,262,24287.0331,0,5.6039,12.1449,12.1449,43.3864
1,263,24327.6449,0,8.1038,12.6451,12.6451,38.3748
1,264,24400.5037,0,4.7569,8.754,8.754,59.1145
1,265,24585.0005,0,6.9555,9.5999,9.5999,111.2893
1,266,24694.6864,0,8.8795,11.8257,11.8257,63.004
1,267,24796.7692,0,4.804,20.6138,20.6138,63.1331
1,268,24983.5678,0,4.2237,12.3741,12.3741,46.2561
1,269,25062.0593,0,4.0073,7.8974,7.8974,85.9043
1,270,25137.6286,0,8.4673,12.8501,12.8501,63.4839
1,271,25260.0903,0,5.0583,11.8185,11.8185,31.7056
1,272,25316.2606,0,4.9207,9.5711,9.5711,64.3298
1,273,25310.6195,0,8.2849,18.7233,18.7233,83.0005
1,274,25370.3211,0,11.3843,20.3204,20.3204,67.6863
1,275,25430.1511,0,2.5223,7.4833,7.4833,38.6885
1,276,25479.0295,0,4.0024,6.1071,6.1071,91.6183
1,277,25453.5447,0,6.477,42.5387,42.5387,89.0288
1,278,25587.9377,0,3.2885,10.3658,10.3658,44.1349
1,279,25706.1318,0,2.0811,12.5573,12.5573,45.5068
1,280,25739.7493,0,2.7586,5.6296,5.6296,33.7229
1,281,25747.1048,0,4.5319,6.1983,6.1983,174.7584
1,282,26117.9129,0,3.6278,6.6947,6.6947,36.4091
1,283,26439.3909,0,3.2088,7.588,7.588,36.2164
1,284,26460.5574,0,9.7935,12.9901,12.9901,65.8188
1,285,26653.0623,0,3.0331,15.1916,15.1916,60.362
1,286,26697.8553,0,2.4628,11.6552,11.6552,60.435
1,287,26717.9381,0,10.7097,16.7366,16.7366,70.1095
1,288,26834.2337,0,3.6225,5.6784,5.6784,56.1348
1,289,26830.1915,0,5.9071,10.9562,10.9562,61.0193
1,290,26844.6026,0,13.9494,17.9705,17.9705,81.224
1,291,26892.6687,0,1.647,23.6528,23.6528,67.0832
1,292,27004.112,0,2.6685,6.1699,6.1699,44.0692
1,293,27064.2583,0,0.437,4.3249,4.3249,54.7704
1,294,27145.5328,0,13.452,14.7546,14.7546,59.4529
1,295,27209.3384,0,4.09,9.818,9.818,69.4168
1,296,27493.1625,0,1.8076,17.5053,17.5053,45.2354
1,297,27604.7557,0,0.5845,4.4854,4.4854,31.7955
1,298,27691.1274,0,1.7237,8.0423,8.0423,30.6331
1,299,27750.5743,0,1.6993,7.326,7.326,60.3189
1,300,27834.5598,0,2.9265,12.1064,12.1064,57.0831
1,301,27885.7369,0,7.049,17.0313,17.0313,76.2356
1,302,27899.2803,0,4.939,9.0904,9.0904,71.8985
1,303,27909.9938,0,9.3341,12.6541,12.6541,66.2686
1,304,28019.1085,0,5.527,7.9467,7.9467,59.6451
1,305,28068.2273,0,13.7715,17.5012,17.5012,89.4344
1,306,28084.9715,0,8.469,12.713,12.713,101.3349
1,307,28183.2445,0,2.6071,8.0448,8.0448,33.2811
1,308,28358.3152,0,0.9209,11.9393,11.9393,35.9524
1,309,28515.0464,0,2.684,7.8513,7.8513,56.1765
1,310,28627.1391,0,5.6637,11.8535,11.8535,33.4072
1,311,28663.1546,0,4.5511,8.5817,8.5817,56.5607
1,312,28701.4294,0,1.8468,7.2294,7.2294,63.6685
1,313,28769.5395,0,3.3224,5.7509,5.7509,36.4402
1,314,28830.0081,0,1.1138,5.3921,5.3921,35.7588
1,315,28916.7933,0,4.8002,7.9987,7.9987,85.4446
1,316,29164.0419,0,1.8038,17.3569,17.3569,72.6085
1,317,29288.7087,0,6.9697,9.9302,9.9302,57.615
1,318,29361.8762,0,9.1593,13.4137,13.4137,70.1102
1,319,29427.5847,0,15.8906,32.3678,32.3678,54.2232
1,320,29512.2449,0,5.4994,9.2599,9.2599,51.9292
1,321,29620.7384,0,3.6137,10.1124,10.1124,76.8134
1,322,29635.0454,0,4.8156,7.6707,7.6707,96.9666
1,323,29808.2045,0,7.2574,11.2143,11.2143,51.3455
1,324,29828.0321,0,4.77,11.3092,11.3092,44.5819
1,325,30030.1246,0,0.8919,11.1996,11.1996,42.9583
1,326,30307.5484,0,5.6378,10.8335,10.8335,64.8941
1,327,30475.0785,0,7.9912,13.9145,13.9145,60.8663
1,328,30539.8697,0,3.0422,9.2306,9.2306,81.2231
1,329,30832.8065,0,2.1876,12.1151,12.1151,133.4025
1,330,30854.1709,0,13.4064,17.297,17.297,116.6915
1,331,30862.1591,0,7.8239,11.9321,11.9321,117.1914
1,332,30864.2715,0,11.9038,31.1002,31.1002,128.2909
1,333,31138.6856,0,3.5395,7.6608,7.6608,93.1798
1,334,31193.4596,0,4.0443,7.612,7.612,54.5197
1,335,31464.3742,0,3.2562,9.1896,9.1896,46.8095
1,336,31780.9646,0,6.2297,9.8988,9.8988,66.5499
1,337,31939.1144,0,2.5916,3.7948,3.7948,45.399
1,338,32125.9106,0,3.2529,11.7823,11.7823,42.2176
1,339,32363.6225,0,3.7237,11.9692,11.9692,81.4902
1,340,32396.4478,0,4.2523,23.7872,23.7872,93.3022
1,341,32425.8466,0,8.1385,8.7312,8.7312,81.6534
1,342,32612.7085,0,3.5239,4.5092,4.5092,57.1323
1,343,32687.1611,0,7.6065,11.5447,11.5447,65.8184
1,344,32767.0246,0,2.1673,6.3395,6.3395,36.3265
1,345,32900.6642,0,3.8296,8.6185,8.6185,45.0341
1,346,33003.8584,0,3.3277,5.7919,5.7919,30.9436
1,347,33049.7672,0,3.5122,9.5683,9.5683,53.1901
1,348,33049.783,0,4.9726,19.3851,19.3851,55.9375
1,349,33131.329,0,1.3522,6.6315,6.6315,69.2091
1,350,33164.0599,0,6.6988,17.3525,17.3525,96.8609
1,351,33734.2773,0,3.8005,6.8857,6.8857,39.3023
1,352,33767.8248,0,12.3933,16.8621,16.8621,39.5138
1,353,33996.6582,0,7.9246,16.6237,16.6237,40.6602
1,354,34019.2013,0,7.7762,15.0256,15.0256,73.4275
1,355,34022.9327,0,13.6227,22.3881,22.3881,81.1321
1,356,34340.1475,0,4.674,7.4939,7.4939,44.2562
1,357,34373.7215,0,2.7792,7.4497,7.4497,44.8943
1,358,34528.9556,0,3.381,8.1966,8.1966,61.7315
1,359,34586.8356,0,3.1581,7.2727,7.2727,89.6082
1,360,34769.2278,0,2.8377,11.5426,11.5426,77.5452
1,361,34927.2705,0,3.7016,11.054,11.054,35.7989
1,362,34932.7696,0,0.6822,6.4641,6.4641,73.2047
1,363,34979.6607,0,1.9147,4.6516,4.6516,68.6261
1,364,35149.933,0,8.4349,11.8229,11.8229,48.5107
1,365,35172.6962,0,1.2808,2.0868,2.0868,46.0529
1,366,35202.417,0,5.1239,14.7956,14.7956,66.5363
1,367,35292.6304,0,4.7392,7.6702,7.6702,54.6052
1,368,35376.9232,0,6.632,43.5493,43.5493,83.1487
1,369,35819.6177,0,7.803,10.6277,10.6277,37.8925
1,370,35934.6207,0,3.2032,5.6817,5.6817,55.4936
1,371,35954.2729,0,13.9838,21.4867,21.4867,60.0583
1,372,35980.4102,0,19.0153,33.0308,33.0308,65.9988
1,373,36119.3871,0,2.7908,6.9538,6.9538,57.8917
1,374,36119.9974,0,6.1348,10.5136,10.5136,89.0796
1,375,36470.5775,0,1.9329,61.9329,61.9329,95.7087
1,376,36656.5548,0,2.51,9.8982,9.8982,82.7826
1,377,36865.4762,0,5.8478,21.7249,21.7249,47.2626
1,378,36935.8526,0,4.2098,5.6146,5.6146,59.8544
1,379,37021.2438,0,2.9326,8.6947,8.6947,88.9244
1,380,37245.1327,0,1.6971,6.3512,6.3512,26.8044
1,381,37319.4233,0,5.632,7.67,7.67,53.6198
1,382,37351.5699,0,4.4089,7.5455,7.5455,55.4683
1,383,37386.3076,0,4.2089,5.975,5.975,28.3071
1,384,37500.4921,0,2.0273,10.165,10.165,33.163
1,385,37624.4903,0,4.8677,10.4104,10.4104,48.4058
1,386,37960.4815,0,4.6663,11.1214,11.1214,46.5877
1,387,38096.6945,0,3.588,8.4166,8.4166,60.269
1,388,38273.6589,0,3.4952,8.5249,8.5249,63.0551
1,389,38307.119,0,1.9391,11.0214,11.0214,52.2689
1,390,38297.5694,0,10.3891,35.3238,35.3238,79.6519
1,391,38341.8054,0,11.8817,13.705,13.705,50.5154
1,392,38486.2568,0,2.8019,4.8852,4.8852,46.8275
1,393,38714.3837,0,2.1708,4.7259,4.7259,37.8198
1,394,38793.7576,0,1.9174,6.2655,6.2655,39.1134
1,395,39078.8207,0,1.1322,15.5208,15.5208,94.7951
1,396,39359.0568,0,1.4212,4.8051,4.8051,86.3553
1,397,39430.6261,0,6.401,14.0455,14.0455,60.4958
1,398,39551.4806,0,3.2577,4.4423,4.4423,31.8504
1,399,39698.7258,0,3.4436,6.952,6.952,52.8437
1,400,39757.0995,0,4.6549,6.8761,6.8761,33.9124
1,401,39753.9356,0,12.2945,20.1571,20.1571,59.4622
1,402,39875.1632,0,2.9416,9.3365,9.3365,44.2251
1,403,39920.8188,0,2.9908,12.7279,12.7279,62.6161
1,404,39971.6495,0,8.0221,12.1735,12.1735,49.7583
1,405,40078.5665,0,1.3081,9.7691,9.7691,30.0253
1,406,40081.5957,0,3.8386,15.3722,15.3722,61.2504
1,407,40147.4139,0,3.8276,11.0679,11.0679,71.782
1,408,40172.2687,0,5.7665,10.5322,10.5322,62.4454
1,409,40177.8886,0,9.0493,11.6957,11.6957,63.7911
1,410,40225.0435,0,17.7105,21.8832,21.8832,58.8529
1,411,40314.6593,0,4.3848,8.6551,8.6551,99.4323
1,412,40445.1338,0,3.7377,14.2159,14.2159,44.0574
1,413,40476.6358,0,3.3409,8.0154,8.0154,59.7526
1,414,40602.9112,0,5.8469,12.4766,12.4766,45.4995
1,415,40619.2878,0,0.9105,3.6641,3.6641,33.7237
1,416,40706.2071,0,13.4535,32.8448,32.8448,76.9958
1,417,40924.0263,0,1.6916,5.4098,5.4098,41.3764
1,418,40932.3184,0,8.167,11.0315,11.0315,63.6637
1,419,40948.2388,0,11.4632,17.599,17.599,61.1566
1,420,40963.0005,0,21.5672,26.8176,26.8176,72.6085
1,421,41037.5579,0,3.3986,8.451,8.451,45.7625
1,422,41093.515,0,5.9094,10.2811,10.2811,47.3604
1,423,41114.3249,0,7.0627,16.5394,16.5394,52.5013
1,424,41191.4114,0,2.8216,4.3708,4.3708,45.2347
1,425,41193.6056,0,5.2749,11.6338,11.6338,51.0759
1,426,41196.2299,0,6.9249,14.8642,14.8642,50.4549
1,427,41259.2586,0,8.9561,14.4092,14.4092,65.7602
1,428,41355.6304,0,4.127,9.5546,9.5546,81.2107
1,429,41432.789,0,3.3202,8.1445,8.1445,47.9484
1,430,41713.1693,0,2.3004,6.4375,6.4375,60.4003
1,431,41854.6058,0,1.8653,6.5035,6.5035,64.0278
1,432,42286.9651,0,3.3078,8.7719,8.7719,112.6244
1,433,42329.9959,0,9.4772,16.7207,16.7207,95.6528
1,434,42442.0222,0,4.0073,16.1578,16.1578,58.0761
1,435,42543.2379,0,6.4157,11.5201,11.5201,39.3558
1,436,42597.3066,0,3.5674,10.3243,10.3243,68.1521
1,437,42640.2341,0,2.9807,10.8938,10.8938,41.9203
1,438,42647.862,0,2.0189,3.8891,3.8891,45.1523
1,439,42676.3271,0,8.9314,16.4081,16.4081,54.223
1,440,42684.0623,0,16.2255,25.7288,25.7288,77.319
1,441,42723.813,0,9.746,12.2227,12.2227,60.6948
1,442,42725.6629,0,20.9,25.677,25.677,72.0481
1,443,42911.9773,0,3.2324,7.1072,7.1072,73.222
1,444,42931.0921,0,2.6409,5.3856,5.3856,60.0996
1,445,43078.6968,0,2.1894,27.864,27.864,59.7658
1,446,43152.8437,0,6.4622,11.2564,11.2564,40.0907
2,1,0.0,0,5.493,13.2006,13.2006,61.4183
2,2,179.565,0,2.7908,11.9054,11.9054,68.1042
2,3,235.3765,0,3.7296,9.5942,9.5942,95.9385
2,4,446.0767,0,2.6463,8.1209,8.1209,34.9887
2,5,553.5458,0,7.2351,10.7507,10.7507,75.28
2,6,627.6635,0,3.9635,5.4485,5.4485,44.8372
2,7,639.844,0,2.8793,11.676,11.676,61.8348
2,8,650.0245,0,2.7766,16.6368,16.6368,59.2219
2,9,697.3532,0,1.1253,6.9992,6.9992,50.0792
2,10,845.7985,0,4.9033,36.7068,36.7068,119.8797
2,11,964.6377,0,7.886,14.0178,14.0178,44.8826
2,12,1057.1384,0,2.8545,11.0079,11.0079,104.3449
2,13,1205.1437,0,6.0633,11.0284,11.0284,47.8754
2,14,1217.7544,0,4.6024,9.7838,9.7838,43.9331
2,15,1258.3028,0,2.9986,7.2149,7.2149,37.4959
2,16,1272.5212,0,10.9186,14.7996,14.7996,49.5987
2,17,1374.8869,0,4.6627,6.4149,6.4149,33.4009
2,18,1436.1116,0,4.6209,6.0277,6.0277,45.3432
2,19,1503.7272,0,1.7825,6.3775,6.3775,44.1918
2,20,1533.9126,0,5.8953,12.0138,12.0138,68.5207
2,21,1930.3962,0,6.0337,12.1622,12.1622,81.8918
2,22,2176.7794,0,6.5986,12.7381,12.7381,50.5925
2,23,2229.7342,0,4.0073,10.3846,10.3846,56.2876
2,24,2462.0561,0,2.4236,7.8884,7.8884,82.7673
2,25,2494.3659,0,3.7169,5.6594,5.6594,62.1944
2,26,2541.8945,0,10.1963,16.8969,16.8969,55.9577
2,27,2675.6952,0,4.8544,9.7643,9.7643,37.766
2,28,2766.3966,0,5.3129,7.4828,7.4828,68.8322
2,29,2804.0406,0,10.4049,21.9408,21.9408,45.116
2,30,2844.5108,0,6.6419,21.432,21.432,60.0635
2,31,2962.2372,0,7.5243,9.9943,9.9943,80.3594
2,32,2971.1132,0,4.3383,8.6272,8.6272,51.1983
2,33,3003.0376,0,1.3522,7.5488,7.5488,87.208
2,34,3015.3331,0,1.4755,14.8508,14.8508,89.5579
2,35,3111.3968,0,5.8947,12.4441,12.4441,42.5046
2,36,3219.0945,0,5.5439,11.6616,11.6616,57.0134
2,37,3277.0741,0,2.604,9.6938,9.6938,49.8768
2,38,3430.9329,0,4.2389,7.8795,7.8795,58.0891
2,39,3479.9676,0,6.8653,11.2851,11.2851,53.4727
2,40,3531.1645,0,1.9719,9.8576,9.8576,59.6489
2,41,3551.2614,0,5.9629,11.8389,11.8389,93.7021
2,42,3582.8123,0,8.5299,9.6604,9.6604,55.4313
2,43,3763.041,0,1.813,7.9927,7.9927,59.9452
2,44,3785.7353,0,3.9484,8.5176,8.5176,43.449
2,45,3920.9829,0,3.014,7.848,7.848,75.3245
2,46,3941.2554,0,3.3311,10.2082,10.2082,90.2894
2,47,3933.6887,0,9.2504,50.9402,50.9402,85.3261
2,48,4165.2627,0,4.0224,8.7714,8.7714,81.0516
2,49,4737.4592,0,1.8098,4.0778,4.0778,33.5489
2,50,4843.7974,0,4.7258,9.682,9.682,56.2864
2,51,4871.0635,0,7.2051,22.6312,22.6312,51.8343
2,52,4896.6436,0,3.3078,4.6063,4.6063,68.8474
2,53,4948.0514,0,12.6702,16.6704,16.6704,58.0889
2,54,4978.1127,0,3.5974,17.2701,17.2701,39.0832
2,55,5026.1978,0,2.9899,7.2901,7.2901,70.6345
2,56,5029.7498,0,8.6576,11.091,11.091,81.2375
2,57,5039.6891,0,3.6802,7.7032,7.7032,81.0949
2,58,5042.1771,0,19.1832,24.2653,24.2653,117.7654
2,59,5060.3054,0,9.5943,19.7657,19.7657,133.182
2,60,5105.8602,0,10.3548,15.2321,15.2321,97.249
2,61,5157.606,0,8.2044,14.9102,14.9102,55.0775
2,62,5156.0304,0,7.1006,21.8206,21.8206,74.2109
2,63,5192.6217,0,7.4945,11.2365,11.2365,63.322
2,64,5257.58,0,9.8084,20.1418,20.1418,60.6861
2,65,5425.091,0,5.4235,9.6424,9.6424,47.3669
2,66,5525.6922,0,3.5818,5.3775,5.3775,24.9079
2,67,5573.4509,0,1.2402,6.51,6.51,81.4771
2,68,5612.9331,0,6.4904,9.371,9.371,48.9087
2,69,5761.1599,0,1.8612,4.0213,4.0213,28.2264
2,70,5803.1932,0,3.3165,6.4294,6.4294,53.2383
2,71,6155.6868,0,3.022,8.5627,8.5627,61.3058
2,72,6256.7686,0,2.3621,8.3293,8.3293,59.2796
2,73,6313.3013,0,17.4276,19.6682,19.6682,62.8929
2,74,6341.219,0,5.6507,10.9446,10.9446,44.8791
2,75,6360.7436,0,2.9532,8.6882,8.6882,33.9293
2,76,6371.2082,0,19.6002,20.4654,20.4654,65.5709
2,77,6422.9747,0,3.7925,7.8749,7.8749,43.1421
2,78,6466.7427,0,17.1976,17.6557,17.6557,52.1459
2,79,6524.6206,0,4.1227,14.4857,14.4857,68.7166
2,80,6576.9306,0,9.9415,17.231,17.231,39.9806
2,81,6701.434,0,4.8824,11.6644,11.6644,63.3273
2,82,6744.0873,0,3.4792,8.5873,8.5873,43.0725
2,83,6755.6157,0,0.671,5.6521,5.6521,64.3297
2,84,6773.5125,0,13.9,19.7339,19.7339,71.7434
2,85,6952.1516,0,7.8569,11.2926,11.2926,54.0897
2,86,6973.2274,0,2.335,11.486,11.486,49.1287
2,87,6977.3973,0,4.5174,8.3577,8.3577,87.2358
2,88,7343.4329,0,1.6922,11.8215,11.8215,57.315
2,89,7416.6409,0,2.3882,38.4192,38.4192,69.677
2,90,7662.5399,0,2.6125,11.8709,11.8709,46.2584
2,91,7753.6235,0,4.3025,6.887,6.887,81.509
2,92,7786.9898,0,3.7337,29.3889,29.3889,101.6804
2,93,7886.2681,0,9.1318,15.0174,15.0174,57.3182
2,94,7901.118,0,3.8181,9.4557,9.4557,57.7024
2,95,7961.4699,0,3.3442,8.4946,8.4946,34.9923
2,96,7980.5102,0,6.1504,10.526,10.526,53.6827
2,97,8023.2374,0,4.6132,7.775,7.775,71.043
2,98,8110.1543,0,7.747,15.0302,15.0302,29.9127
2,99,8137.0517,0,3.2409,10.002,10.002,89.297
2,100,8210.7969,0,3.2022,8.163,8.163,79.44
2,101,8347.8287,0,1.8353,5.877,5.877,78.4665
2,102,8432.9082,0,10.6138,14.2052,14.2052,66.5103
2,103,8567.4299,0,5.6731,6.9151,6.9151,48.8483
2,104,8701.3877,0,4.8557,7.9375,7.9375,59.1172
2,105,8870.2133,0,3.0342,9.3083,9.3083,29.9141
2,106,8904.9503,0,1.6103,3.7848,3.7848,21.2995
2,107,9026.1661,0,4.641,12.3892,12.3892,48.0585
2,108,9279.7971,0,2.1936,11.3574,11.3574,61.9836
2,109,9310.57,0,4.6512,7.6429,7.6429,48.8102
2,110,9356.7872,0,3.8474,12.5265,12.5265,57.2533
2,111,9386.1204,0,1.2978,10.7493,10.7493,47.8032
2,112,9425.3111,0,5.273,9.4037,9.4037,44.41
2,113,9716.0638,0,5.9565,9.2484,9.2484,47.7891
2,114,9763.6995,0,4.1084,11.4912,11.4912,36.4641
2,115,9825.5532,0,4.4851,8.9016,8.9016,67.9566
2,116,10085.336,0,10.6074,13.0425,13.0425,60.695
2,117,10152.4456,0,2.9337,9.0846,9.0846,33.448
2,118,10642.371,0,7.1006,11.8912,11.8912,34.3486
2,119,10813.6472,0,5.2968,20.5975,20.5975,130.9579
2,120,10924.9397,0,4.6549,5.5631,5.5631,34.4719
2,121,11051.9565,0,3.0501,7.501,7.501,33.9318
2,122,11115.7198,0,0.0,2.3032,2.3032,32.4481
2,123,11156.355,0,2.2679,2.7378,2.7378,46.942
2,124,11341.6233,0,4.0374,8.8021,8.8021,43.4336
2,125,11379.9918,0,1.6144,5.2844,5.2844,36.8469
2,126,11552.5793,0,3.031,58.3307,58.3307,90.5197
2,127,11630.0852,0,4.7519,9.2881,9.2881,67.1328
2,128,11735.7859,0,7.9319,17.7821,17.7821,57.6224
2,129,11851.5151,0,6.3009,10.098,10.098,46.967
2,130,11990.4664,0,4.5392,10.803,10.803,48.6502
2,131,12020.9193,0,8.999,15.5562,15.5562,83.4052
2,132,12051.8836,0,2.8638,27.1716,27.1716,69.8687
2,133,12084.6859,0,8.7062,12.9598,12.9598,79.7567
2,134,12141.9379,0,10.6156,15.1507,15.1507,48.3652
2,135,12191.4398,0,1.4565,8.0516,8.0516,48.9738
2,136,12256.7254,0,4.5531,13.4784,13.4784,80.2076
2,137,12381.8424,0,7.5611,11.9652,11.9652,77.6276
2,138,12464.4454,0,8.5674,9.543,9.543,35.7053
2,139,12468.1736,0,2.0797,5.8496,5.8496,46.6903
2,140,12523.4031,0,4.1482,13.9837,13.9837,30.0903
2,141,12560.4532,0,2.4667,4.7492,4.7492,46.6619
2,142,12654.6694,0,2.623,6.7082,6.7082,94.9542
2,143,12654.4526,0,6.4493,10.3044,10.3044,161.3948
2,144,12835.1482,0,1.1583,4.7523,4.7523,38.0958
2,145,12831.6217,0,5.2285,17.7518,17.7518,67.9378
2,146,12859.4301,0,4.8179,9.9467,9.9467,54.3101
2,147,12878.7901,0,5.6452,10.134,10.134,38.7992
2,148,12918.0901,0,8.8064,30.9549,30.9549,86.7493
2,149,12999.6944,0,2.3713,7.8832,7.8832,31.9748
2,150,13278.9101,0,2.0966,5.5436,5.5436,29.9875
2,151,13289.4425,0,5.3152,12.0497,12.0497,38.1217
2,152,13385.6892,0,1.6563,14.546,14.546,48.1718
2,153,13531.9471,0,4.9719,6.3092,6.3092,72.4496
2,154,13533.2314,0,7.3377,17.6743,17.6743,130.0189
2,155,13734.3513,0,3.2409,8.997,8.997,44.0598
2,156,13797.4678,0,5.8332,16.1536,16.1536,122.8267
2,157,13992.9407,0,5.0002,8.3292,8.3292,26.7549
2,158,14022.0051,0,14.8173,53.2738,53.2738,93.2068
2,159,14213.5374,0,0.5264,10.3208,10.3208,24.7659
2,160,14418.6184,0,4.5737,10.0763,10.0763,42.6266
2,161,14447.0105,0,6.1791,19.2326,19.2326,72.8543
2,162,14483.8084,0,2.1192,8.9662,8.9662,72.1378
2,163,14674.6971,0,1.7271,4.7029,4.7029,49.3479
2,164,14945.7132,0,3.3917,14.1724,14.1724,55.1469
2,165,15054.2317,0,4.6821,10.3051,10.3051,54.7123
2,166,15059.4246,0,1.4158,5.3553,5.3553,57.2823
2,167,15200.1221,0,5.1118,8.2251,8.2251,45.0283
2,168,15210.378,0,9.7126,13.4287,13.4287,75.7573
2,169,15256.2695,0,2.9807,8.5292,8.5292,41.0758
2,170,15263.8493,0,4.2602,7.7297,7.7297,53.7252
2,171,15289.1171,0,7.2061,11.3062,11.3062,53.2634
2,172,15316.9314,0,1.2435,5.7605,5.7605,56.3601
2,173,15423.5738,0,5.9398,9.3652,9.3652,58.2876
2,174,15570.6859,0,1.4884,7.5205,7.5205,59.4326
2,175,15711.2211,0,3.8784,4.6704,4.6704,49.1556
2,176,15739.3916,0,4.5794,11.3824,11.3824,65.8642
2,177,15835.4091,0,2.4229,6.9138,6.9138,37.3152
2,178,16321.005,0,2.0856,5.3788,5.3788,47.1499
2,179,16346.5611,0,4.9862,12.9258,12.9258,48.5013
2,180,16391.3904,0,6.8196,9.7951,9.7951,53.8761
2,181,16391.5864,0,13.3791,16.0587,16.0587,64.1193
2,182,16417.9816,0,12.2007,16.2911,16.2911,66.9119
2,183,16429.0848,0,21.8556,24.155,24.155,95.9035
2,184,16460.5821,0,13.1647,21.6494,21.6494,74.6169
2,185,16438.4904,0,5.3241,44.8937,44.8937,103.7585
2,186,16507.7354,0,3.4842,6.4365,6.4365,51.5854
2,187,16568.2524,0,4.8793,10.4525,10.4525,59.1175
2,188,16625.6225,0,0.4864,3.916,3.916,26.9054
2,189,16662.1257,0,8.3449,10.3109,10.3109,42.5488
2,190,16685.1011,0,3.3795,9.025,9.025,37.9738
2,191,16714.6328,0,7.4592,16.6764,16.6764,65.5962
2,192,16978.246,0,9.7966,13.8115,13.8115,67.7875
2,193,17098.2065,0,1.3116,3.8123,3.8123,34.4559
2,194,17124.2252,0,6.5367,12.0165,12.0165,64.4328
2,195,17324.3729,0,0.9169,3.8926,3.8926,59.958
2,196,17484.3214,0,4.0252,13.5704,13.5704,41.4996
2,197,17752.856,0,6.44,11.1152,11.1152,62.0402
2,198,17893.6181,0,3.5175,11.2217,11.2217,99.8751
2,199,17887.8564,0,16.1516,18.3153,18.3153,113.1187
2,200,17960.2191,0,8.453,10.8024,10.8024,43.1102
2,201,18063.6535,0,4.9827,17.9472,17.9472,52.6046
2,202,18097.4563,0,6.8799,11.6704,11.6704,68.6432
2,203,18222.4558,0,7.7352,9.5088,9.5088,48.1907
2,204,18266.4481,0,2.9301,10.503,10.503,56.901
2,205,18475.0104,0,3.8325,10.1704,10.1704,53.9433
2,206,19000.9288,0,3.9686,6.0806,6.0806,36.9418
2,207,19051.3275,0,2.6189,13.9196,13.9196,53.4719
2,208,19059.8315,0,5.6335,16.8801,16.8801,120.0663
2,209,19143.2635,0,1.1404,10.4888,10.4888,62.2833
2,210,19211.7112,0,3.8994,8.2492,8.2492,73.651
2,211,19231.0924,0,5.0953,12.786,12.786,57.9159
2,212,19304.7225,0,5.9071,8.3993,8.3993,41.5302
2,213,19374.1156,0,8.9292,11.4168,11.4168,53.7622
2,214,19423.5871,0,3.33,7.0616,7.0616,40.615
2,215,19467.4535,0,7.7183,11.8156,11.8156,60.4588
2,216,19471.0526,0,2.9495,11.907,11.907,88.2477
2,217,19559.5421,0,6.7421,10.5108,10.5108,99.2172
2,218,19719.9278,0,2.451,7.8665,7.8665,59.7351
2,219,19722.3336,0,3.6131,16.3923,16.3923,66.4584
2,220,19748.0729,0,5.3387,12.5829,12.5829,47.8119
2,221,19744.728,0,2.5462,27.2081,27.2081,45.1734
2,222,19771.4913,0,10.1571,14.7866,14.7866,93.6637
2,223,19815.1924,0,1.5936,6.5203,6.5203,30.1859
2,224,19816.6687,0,8.946,11.8008,11.8008,34.3795
2,225,19829.8741,0,3.0749,9.8878,9.8878,63.3285
2,226,19948.2642,0,13.4003,22.0349,22.0349,69.3073
2,227,19988.8179,0,0.437,10.3151,10.3151,43.3589
2,228,20163.1723,0,2.0974,6.9399,6.9399,32.116
2,229,20212.9601,0,1.0098,2.8873,2.8873,44.9909
2,230,20278.7763,0,4.5393,6.7216,6.7216,32.9985
2,231,20469.5748,0,5.4421,23.872,23.872,59.2411
2,232,20595.2547,0,6.9986,13.9163,13.9163,51.2849
2,233,20750.4648,0,1.0039,6.7945,6.7945,49.6969
2,234,20748.3682,0,5.2159,13.3474,13.3474,58.9366
2,235,20895.9427,0,3.3349,12.4597,12.4597,109.1993
2,236,20932.6235,0,7.8504,13.5873,13.5873,79.5494
2,237,20984.3898,0,2.0987,5.3787,5.3787,50.2503
2,238,20984.7383,0,7.5465,12.824,12.824,58.0831
2,239,21015.1119,0,11.9578,20.8392,20.8392,56.1843
2,240,21017.4408,0,19.236,31.6763,31.6763,90.1703
2,241,21039.5408,0,7.9422,16.1183,16.1183,126.0063
2,242,21175.2232,0,2.5314,7.6504,7.6504,40.7755
2,243,21176.941,0,9.6753,13.2233,13.2233,69.7169
2,244,21299.3932,0,1.2967,6.7003,6.7003,36.4758
2,245,21430.1346,0,1.0588,6.9444,6.9444,54.6699
2,246,21478.6902,0,5.2432,14.7636,14.7636,59.1969
2,247,21491.4807,0,10.0226,14.1244,14.1244,63.9945
2,248,21491.7624,0,17.2502,20.0742,20.0742,31.009
2,249,21529.4099,0,1.7638,6.0034,6.0034,77.8133
2,250,21538.585,0,10.2288,14.6091,14.6091,52.5995
2,251,21570.7352,0,4.8928,7.9355,7.9355,53.6819
2,252,21609.3296,0,2.9659,8.3095,8.3095,30.6641
2,253,21626.5363,0,1.9301,7.5496,7.5496,56.8255
2,254,21703.4957,0,0.9332,9.7752,9.7752,55.9819
2,255,21721.7959,0,3.9032,10.6287,10.6287,110.4791
2,256,22039.9531,0,2.3717,6.6064,6.6064,39.2314
2,257,22211.3257,0,5.4416,10.8186,10.8186,48.5272
2,258,22345.2079,0,5.2236,10.2152,10.2152,56.2594
2,259,22433.4702,0,4.0702,6.8126,6.8126,27.7449
2,260,22577.0423,0,1.4153,3.5088,3.5088,21.5518
2,261,22570.4007,0,2.9326,16.0485,16.0485,54.8231
2,262,22690.1094,0,4.5193,10.8129,10.8129,52.3125
2,263,22713.7175,0,9.4802,17.0996,17.0996,63.2691
2,264,22735.1164,0,2.1445,14.396,14.396,47.6225
2,265,22794.0965,0,2.1673,6.396,6.396,66.9567
2,266,22829.2345,0,12.8336,19.9971,19.9971,59.6761
2,267,23151.7632,0,6.7198,10.7141,10.7141,64.4012
2,268,23214.3303,0,7.1883,15.7198,15.7198,51.116
2,269,23291.335,0,6.8993,16.6,16.6,58.8384
2,270,23690.7625,0,8.9084,15.936,15.936,62.2582
2,271,23839.8131,0,6.0667,15.6752,15.6752,70.5021
2,272,23930.1661,0,4.5205,9.6033,9.6033,86.8516
2,273,23959.3479,0,3.3902,6.905,6.905,65.3442
2,274,24047.1176,0,5.1111,13.6647,13.6647,73.7703
2,275,24152.8385,0,4.6852,10.4661,10.4661,28.698
2,276,24225.9644,0,5.4664,10.3812,10.3812,41.9186
2,277,24244.1655,0,1.1085,10.4742,10.4742,43.2519
2,278,24334.1144,0,1.0877,4.5126,4.5126,59.4393
2,279,24401.5532,0,1.3783,9.9314,9.9314,25.2666
2,280,24428.6735,0,3.3338,6.4176,6.4176,61.1001
2,281,24953.5814,0,4.7768,37.486,37.486,92.5596
2,282,25009.6462,0,7.8504,10.5465,10.5465,38.6987
2,283,25167.2259,0,1.7207,5.194,5.194,52.0884
2,284,25167.3748,0,4.0198,11.0705,11.0705,58.7167
2,285,25329.136,0,5.2192,7.1376,7.1376,30.6577
2,286,25407.29,0,6.163,25.0462,25.0462,92.9467
2,287,25560.2007,0,3.4491,7.2709,7.2709,67.1695
2,288,25523.8035,0,0.6738,45.2227,45.2227,111.8426
2,289,25669.5452,0,3.2415,13.8281,13.8281,59.7455
2,290,25727.1828,0,3.1147,8.9032,8.9032,45.2558
2,291,25762.3324,0,0.7282,7.6155,7.6155,32.989
2,292,25762.2162,0,8.4932,11.7969,11.7969,60.2079
2,293,25876.1874,0,5.4235,10.8285,10.8285,63.6062
2,294,25925.2582,0,2.1412,6.7301,6.7301,55.2301
2,295,25969.8579,0,1.9931,3.4675,3.4675,80.5246
2,296,26069.1758,0,5.5637,19.818,19.818,48.9754
2,297,26397.9287,0,2.3298,7.6303,7.6303,43.0832
2,298,26411.1881,0,8.0024,10.4685,10.4685,49.0979
2,299,26494.7369,0,9.4238,13.2246,13.2246,54.3358
2,300,26582.9036,0,6.3743,13.8209,13.8209,46.8812
2,301,26714.5459,0,1.0465,8.5156,8.5156,64.5038
2,302,26869.7591,0,5.2537,6.2122,6.2122,35.7532
2,303,26969.3098,0,1.8616,2.5462,2.5462,39.9789
2,304,26967.2121,0,4.051,7.6778,7.6778,80.0755
2,305,27193.2032,0,4.6968,16.3689,16.3689,48.6962
2,306,27270.3748,0,4.6238,7.9958,7.9958,48.5219
2,307,27267.8324,0,2.8237,14.2414,14.2414,51.0979
2,308,27321.5413,0,3.6304,5.4679,5.4679,59.4408
2,309,27649.0484,0,3.8555,10.6839,10.6839,35.2391
2,310,27793.3181,0,1.58,5.3978,5.3978,44.794
2,311,27842.2676,0,1.8109,5.2633,5.2633,50.6265
2,312,27842.7666,0,1.6183,5.8336,5.8336,55.5965
2,313,27859.3631,0,8.4252,47.9256,47.9256,86.4126
2,314,27957.0157,0,5.9761,12.4374,12.4374,45.1547
2,315,28012.9159,0,4.6523,9.2036,9.2036,63.3821
2,316,28211.8279,0,7.4006,11.3619,11.3619,62.5616
2,317,28224.8932,0,5.3121,7.8134,7.8134,69.6953
2,318,28244.4958,0,7.998,11.1261,11.1261,51.0628
2,319,28258.5583,0,1.043,11.9666,11.9666,48.803
2,320,28264.9134,0,3.7279,5.784,5.784,73.0594
2,321,28299.7152,0,10.4429,12.1236,12.1236,39.6508
2,322,28332.8387,0,1.918,6.758,6.758,41.0656
2,323,28474.4005,0,14.2005,39.6632,39.6632,70.1867
2,324,28627.0469,0,6.0126,7.6238,7.6238,64.3579
2,325,28637.1464,0,2.467,4.5884,4.5884,73.1838
2,326,28684.705,0,9.6896,11.7363,11.7363,48.8539
2,327,28692.0699,0,7.8726,26.3895,26.3895,49.3652
2,328,28741.7788,0,2.5889,8.2298,8.2298,57.5046
2,329,28772.5617,0,5.2358,9.5142,9.5142,42.132
2,330,28857.7344,0,5.0992,14.5496,14.5496,41.5971
2,331,28898.8337,0,7.3619,8.9837,8.9837,58.2779
2,332,29506.2312,0,9.4222,19.5739,19.5739,57.168
2,333,29556.7211,0,3.5971,10.3074,10.3074,38.6038
2,334,29659.1479,0,3.694,13.1618,13.1618,49.9601
2,335,29678.0627,0,3.0842,5.6305,5.6305,42.3174
2,336,29728.3183,0,2.0091,5.5206,5.5206,45.1173
2,337,29845.2182,0,7.503,9.2715,9.2715,34.5049
2,338,30181.7534,0,3.9343,13.2926,13.2926,61.3411
2,339,30227.917,0,4.9064,7.4458,7.4458,33.9588
2,340,30344.5771,0,5.6335,13.2104,13.2104,52.0301
2,341,30485.3531,0,2.4992,9.0738,9.0738,61.7347
2,342,30534.2866,0,3.0003,8.1631,8.1631,55.6716
2,343,30552.3904,0,8.0865,9.1348,9.1348,44.1433
2,344,30636.4381,0,4.1962,11.1902,11.1902,30.8466
2,345,30730.9272,0,5.6507,8.5387,8.5387,76.5856
2,346,30835.1922,0,2.9419,29.6055,29.6055,75.9078
2,347,30932.0427,0,1.1235,3.8393,3.8393,26.89
2,348,31045.6436,0,5.8992,10.4509,10.4509,71.5544
2,349,31085.4865,0,6.5902,13.2878,13.2878,55.7375
2,350,31157.2887,0,1.236,28.3185,28.3185,96.9737
2,351,31438.5426,0,4.9504,14.2456,14.2456,74.4092
2,352,31744.1526,0,1.8319,5.9601,5.9601,36.6753
2,353,31780.4124,0,0.739,2.5611,2.5611,30.0863
2,354,32273.7547,0,3.464,5.9446,5.9446,83.1787
2,355,32282.253,0,2.4909,4.9794,4.9794,102.3412
2,356,32310.0024,0,18.2438,32.2717,32.2717,68.3529
2,357,32344.7656,0,3.9949,5.9953,5.9953,44.7187
2,358,32541.1635,0,2.0776,4.2735,4.2735,43.3674
2,359,32540.8904,0,4.9827,7.4909,7.4909,48.2554
2,360,32556.2759,0,4.3025,6.2349,6.2349,49.7716
2,361,32590.2917,0,6.1103,10.8022,10.8022,42.6742
2,362,32643.1044,0,4.968,9.1225,9.1225,57.5856
2,363,32661.6407,0,1.7008,5.1518,5.1518,49.0684
2,364,32666.7267,0,2.7595,8.4487,8.4487,56.8498
2,365,32733.8658,0,4.569,8.1228,8.1228,37.4431
2,366,32730.2991,0,6.5989,12.9868,12.9868,49.476
2,367,32733.9492,0,15.3925,17.8314,17.8314,70.3303
2,368,32804.8954,0,5.0137,18.8669,18.8669,46.7516
2,369,32963.371,0,5.1604,7.2983,7.2983,66.3279
2,370,33123.764,0,3.5543,8.8013,8.8013,35.9888
2,371,33209.4507,0,2.244,6.3263,6.3263,80.4552
2,372,33550.2839,0,3.1545,9.2052,9.2052,70.6257
2,373,33686.2581,0,2.7853,4.6637,4.6637,53.4317
2,374,33891.5311,0,6.74,10.5356,10.5356,38.1235
2,375,34078.2992,0,2.7196,4.8189,4.8189,29.2494
2,376,34161.5486,0,3.6279,32.5966,32.5966,61.7555
2,377,34489.5053,0,2.7265,9.7259,9.7259,54.9055
2,378,34718.1374,0,4.8587,9.5987,9.5987,35.6007
2,379,34732.1501,0,4.4112,14.7786,14.7786,80.4154
2,380,34783.4135,0,2.0491,4.8017,4.8017,38.4339
2,381,34849.5624,0,4.3428,6.7542,6.7542,40.8902
2,382,35047.7133,0,1.9285,5.2906,5.2906,41.4828
2,383,35207.305,0,2.1197,31.2626,31.2626,79.2648
2,384,35230.2442,0,12.7543,18.353,18.353,62.693
2,385,35281.7256,0,4.56,6.8062,6.8062,30.2671
2,386,35576.8593,0,4.6325,7.9517,7.9517,20.1845
2,387,35662.1372,0,2.2131,34.274,34.274,102.6871
2,388,35693.691,0,4.16,9.5261,9.5261,77.8971
2,389,35777.7453,0,2.6493,6.7183,6.7183,48.4134
2,390,35911.7185,0,3.8989,7.0413,7.0413,44.5055
2,391,36108.6325,0,5.9836,9.6103,9.6103,35.0039
2,392,36140.8166,0,5.8269,10.4129,10.4129,48.853
2,393,36565.8314,0,5.9737,8.2502,8.2502,48.8485
2,394,36611.2024,0,10.6271,17.8488,17.8488,85.905
2,395,36633.1305,0,1.8366,7.7152,7.7152,67.04
2,396,36648.4712,0,2.7164,29.9666,29.9666,66.1236
2,397,36720.8393,0,8.171,16.3625,16.3625,40.863
2,398,36730.4639,0,13.0677,14.9706,14.9706,37.6367
2,399,36738.7914,0,6.4548,14.6297,14.6297,66.1381
2,400,36735.7677,0,16.2325,19.7714,19.7714,76.8577
2,401,36745.372,0,12.5452,17.3995,17.3995,98.5202
2,402,36756.0096,0,7.4155,14.8095,14.8095,96.4306
2,403,36789.6372,0,3.7815,10.2534,10.2534,76.5128
2,404,36800.7752,0,12.1467,16.8817,16.8817,57.8561
2,405,36814.2077,0,3.7967,13.5691,13.5691,75.6551
2,406,37036.2132,0,1.9834,11.9219,11.9219,34.2057
2,407,37051.4465,0,1.4209,8.6517,8.6517,58.6995
2,408,37219.8958,0,1.9546,8.1736,8.1736,43.7347
2,409,37221.271,0,5.5375,11.2028,11.2028,78.6354
2,410,37226.1003,0,7.5119,9.788,9.788,87.1528
2,411,37291.9095,0,2.3054,11.6024,11.6024,27.5959
2,412,37459.3665,0,4.753,14.8199,14.8199,66.2994
2,413,37500.2569,0,5.0381,10.2625,10.2625,121.3374
2,414,37560.4461,0,1.3899,4.9595,4.9595,81.9263
2,415,37574.9395,0,9.3214,23.2691,23.2691,70.929
2,416,37716.5889,0,1.5494,5.2996,5.2996,28.3852
2,417,37872.7202,0,3.841,11.5259,11.5259,67.5985
2,418,37901.5788,0,4.0674,8.5587,8.5587,66.2442
2,419,37940.2122,0,6.1272,10.8895,10.8895,49.4822
2,420,38040.3001,0,5.1198,8.507,8.507,39.539
2,421,38033.5307,0,5.1499,24.6394,24.6394,56.6913
2,422,38066.3148,0,4.005,14.005,14.005,64.3261
2,423,38182.297,0,1.7072,9.7967,9.7967,58.6372
2,424,38265.3221,0,8.8671,18.8075,18.8075,56.387
2,425,38296.7637,0,7.747,16.1142,16.1142,82.1287
2,426,38488.9737,0,3.742,17.9489,17.9489,57.149
2,427,38683.8631,0,3.8614,12.0422,12.0422,33.9752
2,428,38716.7788,0,5.2882,10.3543,10.3543,83.8931
2,429,38735.6531,0,1.7008,7.4406,7.4406,75.6551
2,430,38742.9953,0,7.803,16.1697,16.1697,76.5793
2,431,38860.2363,0,4.2965,17.2913,17.2913,74.0549
2,432,39046.239,0,2.1457,10.1056,10.1056,56.3966
2,433,39397.6465,0,1.4158,4.4643,4.4643,74.6126
2,434,39558.0826,0,2.9725,7.6753,7.6753,50.6487
2,435,39663.5198,0,1.6425,4.2048,4.2048,73.4277
2,436,39718.2802,0,5.768,15.9515,15.9515,51.0154
2,437,39740.7942,0,6.8618,11.6148,11.6148,77.8667
2,438,39799.9989,0,1.3792,13.1536,13.1536,54.8047
2,439,39877.0846,0,2.4904,6.8438,6.8438,45.1188
2,440,39894.9575,0,1.7008,5.6474,5.6474,40.0182
2,441,40005.3637,0,2.0631,10.5149,10.5149,122.3153
2,442,40092.4504,0,4.5722,12.0601,12.0601,43.3749
2,443,40179.1471,0,2.1429,6.2223,6.2223,42.3156
2,444,40215.3121,0,6.7552,15.5899,15.5899,40.5246
2,445,40359.1398,0,4.1144,5.1618,5.1618,26.7004
2,446,40568.9361,0,2.5308,5.066,5.066,85.39
2,447,40829.1223,0,3.5513,5.7688,5.7688,32.9654
2,448,40862.3068,0,5.2394,7.9343,7.9343,56.4436
2,449,40861.0165,0,3.3902,10.0341,10.0341,60.2191
2,450,40907.241,0,2.2575,7.0831,7.0831,43.4964
2,451,40976.0999,0,1.8052,16.3754,16.3754,33.2577
2,452,40993.6443,0,9.0908,15.0653,15.0653,77.9716
2,453,41062.7485,0,6.6536,13.7744,13.7744,64.6755
2,454,41152.4713,0,4.8812,9.6095,9.6095,37.3901
2,455,41153.591,0,5.3467,9.7077,9.7077,58.763
2,456,41303.6005,0,4.1923,9.4842,9.4842,46.9782
2,457,41333.4682,0,9.423,16.3297,16.3297,55.6039
2,458,41327.7513,0,5.3862,22.5552,22.5552,100.2569
2,459,41410.7767,0,3.0506,7.0658,7.0658,46.3247
2,460,41557.9593,0,6.5564,16.1127,16.1127,65.2524
2,461,41661.0204,0,6.0921,10.6251,10.6251,44.4308
2,462,41689.081,0,5.0321,7.9978,7.9978,86.7053
2,463,41843.6878,0,3.7004,8.9402,8.9402,39.9739
2,464,41946.5105,0,4.6295,7.983,7.983,56.6493
2,465,42089.0004,0,3.841,9.7262,9.7262,34.5976
2,466,42167.7741,0,1.0013,7.0749,7.0749,54.5782
2,467,42323.2406,0,4.2019,8.8139,8.8139,68.4166
2,468,42430.8951,0,6.5413,11.2244,11.2244,70.9994
2,469,42575.1886,0,9.1579,12.9736,12.9736,39.8017
2,470,42606.9394,0,5.7118,15.2656,15.2656,80.2049
2,471,42707.9095,0,9.1261,11.0344,11.0344,56.8176
2,472,42776.2499,0,8.5665,13.9442,13.9442,52.907
2,473,42872.9261,0,1.2229,8.1786,8.1786,39.2694
2,474,42889.3044,0,2.8087,4.8974,4.8974,41.2663
2,475,42960.5551,0,4.5718,14.6179,14.6179,47.3856
3,1,0.0,0,7.4573,15.5864,15.5864,47.0902
3,2,180.1831,0,11.05,19.1126,19.1126,73.5172
3,3,554.6511,0,7.9778,14.4993,14.4993,68.4991
3,4,590.1401,0,3.6654,11.7347,11.7347,79.1229
3,5,587.6159,0,5.6013,31.3853,31.3853,79.6145
3,6,678.4515,0,3.164,5.9098,5.9098,26.1338
3,7,690.2991,0,4.5732,6.8026,6.8026,53.6296
3,8,732.8596,0,1.909,5.6799,5.6799,42.9019
3,9,896.3214,0,4.2726,5.6528,5.6528,42.4479
3,10,905.3209,0,4.3782,7.256,7.256,58.4799
3,11,941.2217,0,1.1746,7.9641,7.9641,74.8789
3,12,985.4852,0,1.9552,12.3716,12.3716,90.5177
3,13,1025.6221,0,0.3444,18.454,18.454,72.059
3,14,1061.6609,0,3.381,7.2859,7.2859,45.4068
3,15,1066.5949,0,2.0659,6.7054,6.7054,61.6358
3,16,1079.8494,0,0.3107,4.3034,4.3034,61.9615
3,17,1118.5486,0,3.8169,8.3633,8.3633,31.8486
3,18,1148.0724,0,3.3466,5.4023,5.4023,46.5971
3,19,1153.886,0,6.1157,8.7107,8.7107,66.2885
3,20,1251.8609,0,5.68,12.2068,12.2068,38.5907
3,21,1342.2407,0,4.9215,7.4851,7.4851,45.5948
3,22,1364.8258,0,7.9451,16.0187,16.0187,69.4457
3,23,1720.266,0,3.7893,11.3658,11.3658,35.1885
3,24,1802.6176,0,1.0898,8.7909,8.7909,53.983
3,25,1966.7203,0,4.3655,13.6444,13.6444,42.0789
3,26,2168.7518,0,2.0987,5.1045,5.1045,42.3045
3,27,2216.6338,0,1.4865,26.7477,26.7477,57.7217
3,28,2300.6246,0,0.3914,4.7769,4.7769,51.4487
3,29,2343.5917,0,1.3882,2.1607,2.1607,37.0376
3,30,2360.001,0,14.4653,18.6775,18.6775,71.7721
3,31,2570.9332,0,3.3952,7.9222,7.9222,59.8105
3,32,2571.8349,0,6.217,8.669,8.669,63.4052
3,33,2584.6913,0,12.8716,17.9555,17.9555,83.6018
3,34,2620.7824,0,13.5616,23.6546,23.6546,53.8517
3,35,2648.7139,0,4.1639,6.9297,6.9297,45.6573
3,36,2752.3627,0,2.6991,3.6924,3.6924,41.8176
3,37,2755.414,0,2.3487,5.9801,5.9801,55.3035
3,38,3000.2725,0,5.2474,9.8621,9.8621,55.2002
3,39,3399.3832,0,4.7614,6.8159,6.8159,35.0617
3,40,3533.7702,0,5.7118,11.2828,11.2828,79.6943
3,41,3574.7015,0,2.5223,5.9124,5.9124,45.5685
3,42,3616.6006,0,2.364,3.7406,3.7406,51.1373
3,43,3669.7988,0,8.4525,13.8461,13.8461,76.4537
3,44,3780.1044,0,9.2797,16.5495,16.5495,65.6262
3,45,3975.1824,0,2.6069,9.5876,9.5876,32.6584
3,46,4011.8825,0,6.9994,12.2111,12.2111,52.0463
3,47,4068.748,0,9.1705,14.0153,14.0153,53.3854
3,48,4134.3797,0,6.9326,12.0194,12.0194,44.2702
3,49,4162.7956,0,2.4041,11.7925,11.7925,45.0675
3,50,4186.5042,0,2.5614,8.1212,8.1212,50.8099
3,51,4229.399,0,2.5061,23.5669,23.5669,73.0384
3,52,4287.6668,0,10.326,23.7697,23.7697,56.0147
3,53,4300.4709,0,11.5124,15.0379,15.0379,57.5397
3,54,4414.8133,0,4.7142,9.5367,9.5367,46.5493
3,55,4531.8378,0,1.5188,8.3556,8.3556,119.0685
3,56,4660.2018,0,3.3128,27.8743,27.8743,113.8162
3,57,4804.0193,0,6.0584,12.4022,12.4022,43.8603
3,58,4885.6877,0,4.5921,12.8333,12.8333,77.3057
3,59,5005.9965,0,5.2237,11.539,11.539,35.1187
3,60,5009.4161,0,11.0546,23.2799,23.2799,68.0089
3,61,5048.1384,0,19.2629,23.0159,23.0159,80.2846
3,62,5104.8002,0,6.9138,9.0284,9.0284,65.2474
3,63,5172.0869,0,3.0159,6.2941,6.2941,32.6479
3,64,5174.8959,0,3.6138,13.2435,13.2435,52.4464
3,65,5181.9618,0,3.1467,7.6233,7.6233,69.081
3,66,5181.1033,0,9.7384,11.7532,11.7532,90.0571
3,67,5201.9525,0,3.0965,4.903,4.903,79.9392
3,68,5207.7305,0,7.6624,9.2351,9.2351,93.6423
3,69,5304.9798,0,1.5954,9.835,9.835,44.0282
3,70,5311.5702,0,7.6813,14.218,14.218,52.1552
3,71,5399.7216,0,5.9191,12.9116,12.9116,41.1007
3,72,5477.8486,0,5.68,31.725,31.725,65.7896
3,73,5590.3183,0,4.5608,5.9956,5.9956,45.2165
3,74,5605.1719,0,3.4403,6.1718,6.1718,83.1793
3,75,5768.4808,0,4.383,14.7819,14.7819,83.8969
3,76,6103.9825,0,4.4451,6.648,6.648,34.6017
3,77,6192.3664,0,0.7301,5.1274,5.1274,51.3926
3,78,6243.1202,0,2.6254,12.5643,12.5643,60.9138
3,79,6288.0809,0,2.2539,12.8978,12.8978,61.818
3,80,6301.1386,0,2.3986,8.4756,8.4756,51.8332
3,81,6329.0454,0,8.2471,12.2513,12.2513,48.7063
3,82,6329.4206,0,6.705,15.5153,15.5153,75.2405
3,83,6352.7811,0,4.3313,9.2456,9.2456,57.0391
3,84,6372.878,0,15.4865,17.2497,17.2497,56.0051
3,85,6394.4153,0,7.5207,14.6416,14.6416,72.0285
3,86,6448.7689,0,3.7206,5.4567,5.4567,137.869
3,87,6393.8165,0,4.7392,64.7392,64.7392,142.55
3,88,6450.4603,0,15.4232,24.1763,24.1763,92.6542
3,89,6686.4829,0,0.9174,4.3062,4.3062,48.5933
3,90,6736.9065,0,3.0661,8.4926,8.4926,39.9239
3,91,6757.8152,0,5.5578,12.4226,12.4226,74.0579
3,92,6794.3696,0,13.2233,17.0916,17.0916,63.1691
3,93,6814.4747,0,3.6791,7.9217,7.9217,50.888
3,94,6956.1962,0,5.4761,11.4486,11.4486,66.089
3,95,6970.2904,0,3.2457,9.0933,9.0933,58.2641
3,96,7244.7663,0,3.9192,8.6779,8.6779,41.7948
3,97,7376.0924,0,4.8557,10.5098,10.5098,65.3867
3,98,7467.1183,0,5.0441,10.6038,10.6038,47.8167
3,99,7495.7634,0,0.9312,7.1087,7.1087,30.1483
3,100,7651.712,0,5.0114,7.2735,7.2735,33.7605
3,101,7737.8779,0,2.3499,3.7916,3.7916,63.5039
3,102,7882.4929,0,3.4696,8.157,8.157,29.3412
3,103,7930.8492,0,0.95,11.7192,11.7192,70.1517
3,104,7939.8695,0,7.827,12.1973,12.1973,78.0911
3,105,8033.5771,0,7.0004,9.623,9.623,52.1145
3,106,8047.0866,0,3.7237,7.6418,7.6418,70.0268
3,107,8103.5421,0,3.3711,6.9194,6.9194,36.2013
3,108,8315.4258,0,2.7366,9.2878,9.2878,40.3677
3,109,8760.1793,0,1.551,4.8254,4.8254,44.7042
3,110,9159.8398,0,6.9138,11.2772,11.2772,48.6654
3,111,9219.168,0,5.3467,8.6654,8.6654,38.6819
3,112,9238.5033,0,3.7002,14.3462,14.3462,40.9849
3,113,9253.4152,0,11.2424,20.8398,20.8398,88.6894
3,114,9270.4866,0,13.1659,23.596,23.596,92.4903
3,115,9320.5479,0,1.9015,7.3264,7.3264,81.6472
3,116,9444.0775,0,3.9727,12.5121,12.5121,93.3893
3,117,9562.5433,0,3.3902,6.9273,6.9273,28.6666
3,118,9757.4399,0,2.7385,5.6152,5.6152,87.4017
3,119,9814.7045,0,3.8761,10.0059,10.0059,74.4403
3,120,9914.9549,0,6.6421,10.7815,10.7815,45.9549
3,121,9913.2254,0,3.3706,14.448,14.448,51.1514
3,122,9983.5315,0,1.6904,3.2118,3.2118,26.8526
3,123,10028.1125,0,3.8775,9.283,9.283,46.6782
3,124,10073.5357,0,3.7931,5.0494,5.0494,63.8642
3,125,10130.3074,0,5.8912,10.1121,10.1121,54.3908
3,126,10178.9363,0,5.9836,21.1927,21.1927,46.9907
3,127,10318.7968,0,2.3059,14.2065,14.2065,50.3107
3,128,10392.6107,0,2.9158,7.7578,7.7578,44.7337
3,129,10614.5519,0,3.6534,12.2398,12.2398,36.6056
3,130,10653.5179,0,5.6953,13.6691,13.6691,46.4223
3,131,10679.5229,0,6.2229,11.7457,11.7457,39.0707
3,132,10808.0953,0,1.2596,5.0103,5.0103,58.8368
3,133,10841.4356,0,1.6559,3.147,3.147,28.8238
3,134,10849.9658,0,7.2011,15.9131,15.9131,49.5653
3,135,10864.1398,0,9.592,12.1924,12.1924,45.9411
3,136,10860.6288,0,4.3528,28.1022,28.1022,76.2112
3,137,10898.0567,0,18.2097,20.5678,20.5678,52.8762
3,138,10900.4415,0,27.4499,29.4412,29.4412,89.1284
3,139,10982.9273,0,0.7657,5.2855,5.2855,46.1583
3,140,10985.7696,0,2.359,16.5009,16.5009,61.94
3,141,11083.2952,0,3.7055,9.351,9.351,57.7021
3,142,11184.9943,0,2.6724,8.988,8.988,41.8437
3,143,11236.3057,0,8.2473,13.1842,13.1842,72.6806
3,144,11235.9492,0,7.602,18.7819,18.7819,77.4687
3,145,11276.7001,0,2.6204,5.4631,5.4631,80.644
3,146,11307.542,0,4.8544,5.4958,5.4958,70.0861
3,147,11324.0686,0,1.3873,6.5037,6.5037,71.1581
3,148,11335.4722,0,6.0384,8.6148,8.6148,65.3055
3,149,11368.0868,0,5.0122,13.8726,13.8726,43.8955
3,150,11554.2155,0,4.1216,8.5946,8.5946,50.5007
3,151,11569.8535,0,2.13,6.9092,6.9092,50.4096
3,152,11629.6006,0,1.5701,9.6033,9.6033,54.4515
3,153,11939.5207,0,4.3485,6.2574,6.2574,42.0062
3,154,12077.8703,0,3.8825,8.2449,8.2449,58.8661
3,155,12233.5201,0,8.2471,10.8109,10.8109,66.8419
3,156,12300.9374,0,5.6835,11.7861,11.7861,42.3542
3,157,12402.7686,0,5.6194,12.205,12.205,68.5482
3,158,12516.6945,0,3.8795,6.1812,6.1812,76.2594
3,159,12520.142,0,3.5704,12.8371,12.8371,87.9395
3,160,12597.0355,0,17.3088,28.885,28.885,86.294
3,161,12805.8839,0,1.7863,8.6121,8.6121,53.8083
3,162,12871.3379,0,5.1282,9.6702,9.6702,37.558
3,163,12919.4757,0,8.4834,18.6045,18.6045,60.1011
3,164,12932.0665,0,6.4493,14.8492,14.8492,54.4709
3,165,13244.2712,0,4.6328,10.3456,10.3456,40.3586
3,166,13465.601,0,3.2793,6.845,6.845,32.7175
3,167,13492.2539,0,1.9328,4.7853,4.7853,31.4338
3,168,13554.2003,0,7.5749,9.5481,9.5481,60.2023
3,169,13591.6469,0,3.464,7.6959,7.6959,36.17
3,170,13635.4123,0,2.818,9.9674,9.9674,49.484
3,171,13715.1026,0,2.2857,11.0391,11.0391,54.4302
3,172,13870.7659,0,4.5462,24.4354,24.4354,66.7774
3,173,13904.4563,0,4.5205,11.1179,11.1179,67.8412
3,174,13947.2935,0,1.5669,18.2524,18.2524,64.2228
3,175,14001.9794,0,3.1991,7.8617,7.8617,93.591
3,176,14049.9171,0,1.8283,5.7337,5.7337,51.5032
3,177,14190.3884,0,1.7008,9.1583,9.1583,39.9175
3,178,14249.4725,0,6.6043,18.4586,18.4586,62.6251
3,179,14367.8138,0,5.2739,10.0476,10.0476,62.896
3,180,14546.3267,0,5.2242,10.2578,10.2578,102.8362
3,181,14569.5737,0,3.552,8.9577,8.9577,85.5434
3,182,14688.5247,0,1.6894,4.2786,4.2786,29.3053
3,183,14827.188,0,1.3864,17.9968,17.9968,60.8409
3,184,14966.1218,0,8.7566,16.4128,16.4128,64.2866
3,185,15102.7186,0,0.958,10.9673,10.9673,49.9902
3,186,15248.9699,0,7.3002,8.9224,8.9224,79.457
3,187,15281.9543,0,7.7969,11.3369,11.3369,57.5138
3,188,15352.3152,0,0.9749,7.2343,7.2343,44.9612
3,189,15886.4392,0,4.6962,12.8006,12.8006,44.0304
3,190,15904.9377,0,2.8936,9.8539,9.8539,51.2838
3,191,16094.626,0,3.2182,5.8832,5.8832,36.4946
3,192,16328.1354,0,7.0709,13.1563,13.1563,69.7726
3,193,16424.73,0,5.0046,9.2383,9.2383,59.5025
3,194,16445.257,0,8.3631,12.5327,12.5327,59.9343
3,195,16550.9575,0,2.7805,4.3108,4.3108,30.8624
3,196,16558.3742,0,2.3444,62.3444,62.3444,36.4881
3,197,16625.6113,0,6.1108,9.9547,9.9547,111.3964
3,198,16684.5103,0,11.4799,23.3844,23.3844,81.3345
3,199,16796.5972,0,3.8368,9.5643,9.5643,38.2999
3,200,16884.9727,0,3.6973,7.7985,7.7985,52.3658
3,201,16952.5517,0,5.6329,10.2302,10.2302,48.7133
3,202,16974.369,0,4.1923,6.4126,6.4126,48.5198
3,203,17118.7052,0,1.5936,4.4802,4.4802,43.9439
3,204,17160.0455,0,2.623,6.1129,6.1129,37.9619
3,205,17455.3465,0,1.8979,7.3608,7.3608,51.8523
3,206,17733.7577,0,4.9862,33.551,33.551,44.1223
3,207,17757.1933,0,4.6864,10.7005,10.7005,72.3065
3,208,18009.7522,0,3.6388,9.3815,9.3815,55.0633
3,209,18012.477,0,8.3631,15.2723,15.2723,63.9751
3,210,18107.8202,0,6.1943,7.9153,7.9153,44.595
3,211,18117.346,0,1.3895,5.4717,5.4717,64.3242
3,212,18115.2075,0,7.8892,13.3607,13.3607,81.3031
3,213,18252.9747,0,3.6729,9.5527,9.5527,47.1697
3,214,18363.6209,0,3.0995,17.5633,17.5633,57.524
3,215,18408.0178,0,4.4984,8.5888,8.5888,61.4626
3,216,18521.1021,0,6.6043,9.0058,9.0058,56.3422
3,217,18545.1738,0,5.9261,8.8393,8.8393,110.3065
3,218,18650.2762,0,1.8183,8.9196,8.9196,64.0211
3,219,18697.2942,0,5.3862,9.8525,9.8525,101.4395
3,220,18755.572,0,5.4421,9.2769,9.2769,50.1067
3,221,18757.1412,0,6.8159,15.3922,15.3922,62.3864
3,222,18933.7054,0,4.5837,8.8438,8.8438,26.6152
3,223,19251.0402,0,5.9629,23.75,23.75,72.3033
3,224,19280.6959,0,13.7996,17.2634,17.2634,68.334
3,225,19557.9089,0,4.186,7.7538,7.7538,52.3753
3,226,19571.2614,0,1.883,6.8453,6.8453,42.8377
3,227,19615.82,0,4.9588,6.2062,6.2062,37.6908
3,228,19631.5538,0,1.1546,6.2457,6.2457,40.4773
3,229,19639.1491,0,2.0772,5.2182,5.2182,49.1915
3,230,19649.1598,0,5.9708,9.9699,9.9699,44.4166
3,231,19658.8376,0,15.3218,20.422,20.422,59.5694
3,232,19848.7665,0,3.2141,12.6389,12.6389,50.5015
3,233,19871.7377,0,2.6692,6.7983,6.7983,41.1341
3,234,19890.1156,0,5.4166,8.6608,8.6608,36.2594
3,235,19931.8016,0,0.8673,3.5008,3.5008,43.5557
3,236,19946.3084,0,2.6986,5.3756,5.3756,39.7168
3,237,20187.7353,0,4.5261,9.9393,9.9393,30.4628
3,238,20444.8699,0,3.0769,6.4395,6.4395,65.068
3,239,20732.5469,0,2.364,8.5226,8.5226,57.5888
3,240,20828.6257,0,1.9425,7.9079,7.9079,57.3704
3,241,20875.5737,0,15.9595,22.2129,22.2129,68.6519
3,242,20888.0362,0,6.3653,9.9898,9.9898,86.9927
3,243,20948.0084,0,9.9633,15.2443,15.2443,55.4195
3,244,20987.7991,0,3.2879,7.6248,7.6248,76.4927
3,245,21044.2184,0,4.2108,9.6791,9.6791,40.2993
3,246,21054.8903,0,5.6961,9.2618,9.2618,68.0821
3,247,21174.4814,0,5.1321,10.4936,10.4936,61.4648
3,248,21183.7531,0,6.5125,26.8902,26.8902,75.773
3,249,21248.4829,0,5.2474,9.9601,9.9601,45.9815
3,250,21498.0455,0,2.316,5.5951,5.5951,61.3346
3,251,21643.982,0,2.4609,4.6837,4.6837,41.0842
3,252,21933.5686,0,3.1635,21.8829,21.8829,30.5508
3,253,21951.9695,0,3.706,4.1005,4.1005,57.4705
3,254,22064.8475,0,1.7532,7.3666,7.3666,38.9556
3,255,22107.0662,0,3.1606,7.4641,7.4641,42.5318
3,256,22232.0011,0,5.5926,13.3179,13.3179,72.2907
3,257,22261.6233,0,4.0342,12.8268,12.8268,66.2843
3,258,22306.858,0,17.1305,20.1925,20.1925,47.233
3,259,22351.1173,0,2.9805,8.14,8.14,58.3738
3,260,22360.7303,0,2.319,13.5863,13.5863,105.4749
3,261,22381.9994,0,11.7787,13.1362,13.1362,90.205
3,262,22391.7988,0,10.5211,17.1022,17.1022,106.3047
3,263,22465.1186,0,4.3427,6.6168,6.6168,36.7009
3,264,22522.8508,0,3.1467,4.3098,4.3098,26.659
3,265,22549.9275,0,2.3305,5.5441,5.5441,74.769
3,266,22632.9246,0,2.7691,7.5548,7.5548,24.7424
3,267,22639.3122,0,0.5264,3.7156,3.7156,72.1901
3,268,22741.8434,0,8.5292,14.4947,14.4947,53.5904
3,269,22814.0507,0,3.3791,5.3227,5.3227,40.2432
3,270,22823.047,0,6.3705,11.7544,11.7544,65.8885
3,271,22970.3611,0,4.0367,7.2353,7.2353,59.7347
3,272,23003.0891,0,6.5065,8.8377,8.8377,49.552
3,273,23481.1455,0,5.3071,9.8757,9.8757,74.1349
3,274,23540.7173,0,12.4061,15.8514,15.8514,79.0554
3,275,23583.7631,0,7.6623,14.8794,14.8794,70.1851
3,276,23607.4723,0,13.4506,16.6956,16.6956,72.1292
3,277,23659.6367,0,4.7139,7.1498,7.1498,39.7624
3,278,23819.9129,0,3.9264,8.1568,8.1568,58.4481
3,279,23883.3592,0,5.8079,7.1144,7.1144,52.6172
3,280,23978.0926,0,5.5926,15.8586,15.8586,51.3327
3,281,24093.9791,0,3.9943,6.9095,6.9095,32.3652
3,282,24119.8286,0,3.918,13.9723,13.9723,45.0083
3,283,24305.44,0,1.2227,4.7182,4.7182,63.9678
3,284,24332.1483,0,9.7894,20.6359,20.6359,50.538
3,285,24344.016,0,11.8834,26.5675,26.5675,57.8643
3,286,24412.8598,0,2.1755,10.9274,10.9274,58.1386
3,287,24554.2402,0,6.0494,8.9541,8.9541,86.3747
3,288,24566.9283,0,5.0605,19.1075,19.1075,79.5625
3,289,24717.4085,0,4.0824,9.9234,9.9234,42.7393
3,290,25013.1078,0,0.9135,3.2206,3.2206,29.6214
3,291,25008.1277,0,5.5611,9.5856,9.5856,49.7923
3,292,25195.0619,0,4.1104,9.6698,9.6698,46.6397
3,293,25203.3813,0,1.2756,5.9431,5.9431,70.701
3,294,25257.5518,0,6.5828,35.1008,35.1008,59.6014
3,295,25380.3253,0,4.3162,8.9325,8.9325,41.0679
3,296,25394.6185,0,4.0993,7.6289,7.6289,56.1902
3,297,25387.6917,0,7.7969,16.6462,16.6462,86.8434
3,298,25420.371,0,7.9246,11.7405,11.7405,72.6765
3,299,25437.4045,0,5.091,31.5581,31.5581,97.8686
3,300,25454.4057,0,2.2012,18.8266,18.8266,106.2782
3,301,25463.6233,0,1.4184,11.2732,11.2732,104.2703
3,302,25559.2152,0,5.5238,8.8183,8.8183,35.4016
3,303,25561.6538,0,4.0007,6.5789,6.5789,45.6912
3,304,26144.6952,0,2.3181,6.5621,6.5621,46.1744
3,305,26195.725,0,1.5998,11.9266,11.9266,47.3362
3,306,26230.6272,0,3.0868,5.4729,5.4729,31.1126
3,307,26665.3062,0,7.1891,12.4649,12.4649,43.5336
3,308,26670.3022,0,1.6854,61.6854,61.6854,83.0794
3,309,26881.3526,0,1.909,6.8306,6.8306,35.1911
3,310,26900.3149,0,11.456,20.4604,20.4604,82.1499
3,311,27108.9597,0,1.0544,5.8454,5.8454,57.7637
3,312,27230.3718,0,9.2877,12.8637,12.8637,59.1047
3,313,27287.0291,0,1.5666,6.1884,6.1884,34.0316
3,314,27278.4715,0,7.8081,16.7782,16.7782,58.8249
3,315,27358.1225,0,2.9659,6.6977,6.6977,57.7531
3,316,27726.5622,0,2.1226,6.8863,6.8863,50.9685
3,317,27839.5764,0,7.9732,10.0183,10.0183,54.1438
3,318,27916.642,0,1.6916,5.3769,5.3769,41.5363
3,319,27915.6228,0,4.9532,13.0946,13.0946,68.652
3,320,28016.4016,0,6.8676,23.4681,23.4681,64.7172
3,321,28025.2753,0,4.5578,15.312,15.312,66.9417
3,322,28078.6098,0,5.8096,13.8684,13.8684,45.3621
3,323,28396.7262,0,3.6709,25.541,25.541,41.4749
3,324,28475.042,0,2.0684,7.281,7.281,71.0967
3,325,28713.6923,0,4.8815,9.3682,9.3682,74.7486
3,326,28757.6116,0,4.0374,9.3718,9.3718,53.0354
3,327,29214.5474,0,1.3552,8.4492,8.4492,53.6986
3,328,29308.7135,0,4.3954,6.4144,6.4144,47.0223
3,329,29311.9065,0,4.2909,6.6664,6.6664,51.0367
3,330,29313.9884,0,15.5047,22.8421,22.8421,57.6729
3,331,29417.4587,0,4.0824,9.6557,9.6557,142.0933
3,332,30104.4638,0,2.0684,16.8173,16.8173,67.7672
3,333,30185.7528,0,1.5389,26.3681,26.3681,45.6947
3,334,30315.5466,0,3.6117,6.2955,6.2955,36.5849
3,335,30417.7242,0,2.1926,7.8046,7.8046,25.4439
3,336,30433.4288,0,5.5076,10.6515,10.6515,31.7307
3,337,30443.4003,0,7.7019,8.8917,8.8917,44.2797
3,338,30476.0467,0,18.0003,20.3215,20.3215,50.2476
3,339,30597.1776,0,5.7203,11.9257,11.9257,56.8725
3,340,30624.7489,0,3.1548,11.286,11.286,41.9386
3,341,30877.2067,0,9.8629,15.1553,15.1553,62.3349
3,342,30975.1337,0,1.9206,5.6049,5.6049,28.5892
3,343,31012.5874,0,6.9023,10.0115,10.0115,61.9582
3,344,31040.7091,0,4.0157,16.1493,16.1493,52.5221
3,345,31090.6796,0,2.95,9.753,9.753,46.7155
3,346,31233.4485,0,4.7505,10.4218,10.4218,43.2242
3,347,31262.291,0,5.4119,13.6552,13.6552,46.5232
3,348,31281.6242,0,9.399,15.9986,15.9986,45.4079
3,349,31306.287,0,9.3623,11.1763,11.1763,35.8026
3,350,31322.4176,0,7.2621,12.2999,12.2999,58.2884
3,351,31334.3387,0,13.8352,22.2407,22.2407,69.2659
3,352,31383.146,0,11.3965,13.0012,13.0012,78.7813
3,353,31441.7752,0,7.3239,12.2598,12.2598,53.8606
3,354,31502.3985,0,11.6891,14.7538,14.7538,54.9916
3,355,31568.4287,0,5.9259,14.9234,14.9234,59.9896
3,356,31856.837,0,3.0449,5.001,5.001,64.3941
3,357,32018.4558,0,4.481,11.2383,11.2383,51.34
3,358,32097.8191,0,6.1499,13.8511,13.8511,62.1841
3,359,32305.8033,0,0.0512,4.11,4.11,47.6304
3,360,32365.9236,0,3.9949,8.2074,8.2074,40.2563
3,361,32378.3543,0,5.1118,11.3233,11.3233,66.9075
3,362,32517.0549,0,1.5958,4.7493,4.7493,54.0326
3,363,32515.3695,0,3.0202,11.302,11.302,63.8287
3,364,32613.4765,0,2.6197,18.8442,18.8442,33.1702
3,365,32646.2643,0,2.6866,4.4351,4.4351,75.6331
3,366,32726.4083,0,3.0951,5.8498,5.8498,38.2709
3,367,32807.104,0,3.1397,6.299,6.299,46.8023
3,368,32842.2244,0,4.1887,18.4149,18.4149,31.3527
3,369,32852.3759,0,5.67,9.2833,9.2833,55.9862
3,370,32890.958,0,4.5943,7.5609,7.5609,51.7815
3,371,33015.6862,0,4.2967,18.4792,18.4792,60.8531
3,372,33040.1402,0,1.6733,13.258,13.258,40.3396
3,373,33081.8881,0,2.8933,17.354,17.354,67.5995
3,374,33097.4992,0,11.905,15.7924,15.7924,126.8594
3,375,33198.8825,0,4.4568,15.4496,15.4496,85.7416
3,376,33266.9283,0,5.9715,11.9346,11.9346,42.123
3,377,33320.4244,0,2.6663,6.6491,6.6491,86.2456
3,378,33590.9216,0,0.4748,6.0198,6.0198,45.8208
3,379,33628.6265,0,0.9973,3.3956,3.3956,31.0659
3,380,33747.4737,0,2.8624,8.3796,8.3796,64.5999
3,381,33901.0944,0,2.9116,5.8846,5.8846,66.299
3,382,34038.6526,0,4.157,8.7651,8.7651,66.2055
3,383,34016.0209,0,1.224,33.6687,33.6687,71.2072
3,384,34134.2439,0,4.0244,12.5977,12.5977,42.4377
3,385,34343.8781,0,1.7793,7.7513,7.7513,39.4914
3,386,34392.7011,0,2.9305,29.2437,29.2437,52.237
3,387,34497.6089,0,2.2558,17.2056,17.2056,48.3895
3,388,34843.8243,0,4.7324,6.6288,6.6288,64.7551
3,389,35063.6101,0,0.9135,10.7189,10.7189,78.3657
3,390,35106.8306,0,7.0539,13.0115,13.0115,57.272
3,391,35114.8675,0,13.9641,16.7628,16.7628,38.9405
3,392,35127.6983,0,7.2741,9.2188,9.2188,63.822
3,393,35185.5173,0,16.137,19.8554,19.8554,58.8551
3,394,35262.298,0,3.1348,7.1871,7.1871,31.2778
3,395,35304.6807,0,5.7355,14.1022,14.1022,54.8841
3,396,35324.7232,0,0.9742,12.5759,12.5759,72.5091
3,397,35327.1904,0,4.7639,11.0532,11.0532,82.519
3,398,35472.9836,0,4.9002,26.6958,26.6958,62.9238
3,399,35519.62,0,2.3299,7.1461,7.1461,47.9352
3,400,35507.565,0,5.3701,25.0881,25.0881,90.2545
3,401,35728.7667,0,5.6039,11.8455,11.8455,41.7267
3,402,35803.5235,0,1.909,8.8694,8.8694,24.9185
3,403,35821.8086,0,2.799,23.7842,23.7842,42.2226
3,404,35849.7378,0,6.4277,16.5127,16.5127,80.1714
3,405,35862.6835,0,6.5349,8.7298,8.7298,104.2704
3,406,36015.7904,0,1.5188,7.1354,7.1354,24.3411
3,407,36081.9938,0,4.3465,15.3246,15.3246,97.7426
3,408,36142.6888,0,11.7846,15.0749,15.0749,46.1978
3,409,36528.6384,0,2.3499,5.5409,5.5409,45.5539
3,410,36774.6438,0,5.9284,10.3366,10.3366,36.9906
3,411,36783.2252,0,5.906,10.1773,10.1773,48.5096
3,412,36810.1019,0,0.9135,6.9189,6.9189,41.2646
3,413,36808.5345,0,11.6089,13.379,13.379,53.4048
3,414,36872.5638,0,8.8111,12.2113,12.2113,55.958
3,415,36994.1446,0,0.8579,6.0057,6.0057,34.9607
3,416,37007.8439,0,4.375,9.4929,9.4929,28.2489
3,417,37203.4947,0,3.2638,8.1166,8.1166,33.5073
3,418,37332.7784,0,2.0018,7.2747,7.2747,86.1226
3,419,37625.7971,0,2.4221,8.065,8.065,53.7763
3,420,37897.2664,0,1.5331,7.7027,7.7027,77.9486
3,421,38069.7285,0,6.4652,13.2303,13.2303,57.9023
3,422,38069.5232,0,1.6643,17.6823,17.6823,81.2474
3,423,38155.3073,0,4.0628,7.6941,7.6941,34.3343
3,424,38224.7226,0,4.7233,6.8406,6.8406,54.4682
3,425,38276.8535,0,14.8209,19.7267,19.7267,79.4009
3,426,38292.2441,0,8.4262,13.5113,13.5113,65.9656
3,427,38390.0305,0,3.0449,36.6656,36.6656,78.4742
3,428,38475.2349,0,0.8694,4.5403,4.5403,47.1373
3,429,38532.7598,0,1.5747,6.1306,6.1306,73.4846
3,430,38625.4837,0,3.8115,6.4867,6.4867,79.8157
3,431,38649.4146,0,0.6863,2.2934,2.2934,79.7944
3,432,38672.3776,0,1.6567,10.403,10.403,70.9207
3,433,38696.7056,0,8.679,16.7576,16.7576,126.5206
3,434,38928.4744,0,3.7887,9.8825,9.8825,57.6175
3,435,39246.1232,0,7.043,11.0452,11.0452,39.6539
3,436,39297.9336,0,2.9068,6.267,6.267,51.9785
3,437,39390.5119,0,1.0698,4.9468,4.9468,68.2876
3,438,39386.7793,0,5.6042,12.0521,12.0521,76.7763
3,439,39539.5326,0,1.7306,7.8477,7.8477,29.9375
3,440,39569.5159,0,2.0191,5.8993,5.8993,58.2621
3,441,39859.5216,0,1.8789,4.5286,4.5286,69.8487
3,442,40214.381,0,3.0483,5.8914,5.8914,38.3047
3,443,40493.7401,0,5.8676,11.7849,11.7849,43.0565
3,444,40515.1244,0,11.5536,14.1414,14.1414,43.9206
3,445,40563.9105,0,0.7025,14.0398,14.0398,75.4775
3,446,40758.8067,0,3.7747,7.768,7.768,52.2116
3,447,40910.1167,0,6.809,9.8653,9.8653,44.6268
3,448,40963.0859,0,6.6601,8.6175,8.6175,69.0883
3,449,40953.6036,0,4.7931,24.007,24.007,88.1017
3,450,40969.2958,0,11.8378,13.9226,13.9226,95.4713
3,451,41017.6975,0,9.2037,10.8753,10.8753,57.4513
3,452,41170.5651,0,5.9733,27.7297,27.7297,88.6102
3,453,41188.4534,0,7.0788,14.0043,14.0043,78.3759
3,454,41213.1287,0,11.6549,17.1303,17.1303,66.2196
3,455,41224.2797,0,5.2039,7.7602,7.7602,61.9444
3,456,41230.8194,0,16.3965,17.8107,17.8107,99.386
3,457,41391.2124,0,5.5176,11.6706,11.6706,40.1972
3,458,41525.521,0,3.4959,5.6424,5.6424,59.9925
3,459,41530.381,0,2.2643,4.2207,4.2207,57.6002
3,460,41533.5287,0,11.3965,30.7064,30.7064,30.4308
3,461,41572.9641,0,2.0467,6.5567,6.5567,121.3664
3,462,41762.2318,0,2.1886,3.6262,3.6262,53.186
3,463,42248.2706,0,16.137,19.0265,19.0265,91.9929
3,464,42382.7466,0,2.5475,10.0816,10.0816,52.0297
3,465,42441.6842,0,1.984,6.5175,6.5175,36.7134
3,466,42445.5671,0,1.9745,13.1136,13.1136,68.4553
3,467,42532.2434,0,3.7702,9.4835,9.4835,54.5525
3,468,42592.9451,0,3.6225,5.6691,5.6691,46.0335
3,469,42607.7831,0,7.3274,11.336,11.336,80.548
3,470,42691.3142,0,7.3603,20.3655,20.3655,82.7774
3,471,42738.9213,0,3.2263,10.8831,10.8831,73.0024
3,472,42814.8264,0,3.3338,3.7729,3.7729,25.7683
3,473,42852.5868,0,6.098,8.9246,8.9246,28.5605
3,474,42851.2894,0,5.8833,10.6027,10.6027,48.9069
3,475,42911.0336,0,2.81,6.9554,6.9554,61.3735
3,476,43128.2111,0,5.5072,11.4162,11.4162,36.3461
3,477,43141.8179,0,3.6003,5.5765,5.5765,53.9505
4,1,0.0,0,5.4267,16.3042,16.3042,68.6844
4,2,680.3287,0,5.2039,9.243,9.243,57.4768
4,3,657.946,0,5.0907,41.3405,41.3405,85.9156
4,4,695.9501,0,1.9015,24.4131,24.4131,86.838
4,5,738.9331,0,2.9477,13.5443,13.5443,50.673
4,6,854.3457,0,2.3063,12.0613,12.0613,61.5908
4,7,865.3187,0,2.9807,11.3734,11.3734,73.8846
4,8,1019.5897,0,1.4139,4.9527,4.9527,55.1456
4,9,1066.5646,0,6.1938,9.5402,9.5402,93.5308
4,10,1188.709,0,3.1655,8.4733,8.4733,29.3412
4,11,1258.5046,0,3.7076,9.1987,9.1987,40.5417
4,12,1314.0971,0,5.788,12.0226,12.0226,41.4181
4,13,1399.6367,0,6.843,11.9677,11.9677,63.8369
4,14,1446.7367,0,2.0067,7.0424,7.0424,32.9503
4,15,1675.0509,0,1.7746,5.9531,5.9531,75.7051
4,16,1729.9832,0,1.0436,2.5121,2.5121,23.5948
4,17,1731.1617,0,2.7583,55.0617,55.0617,107.7922
4,18,1956.6289,0,7.6144,31.5312,31.5312,98.2217
4,19,2011.144,0,6.972,9.534,9.534,56.7002
4,20,2056.0666,0,3.466,9.0248,9.0248,47.8449
4,21,2065.2591,0,3.0202,8.1153,8.1153,71.7847
4,22,2194.3349,0,3.2793,10.4101,10.4101,61.3614
4,23,2256.32,0,1.4122,6.7525,6.7525,61.1216
4,24,2344.699,0,1.3355,8.3752,8.3752,55.921
4,25,2364.6719,0,7.8892,12.0016,12.0016,69.0924
4,26,2480.9996,0,5.0817,9.3061,9.3061,37.9163
4,27,2503.496,0,5.1437,12.6409,12.6409,45.8918
4,28,2516.3287,0,4.945,13.5026,13.5026,67.6012
4,29,2563.5882,0,3.6431,5.43,5.43,32.6582
4,30,2674.909,0,5.271,7.7082,7.7082,39.025
4,31,2731.2962,0,2.9604,8.1396,8.1396,38.3563
4,32,2776.5727,0,5.5898,9.5305,9.5305,32.7926
4,33,2823.8312,0,2.453,10.9845,10.9845,57.8542
4,34,2908.3007,0,4.6328,15.6745,15.6745,52.5546
4,35,2965.4534,0,6.3433,11.5954,11.5954,50.629
4,36,3061.7348,0,0.915,2.7527,2.7527,68.5498
4,37,3222.6884,0,2.3228,8.0143,8.0143,36.2042
4,38,3225.3244,0,4.8557,7.6765,7.6765,48.7584
4,39,3393.9951,0,1.6916,6.1984,6.1984,42.5048
4,40,3397.1303,0,3.1526,8.5413,8.5413,50.8912
4,41,3417.851,0,4.8634,13.8343,13.8343,54.4215
4,42,3609.0922,0,1.7015,7.0538,7.0538,26.0617
4,43,3738.4152,0,4.8702,6.9704,6.9704,45.9178
4,44,3733.9272,0,5.773,16.8696,16.8696,53.2508
4,45,3985.8059,0,3.3277,7.278,7.278,38.6883
4,46,4023.3058,0,5.9565,10.5964,10.5964,64.7786
4,47,4033.3606,0,9.2586,16.3611,16.3611,67.0291
4,48,4064.2518,0,7.2409,14.7386,14.7386,45.8348
4,49,4237.292,0,2.623,6.2804,6.2804,50.0727
4,50,4286.7302,0,4.8518,15.3602,15.3602,52.0204
4,51,4349.8723,0,2.13,8.2481,8.2481,37.2378
4,52,4355.1511,0,11.5268,14.0873,14.0873,61.6821
4,53,4816.5611,0,1.3996,4.8242,4.8242,79.0174
4,54,4853.1114,0,1.6146,4.1808,4.1808,49.4554
4,55,4881.2514,0,15.7784,24.2746,24.2746,89.8999
4,56,4898.0699,0,4.3025,64.3025,64.3025,96.7637
4,57,4951.4913,0,8.2284,19.6011,19.6011,66.018
4,58,5004.2717,0,9.9328,14.3664,14.3664,56.5001
4,59,5007.3981,0,15.3196,19.7188,19.7188,81.3477
4,60,5138.8127,0,4.8702,57.1897,57.1897,85.0002
4,61,5195.5072,0,1.5699,5.694,5.694,50.6983
4,62,5210.3456,0,1.7072,22.0823,22.0823,44.6488
4,63,5228.3867,0,11.3965,17.0295,17.0295,49.8498
4,64,5265.3849,0,6.7413,9.9928,9.9928,31.7678
4,65,5302.3919,0,2.8925,9.4452,9.4452,30.2574
4,66,5378.9975,0,0.8877,6.7965,6.7965,53.2829
4,67,5518.8681,0,6.1027,12.6728,12.6728,76.539
4,68,5556.7011,0,7.75,10.9022,10.9022,53.9805
4,69,5703.438,0,8.0589,10.8612,10.8612,39.6868
4,70,5831.6926,0,0.8357,3.1665,3.1665,42.0885
4,71,5897.388,0,4.1403,6.9116,6.9116,67.8393
4,72,5933.4731,0,3.0242,4.8165,4.8165,48.1951
4,73,6061.2519,0,8.2699,23.6267,23.6267,60.8416
4,74,6237.4016,0,3.2719,16.1966,16.1966,30.6005
4,75,6286.9075,0,3.4812,8.1449,8.1449,104.6397
4,76,6348.4646,0,5.3211,8.4757,8.4757,47.4443
4,77,6356.8924,0,5.9823,11.1395,11.1395,75.2753
4,78,6369.9841,0,4.939,9.2876,9.2876,66.9996
4,79,6421.8873,0,2.0691,5.7005,5.7005,58.0647
4,80,6644.4365,0,4.4817,8.2698,8.2698,49.9567
4,81,6905.6689,0,1.4636,6.642,6.642,42.0539
4,82,6989.6767,0,3.6149,6.6712,6.6712,32.5304
4,83,7099.9132,0,1.7768,6.5856,6.5856,71.157
4,84,7181.7778,0,9.0773,10.8849,10.8849,64.387
4,85,7253.6507,0,6.6408,9.4675,9.4675,49.707
4,86,7563.9629,0,2.8242,6.7421,6.7421,23.9714
4,87,7643.0957,0,5.344,19.4179,19.4179,60.9847
4,88,7720.0316,0,6.5232,11.4794,11.4794,48.4871
4,89,7895.5702,0,3.425,13.3849,13.3849,66.216
4,90,8131.4731,0,9.6343,13.5005,13.5005,49.3431
4,91,8186.7418,0,5.7771,11.5191,11.5191,41.7907
4,92,8225.6743,0,12.0155,13.7697,13.7697,54.0138
4,93,8275.4785,0,1.0814,3.9083,3.9083,34.2681
4,94,8298.8365,0,7.83,14.1392,14.1392,48.6863
4,95,8385.8674,0,1.0814,5.68,5.68,54.4933
4,96,8459.478,0,5.2166,9.2147,9.2147,40.0804
4,97,8462.1537,0,2.4339,12.0637,12.0637,47.59
4,98,8507.4128,0,3.9031,6.2634,6.2634,50.3719
4,99,8531.829,0,3.1949,5.0191,5.0191,41.934
4,100,8671.7787,0,4.9644,10.7189,10.7189,33.0618
4,101,8729.5169,0,6.5357,10.271,10.271,40.0821
4,102,8755.9651,0,11.2202,14.3074,14.3074,55.243
4,103,8797.6933,0,5.624,9.6942,9.6942,38.7173
4,104,8853.4792,0,5.7248,19.4811,19.4811,109.5735
4,105,8886.1734,0,9.912,14.4741,14.4741,97.2641
4,106,8898.1586,0,7.4573,10.842,10.842,116.9122
4,107,8962.3091,0,19.4281,21.0769,21.0769,77.9498
4,108,9124.5638,0,11.0531,14.8523,14.8523,76.2773
4,109,9222.1224,0,5.9105,10.7117,10.7117,55.6443
4,110,9218.3528,0,1.6916,15.133,15.133,80.204
4,111,9287.8267,0,6.405,7.9874,7.9874,43.3058
4,112,9309.8122,0,14.2419,23.0395,23.0395,47.6377
4,113,9323.5899,0,2.9611,54.0714,54.0714,114.9774
4,114,9412.1972,0,0.1739,6.8233,6.8233,52.2612
4,115,9563.8129,0,5.5132,7.7097,7.7097,28.3924
4,116,9622.0443,0,3.6811,11.3846,11.3846,36.6803
4,117,9649.7135,0,4.8593,25.9614,25.9614,48.2287
4,118,9697.058,0,0.8359,3.0816,3.0816,44.2703
4,119,9708.1227,0,3.1985,10.4612,10.4612,58.3739
4,120,9721.797,0,2.1539,12.4469,12.4469,48.7349
4,121,9776.7609,0,5.7564,8.818,8.818,56.8863
4,122,9828.2585,0,2.9416,6.7034,6.7034,39.9047
4,123,10083.4278,0,1.7657,6.6533,6.6533,67.6014
4,124,10144.4759,0,3.0769,10.3702,10.3702,52.0978
4,125,10333.6714,0,5.4328,24.5803,24.5803,58.1417
4,126,10567.7507,0,2.1796,6.1648,6.1648,57.3457
4,127,10585.6982,0,2.7102,4.7339,4.7339,52.8268
4,128,10649.802,0,5.5752,9.6636,9.6636,60.1402
4,129,10678.9529,0,0.7626,2.4681,2.4681,51.7971
4,130,10717.6329,0,4.0157,8.8533,8.8533,93.2261
4,131,10784.5026,0,6.0093,10.8817,10.8817,44.2463
4,132,10885.8155,0,5.1894,11.8802,11.8802,63.9143
4,133,11095.2235,0,1.6988,5.4865,5.4865,56.0556
4,134,11366.6465,0,2.2232,7.4482,7.4482,46.7504
4,135,11445.915,0,5.3761,7.8525,7.8525,64.489
4,136,11558.266,0,2.7908,6.7855,6.7855,32.5131
4,137,11637.2124,0,1.5494,5.5162,5.5162,46.6374
4,138,11645.9817,0,0.3418,3.8034,3.8034,107.1695
4,139,11723.9833,0,5.7899,11.2224,11.2224,48.0324
4,140,12014.2374,0,9.6403,15.1475,15.1475,103.9873
4,141,12095.6848,0,2.9611,5.9619,5.9619,52.6768
4,142,12155.6729,0,3.5894,7.3392,7.3392,38.9895
4,143,12189.6639,0,8.3631,12.0607,12.0607,60.2528
4,144,12342.2027,0,3.079,6.1171,6.1171,29.8185
4,145,12446.5424,0,3.5748,8.3341,8.3341,29.9279
4,146,12466.117,0,11.508,16.3239,16.3239,51.3035
4,147,12502.5086,0,5.9599,13.7376,13.7376,48.5073
4,148,12524.2266,0,4.4558,5.6057,5.6057,65.0757
4,149,12641.3692,0,2.0476,7.1742,7.1742,66.8164
4,150,12757.2001,0,4.7027,9.7435,9.7435,32.0205
4,151,12776.9892,0,3.3178,7.13,7.13,73.2649
4,152,12801.0105,0,9.5833,14.4466,14.4466,36.5112
4,153,12891.2228,0,2.9109,17.8387,17.8387,36.3287
4,154,12908.6189,0,5.0581,9.9398,9.9398,79.0592
4,155,13252.4701,0,3.713,7.9379,7.9379,54.4321
4,156,13417.2827,0,6.2169,8.8339,8.8339,58.8749
4,157,13646.5619,0,2.3649,9.103,9.103,44.6863
4,158,13649.9454,0,11.5737,17.325,17.325,55.9878
4,159,13647.0531,0,18.4259,21.6916,21.6916,60.1922
4,160,13666.8496,0,5.7533,13.5623,13.5623,51.3281
4,161,13724.053,0,3.6032,6.9276,6.9276,25.3226
4,162,13781.9923,0,2.5211,5.5848,5.5848,72.5647
4,163,13797.4009,0,5.682,8.5831,8.5831,101.1587
4,164,13843.2748,0,1.5705,2.6744,2.6744,67.0917
4,165,13874.2367,0,7.2629,9.3719,9.3719,57.9009
4,166,14039.564,0,6.5159,26.5312,26.5312,54.1502
4,167,14069.7239,0,6.1728,9.6022,9.6022,57.5036
4,168,14118.2572,0,6.6582,12.9641,12.9641,44.7866
4,169,14197.256,0,10.1023,13.3069,13.3069,44.0096
4,170,14194.6914,0,2.2047,20.04,20.04,60.1512
4,171,14456.14,0,6.3966,10.6347,10.6347,57.8435
4,172,14484.5521,0,4.5075,7.6649,7.6649,48.8623
4,173,14587.4698,0,2.3885,7.2622,7.2622,31.9559
4,174,14588.1264,0,3.7586,9.1793,9.1793,47.8773
4,175,14811.128,0,2.9249,14.233,14.233,59.267
4,176,14826.438,0,2.0395,9.6424,9.6424,62.9744
4,177,14899.6385,0,4.6397,8.3803,8.3803,60.8646
4,178,14944.186,0,2.0772,10.6387,10.6387,52.2449
4,179,15008.4538,0,6.1801,8.5985,8.5985,65.855
4,180,15046.2961,0,8.5066,18.7879,18.7879,52.001
4,181,15072.6146,0,3.8954,14.3225,14.3225,66.5953
4,182,15116.3739,0,4.4106,10.8724,10.8724,43.4456
4,183,15216.9019,0,4.669,6.7198,6.7198,55.1864
4,184,15217.8444,0,2.8463,9.1967,9.1967,66.0851
4,185,15319.5146,0,4.8766,6.5838,6.5838,110.8699
4,186,15397.7545,0,5.874,13.5823,13.5823,56.4989
4,187,15460.541,0,4.069,11.2901,11.2901,45.7283
4,188,15481.288,0,8.4473,11.9583,11.9583,43.5193
4,189,15683.3781,0,5.6548,10.4618,10.4618,97.387
4,190,15808.69,0,2.368,8.8604,8.8604,34.1386
4,191,16180.1717,0,4.6295,9.8046,9.8046,53.9139
4,192,16272.5073,0,7.1697,11.5114,11.5114,42.3424
4,193,16394.5129,0,2.9373,5.9631,5.9631,49.6215
4,194,16417.0973,0,5.7499,11.1143,11.1143,33.2547
4,195,16428.1167,0,2.83,4.9575,4.9575,76.3371
4,196,16529.9013,0,5.1499,23.8883,23.8883,93.1274
4,197,16551.1847,0,3.3917,8.5217,8.5217,87.4888
4,198,16641.1012,0,1.7058,4.693,4.693,48.7316
4,199,16690.1661,0,1.9209,10.5398,10.5398,58.5239
4,200,16882.7575,0,4.7887,9.2228,9.2228,49.5776
4,201,16912.0173,0,5.298,8.1927,8.1927,41.2418
4,202,16965.2662,0,2.0101,4.3111,4.3111,56.0684
4,203,17003.9651,0,3.4959,9.201,9.201,52.7315
4,204,17013.6178,0,3.1458,14.9957,14.9957,68.6843
4,205,17058.3564,0,3.5244,7.1983,7.1983,52.6828
4,206,17077.6643,0,2.2196,9.2065,9.2065,45.0803
4,207,17097.2237,0,9.1953,12.9473,12.9473,37.8404
4,208,17119.1584,0,0.437,4.7107,4.7107,72.5674
4,209,17154.6883,0,2.999,16.5477,16.5477,66.9366
4,210,17198.9437,0,9.0384,13.4861,13.4861,48.5541
4,211,17210.1232,0,14.1407,18.0841,18.0841,60.5463
4,212,17282.8135,0,1.5331,6.747,6.747,62.9796
4,213,17364.2611,0,0.9803,4.3493,4.3493,41.5837
4,214,17360.8243,0,4.5467,12.7019,12.7019,55.0775
4,215,17475.9033,0,3.8972,7.7308,7.7308,36.9683
4,216,17697.2988,0,3.9563,13.3035,13.3035,73.5951
4,217,17781.9203,0,3.1059,8.4647,8.4647,74.9149
4,218,17823.4884,0,2.0837,4.2704,4.2704,49.8115
4,219,17840.8182,0,2.1789,7.8333,7.8333,40.9022
4,220,17846.0728,0,1.4093,9.796,9.796,72.4545
4,221,17864.9482,0,4.0718,16.977,16.977,81.7794
4,222,17912.5655,0,0.384,2.7928,2.7928,40.5062
4,223,17912.9611,0,12.0811,26.0123,26.0123,59.6341
4,224,17949.8527,0,3.8825,5.4674,5.4674,56.6926
4,225,17992.9226,0,9.7448,13.6781,13.6781,62.5505
4,226,18086.4839,0,8.0873,10.8754,10.8754,59.5579
4,227,18094.7876,0,3.1879,7.5862,7.5862,64.997
4,228,18143.3181,0,5.5926,16.5494,16.5494,60.3339
4,229,18144.414,0,9.2288,16.3428,16.3428,66.6688
4,230,18214.0578,0,4.4046,9.4999,9.4999,45.0875
4,231,18213.2684,0,3.1392,12.7609,12.7609,55.345
4,232,18355.8572,0,8.1235,13.4328,13.4328,37.7871
4,233,18353.3975,0,3.6475,33.3934,33.3934,83.6701
4,234,18432.2317,0,2.7196,11.2987,11.2987,41.7879
4,235,18634.2797,0,1.2817,4.5326,4.5326,70.774
4,236,18794.7427,0,5.9604,11.873,11.873,58.605
4,237,19006.5531,0,1.9531,4.7325,4.7325,37.6072
4,238,19004.9876,0,3.9368,8.497,8.497,50.9659
4,239,19242.9968,0,5.3115,10.1315,10.1315,64.9117
4,240,19274.452,0,7.2462,24.1493,24.1493,139.466
4,241,19322.0729,0,3.1807,15.673,15.673,83.6777
4,242,19339.3264,0,3.4942,7.8604,7.8604,129.7008
4,243,19417.5002,0,3.3971,5.6634,5.6634,45.8071
4,244,19410.7311,0,8.2708,15.8201,15.8201,44.6307
4,245,19424.0455,0,1.5663,7.3863,7.3863,60.0455
4,246,19413.9516,0,15.62,19.803,19.803,74.9388
4,247,19736.6792,0,2.7586,8.906,8.906,74.8513
4,248,19744.9108,0,4.3828,5.956,5.956,89.4907
4,249,19813.5679,0,1.2063,4.5371,4.5371,96.9685
4,250,19918.1192,0,3.3706,6.1423,6.1423,45.919
4,251,19966.4962,0,2.5036,7.4114,7.4114,53.7067
4,252,20055.0255,0,6.7143,11.5731,11.5731,39.1684
4,253,20157.0668,0,4.8007,6.5785,6.5785,43.3953
4,254,20229.2296,0,0.5471,5.1079,5.1079,30.5759
4,255,20485.5691,0,3.3651,11.5613,11.5613,46.2933
4,256,20716.8638,0,6.8298,16.4417,16.4417,66.4459
4,257,20827.3206,0,2.503,8.2971,8.2971,34.3713
4,258,20842.5379,0,8.9292,15.7464,15.7464,78.6819
4,259,20894.2957,0,8.5719,15.1321,15.1321,36.8331
4,260,20903.2957,0,1.5663,7.2555,7.2555,50.2287
4,261,20907.1611,0,8.7065,12.088,12.088,55.0932
4,262,20930.1313,0,6.6091,8.9453,8.9453,85.0281
4,263,21026.1264,0,7.1249,11.1879,11.1879,38.647
4,264,21155.0765,0,5.1939,9.8921,9.8921,48.0261
4,265,21191.7698,0,7.9126,12.7142,12.7142,42.1698
4,266,21256.2104,0,4.968,13.097,13.097,54.604
4,267,21297.4029,0,1.8282,5.1239,5.1239,23.5998
4,268,21306.2325,0,5.0033,28.3784,28.3784,49.1653
4,269,21424.509,0,4.6902,10.4755,10.4755,39.2784
4,270,21472.4635,0,4.8561,8.2851,8.2851,41.4271
4,271,21638.4121,0,6.5002,11.6293,11.6293,42.3395
4,272,21836.7584,0,2.8225,9.2897,9.2897,59.8742
4,273,22082.8462,0,7.4339,13.5807,13.5807,66.9658
4,274,22229.0081,0,1.5606,9.7076,9.7076,49.4338
4,275,22271.4803,0,0.7626,8.0025,8.0025,85.1187
4,276,22375.1417,0,1.6818,8.4466,8.4466,62.071
4,277,22429.057,0,4.157,8.3093,8.3093,80.0734
4,278,22439.7445,0,8.7748,25.6967,25.6967,77.9743
4,279,22512.732,0,4.9207,7.7671,7.7671,50.33
4,280,22581.1126,0,3.2022,30.6896,30.6896,104.8367
4,281,22784.775,0,0.5264,5.9847,5.9847,20.5768
4,282,22795.0228,0,6.7029,12.1106,12.1106,38.5768
4,283,22856.3679,0,2.8275,5.5573,5.5573,51.9886
4,284,23061.7173,0,2.4876,6.65,6.65,53.0258
4,285,23095.8776,0,2.2327,6.3978,6.3978,55.8235
4,286,23265.9095,0,3.5486,10.5876,10.5876,36.3427
4,287,23465.4875,0,1.6011,2.6322,2.6322,43.3806
4,288,23530.9626,0,3.3427,6.0719,6.0719,33.6457
4,289,23608.2113,0,5.3754,11.0322,11.0322,54.2187
4,290,23657.0819,0,4.5781,8.6601,8.6601,41.2143
4,291,23726.5508,0,3.5344,13.792,13.792,57.339
4,292,23773.0298,0,3.9375,19.4466,19.4466,132.6495
4,293,23820.2113,0,6.8885,12.3992,12.3992,97.5547
4,294,23838.4451,0,3.3325,8.8258,8.8258,82.4985
4,295,23860.4332,0,2.2138,4.7643,4.7643,63.1491
4,296,23885.29,0,9.2343,10.7556,10.7556,94.8863
4,297,24159.5561,0,4.114,11.3903,11.3903,48.661
4,298,24196.1634,0,0.9902,4.2043,4.2043,49.7699
4,299,24266.1188,0,6.0113,8.5265,8.5265,19.9919
4,300,24297.3177,0,1.9964,6.2683,6.2683,45.2672
4,301,24449.3828,0,3.9616,6.2374,6.2374,42.1031
4,302,24685.439,0,2.2327,6.0788,6.0788,72.0642
4,303,24898.8417,0,4.6571,9.0697,9.0697,51.0864
4,304,25124.1652,0,1.8082,23.3984,23.3984,62.8999
4,305,25186.7011,0,4.4353,10.6307,10.6307,76.827
4,306,25269.612,0,1.3598,4.9055,4.9055,39.4239
4,307,25306.2103,0,3.1413,12.1416,12.1416,64.3889
4,308,25383.0915,0,3.5307,8.3683,8.3683,49.4668
4,309,25377.9902,0,3.6552,26.9031,26.9031,46.0126
4,310,25398.2516,0,3.3334,7.5339,7.5339,73.6434
4,311,25421.3239,0,5.1641,9.3522,9.3522,58.9067
4,312,25435.3602,0,2.3733,9.1612,9.1612,38.7574
4,313,25450.1509,0,4.25,11.2031,11.2031,75.2192
4,314,25531.7883,0,8.3293,14.6454,14.6454,41.4477
4,315,25536.9778,0,4.0128,9.4892,9.4892,51.2376
4,316,25618.5739,0,6.7359,15.4621,15.4621,57.0937
4,317,25637.6997,0,2.9567,10.4549,10.4549,71.4629
4,318,25703.0475,0,6.3625,11.3377,11.3377,67.5939
4,319,25717.2469,0,4.8629,13.391,13.391,110.2711
4,320,25842.9187,0,5.2518,11.0348,11.0348,53.0707
4,321,25896.414,0,1.39,5.9021,5.9021,106.3662
4,322,26013.5923,0,3.9686,7.2157,7.2157,125.3901
4,323,26286.4083,0,2.8046,6.8184,6.8184,81.0975
4,324,26532.4496,0,1.4212,5.7111,5.7111,46.3918
4,325,26550.1279,0,6.665,11.14,11.14,46.1845
4,326,26620.3408,0,3.3792,7.2788,7.2788,40.9141
4,327,26657.3042,0,2.8462,8.9468,8.9468,49.2992
4,328,26665.0466,0,0.9879,8.8625,8.8625,63.2997
4,329,26799.3519,0,4.5505,7.0844,7.0844,52.895
4,330,26819.8784,0,4.9613,8.3832,8.3832,42.6996
4,331,26830.3149,0,2.5831,8.7179,8.7179,47.1321
4,332,26852.5603,0,2.818,7.6579,7.6579,45.8132
4,333,26924.1088,0,5.5358,13.7531,13.7531,25.507
4,334,26939.2957,0,5.2166,8.8499,8.8499,60.1086
4,335,26968.8531,0,4.8593,8.004,8.004,44.2107
4,336,27321.2932,0,1.3995,3.6772,3.6772,48.1657
4,337,27447.6202,0,6.2757,19.2087,19.2087,47.5875
4,338,27424.5459,0,4.2335,64.2335,64.2335,184.7864
4,339,27662.141,0,2.0491,8.2624,8.2624,48.8541
4,340,27733.2629,0,4.3365,20.2573,20.2573,56.8346
4,341,27923.2291,0,4.1002,16.6126,16.6126,68.6335
4,342,27979.2159,0,3.0615,6.8816,6.8816,56.2971
4,343,27974.8362,0,6.1351,11.6238,11.6238,69.2689
4,344,28107.578,0,2.9794,9.3421,9.3421,78.1005
4,345,28135.7381,0,6.1905,15.2545,15.2545,54.0448
4,346,28147.401,0,3.1807,6.8856,6.8856,51.0997
4,347,28161.2515,0,4.5204,10.5004,10.5004,85.3627
4,348,28241.1436,0,3.8181,8.4152,8.4152,70.5718
4,349,28322.6547,0,6.037,7.5561,7.5561,64.5158
4,350,28661.896,0,6.1938,10.1292,10.1292,38.9231
4,351,28679.0522,0,5.1641,12.7427,12.7427,80.115
4,352,28741.1448,0,6.249,8.5783,8.5783,65.7931
4,353,28789.3346,0,5.607,6.6867,6.6867,42.6559
4,354,28895.5822,0,4.9432,9.7294,9.7294,43.1586
4,355,28991.5775,0,2.5971,7.9788,7.9788,50.0476
4,356,28999.0045,0,3.3083,5.0088,5.0088,47.1918
4,357,29465.5199,0,0.5029,4.0638,4.0638,48.8972
4,358,29476.8784,0,10.9009,12.8777,12.8777,45.8736
4,359,29614.1617,0,8.6683,11.9941,11.9941,49.866
4,360,29623.9019,0,8.405,10.9894,10.9894,28.1909
4,361,29643.2949,0,4.5204,8.0953,8.0953,83.2707
4,362,29693.8766,0,0.7903,8.9233,8.9233,70.7398
4,363,29706.7097,0,7.2462,13.3194,13.3194,100.0326
4,364,29992.9105,0,4.8165,16.7263,16.7263,56.6692
4,365,30017.6523,0,1.7888,7.738,7.738,46.3173
4,366,30017.1626,0,3.1995,15.9713,15.9713,51.9648
4,367,30046.0711,0,2.8668,6.0145,6.0145,38.642
4,368,30056.9913,0,8.1017,14.3346,14.3346,75.0985
4,369,30127.3461,0,3.5641,5.406,5.406,49.1207
4,370,30255.4927,0,3.022,8.2303,8.2303,42.952
4,371,30337.1736,0,2.1454,13.4793,13.4793,77.0262
4,372,30473.4033,0,0.3977,2.9209,2.9209,43.7491
4,373,30763.901,0,4.1104,6.6369,6.6369,55.7103
4,374,30958.1418,0,7.2067,12.2639,12.2639,37.1874
4,375,31082.9503,0,3.798,8.2653,8.2653,127.4844
4,376,31096.6482,0,2.6534,11.1725,11.1725,125.1353
4,377,31120.0639,0,8.6407,14.4602,14.4602,107.8967
4,378,31170.2315,0,1.8121,3.7304,3.7304,62.6844
4,379,31218.518,0,9.9828,11.5563,11.5563,37.5953
4,380,31223.0372,0,1.7768,9.3603,9.3603,58.4245
4,381,31299.7219,0,4.1705,10.9603,10.9603,61.0954
4,382,31502.2416,0,3.3466,5.5247,5.5247,43.833
4,383,31495.4114,0,5.0287,15.2437,15.2437,72.2743
4,384,31843.2685,0,1.534,3.4393,3.4393,49.3928
4,385,32351.2229,0,5.2192,31.8234,31.8234,63.8526
4,386,32464.5841,0,5.6367,9.9755,9.9755,51.2733
4,387,32485.1072,0,6.7178,17.7486,17.7486,79.9071
4,388,32506.2379,0,3.4913,6.0433,6.0433,68.6775
4,389,32627.3415,0,5.0583,15.7333,15.7333,58.5338
4,390,32742.9122,0,1.8006,4.7216,4.7216,45.446
4,391,32739.0958,0,5.1842,11.9335,11.9335,62.2514
4,392,32808.1015,0,1.0057,3.695,3.695,39.8773
4,393,32816.6666,0,8.7485,21.3701,21.3701,40.0138
4,394,32946.9213,0,5.6548,7.4616,7.4616,43.8629
4,395,33281.0389,0,2.4035,32.3314,32.3314,63.8835
4,396,33594.9691,0,5.0601,8.7809,8.7809,26.2176
4,397,33615.7084,0,5.4544,12.3834,12.3834,54.2432
4,398,33677.3563,0,9.4772,13.9189,13.9189,59.5684
4,399,33718.8972,0,3.5748,4.6934,4.6934,36.2535
4,400,33771.9957,0,1.4082,6.0047,6.0047,41.4739
4,401,33832.7945,0,4.4817,16.693,16.693,44.3287
4,402,33841.2872,0,2.3298,14.7055,14.7055,67.4056
4,403,33876.0285,0,2.0991,4.9656,4.9656,41.7382
4,404,33914.6906,0,5.7283,10.2119,10.2119,66.1122
4,405,33925.0456,0,3.184,5.4119,5.4119,57.1394
4,406,34059.9044,0,4.1737,23.4561,23.4561,76.4101
4,407,34102.7644,0,10.7765,17.4426,17.4426,79.0959
4,408,34306.9516,0,4.8501,16.9983,16.9983,65.2829
4,409,34317.5474,0,15.4084,18.9556,18.9556,58.3866
4,410,34445.7283,0,12.9699,20.8592,20.8592,65.7738
4,411,34573.721,0,2.2843,5.1736,5.1736,34.3022
4,412,34617.4964,0,1.4155,23.8319,23.8319,98.2592
4,413,34925.0244,0,1.8535,12.4932,12.4932,78.6578
4,414,34982.746,0,3.3105,6.4549,6.4549,47.4393
4,415,35172.796,0,0.1739,4.0656,4.0656,41.9072
4,416,35212.7838,0,7.6373,11.1188,11.1188,62.8493
4,417,35254.7883,0,8.9576,12.7729,12.7729,42.4257
4,418,35289.7908,0,2.3042,5.1076,5.1076,76.8634
4,419,35308.2306,0,4.3019,17.3522,17.3522,69.7798
4,420,35332.514,0,10.0249,24.2623,24.2623,58.7035
4,421,35810.7703,0,4.5508,9.6611,9.6611,115.9196
4,422,35904.937,0,3.7055,6.1829,6.1829,45.7092
4,423,35908.786,0,4.3613,6.8351,6.8351,49.8721
4,424,35937.0833,0,10.9682,16.6947,16.6947,59.3054
4,425,36080.4589,0,4.09,13.9471,13.9471,61.723
4,426,36100.9757,0,3.7137,6.4683,6.4683,50.8873
4,427,36174.4381,0,4.9697,8.5802,8.5802,65.4873
4,428,36406.7368,0,4.0778,5.9073,5.9073,34.0756
4,429,36499.5423,0,2.4008,5.4087,5.4087,62.1986
4,430,36514.4991,0,2.1231,4.9076,4.9076,88.2055
4,431,36606.7722,0,4.9347,6.3032,6.3032,46.7966
4,432,36643.7054,0,0.7626,7.2987,7.2987,32.9135
4,433,36662.0111,0,3.3902,5.4609,5.4609,57.2381
4,434,36675.9251,0,3.0471,13.7346,13.7346,45.1405
4,435,36756.9581,0,7.877,13.4904,13.4904,68.089
4,436,36790.8967,0,1.4212,4.9539,4.9539,67.1118
4,437,36822.9351,0,2.3146,5.062,5.062,47.806
4,438,36831.2992,0,4.4523,7.9597,7.9597,45.9141
4,439,36850.1574,0,10.1377,14.3365,14.3365,90.4951
4,440,36874.2327,0,4.5265,12.7459,12.7459,53.3577
4,441,36966.6501,0,3.5818,9.2856,9.2856,53.4933
4,442,37068.1094,0,7.2228,12.7498,12.7498,49.6743
4,443,37110.7146,0,3.2638,7.2412,7.2412,41.8179
4,444,37165.5908,0,11.8258,18.3408,18.3408,78.2013
4,445,37181.8007,0,8.6304,12.9237,12.9237,65.1835
4,446,37587.5332,0,7.4199,16.7218,16.7218,62.0234
4,447,37761.0675,0,5.33,6.1399,6.1399,32.3637
4,448,37822.6305,0,5.4703,17.0387,17.0387,49.7041
4,449,38060.2744,0,3.8088,5.6777,5.6777,71.3672
4,450,38102.9993,0,11.508,25.0262,25.0262,102.5229
4,451,38182.5476,0,9.5713,12.8979,12.8979,46.4864
4,452,38185.7883,0,3.9362,11.1966,11.1966,51.7461
4,453,38470.4868,0,7.1168,10.7886,10.7886,71.1579
4,454,38471.7875,0,7.0802,10.4883,10.4883,107.3602
4,455,38474.1301,0,5.5341,10.0481,10.0481,125.3727
4,456,38512.078,0,5.2416,14.6361,14.6361,90.0523
4,457,38581.6237,0,6.8414,26.2706,26.2706,87.4256
4,458,38637.0036,0,1.5804,10.5484,10.5484,52.8008
4,459,38687.3917,0,1.9741,25.549,25.549,65.6401
4,460,38832.3804,0,2.2446,7.1935,7.1935,64.7099
4,461,39208.2203,0,2.2374,4.7978,4.7978,70.2919
4,462,39372.2986,0,2.488,8.0792,8.0792,39.2274
4,463,39472.7187,0,1.9327,12.5901,12.5901,77.4383
4,464,39519.8213,0,3.184,7.0616,7.0616,63.5352
4,465,39585.8895,0,6.0595,10.9752,10.9752,55.2858
4,466,39599.9811,0,2.1601,6.2598,6.2598,92.3672
4,467,39650.5281,0,11.937,18.6308,18.6308,43.0844
4,468,39816.4064,0,4.7386,8.0616,8.0616,32.4056
4,469,39940.1259,0,0.9833,4.4046,4.4046,36.286
4,470,39940.5773,0,3.2021,4.9611,4.9611,51.4788
4,471,39985.9722,0,13.1911,15.977,15.977,43.5832
4,472,40096.0665,0,3.943,8.8767,8.8767,47.7047
4,473,40156.5561,0,3.1995,6.6888,6.6888,61.5369
4,474,40161.6652,0,10.7601,13.9479,13.9479,62.2063
4,475,40208.7269,0,2.6655,7.7626,7.7626,63.228
4,476,40218.0092,0,2.8521,8.4864,8.4864,65.7598
4,477,40271.8604,0,10.623,13.7131,13.7131,43.6985
4,478,40400.4378,0,5.5567,9.1929,9.1929,57.9325
4,479,40435.449,0,10.9394,14.0261,14.0261,57.1406
4,480,40781.212,0,8.7502,13.5506,13.5506,60.084
4,481,40844.6916,0,7.582,9.6429,9.6429,42.8259
4,482,41063.0073,0,0.9856,7.3395,7.3395,47.5915
4,483,41096.3823,0,2.2366,5.6842,5.6842,90.515
4,484,41180.5582,0,1.159,15.2743,15.2743,75.7162
4,485,41358.6091,0,3.6343,10.5083,10.5083,95.7276
4,486,41400.6201,0,1.9481,5.3267,5.3267,65.0938
4,487,41401.776,0,7.5063,9.6891,9.6891,73.4618
4,488,41497.7663,0,5.0599,7.4475,7.4475,56.6934
4,489,41539.1124,0,0.6167,9.1394,9.1394,52.465
4,490,41535.6621,0,5.4886,18.1032,18.1032,65.1601
4,491,41588.3798,0,7.3391,13.674,13.674,50.2392
4,492,41650.3801,0,3.5798,7.5018,7.5018,57.3442
4,493,41666.5152,0,9.7726,13.918,13.918,50.283
4,494,41909.6685,0,6.3361,9.1639,9.1639,60.4179
4,495,41961.267,0,5.7427,11.3422,11.3422,66.4152
4,496,42019.9194,0,4.1373,6.858,6.858,47.9849
4,497,42090.0182,0,3.8062,13.3402,13.3402,117.5082
4,498,42291.1344,0,7.0383,14.224,14.224,20.1903
4,499,42326.7895,0,1.4865,3.5844,3.5844,76.3046
4,500,42329.1522,0,2.7471,22.5469,22.5469,56.5756
4,501,42378.3673,0,16.0688,18.8046,18.8046,82.7101
4,502,42429.9428,0,4.9377,16.5466,16.5466,77.7736
4,503,42508.6209,0,2.2074,7.6275,7.6275,61.8538
4,504,42626.1272,0,8.3062,28.425,28.425,52.0877
4,505,42662.2451,0,4.7238,10.0655,10.0655,62.1182
4,506,42709.978,0,4.0913,9.2397,9.2397,38.5977
4,507,42718.5534,0,4.5118,8.6327,8.6327,44.8474
4,508,42751.0258,0,3.7055,7.0752,7.0752,28.0386
4,509,42760.6716,0,1.2353,7.8052,7.8052,58.0616
4,510,42755.0329,0,23.6415,29.3661,29.3661,97.8073
4,511,42856.1122,0,11.7123,17.5476,17.5476,51.4523
4,512,42862.6985,0,8.5497,14.3487,14.3487,66.8671
4,513,42975.0013,0,4.7276,9.6544,9.6544,41.5316
4,514,43146.3872,0,4.5718,6.3137,6.3137,35.1109
4,515,43133.3608,0,8.3576,49.8075,49.8075,71.5121
5,1,0.0,0,1.1859,2.9184,2.9184,72.7478
5,2,70.7901,0,2.766,5.8918,5.8918,195.6581
5,3,132.2897,0,9.8963,14.3673,14.3673,164.7027
5,4,180.8022,0,8.777,20.2932,20.2932,139.6793
5,5,395.9884,0,2.4876,11.7735,11.7735,65.4608
5,6,470.0439,0,6.3286,10.0549,10.0549,56.5598
5,7,638.6696,0,1.2471,22.2072,22.2072,42.2725
5,8,645.5296,0,5.6855,58.9927,58.9927,101.2429
5,9,722.0061,0,4.2962,11.2861,11.2861,82.8407
5,10,752.3196,0,14.1998,20.5408,20.5408,66.2261
5,11,842.7772,0,2.2659,4.3327,4.3327,37.2911
5,12,844.6339,0,2.0327,4.8331,4.8331,45.8617
5,13,977.2401,0,0.8673,5.4349,5.4349,41.3104
5,14,987.1052,0,3.8907,8.0576,8.0576,47.4472
5,15,1083.5136,0,4.051,10.4609,10.4609,54.3395
5,16,1089.5542,0,5.7929,20.6718,20.6718,66.8201
5,17,1291.4928,0,8.2915,15.3911,15.3911,76.757
5,18,1303.2436,0,8.9672,11.0069,11.0069,67.6972
5,19,1418.0283,0,4.5718,7.4873,7.4873,63.744
5,20,1423.8644,0,3.5264,9.492,9.492,99.7959
5,21,1453.9373,0,11.192,13.8195,13.8195,65.2588
5,22,1462.9562,0,3.3066,9.5058,9.5058,85.2205
5,23,1905.6642,0,3.5981,7.6688,7.6688,30.9916
5,24,1981.8993,0,3.4313,8.6711,8.6711,49.9431
5,25,1981.68,0,6.9444,11.1861,11.1861,77.4017
5,26,2035.435,0,7.1112,12.8108,12.8108,49.5349
5,27,2069.3927,0,7.9931,11.3714,11.3714,48.5659
5,28,2097.2502,0,6.8156,13.6581,13.6581,57.1542
5,29,2164.4007,0,12.694,14.7286,14.7286,63.4709
5,30,2202.9313,0,1.2596,6.4181,6.4181,59.623
5,31,2366.58,0,1.4997,8.9942,8.9942,39.5792
5,32,2378.4523,0,2.7583,9.6336,9.6336,37.0045
5,33,2535.4266,0,3.4496,11.0946,11.0946,49.8463
5,34,2693.3731,0,3.5778,6.9642,6.9642,57.4662
5,35,2789.8414,0,2.0235,3.2299,3.2299,83.3746
5,36,3230.468,0,2.5362,7.4161,7.4161,29.4931
5,37,3234.4527,0,3.4963,14.1496,14.1496,56.2998
5,38,3470.8273,0,5.7117,11.3844,11.3844,41.7667
5,39,3569.3863,0,3.1232,6.2949,6.2949,28.4653
5,40,3591.7876,0,1.2471,4.1129,4.1129,66.2708
5,41,3617.2364,0,3.1917,6.6738,6.6738,28.897
5,42,3647.7722,0,7.3603,14.7138,14.7138,38.1956
5,43,3660.5548,0,6.7688,8.4662,8.4662,64.7019
5,44,3765.3951,0,13.692,22.0796,22.0796,67.2063
5,45,3779.7239,0,6.3881,13.5725,13.5725,91.2503
5,46,3845.2856,0,5.4419,7.7768,7.7768,38.1969
5,47,3874.2882,0,1.3081,6.1657,6.1657,59.0682
5,48,3903.5197,0,6.0126,9.169,9.169,57.7413
5,49,3919.6227,0,6.1885,9.0367,9.0367,76.9916
5,50,4020.5366,0,4.5969,14.0903,14.0903,55.8903
5,51,4086.0987,0,1.2063,6.7772,6.7772,46.1106
5,52,4099.6587,0,2.1395,5.4697,5.4697,41.1077
5,53,4203.4499,0,2.3487,8.1237,8.1237,46.3624
5,54,4226.7531,0,9.9988,14.3325,14.3325,58.1304
5,55,4930.9949,0,3.3181,6.3986,6.3986,56.5418
5,56,4931.9851,0,8.0847,20.1087,20.1087,57.2741
5,57,5059.067,0,4.8656,6.5113,6.5113,60.6317
5,58,5127.7875,0,4.4343,9.7545,9.7545,44.9407
5,59,5148.7322,0,5.1741,9.0667,9.0667,63.4933
5,60,5189.1084,0,1.2717,11.9994,11.9994,35.7541
5,61,5206.9789,0,4.9804,10.2211,10.2211,62.7552
5,62,5207.9286,0,12.216,15.739,15.739,85.4022
5,63,5278.6111,0,3.8775,9.6595,9.6595,40.1165
5,64,5314.1784,0,2.1469,8.8468,8.8468,59.206
5,65,5415.908,0,6.3146,10.2147,10.2147,65.1909
5,66,5928.7045,0,1.5217,3.9925,3.9925,31.1346
5,67,6000.8553,0,5.328,9.3753,9.3753,57.7859
5,68,6314.9607,0,7.2613,13.6444,13.6444,65.2445
5,69,6344.128,0,5.3218,11.7733,11.7733,70.2017
5,70,6424.8999,0,2.0966,7.0708,7.0708,48.147
5,71,6476.8842,0,2.503,8.2652,8.2652,26.6157
5,72,6568.833,0,1.8908,9.7425,9.7425,54.3131
5,73,6642.6044,0,11.4799,17.6469,17.6469,138.2019
5,74,6742.6962,0,9.902,13.5835,13.5835,41.9553
5,75,6852.1432,0,5.4761,12.1848,12.1848,50.6454
5,76,7051.3597,0,1.5389,6.6853,6.6853,43.7833
5,77,7112.8316,0,4.3753,14.9494,14.9494,48.7483
5,78,7273.7409,0,4.5027,39.3038,39.3038,63.1863
5,79,7809.4294,0,3.1029,6.9142,6.9142,40.0191
5,80,7904.2524,0,5.3794,9.9605,9.9605,27.2981
5,81,7994.1474,0,4.1254,8.7664,8.7664,83.4059
5,82,8079.2214,0,3.6137,10.1848,10.1848,43.0405
5,83,8289.5579,0,4.1806,11.5864,11.5864,33.5624
5,84,8419.4891,0,4.8563,8.5309,8.5309,43.601
5,85,8421.9432,0,8.4712,14.8637,14.8637,56.3347
5,86,8473.012,0,1.9078,14.6861,14.6861,53.7797
5,87,8608.256,0,8.6314,10.6249,10.6249,50.7231
5,88,8628.6524,0,7.5433,16.5964,16.5964,50.7225
5,89,8640.0887,0,9.8772,13.3879,13.3879,62.5969
5,90,8776.6823,0,3.7562,6.4854,6.4854,54.8217
5,91,8954.2816,0,1.2308,6.7498,6.7498,57.0028
5,92,9053.8837,0,5.6625,9.6837,9.6837,34.2348
5,93,9158.2261,0,1.7012,4.1667,4.1667,60.7959
5,94,9166.3004,0,6.0014,12.4685,12.4685,56.8124
5,95,9238.7419,0,3.4811,14.2366,14.2366,47.926
5,96,9344.2752,0,2.3802,7.3896,7.3896,41.0482
5,97,9377.1709,0,3.8994,9.7272,9.7272,73.5514
5,98,9530.0956,0,7.4206,14.3959,14.3959,65.4665
5,99,9542.9426,0,3.3611,10.2526,10.2526,82.0657
5,100,9616.5012,0,7.7634,9.992,9.992,103.7015
5,101,9690.7019,0,5.5986,13.6951,13.6951,64.3288
5,102,9849.5856,0,4.1468,23.6272,23.6272,53.2317
5,103,9866.5509,0,5.8361,7.2509,7.2509,81.7027
5,104,9895.8642,0,6.8435,9.1419,9.1419,72.9701
5,105,9940.0103,0,0.8573,4.7574,4.7574,73.3007
5,106,10137.7007,0,7.9319,13.2288,13.2288,60.6942
5,107,10186.731,0,6.0013,12.5699,12.5699,116.1175
5,108,10336.018,0,3.5342,24.9093,24.9093,60.654
5,109,10379.7821,0,8.674,10.699,10.699,47.7285
5,110,10549.4642,0,0.9856,55.8343,55.8343,96.239
5,111,10659.8882,0,0.9856,7.8664,7.8664,46.4341
5,112,10696.1016,0,8.223,12.5254,12.5254,61.7647
5,113,10847.8051,0,4.5462,8.9245,8.9245,30.1869
5,114,10866.172,0,4.1091,6.6235,6.6235,35.79
5,115,10922.0749,0,1.5194,2.7289,2.7289,46.6438
5,116,11062.6354,0,6.8298,10.2363,10.2363,46.9386
5,117,11127.1473,0,3.4552,11.561,11.561,50.6073
5,118,11278.6057,0,1.7793,10.9566,10.9566,70.966
5,119,11541.7507,0,3.4077,9.445,9.445,28.4495
5,120,11572.7934,0,2.6659,7.3859,7.3859,39.5976
5,121,11582.7609,0,3.1493,14.3377,14.3377,55.7583
5,122,11737.6458,0,4.3157,7.6425,7.6425,69.7592
5,123,12017.7825,0,1.8109,14.2926,14.2926,77.2411
5,124,12029.1908,0,13.0352,18.3996,18.3996,76.0116
5,125,12165.5509,0,5.649,11.1435,11.1435,42.0256
5,126,12170.5422,0,5.4861,7.0964,7.0964,64.1746
5,127,12179.9939,0,3.4745,7.6953,7.6953,55.9834
5,128,12263.7715,0,4.4739,5.9953,5.9953,42.1757
5,129,12347.1784,0,2.9048,11.2732,11.2732,66.562
5,130,12364.5517,0,4.6477,8.1289,8.1289,90.9882
5,131,12433.9175,0,3.4211,7.5022,7.5022,31.2691
5,132,12465.6436,0,7.1349,13.9967,13.9967,58.6625
5,133,12478.7537,0,6.8989,10.1694,10.1694,56.0455
5,134,12486.245,0,2.4726,16.7174,16.7174,58.8669
5,135,12503.2224,0,6.0649,15.417,15.417,52.5848
5,136,12515.9781,0,10.8853,12.5886,12.5886,55.4187
5,137,12697.5736,0,5.2285,9.5961,9.5961,65.2884
5,138,12735.164,0,3.519,7.7079,7.7079,31.1203
5,139,12788.6886,0,3.0675,7.23,7.23,38.2219
5,140,12791.5156,0,6.4403,9.9409,9.9409,61.3223
5,141,12802.2536,0,5.0726,9.0644,9.0644,78.366
5,142,12820.3738,0,9.6018,22.011,22.011,88.2219
5,143,13047.7603,0,4.216,32.6871,32.6871,62.896
5,144,13127.1079,0,4.5788,7.6384,7.6384,24.75
5,145,13129.3545,0,3.7239,10.5328,10.5328,36.1452
5,146,13471.8808,0,5.6254,15.957,15.957,50.2534
5,147,13513.5794,0,13.0823,19.3358,19.3358,72.9843
5,148,13571.8994,0,4.4097,7.4958,7.4958,23.4688
5,149,13594.4776,0,2.9924,7.0692,7.0692,30.6455
5,150,13598.2689,0,5.3971,8.2547,8.2547,49.0186
5,151,13778.9319,0,4.7534,14.6047,14.6047,55.3558
5,152,13801.5343,0,2.7102,4.1555,4.1555,66.743
5,153,13801.3916,0,14.7387,19.7242,19.7242,101.6958
5,154,13813.7851,0,21.7498,68.7831,68.7831,99.7196
5,155,13871.6744,0,7.8995,12.7487,12.7487,65.2864
5,156,13889.6865,0,13.0386,21.3211,21.3211,56.1844
5,157,13991.1018,0,1.9009,18.6351,18.6351,67.1812
5,158,14166.8409,0,1.6904,8.7212,8.7212,65.3636
5,159,14158.2022,0,7.5123,21.4685,21.4685,99.5607
5,160,14171.3226,0,8.7681,18.2535,18.2535,111.6642
5,161,14330.7865,0,3.379,6.0559,6.0559,42.4152
5,162,14401.8034,0,4.6073,10.028,10.028,39.4195
5,163,14478.2275,0,2.8242,11.5347,11.5347,65.2871
5,164,14623.443,0,2.9235,8.1282,8.1282,40.2022
5,165,14809.4006,0,2.9616,9.9095,9.9095,57.9305
5,166,14961.8853,0,2.2366,3.5196,3.5196,56.4852
5,167,15025.2838,0,15.0116,20.3237,20.3237,48.9811
5,168,15066.7481,0,4.6523,10.0006,10.0006,45.2997
5,169,15092.4281,0,4.585,16.6498,16.6498,43.0348
5,170,15146.4119,0,2.2434,4.4844,4.4844,36.3604
5,171,15212.1587,0,0.5981,4.0406,4.0406,30.9772
5,172,15410.0483,0,2.4468,14.3867,14.3867,68.611
5,173,15531.2381,0,6.7143,8.8437,8.8437,42.1289
5,174,15583.6596,0,4.785,8.3359,8.3359,38.9735
5,175,15593.3596,0,7.0276,9.3592,9.3592,41.5957
5,176,15617.4948,0,5.8359,20.5695,20.5695,49.1488
5,177,15615.5928,0,18.9104,24.3444,24.3444,23.7765
5,178,15653.9,0,0.5128,4.228,4.228,82.7862
5,179,15726.7698,0,1.9981,5.4652,5.4652,39.1579
5,180,15729.5896,0,3.2856,27.5079,27.5079,53.0672
5,181,16041.9059,0,3.4276,9.1189,9.1189,61.142
5,182,16192.1318,0,2.4987,7.1542,7.1542,44.7466
5,183,16280.8744,0,4.4167,7.9974,7.9974,29.5897
5,184,16330.2032,0,3.6103,5.8626,5.8626,54.877
5,185,16427.2969,0,4.1822,14.9092,14.9092,43.5793
5,186,16543.8778,0,3.9359,30.2528,30.2528,70.6653
5,187,16566.7059,0,15.3537,23.9129,23.9129,52.8233
5,188,16779.4819,0,6.8325,9.5701,9.5701,43.6282
5,189,16813.0147,0,3.1995,8.6833,8.6833,25.6842
5,190,16845.1314,0,4.9215,9.9445,9.9445,51.8375
5,191,16842.8458,0,2.9831,14.3944,14.3944,66.4385
5,192,16931.9162,0,2.5849,6.9164,6.9164,49.279
5,193,17000.6037,0,5.9331,13.1067,13.1067,42.6026
5,194,17060.6364,0,4.3707,9.3636,9.3636,51.837
5,195,17352.5863,0,6.5702,12.2516,12.2516,56.8324
5,196,17448.3838,0,3.3512,6.1159,6.1159,54.9267
5,197,17478.3758,0,3.7384,7.6765,7.6765,40.7766
5,198,17683.0751,0,3.5746,25.1408,25.1408,90.8078
5,199,17829.7379,0,1.9285,7.0389,7.0389,33.4285
5,200,17864.4634,0,5.9708,10.7194,10.7194,46.4456
5,201,17965.7683,0,4.7722,7.169,7.169,40.1962
5,202,18157.7304,0,1.7372,7.3053,7.3053,55.8702
5,203,18205.066,0,2.8507,12.554,12.554,54.7027
5,204,18232.849,0,5.2394,12.376,12.376,57.1635
5,205,18303.3482,0,4.9998,8.2171,8.2171,39.589
5,206,18314.2845,0,7.9191,13.2365,13.2365,87.7843
5,207,18379.662,0,3.8593,9.8713,9.8713,66.3088
5,208,18476.5664,0,4.3463,9.0797,9.0797,40.7663
5,209,18573.2586,0,3.3706,9.2244,9.2244,37.7307
5,210,18592.247,0,0.6955,5.2823,5.2823,86.2973
5,211,18681.8446,0,3.7441,10.2119,10.2119,66.4902
5,212,18745.827,0,8.602,24.0362,24.0362,48.944
5,213,19306.8107,0,4.2157,7.7711,7.7711,60.5771
5,214,19452.1468,0,1.1253,6.341,6.341,54.0574
5,215,19532.3062,0,6.665,10.5067,10.5067,75.6863
5,216,19569.8404,0,3.4024,5.7221,5.7221,53.4272
5,217,19652.142,0,2.9336,12.1725,12.1725,72.5346
5,218,19809.0814,0,5.766,10.6146,10.6146,52.5778
5,219,19910.355,0,1.5389,12.2972,12.2972,48.9776
5,220,19934.7146,0,0.2987,19.2052,19.2052,53.1783
5,221,20126.6607,0,2.7068,6.8736,6.8736,74.322
5,222,20242.7147,0,3.1405,10.1769,10.1769,47.8292
5,223,20407.6334,0,0.3189,2.6884,2.6884,24.9522
5,224,20445.2436,0,4.0428,7.0203,7.0203,46.1412
5,225,20439.1769,0,4.5876,23.3095,23.3095,34.0614
5,226,20463.9396,0,1.6503,6.5242,6.5242,69.1277
5,227,20567.3983,0,1.0882,3.2403,3.2403,82.8668
5,228,20615.1965,0,4.2526,5.7871,5.7871,45.9521
5,229,20914.1984,0,3.6883,10.3453,10.3453,43.8812
5,230,20927.2429,0,2.5393,10.4045,10.4045,50.9732
5,231,20935.7782,0,3.2409,5.2373,5.2373,63.1722
5,232,20942.3458,0,12.9776,19.9293,19.9293,89.3158
5,233,21094.5951,0,3.7854,8.5664,8.5664,52.7675
5,234,21279.8658,0,1.6904,6.8883,6.8883,39.0508
5,235,21285.1337,0,4.1203,8.2686,8.2686,46.433
5,236,21324.2481,0,6.8866,21.5656,21.5656,53.2541
5,237,21322.1011,0,1.5936,23.9045,23.9045,70.5751
5,238,21356.6329,0,1.9174,10.8015,10.8015,56.6333
5,239,21375.6495,0,2.3091,11.4942,11.4942,67.1981
5,240,21383.7193,0,16.8577,26.6265,26.6265,71.5485
5,241,21508.9704,0,2.6116,6.7913,6.7913,39.9104
5,242,21654.3792,0,1.7601,5.5529,5.5529,40.7138
5,243,21774.2956,0,5.9833,20.6634,20.6634,53.8273
5,244,22073.7923,0,4.9002,11.7027,11.7027,49.8361
5,245,22127.0993,0,11.8936,17.4298,17.4298,62.525
5,246,22319.3737,0,4.0559,8.0266,8.0266,80.4486
5,247,22557.633,0,7.2439,13.1788,13.1788,66.5178
5,248,22570.6355,0,11.3397,18.0096,18.0096,61.8358
5,249,22617.7326,0,2.2652,7.3213,7.3213,27.5081
5,250,22643.4564,0,4.6746,8.6995,8.6995,41.7881
5,251,22722.7843,0,1.7008,9.9593,9.9593,37.1792
5,252,22740.176,0,5.0141,19.6213,19.6213,125.9841
5,253,22708.4696,0,3.1655,63.1655,63.1655,110.8287
5,254,22768.8117,0,7.6619,13.7126,13.7126,84.571
5,255,22836.1897,0,3.5501,7.7019,7.7019,49.4027
5,256,22843.5036,0,0.5317,8.008,8.008,45.075
5,257,22934.4129,0,6.5519,14.2288,14.2288,61.4693
5,258,22972.9331,0,6.5197,11.0967,11.0967,33.2343
5,259,23009.3523,0,6.929,14.9279,14.9279,44.6099
5,260,23142.8365,0,2.8659,5.7215,5.7215,45.0593
5,261,23283.1615,0,6.2169,11.2634,11.2634,67.387
5,262,23291.1466,0,7.7209,14.0971,14.0971,83.0245
5,263,23348.3482,0,2.993,7.1735,7.1735,72.941
5,264,23570.0212,0,1.3031,4.2887,4.2887,50.0438
5,265,23612.011,0,2.0091,12.8563,12.8563,58.47
5,266,23630.6776,0,6.3681,15.659,15.659,45.4898
5,267,23776.2622,0,3.6001,8.4357,8.4357,53.0146
5,268,23801.587,0,9.7052,14.8716,14.8716,64.2819
5,269,23833.366,0,3.5971,6.8947,6.8947,45.7642
5,270,23840.8778,0,12.9882,14.9526,14.9526,60.1879
5,271,23944.7953,0,4.5414,8.8735,8.8735,74.9159
5,272,24081.2062,0,4.0667,6.9536,6.9536,28.5214
5,273,24123.6069,0,3.2735,7.3349,7.3349,57.6657
5,274,24216.0544,0,4.1087,8.1421,8.1421,83.0014
5,275,24590.5736,0,3.015,14.7986,14.7986,48.1203
5,276,24902.2453,0,2.0067,8.1967,8.1967,39.9481
5,277,25011.5731,0,8.518,12.4518,12.4518,64.6981
5,278,25021.122,0,1.5364,3.5103,3.5103,90.0678
5,279,25069.4535,0,7.6544,15.8802,15.8802,54.8692
5,280,25091.8216,0,3.3795,7.2841,7.2841,87.1322
5,281,25125.4034,0,11.5432,15.7046,15.7046,50.8469
5,282,25129.8736,0,12.8354,19.4692,19.4692,63.9077
5,283,25216.1144,0,4.8301,11.2199,11.2199,48.9989
5,284,25262.4209,0,7.8504,67.8504,67.8504,108.1216
5,285,25461.9086,0,4.331,5.5129,5.5129,60.781
5,286,25527.2328,0,10.5046,15.141,15.141,32.9754
5,287,25549.1397,0,1.1468,3.224,3.224,74.3168
5,288,25573.4112,0,5.496,31.1103,31.1103,60.0155
5,289,25680.1399,0,8.3576,12.5692,12.5692,46.8677
5,290,25715.3269,0,1.8205,7.9252,7.9252,73.9184
5,291,25807.5943,0,7.4965,15.6437,15.6437,74.1624
5,292,25834.072,0,1.1617,61.1617,61.1617,104.6203
5,293,25895.4548,0,1.7459,11.5555,11.5555,48.93
5,294,25952.6411,0,5.259,16.4218,16.4218,58.7331
5,295,26152.8151,0,0.7301,5.7383,5.7383,64.5135
5,296,26323.8662,0,1.3911,3.9037,3.9037,35.2666
5,297,26480.1465,0,1.2756,6.54,6.54,56.3426
5,298,26478.4767,0,3.6825,10.5437,10.5437,74.5948
5,299,26602.7255,0,3.6306,8.9186,8.9186,34.3986
5,300,26613.6542,0,5.2458,9.8846,9.8846,41.2958
5,301,26640.6993,0,0.9174,3.6913,3.6913,37.5175
5,302,26651.648,0,3.5678,8.3058,8.3058,84.5837
5,303,26652.3236,0,7.263,16.3708,16.3708,58.8996
5,304,26681.4517,0,14.4855,19.8699,19.8699,88.6191
5,305,26856.9318,0,1.9028,7.8261,7.8261,38.0006
5,306,26890.3581,0,1.7765,8.6131,8.6131,83.9678
5,307,26917.7433,0,3.559,6.1106,6.1106,115.5957
5,308,26954.6752,0,9.3923,10.3212,10.3212,92.9118
5,309,26974.5087,0,11.889,14.9996,14.9996,82.9806
5,310,27013.4492,0,2.8019,14.4164,14.4164,104.1047
5,311,27040.1871,0,10.1596,16.0963,16.0963,80.6255
5,312,27083.164,0,3.0661,9.4662,9.4662,50.1113
5,313,27090.3661,0,3.5264,8.881,8.881,58.1279
5,314,27092.3938,0,3.6837,18.1944,18.1944,71.5193
5,315,27174.7122,0,2.8053,11.6642,11.6642,56.0675
5,316,27858.542,0,1.8272,13.9864,13.9864,51.106
5,317,28002.1669,0,4.1759,9.228,9.228,37.5025
5,318,28017.0853,0,1.9327,4.386,4.386,95.1588
5,319,28075.5749,0,5.0776,10.1343,10.1343,48.4054
5,320,28174.8117,0,1.4865,5.5138,5.5138,39.8736
5,321,28278.5494,0,4.2547,11.2098,11.2098,71.7779
5,322,28373.5076,0,2.3099,10.5397,10.5397,78.2556
5,323,28676.3157,0,3.5818,12.9971,12.9971,42.7587
5,324,28768.9766,0,6.337,9.9145,9.9145,41.9353
5,325,29027.2514,0,4.8557,7.2236,7.2236,58.692
5,326,29051.9196,0,5.3638,36.1963,36.1963,69.7787
5,327,29335.4631,0,1.1982,3.5379,3.5379,63.1689
5,328,29427.8718,0,8.6437,11.4694,11.4694,70.3012
5,329,29612.0861,0,8.5261,11.3864,11.3864,33.9082
5,330,29634.0439,0,4.876,6.9755,6.9755,73.5676
5,331,29673.6874,0,10.5888,12.3114,12.3114,43.7121
5,332,29719.583,0,5.1499,10.5797,10.5797,69.1698
5,333,29707.6088,0,19.2515,28.1076,28.1076,71.116
5,334,29828.1182,0,5.5636,10.0061,10.0061,37.258
5,335,30138.7918,0,2.2287,19.1632,19.1632,45.2865
5,336,30722.9852,0,6.234,8.9598,8.9598,55.6633
5,337,30747.1832,0,9.1482,11.4349,11.4349,39.7519
5,338,30764.5607,0,13.666,17.1705,17.1705,44.5111
5,339,30791.3791,0,4.2526,17.1945,17.1945,50.5821
5,340,30819.5173,0,3.7397,7.6881,7.6881,40.7454
5,341,30819.6009,0,8.6928,16.4561,16.4561,53.2753
5,342,30867.9098,0,1.8597,7.8888,7.8888,47.524
5,343,30907.7677,0,3.8825,18.8655,18.8655,37.6403
5,344,30987.9068,0,2.1582,8.7629,8.7629,37.2029
5,345,31009.8756,0,3.7884,6.7459,6.7459,83.984
5,346,31017.1693,0,4.2916,10.3815,10.3815,78.7092
5,347,31079.3167,0,7.0383,12.1191,12.1191,62.6058
5,348,31097.4373,0,5.9582,10.1663,10.1663,54.9816
5,349,31131.3766,0,5.6455,12.0461,12.0461,47.6152
5,350,31144.6593,0,15.884,17.3613,17.3613,69.5995
5,351,31218.0213,0,0.8877,6.8757,6.8757,56.5002
5,352,31332.2579,0,2.684,8.6362,8.6362,77.3108
5,353,31391.2292,0,6.9163,13.1468,13.1468,51.3575
5,354,31402.618,0,10.857,22.472,22.472,86.9142
5,355,31626.1941,0,4.7981,8.5228,8.5228,44.1258
5,356,31642.9718,0,4.5511,7.7208,7.7208,26.895
5,357,31652.1497,0,4.183,9.0212,9.0212,46.8902
5,358,31914.9383,0,2.884,7.7034,7.7034,38.5042
5,359,32179.0599,0,1.7365,19.2655,19.2655,43.4513
5,360,32207.8144,0,6.8653,15.0218,15.0218,64.5826
5,361,32300.5696,0,2.0772,4.6804,4.6804,46.732
5,362,32315.9637,0,0.3914,3.925,3.925,67.4935
5,363,32395.6161,0,6.1943,9.4084,9.4084,40.9733
5,364,32411.5031,0,1.6632,8.5787,8.5787,33.7716
5,365,32512.1727,0,4.9144,8.3169,8.3169,41.5561
5,366,32708.4956,0,1.0771,17.092,17.092,40.5934
5,367,32725.4988,0,3.92,9.0071,9.0071,84.6508
5,368,32819.9284,0,12.6686,19.0695,19.0695,55.3466
5,369,32832.516,0,3.7372,23.9028,23.9028,88.5261
5,370,33034.177,0,2.8215,8.1805,8.1805,35.6926
5,371,33030.8235,0,5.9079,13.1279,13.1279,67.2918
5,372,33443.9383,0,1.1311,5.5617,5.5617,49.9521
5,373,33563.9173,0,5.9483,10.6795,10.6795,33.9744
5,374,33568.3853,0,3.0342,6.2308,6.2308,72.3295
5,375,33615.7573,0,5.8437,11.3191,11.3191,53.4748
5,376,33745.6266,0,6.1351,7.9964,7.9964,61.2869
5,377,33750.4714,0,6.7544,16.2212,16.2212,68.4629
5,378,33783.9135,0,3.0903,13.6197,13.6197,51.256
5,379,33854.9665,0,3.7896,8.1918,8.1918,42.5392
5,380,33859.264,0,4.4707,10.1204,10.1204,63.0504
5,381,34437.7578,0,4.892,16.3762,16.3762,71.8234
5,382,34485.6609,0,1.603,6.1616,6.1616,29.1544
5,383,34493.7064,0,9.5321,16.8593,16.8593,45.612
5,384,34967.0492,0,1.0725,2.6598,2.6598,47.978
5,385,35005.5142,0,3.652,18.2742,18.2742,50.6965
5,386,35161.3474,0,7.2709,18.8761,18.8761,33.4265
5,387,35180.6747,0,1.2803,4.7829,4.7829,56.2173
5,388,35179.2982,0,4.4502,10.1668,10.1668,53.4831
5,389,35217.0893,0,10.9977,17.7588,17.7588,36.626
5,390,35229.3128,0,5.8332,30.3788,30.3788,59.6332
5,391,35275.6619,0,2.0772,11.3356,11.3356,42.1037
5,392,35290.7403,0,5.3218,20.7829,20.7829,74.742
5,393,35314.0862,0,5.4803,11.7992,11.7992,62.2163
5,394,35368.5745,0,4.3304,8.8393,8.8393,43.9896
5,395,35450.7914,0,5.3288,8.9543,8.9543,48.5375
5,396,35875.4584,0,3.3791,8.3234,8.3234,31.8802
5,397,35873.9456,0,8.5471,12.6148,12.6148,69.7813
5,398,36118.4827,0,7.6115,14.6034,14.6034,42.3807
5,399,36122.5896,0,6.8993,13.6817,13.6817,61.2439
5,400,36537.4138,0,5.2642,10.78,10.78,51.62
5,401,36625.9815,0,0.95,5.7989,5.7989,50.9563
5,402,36701.9768,0,8.3678,12.5089,12.5089,41.3227
5,403,36724.4585,0,2.4494,11.0304,11.0304,68.6168
5,404,36741.4027,0,1.7072,6.046,6.046,55.7024
5,405,36754.2697,0,11.8004,20.3798,20.3798,70.9516
5,406,36808.5776,0,7.326,15.8428,15.8428,43.129
5,407,36887.9111,0,1.6099,5.8646,5.8646,36.3142
5,408,36915.0159,0,10.4375,14.6801,14.6801,58.5086
5,409,37022.8485,0,7.0597,11.4637,11.4637,52.5681
5,410,37068.3708,0,3.1491,8.4202,8.4202,86.7721
5,411,37144.6234,0,3.9161,10.9116,10.9116,32.3849
5,412,37176.381,0,4.783,14.0507,14.0507,51.0904
5,413,37281.8551,0,2.5314,6.4971,6.4971,70.756
5,414,37327.3002,0,1.5291,6.477,6.477,63.4575
5,415,37773.7104,0,5.8068,12.2361,12.2361,54.6853
5,416,37819.4809,0,6.409,11.4752,11.4752,58.3621
5,417,38049.9102,0,5.6254,10.7366,10.7366,62.4997
5,418,38062.0268,0,12.0719,14.3902,14.3902,202.8867
5,419,38269.684,0,3.1059,12.6697,12.6697,56.1237
5,420,38350.7939,0,5.1952,8.5196,8.5196,38.4856
5,421,38352.5179,0,2.6197,8.1753,8.1753,68.3913
5,422,38481.3119,0,1.7765,10.2245,10.2245,74.4556
5,423,38607.1804,0,4.5969,10.5656,10.5656,58.8579
5,424,38626.7991,0,7.6129,14.853,14.853,52.5237
5,425,38645.3927,0,3.2141,14.2366,14.2366,61.6104
5,426,38753.0567,0,2.4831,12.4984,12.4984,51.3364
5,427,38887.5163,0,0.774,3.2373,3.2373,38.834
5,428,38901.468,0,2.6125,9.1343,9.1343,68.5875
5,429,38941.6797,0,4.7882,8.5055,8.5055,46.2237
5,430,39047.0698,0,2.5543,13.5128,13.5128,52.5978
5,431,39451.4534,0,2.1231,6.2538,6.2538,64.0003
5,432,39513.6235,0,3.2437,8.6088,8.6088,56.1882
5,433,39538.2147,0,5.251,15.0581,15.0581,74.3642
5,434,39720.1506,0,9.4523,25.767,25.767,67.1358
5,435,39747.2544,0,1.9028,6.4332,6.4332,44.5309
5,436,39751.891,0,3.5395,8.5992,8.5992,81.2594
5,437,39774.6212,0,12.6071,17.2305,17.2305,64.6548
5,438,39914.6644,0,4.4989,10.2346,10.2346,57.4548
5,439,39921.8553,0,5.3761,13.831,13.831,70.4901
5,440,39939.1927,0,9.7278,16.5007,16.5007,29.7297
5,441,39980.0076,0,1.5011,7.673,7.673,72.25
5,442,39982.1499,0,2.1673,19.2437,19.2437,34.0745
5,443,40035.8764,0,3.3212,13.5,13.5,74.87
5,444,40103.9834,0,0.9902,6.1181,6.1181,64.499
5,445,40130.7002,0,5.2682,10.8451,10.8451,66.9806
5,446,40227.8675,0,4.1742,7.6581,7.6581,35.9863
5,447,40246.1522,0,0.8358,3.9992,3.9992,50.5991
5,448,40323.052,0,4.1216,6.0408,6.0408,65.0061
5,449,40511.5347,0,3.7156,6.3462,6.3462,35.5634
5,450,40591.3437,0,0.1848,4.1923,4.1923,60.5656
5,451,40636.3931,0,2.3228,5.3529,5.3529,44.346
5,452,40657.0814,0,14.837,19.4544,19.4544,66.6463
5,453,40716.1695,0,1.2797,5.2909,5.2909,43.4807
5,454,40929.022,0,3.0226,5.3564,5.3564,35.5348
5,455,40944.3573,0,6.5413,11.4921,11.4921,54.8098
5,456,41023.2076,0,2.573,10.3656,10.3656,40.7171
5,457,41031.0796,0,5.1808,8.7122,8.7122,43.6651
5,458,41211.1807,0,1.6818,7.2697,7.2697,34.549
5,459,41359.2846,0,4.4851,7.3248,7.3248,57.7887
5,460,41482.7143,0,4.0264,8.2975,8.2975,66.1323
5,461,41589.9339,0,3.1574,4.9295,4.9295,62.0213
5,462,41594.3275,0,7.6278,21.4989,21.4989,71.1614
5,463,41659.8027,0,0.8694,10.5335,10.5335,48.7092
5,464,41970.4686,0,1.5828,7.9771,7.9771,66.9521
5,465,41979.9995,0,1.3899,4.2847,4.2847,61.7306
5,466,41992.9457,0,5.1668,9.4649,9.4649,59.3498
5,467,42097.6344,0,4.2822,7.0381,7.0381,58.7785
5,468,42156.007,0,6.0225,7.8199,7.8199,33.6767
5,469,42245.1773,0,12.4261,18.7578,18.7578,64.7021
5,470,42431.5543,0,3.464,4.9222,4.9222,71.6957
5,471,42454.4218,0,1.2756,3.7976,3.7976,56.6235
5,472,42580.5255,0,1.9015,6.4249,6.4249,63.8224
5,473,42578.7544,0,5.7234,65.7234,65.7234,144.4807
5,474,42674.3943,0,4.2693,10.5546,10.5546,51.9945
5,475,42689.1075,0,5.0046,8.4912,8.4912,48.132
5,476,42774.8376,0,6.4904,9.3034,9.3034,48.6496
5,477,42837.1111,0,1.1816,5.7426,5.7426,48.6848
5,478,42983.569,0,1.6969,5.6159,5.6159,43.2229
5,479,42992.1463,0,1.2944,3.4721,3.4721,94.4137
5,480,43017.5416,0,2.2925,5.5457,5.5457,64.4259
5,481,43067.5883,0,12.258,14.4932,14.4932,71.1984
6,1,0.0,0,1.8895,8.357,8.357,45.2243
6,2,94.5388,0,1.7987,3.3547,3.3547,45.29
6,3,190.18,0,0.915,4.6343,4.6343,20.9144
6,4,221.8616,0,2.3595,7.0338,7.0338,41.1188
6,5,239.7204,0,4.4966,9.5762,9.5762,49.7713
6,6,705.2703,0,1.0256,2.6269,2.6269,44.5294
6,7,918.4066,0,6.4254,13.7252,13.7252,60.1
6,8,963.0759,0,2.9666,5.6787,5.6787,53.0224
6,9,1074.603,0,7.6998,10.3317,10.3317,42.5466
6,10,1099.7897,0,8.5612,11.6123,11.6123,33.295
6,11,1155.8319,0,3.1397,7.9063,7.9063,57.2366
6,12,1207.0166,0,4.6986,9.2673,9.2673,34.5721
6,13,1440.4473,0,5.7248,8.8583,8.8583,48.1517
6,14,1524.4494,0,2.6181,24.5018,24.5018,49.1617
6,15,1547.2102,0,3.5093,4.5313,4.5313,35.5453
6,16,1551.7507,0,2.2843,8.3613,8.3613,42.8464
6,17,1576.9477,0,14.4895,19.5803,19.5803,66.3759
6,18,2278.9866,0,1.8826,5.4787,5.4787,36.4756
6,19,2286.3627,0,3.6223,6.0238,6.0238,51.687
6,20,2376.4104,0,10.1868,14.9582,14.9582,55.1474
6,21,2434.7431,0,4.5635,5.9794,5.9794,48.5778
6,22,2476.039,0,1.4934,5.2031,5.2031,29.8502
6,23,2567.9386,0,8.4587,11.0877,11.0877,63.5849
6,24,2681.204,0,5.6313,20.7434,20.7434,73.5472
6,25,2694.5827,0,3.9031,8.4671,8.4671,77.7008
6,26,2752.9512,0,1.4973,3.2862,3.2862,45.2656
6,27,2814.9052,0,1.1226,4.5087,4.5087,32.4602
6,28,2826.3274,0,15.2328,24.321,24.321,78.4271
6,29,2956.2791,0,1.4354,3.7936,3.7936,69.9113
6,30,2996.0959,0,3.7506,7.5912,7.5912,41.1749
6,31,3190.9571,0,3.431,13.4863,13.4863,31.7633
6,32,3214.3629,0,1.132,61.132,61.132,112.5822
6,33,3342.9668,0,5.4036,15.3812,15.3812,69.1021
6,34,3388.8165,0,10.1751,16.1962,16.1962,49.2489
6,35,3426.164,0,9.873,13.5568,13.5568,54.1469
6,36,3522.2445,0,3.6883,6.0654,6.0654,43.6927
6,37,3528.6207,0,5.4571,8.7661,8.7661,81.9361
6,38,3582.6989,0,1.5904,5.2659,5.2659,35.3222
6,39,3637.6125,0,6.0015,7.3,7.3,32.2666
6,40,3641.1637,0,1.7015,4.8419,4.8419,46.7024
6,41,3694.7921,0,3.9109,13.9159,13.9159,36.5615
6,42,3693.2373,0,8.6359,23.3195,23.3195,80.1178
6,43,3710.5102,0,1.1787,10.1363,10.1363,82.946
6,44,3807.1099,0,6.7263,11.3727,11.3727,37.3487
6,45,3863.7318,0,3.096,7.1616,7.1616,36.8015
6,46,3940.4332,0,4.6826,8.2468,8.2468,25.014
6,47,4000.83,0,3.9031,8.571,8.571,39.4813
6,48,4015.3363,0,3.2909,16.1565,16.1565,79.6609
6,49,4214.9855,0,4.9688,7.3154,7.3154,30.1059
6,50,4211.6501,0,10.6104,28.9327,28.9327,61.9515
6,51,4822.2272,0,2.3802,9.3473,9.3473,43.3035
6,52,4945.3889,0,4.6365,7.755,7.755,44.0203
6,53,5059.776,0,6.6504,14.856,14.856,43.7755
6,54,5138.1697,0,2.1575,12.4833,12.4833,46.1622
6,55,5238.0425,0,2.1295,6.4889,6.4889,23.2831
6,56,5293.4991,0,2.746,8.0808,8.0808,46.3653
6,57,5312.4113,0,1.6403,5.8608,5.8608,37.9344
6,58,5346.387,0,5.1641,8.1078,8.1078,52.4696
6,59,5555.0014,0,2.6051,8.4223,8.4223,42.3343
6,60,5582.5608,0,1.5291,10.5568,10.5568,42.0877
6,61,5589.9303,0,2.6941,8.5081,8.5081,51.3658
6,62,5894.223,0,1.8145,7.0168,7.0168,39.6528
6,63,6264.7467,0,5.1397,13.6139,13.6139,79.5854
6,64,6373.2848,0,6.6758,8.9543,8.9543,49.6383
6,65,6382.2332,0,8.1672,14.1893,14.1893,74.1877
6,66,6519.0851,0,1.3897,4.5425,4.5425,38.921
6,67,6537.0929,0,5.5134,14.43,14.43,65.5397
6,68,6608.0433,0,17.514,39.79,39.79,85.4475
6,69,6661.862,0,4.7386,27.4857,27.4857,74.1476
6,70,6867.0092,0,4.7505,7.8161,7.8161,58.6096
6,71,6898.2265,0,4.7887,6.9691,6.9691,79.5546
6,72,6931.8457,0,1.8283,9.525,9.525,74.8306
6,73,6991.8253,0,2.8053,17.8066,17.8066,50.25
6,74,7015.0527,0,4.7887,14.344,14.344,57.9278
6,75,7066.7076,0,1.3622,11.1237,11.1237,44.0377
6,76,7244.3136,0,3.9079,6.148,6.148,61.8121
6,77,7483.2027,0,3.3524,7.0163,7.0163,33.6755
6,78,7485.6918,0,6.6786,18.4934,18.4934,75.454
6,79,7641.915,0,6.5667,10.7021,10.7021,42.3351
6,80,7689.7663,0,2.6803,11.9121,11.9121,46.8322
6,81,7772.4382,0,10.5542,19.0997,19.0997,39.7742
6,82,7903.024,0,5.571,7.2635,7.2635,49.9043
6,83,7899.0475,0,2.0776,34.3121,34.3121,65.7209
6,84,7935.3078,0,6.8964,16.5099,16.5099,37.1707
6,85,7961.6165,0,3.1467,7.0116,7.0116,80.7713
6,86,8126.5351,0,6.163,9.6632,9.6632,67.7492
6,87,8323.8898,0,1.2967,3.2042,3.2042,29.8982
6,88,8412.2482,0,5.1884,7.4526,7.4526,51.4411
6,89,8458.7923,0,1.6904,9.5439,9.5439,40.1959
6,90,8488.1791,0,6.5463,10.4641,10.4641,39.8301
6,91,8529.0878,0,1.6733,4.1876,4.1876,43.1276
6,92,8546.3002,0,3.8775,31.1325,31.1325,75.963
6,93,8574.8475,0,11.792,18.9294,18.9294,56.429
6,94,8656.3047,0,6.353,10.6002,10.6002,49.4039
6,95,8702.8933,0,1.3862,6.6407,6.6407,38.5558
6,96,8954.29,0,5.1432,10.2799,10.2799,52.9534
6,97,8976.6124,0,3.8021,11.9417,11.9417,58.5117
6,98,8980.5903,0,10.9223,21.9493,21.9493,80.9201
6,99,9176.3117,0,3.8399,7.1852,7.1852,56.7052
6,100,9186.6524,0,6.4576,9.4099,9.4099,60.9139
6,101,9481.7966,0,0.626,1.3194,1.3194,40.3606
6,102,9526.4472,0,5.3056,8.8708,8.8708,40.6405
6,103,9556.9543,0,6.1108,12.2973,12.2973,39.4473
6,104,9689.4036,0,3.7055,7.3141,7.3141,34.8088
6,105,9799.3072,0,4.8915,6.7046,6.7046,34.9494
6,106,9834.0143,0,2.5462,14.7068,14.7068,53.9008
6,107,9957.0804,0,3.1458,5.6624,5.6624,58.1153
6,108,10227.2419,0,3.1072,20.61,20.61,47.4572
6,109,10269.3174,0,10.9315,16.5358,16.5358,37.4891
6,110,10636.0309,0,6.4769,8.536,8.536,66.8777
6,111,10659.1276,0,12.4217,18.5499,18.5499,67.611
6,112,10921.2869,0,7.8085,14.4761,14.4761,68.2441
6,113,11083.2633,0,0.8877,8.8169,8.8169,34.0053
6,114,11191.8636,0,4.3753,8.252,8.252,49.4572
6,115,11431.5581,0,6.9737,22.3256,22.3256,96.7931
6,116,11933.4615,0,1.3552,4.1702,4.1702,38.0864
6,117,11936.5863,0,4.6675,14.2699,14.2699,55.3897
6,118,11999.4573,0,4.0679,7.3051,7.3051,57.5352
6,119,12000.7614,0,7.7931,11.6456,11.6456,88.3818
6,120,12175.1862,0,5.7867,11.0297,11.0297,37.6339
6,121,12247.2049,0,1.5194,4.5614,4.5614,33.7185
6,122,12281.2513,0,2.3499,5.784,5.784,44.9541
6,123,12290.4377,0,5.4679,9.0475,9.0475,49.9829
6,124,12326.1299,0,7.4577,13.0812,13.0812,44.1475
6,125,12369.7308,0,4.4212,10.4725,10.4725,83.7859
6,126,12416.3021,0,7.0368,13.4365,13.4365,64.7077
6,127,12447.5116,0,4.0157,9.9017,9.9017,53.3118
6,128,12509.0257,0,5.607,13.6422,13.6422,74.5987
6,129,12627.2996,0,4.3997,10.6131,10.6131,62.4787
6,130,12699.2638,0,5.5375,9.0433,9.0433,45.1464
6,131,12775.9389,0,3.918,8.744,8.744,73.6419
6,132,12897.3754,0,5.6266,13.2277,13.2277,66.9686
6,133,12950.1221,0,4.1468,9.8323,9.8323,34.5444
6,134,13076.9231,0,2.0452,13.7118,13.7118,68.5134
6,135,13238.7024,0,5.6584,20.1137,20.1137,93.0167
6,136,13256.1054,0,3.9989,7.5976,7.5976,94.0466
6,137,13440.0675,0,2.2893,9.759,9.759,45.329
6,138,13642.4188,0,4.297,11.3128,11.3128,59.647
6,139,13651.7872,0,8.4026,9.8874,9.8874,58.9962
6,140,13928.8883,0,3.2457,14.6101,14.6101,63.9794
6,141,13958.4238,0,8.4782,12.8734,12.8734,58.4617
6,142,14127.6896,0,2.0623,5.9568,5.9568,25.9414
6,143,14151.1539,0,2.1911,9.6854,9.6854,96.483
6,144,14213.6044,0,5.8316,12.2937,12.2937,47.8681
6,145,14237.1443,0,5.5384,8.1716,8.1716,35.5027
6,146,14381.9033,0,7.0421,8.2176,8.2176,31.1434
6,147,14446.4888,0,2.4992,4.8792,4.8792,50.991
6,148,14482.8563,0,8.9044,17.0954,17.0954,42.7402
6,149,14832.7578,0,4.3363,6.0352,6.0352,50.9078
6,150,14853.654,0,3.4651,13.7766,13.7766,40.1279
6,151,14900.1801,0,3.311,18.3469,18.3469,43.826
6,152,15142.8211,0,1.9015,7.1224,7.1224,34.4454
6,153,15147.5054,0,3.7702,5.8207,5.8207,50.5971
6,154,15174.7513,0,4.842,13.5658,13.5658,49.3655
6,155,15214.2167,0,5.9629,15.8038,15.8038,60.9325
6,156,15264.7908,0,5.8693,9.4786,9.4786,49.4363
6,157,15300.2427,0,5.059,9.7702,9.7702,35.7215
6,158,15342.9317,0,5.4803,14.0629,14.0629,37.5834
6,159,15378.6539,0,5.2432,13.4547,13.4547,48.5248
6,160,15385.4356,0,10.8883,43.7887,43.7887,127.7063
6,161,15462.2934,0,1.5505,7.2502,7.2502,97.4206
6,162,15476.2362,0,6.8616,12.7315,12.7315,90.3648
6,163,15602.2528,0,2.6986,40.2545,40.2545,82.5337
6,164,15720.7569,0,2.4029,7.9485,7.9485,56.6004
6,165,15745.7148,0,2.0999,3.5736,3.5736,40.7985
6,166,15765.7372,0,2.2026,8.6006,8.6006,60.4231
6,167,15793.9617,0,1.1719,5.3572,5.3572,60.2084
6,168,15810.4494,0,16.938,20.8165,20.8165,55.9357
6,169,15819.4044,0,11.8556,13.0117,13.0117,80.2639
6,170,15810.7521,0,28.476,31.7248,31.7248,106.4535
6,171,15890.0961,0,1.5533,17.7543,17.7543,94.7941
6,172,15902.4049,0,8.9167,14.3252,14.3252,91.4234
6,173,15961.6512,0,2.643,13.3366,13.3366,65.4215
6,174,15990.9098,0,1.6993,22.6315,22.6315,44.9834
6,175,16009.5562,0,3.3773,7.1932,7.1932,70.0491
6,176,16032.9711,0,3.8284,11.6856,11.6856,58.9227
6,177,16468.6916,0,4.0019,8.3432,8.3432,65.0481
6,178,16499.4374,0,2.0856,5.9435,5.9435,49.4156
6,179,16520.4253,0,4.2108,16.803,16.803,79.128
6,180,16551.6235,0,2.5146,7.5684,7.5684,42.6246
6,181,16555.7496,0,5.0029,11.5498,11.5498,66.3523
6,182,16647.0738,0,4.6713,11.3024,11.3024,47.7885
6,183,16683.8446,0,6.7061,8.4322,8.4322,77.1327
6,184,16727.902,0,1.5765,5.8637,5.8637,53.0582
6,185,16781.8697,0,4.6213,7.6146,7.6146,39.9212
6,186,16938.974,0,4.647,9.3049,9.3049,59.1833
6,187,17114.1958,0,1.4646,8.9247,8.9247,69.6651
6,188,17131.5566,0,4.16,22.1883,22.1883,64.8867
6,189,17177.785,0,1.5741,5.5329,5.5329,42.3829
6,190,17315.1242,0,3.3128,7.0352,7.0352,59.3491
6,191,17542.8681,0,4.9099,15.3491,15.3491,61.541
6,192,17566.0275,0,3.0472,10.6732,10.6732,43.0724
6,193,17625.9365,0,3.0449,7.3655,7.3655,37.7674
6,194,17828.9184,0,2.2138,5.9057,5.9057,42.8798
6,195,17892.824,0,0.6505,3.3037,3.3037,27.4608
6,196,18004.6754,0,4.0573,7.1205,7.1205,67.0087
6,197,18075.6565,0,7.1058,17.0358,17.0358,61.2992
6,198,18122.5733,0,4.0342,9.1132,9.1132,61.7323
6,199,18138.737,0,9.5307,24.6188,24.6188,42.3864
6,200,18159.5135,0,1.4555,12.8507,12.8507,75.428
6,201,18352.6882,0,5.4649,12.3911,12.3911,29.0206
6,202,18404.3105,0,2.2843,12.8699,12.8699,34.5342
6,203,18424.2037,0,3.4886,11.272,11.272,73.2224
6,204,18468.9223,0,0.847,10.3965,10.3965,67.4372
6,205,18482.0855,0,4.6742,8.6477,8.6477,105.0707
6,206,18596.7623,0,3.2499,6.5357,6.5357,38.9573
6,207,18852.4515,0,1.4709,5.1658,5.1658,42.017
6,208,18963.9963,0,3.7384,22.1061,22.1061,95.8773
6,209,19024.3779,0,3.9735,10.5701,10.5701,64.0218
6,210,19046.0441,0,4.4994,6.0827,6.0827,48.1972
6,211,19077.3614,0,5.1668,8.3644,8.3644,47.3163
6,212,19282.5174,0,3.3442,6.4094,6.4094,63.063
6,213,19313.3399,0,11.2785,17.685,17.685,53.8892
6,214,19476.3628,0,7.6144,16.7965,16.7965,55.3224
6,215,19518.3301,0,2.3237,8.5436,8.5436,65.0055
6,216,19581.6557,0,0.7626,1.9266,1.9266,94.163
6,217,19667.2352,0,2.093,7.0972,7.0972,38.4508
6,218,19762.3073,0,1.5936,5.9745,5.9745,55.8051
6,219,19782.1492,0,3.8624,7.8973,7.8973,48.4004
6,220,19804.4614,0,9.0313,22.9761,22.9761,75.8271
6,221,19978.8318,0,7.3405,11.0421,11.0421,57.9357
6,222,19992.7208,0,6.5929,9.296,9.296,54.3031
6,223,20002.1454,0,6.1779,15.6189,15.6189,68.4293
6,224,20086.7666,0,5.5049,11.9143,11.9143,38.2058
6,225,20107.9817,0,8.2915,13.9398,13.9398,49.8976
6,226,20231.2092,0,5.9334,10.9396,10.9396,50.2191
6,227,20230.9491,0,4.8669,16.0783,16.0783,129.3903
6,228,20331.0296,0,7.908,33.8751,33.8751,41.1529
6,229,20355.9298,0,7.432,9.9884,9.9884,77.6763
6,230,20446.5839,0,3.5784,6.692,6.692,60.675
6,231,20512.4559,0,6.1691,7.6725,7.6725,46.2618
6,232,20581.3514,0,5.3535,12.0168,12.0168,47.9419
6,233,20839.87,0,2.0327,13.0459,13.0459,56.6033
6,234,20848.0779,0,8.9756,12.6176,12.6176,77.7748
6,235,20842.722,0,6.8799,22.4549,22.4549,89.3592
6,236,20913.7288,0,16.515,19.9985,19.9985,69.7326
6,237,20966.5516,0,5.9686,7.6182,7.6182,85.0505
6,238,20998.9223,0,4.9588,17.671,17.671,76.5713
6,239,21024.2312,0,11.394,18.7021,18.7021,59.5714
6,240,21235.6207,0,3.5692,16.9601,16.9601,78.1754
6,241,21331.7513,0,4.1293,9.0478,9.0478,48.3753
6,242,21436.4414,0,4.2858,19.12,19.12,58.4634
6,243,21711.1453,0,7.9319,13.8104,13.8104,35.3234
6,244,22070.8813,0,6.6318,16.1787,16.1787,45.6759
6,245,22143.8936,0,2.1155,6.3243,6.3243,94.2035
6,246,22134.8147,0,6.5301,16.2371,16.2371,88.6402
6,247,22293.4271,0,1.4865,7.256,7.256,18.4792
6,248,22390.2607,0,2.7102,3.7634,3.7634,54.972
6,249,22449.2313,0,4.3079,15.3306,15.3306,71.158
6,250,22457.9859,0,2.2673,16.2794,16.2794,68.7519
6,251,22467.2723,0,4.7534,7.7402,7.7402,104.6527
6,252,22483.2809,0,4.5588,10.81,10.81,74.4165
6,253,22502.7037,0,15.4456,20.1354,20.1354,111.8409
6,254,22588.8113,0,4.5193,28.2064,28.2064,48.6143
6,255,22626.9642,0,6.9753,14.7608,14.7608,49.8707
6,256,22673.8347,0,5.957,11.1154,11.1154,70.5819
6,257,22776.0099,0,1.7888,9.5641,9.5641,36.4901
6,258,22829.3896,0,2.6311,6.6633,6.6633,70.4174
6,259,22850.0123,0,1.8563,9.7152,9.7152,61.4119
6,260,22901.3216,0,5.7821,8.9285,8.9285,41.0628
6,261,22958.8947,0,3.439,8.1723,8.1723,70.2524
6,262,23042.4887,0,7.7213,17.4515,17.4515,58.1968
6,263,23142.0186,0,4.4167,17.1457,17.1457,50.0151
6,264,23207.2613,0,3.0805,9.9846,9.9846,39.5834
6,265,23291.3171,0,0.8453,39.5522,39.5522,107.0807
6,266,23470.7963,0,4.2974,6.5816,6.5816,39.1556
6,267,23492.9214,0,7.9786,15.9231,15.9231,44.4286
6,268,23581.7813,0,6.5731,26.7392,26.7392,68.7235
6,269,23593.8493,0,1.5194,15.1751,15.1751,112.7825
6,270,23714.5953,0,0.92,14.6673,14.6673,69.9859
6,271,23768.3139,0,1.1978,4.8609,4.8609,66.9792
6,272,23771.9039,0,9.2071,10.9904,10.9904,82.2258
6,273,23872.9534,0,6.2454,8.1296,8.1296,50.5662
6,274,23896.7555,0,9.8684,13.2979,13.2979,69.6444
6,275,23911.89,0,5.6834,13.2335,13.2335,70.7256
6,276,23997.4692,0,5.9191,13.9189,13.9189,80.9522
6,277,24120.0338,0,7.6065,16.4497,16.4497,58.5495
6,278,24138.7381,0,14.2134,18.4314,18.4314,46.6718
6,279,24165.0334,0,3.4458,8.0829,8.0829,85.2213
6,280,24283.4114,0,5.148,8.7898,8.7898,62.6026
6,281,24469.1221,0,1.4636,3.3016,3.3016,38.417
6,282,24490.2936,0,7.1552,14.9259,14.9259,77.9421
6,283,24676.6677,0,3.072,10.5422,10.5422,59.6412
6,284,24775.6756,0,1.132,10.29,10.29,75.0167
6,285,24885.8449,0,6.7212,9.7654,9.7654,31.4016
6,286,24989.153,0,5.3114,10.6403,10.6403,42.2594
6,287,24999.2776,0,4.2514,8.9789,8.9789,58.9059
6,288,25201.7647,0,7.3652,12.5285,12.5285,45.8272
6,289,25195.6692,0,3.5974,19.9099,19.9099,106.1081
6,290,25506.3335,0,1.6366,4.7964,4.7964,28.5699
6,291,25530.4292,0,2.7407,16.5803,16.5803,31.1857
6,292,25587.4602,0,1.1583,9.4071,9.4071,69.4574
6,293,25585.8547,0,3.5778,49.413,49.413,80.3721
6,294,25649.2524,0,1.9251,5.3737,5.3737,74.4131
6,295,25640.6121,0,4.9829,16.5648,16.5648,70.3786
6,296,25966.8512,0,0.0418,8.0193,8.0193,28.1567
6,297,26149.6511,0,1.4766,8.3331,8.3331,30.5129
6,298,26164.1201,0,1.3516,7.6535,7.6535,36.3167
6,299,26261.8544,0,1.222,4.9853,4.9853,44.0006
6,300,26408.9195,0,5.6857,8.3585,8.3585,40.9833
6,301,26648.1923,0,4.3446,5.8234,5.8234,34.5724
6,302,26711.4413,0,11.9803,25.5829,25.5829,79.2703
6,303,26798.2649,0,3.7967,17.3859,17.3859,69.9587
6,304,26840.413,0,4.824,10.4401,10.4401,79.1446
6,305,26996.5558,0,2.8327,4.4955,4.4955,45.2716
6,306,26992.793,0,4.8882,11.0756,11.0756,44.7529
6,307,27209.1289,0,6.0688,14.5791,14.5791,55.4796
6,308,27298.1249,0,2.3125,4.2338,4.2338,41.5093
6,309,27380.4192,0,0.4851,4.9923,4.9923,58.6994
6,310,27427.4096,0,3.207,8.0762,8.0762,47.0188
6,311,27895.7523,0,8.6437,18.2352,18.2352,85.1038
6,312,27979.0657,0,4.0657,9.9224,9.9224,43.6219
6,313,28055.6823,0,5.5132,8.6792,8.6792,24.2697
6,314,28106.677,0,6.426,8.5227,8.5227,48.1428
6,315,28164.9774,0,16.137,18.7917,18.7917,59.7297
6,316,28244.2655,0,1.9015,4.9793,4.9793,55.9649
6,317,28253.293,0,5.7667,9.8067,9.8067,60.7858
6,318,28389.0985,0,1.5229,6.4715,6.4715,38.1732
6,319,28417.5602,0,2.7245,11.5095,11.5095,51.6222
6,320,28537.2509,0,4.0767,6.0915,6.0915,50.6858
6,321,28713.6373,0,3.8696,12.4353,12.4353,53.2304
6,322,28867.0382,0,1.8135,10.1365,10.1365,42.9264
6,323,29074.6961,0,1.158,9.9852,9.9852,85.6361
6,324,29160.3212,0,4.2974,17.9702,17.9702,40.0808
6,325,29305.084,0,3.4846,6.4847,6.4847,49.9134
6,326,29338.1682,0,4.5755,25.1053,25.1053,64.2072
6,327,29365.0361,0,5.3526,9.8853,9.8853,47.0087
6,328,29398.2353,0,6.211,8.9633,8.9633,117.8983
6,329,29417.7963,0,1.4865,10.2703,10.2703,50.1938
6,330,29469.48,0,4.186,8.1997,8.1997,34.669
6,331,29485.5102,0,2.013,4.0104,4.0104,28.8089
6,332,29581.6789,0,3.2882,5.5777,5.5777,36.295
6,333,29587.9761,0,2.3189,6.8845,6.8845,40.6077
6,334,29682.049,0,5.2638,10.8052,10.8052,97.0426
6,335,29752.8462,0,6.9528,11.575,11.575,39.3723
6,336,29914.7417,0,1.3081,4.8089,4.8089,18.0819
6,337,29940.0814,0,4.25,10.8248,10.8248,49.201
6,338,30104.205,0,5.3387,12.7028,12.7028,74.8774
6,339,30273.7852,0,2.7377,9.767,9.767,68.2016
6,340,30408.8466,0,4.3499,6.7614,6.7614,77.883
6,341,30587.8328,0,2.5357,21.904,21.904,58.903
6,342,30773.7043,0,4.1449,16.7207,16.7207,46.5849
6,343,30820.6611,0,2.4319,5.7959,5.7959,35.0733
6,344,30867.8996,0,2.1295,7.5888,7.5888,34.1697
6,345,30875.1403,0,1.1428,7.9588,7.9588,62.1576
6,346,30962.2068,0,1.4736,5.2422,5.2422,26.6405
6,347,30962.7831,0,12.3457,15.9389,15.9389,52.7508
6,348,30984.9168,0,2.5507,8.0337,8.0337,100.4152
6,349,31071.7232,0,6.6125,13.3666,13.3666,53.5595
6,350,31112.8169,0,5.1334,12.4709,12.4709,49.2955
6,351,31232.2833,0,2.5811,8.2581,8.2581,41.7744
6,352,31274.0958,0,5.3605,23.3438,23.3438,49.7877
6,353,31349.5718,0,1.2507,5.6734,5.6734,56.5851
6,354,31392.2342,0,1.0057,4.8382,4.8382,27.1344
6,355,31424.7922,0,6.0102,7.6373,7.6373,63.7389
6,356,31495.2485,0,4.375,11.8131,11.8131,33.5641
6,357,31607.4567,0,0.5022,11.816,11.816,35.085
6,358,31834.7708,0,6.8399,9.7344,9.7344,84.4554
6,359,32135.1056,0,2.7623,12.0502,12.0502,54.4469
6,360,32244.0092,0,2.8793,9.7445,9.7445,43.071
6,361,32301.4086,0,6.699,18.4035,18.4035,90.6385
6,362,32419.9784,0,2.9336,7.1814,7.1814,57.6402
6,363,32494.0707,0,8.7914,11.1246,11.1246,35.5742
6,364,32507.9981,0,4.1195,8.9647,8.9647,50.8629
6,365,32522.3818,0,3.9852,6.7173,6.7173,49.2383
6,366,32580.1801,0,5.1527,11.3694,11.3694,32.9901
6,367,32621.4323,0,6.436,13.5224,13.5224,33.7525
6,368,32671.7108,0,6.8174,8.8061,8.8061,39.4382
6,369,32696.8624,0,1.907,5.8047,5.8047,29.3566
6,370,32715.2151,0,10.0954,21.2294,21.2294,41.8218
6,371,32780.9548,0,2.0679,3.3681,3.3681,37.7498
6,372,32914.9637,0,1.6639,6.8159,6.8159,39.8702
6,373,33087.4211,0,4.0287,5.9206,5.9206,27.8749
6,374,33176.7936,0,7.8374,9.8759,9.8759,79.0513
6,375,33252.9256,0,3.13,5.032,5.032,44.9655
6,376,33321.1774,0,2.8242,9.4785,9.4785,37.126
6,377,33551.0398,0,4.5663,11.2406,11.2406,101.6512
6,378,33644.6717,0,7.2991,17.3391,17.3391,45.1172
6,379,33868.6361,0,4.6213,7.9933,7.9933,51.5829
6,380,33925.8537,0,7.3912,12.6017,12.6017,43.4691
6,381,34052.1651,0,3.3917,8.5102,8.5102,44.0391
6,382,34149.2201,0,0.2619,5.8186,5.8186,48.1881
6,383,34154.6632,0,6.7902,9.5283,9.5283,93.5373
6,384,34270.4089,0,1.8266,16.028,16.028,49.9288
6,385,34299.1582,0,3.0153,7.7631,7.7631,49.3927
6,386,34344.0672,0,6.0939,22.0179,22.0179,83.8797
6,387,34382.983,0,11.9561,14.9256,14.9256,80.3045
6,388,34533.5854,0,7.0597,10.5477,10.5477,57.0499
6,389,34543.0708,0,9.2613,14.2048,14.2048,51.7259
6,390,34650.7467,0,5.7367,8.501,8.501,34.9597
6,391,34749.3027,0,3.2633,10.1944,10.1944,51.1963
6,392,34774.7661,0,7.3954,8.925,8.925,48.8153
6,393,34776.4663,0,3.1493,10.7255,10.7255,63.0457
6,394,34835.4688,0,6.0785,12.1858,12.1858,37.04
6,395,34989.0755,0,5.3413,8.708,8.708,40.0427
6,396,35071.5311,0,7.7762,11.8479,11.8479,61.6504
6,397,35110.1264,0,1.4445,7.0969,7.0969,63.0406
6,398,35104.6213,0,13.0797,15.7179,15.7179,80.6177
6,399,35126.8624,0,15.0352,17.9865,17.9865,77.2354
6,400,35168.0681,0,22.4784,30.6153,30.6153,86.1504
6,401,35178.9772,0,22.9315,29.428,29.428,116.8601
6,402,35267.332,0,3.6358,11.8986,11.8986,73.7824
6,403,35444.4431,0,1.8052,6.6353,6.6353,50.0273
6,404,35496.1609,0,4.5578,14.8317,14.8317,72.0184
6,405,35506.3585,0,3.1934,16.7998,16.7998,111.7253
6,406,35537.0794,0,4.3916,7.6756,7.6756,90.939
6,407,35571.8003,0,1.8006,4.2439,4.2439,64.5709
6,408,35585.7595,0,10.6674,15.4925,15.4925,87.1502
6,409,35658.9496,0,5.3771,12.8679,12.8679,59.6858
6,410,35662.4431,0,2.5939,26.4486,26.4486,58.7664
6,411,35791.2522,0,1.9834,4.4426,4.4426,55.8361
6,412,35841.349,0,5.6591,12.2177,12.2177,33.8008
6,413,35891.8259,0,3.4886,22.3077,22.3077,58.5637
6,414,35983.475,0,14.2403,18.7333,18.7333,58.4676
6,415,36002.0352,0,9.354,17.1426,17.1426,75.5106
6,416,36144.9034,0,1.966,6.8329,6.8329,54.212
6,417,36154.6685,0,3.7587,12.3055,12.3055,52.9505
6,418,36246.2053,0,5.2276,9.6547,9.6547,53.3748
6,419,36701.3604,0,6.2771,14.1806,14.1806,66.5615
6,420,36717.0778,0,0.9813,4.9619,4.9619,59.9361
6,421,36767.4831,0,3.9432,21.3223,21.3223,56.3927
6,422,37186.3414,0,1.4159,4.6943,4.6943,55.8908
6,423,37209.8732,0,1.3371,6.6316,6.6316,54.4773
6,424,37210.178,0,9.2867,15.7051,15.7051,57.0097
6,425,37495.0108,0,7.8374,12.5876,12.5876,70.5349
6,426,37574.805,0,1.2369,6.0361,6.0361,27.6137
6,427,37621.0461,0,13.5477,17.3801,17.3801,68.1856
6,428,37708.3066,0,7.2633,10.3259,10.3259,63.1791
6,429,37925.9413,0,2.6141,4.9479,4.9479,25.4526
6,430,38119.6928,0,2.0966,19.5485,19.5485,89.2793
6,431,38147.2653,0,2.9899,7.2831,7.2831,114.0576
6,432,38156.7001,0,7.307,9.0335,9.0335,122.3651
6,433,38542.9274,0,5.8652,15.2622,15.2622,65.7904
6,434,38676.8859,0,5.7821,13.1517,13.1517,63.7902
6,435,38695.0696,0,4.0015,12.7604,12.7604,87.8848
6,436,38779.8897,0,2.1283,7.1812,7.1812,21.8875
6,437,38947.9197,0,3.8518,7.4733,7.4733,34.9159
6,438,39032.6171,0,0.915,17.298,17.298,75.7232
6,439,39120.932,0,1.7408,4.4157,4.4157,63.1887
6,440,39224.8977,0,2.744,11.2073,11.2073,52.6983
6,441,39563.5912,0,2.8638,13.6898,13.6898,77.017
6,442,39632.4733,0,3.3767,8.2051,8.2051,60.1586
6,443,39699.3071,0,7.5272,12.5167,12.5167,96.5964
6,444,39762.1334,0,5.5578,9.0664,9.0664,40.9711
6,445,39774.3929,0,4.2237,5.8977,5.8977,47.566
6,446,39793.6619,0,5.5319,10.0855,10.0855,37.718
6,447,39815.7209,0,15.9178,17.2972,17.2972,42.0106
6,448,39905.5508,0,7.937,11.6575,11.6575,91.4805
6,449,39957.956,0,2.9833,15.569,15.569,51.5833
6,450,40025.3691,0,1.1004,8.1667,8.1667,61.278
6,451,40026.1949,0,7.6303,9.5883,9.5883,69.8234
6,452,40145.8582,0,8.7397,15.6416,15.6416,35.5297
6,453,40259.9221,0,1.6901,5.2158,5.2158,35.117
6,454,40532.4547,0,3.7655,8.1224,8.1224,49.0002
6,455,40736.5908,0,0.9803,9.7548,9.7548,55.0925
6,456,40891.194,0,7.4243,18.2089,18.2089,36.6832
6,457,40917.1947,0,1.9327,7.0397,7.0397,70.7736
6,458,41001.3612,0,1.6737,15.4306,15.4306,59.5747
6,459,41005.3822,0,11.8819,17.291,17.291,69.9566
6,460,41186.0465,0,5.5774,9.3732,9.3732,68.0308
6,461,41362.9297,0,1.3821,5.2297,5.2297,55.1902
6,462,41355.97,0,1.6957,22.1802,22.1802,69.0159
6,463,41410.7506,0,5.9596,11.5296,11.5296,52.366
6,464,41472.183,0,1.5936,15.0658,15.0658,36.035
6,465,41456.9258,0,5.925,32.2108,32.2108,72.5538
6,466,41521.9687,0,3.3791,7.1286,7.1286,26.1363
6,467,41563.7296,0,1.9174,6.3918,6.3918,32.3601
6,468,41671.0487,0,1.3371,8.3242,8.3242,41.1445
6,469,41776.9263,0,1.3504,4.4906,4.4906,31.3299
6,470,41945.8352,0,1.4481,8.3755,8.3755,44.9548
6,471,42167.0283,0,3.4669,8.5971,8.5971,67.6753
6,472,42420.0909,0,4.613,19.7192,19.7192,56.8982
6,473,42489.4314,0,0.9135,4.6043,4.6043,48.0518
6,474,42528.3444,0,4.8295,26.8153,26.8153,49.9804
6,475,42619.5963,0,3.143,24.0303,24.0303,63.9043
6,476,42670.6797,0,7.7522,11.6306,11.6306,51.5429
6,477,42745.9221,0,2.8545,6.9054,6.9054,60.7996
6,478,42805.9814,0,14.4757,20.2706,20.2706,43.1414
6,479,42868.4474,0,3.5338,5.191,5.191,34.5992
6,480,42975.3358,0,4.8047,9.2432,9.2432,37.7062
6,481,43138.4986,0,4.036,17.167,17.167,54.7539
6,482,43156.7132,0,6.8613,10.2304,10.2304,80.069
7,1,0.0,0,5.4344,8.738,8.738,50.8056
7,2,77.6959,0,3.6428,7.8555,7.8555,44.1312
7,3,93.9341,0,4.3986,11.9126,11.9126,39.9363
7,4,152.5142,0,2.4362,29.2203,29.2203,71.0022
7,5,263.3669,0,5.9132,7.2133,7.2133,37.6054
7,6,277.2496,0,4.1373,12.0947,12.0947,34.9832
7,7,346.6402,0,6.6475,11.9709,11.9709,71.3304
7,8,518.7809,0,1.7072,6.4339,6.4339,45.4119
7,9,528.1129,0,3.6358,17.3848,17.3848,46.92
7,10,622.0482,0,5.8992,33.5947,33.5947,90.3072
7,11,711.3426,0,5.1118,26.4848,26.4848,45.1257
7,12,741.7472,0,4.3315,5.8074,5.8074,40.8149
7,13,770.5373,0,2.6333,5.6936,5.6936,58.1023
7,14,895.5595,0,2.6345,17.398,17.398,74.9825
7,15,904.0282,0,10.4646,13.5116,13.5116,69.7043
7,16,958.3177,0,7.1555,18.5494,18.5494,49.0544
7,17,958.1094,0,13.591,28.8935,28.8935,56.0938
7,18,987.6292,0,1.0206,5.6933,5.6933,52.5758
7,19,1076.9047,0,4.46,10.5582,10.5582,42.9502
7,20,1287.5692,0,7.5433,11.4842,11.4842,54.1305
7,21,1305.4962,0,6.0102,11.3108,11.3108,42.1523
7,22,1992.9151,0,1.4623,3.8313,3.8313,54.48
7,23,1998.1109,0,5.1472,9.2767,9.2767,51.1409
7,24,1991.827,0,1.7306,20.0565,20.0565,144.2251
7,25,2089.8548,0,9.7346,14.3206,14.3206,75.7094
7,26,2088.8826,0,12.0097,16.0887,16.0887,84.7918
7,27,2151.035,0,2.6595,8.9459,8.9459,32.0287
7,28,2154.2914,0,6.2682,14.286,14.286,79.6912
7,29,2275.4839,0,2.5223,6.6352,6.6352,24.6258
7,30,2442.6932,0,3.0483,8.7751,8.7751,35.4493
7,31,2460.9657,0,7.2195,11.2941,11.2941,50.8555
7,32,2603.4624,0,4.2451,17.732,17.732,50.894
7,33,2788.7404,0,4.0287,14.6632,14.6632,57.2937
7,34,2828.4905,0,6.8613,9.7751,9.7751,57.6768
7,35,2849.1052,0,6.754,8.6036,8.6036,69.9485
7,36,2844.4543,0,11.8159,15.2407,15.2407,85.2832
7,37,2920.9657,0,1.5958,5.9617,5.9617,63.768
7,38,2977.2331,0,3.7659,9.0394,9.0394,48.3902
7,39,3124.497,0,2.8479,4.8908,4.8908,94.5561
7,40,3286.3576,0,3.1287,5.6164,5.6164,35.7814
7,41,3321.4762,0,8.331,21.6455,21.6455,59.8862
7,42,3417.1892,0,7.7848,10.895,10.895,50.5061
7,43,3434.2592,0,7.3737,11.5131,11.5131,55.809
7,44,3535.7642,0,5.58,14.8184,14.8184,62.0146
7,45,3580.7881,0,3.2283,11.879,11.879,60.3376
7,46,3642.9608,0,4.785,6.7501,6.7501,39.1792
7,47,3655.2164,0,3.6552,4.4133,4.4133,35.7095
7,48,3664.9051,0,11.3441,12.2179,12.2179,70.8181
7,49,3859.1898,0,2.7929,4.4578,4.4578,60.695
7,50,3867.7191,0,2.8019,9.1667,9.1667,72.4198
7,51,3910.5691,0,4.0924,5.8233,5.8233,41.989
7,52,4131.3463,0,3.5217,9.7789,9.7789,68.2927
7,53,4149.258,0,4.6832,9.3355,9.3355,57.1103
7,54,4341.009,0,3.1886,5.3668,5.3668,79.7856
7,55,4489.2337,0,3.3872,7.0531,7.0531,35.9409
7,56,4505.9076,0,2.0491,5.9073,5.9073,71.9463
7,57,4509.0236,0,5.006,10.1341,10.1341,78.637
7,58,4890.1251,0,1.2808,7.2646,7.2646,39.3964
7,59,5045.0046,0,4.0622,10.3987,10.3987,48.2907
7,60,5122.1642,0,7.8504,12.0883,12.0883,50.2843
7,61,5133.4297,0,6.9987,10.676,10.676,76.908
7,62,5448.0087,0,1.2944,2.6715,2.6715,37.7387
7,63,5502.501,0,5.6329,8.6487,8.6487,46.4018
7,64,5537.5278,0,7.025,17.34,17.34,66.4934
7,65,5610.888,0,6.0241,9.1224,9.1224,66.8568
7,66,5927.3307,0,4.3854,11.0196,11.0196,29.7059
7,67,6161.3981,0,1.7754,4.9973,4.9973,31.2591
7,68,6340.435,0,2.0441,6.4914,6.4914,40.1744
7,69,6364.1499,0,7.1895,16.368,16.368,64.5828
7,70,6504.3334,0,3.5847,7.5419,7.5419,44.9262
7,71,6615.1892,0,2.3293,9.8663,9.8663,42.3242
7,72,6621.2404,0,4.8705,9.7267,9.7267,60.9994
7,73,6687.1529,0,11.6517,22.7951,22.7951,94.5187
7,74,6834.187,0,0.4281,5.6105,5.6105,40.272
7,75,6844.23,0,11.1724,12.8808,12.8808,64.3229
7,76,7118.2254,0,5.3477,8.4275,8.4275,85.9996
7,77,7116.8374,0,6.2122,10.0856,10.0856,94.9611
7,78,7260.6761,0,0.5101,2.3847,2.3847,52.4881
7,79,7288.3433,0,3.9308,7.0854,7.0854,53.8056
7,80,7308.8884,0,5.3675,13.2217,13.2217,48.4105
7,81,7591.0652,0,5.6831,8.3558,8.3558,77.4854
7,82,7695.1209,0,4.824,8.6251,8.6251,60.2692
7,83,7749.8857,0,3.2744,4.8458,4.8458,37.483
7,84,7746.5038,0,3.9454,9.1385,9.1385,42.6769
7,85,7805.0501,0,6.237,15.4545,15.4545,35.6581
7,86,7827.2962,0,3.1098,5.6776,5.6776,81.7292
7,87,7895.7257,0,5.3067,7.5188,7.5188,71.3796
7,88,8034.6834,0,3.2131,6.2144,6.2144,21.0409
7,89,8093.3174,0,6.6601,11.4181,11.4181,60.9569
7,90,8229.4877,0,1.6989,12.5603,12.5603,66.3958
7,91,8277.6874,0,0.8441,5.8411,5.8411,41.0843
7,92,8494.3187,0,1.175,7.6644,7.6644,66.39
7,93,8521.6602,0,2.0586,4.7381,4.7381,140.9381
7,94,8579.103,0,4.6107,8.57,8.57,97.7252
7,95,8611.9689,0,3.1373,7.1934,7.1934,68.9807
7,96,8756.2801,0,1.1536,7.0489,7.0489,61.4473
7,97,9110.5165,0,2.3052,4.3251,4.3251,43.7083
7,98,9216.4953,0,2.8462,62.8462,62.8462,90.0374
7,99,9268.5995,0,7.7006,13.2318,13.2318,58.5304
7,100,9512.6642,0,9.4772,16.0527,16.0527,45.8793
7,101,9523.7046,0,3.883,9.4143,9.4143,64.05
7,102,9540.7421,0,7.5716,17.9681,17.9681,59.0609
7,103,9566.2004,0,3.9095,9.8742,9.8742,53.2778
7,104,9569.4786,0,1.0146,19.4302,19.4302,62.7064
7,105,9601.4125,0,1.3783,3.294,3.294,63.2415
7,106,9632.8199,0,10.7647,25.6717,25.6717,56.3191
7,107,9659.2659,0,9.5911,13.9997,13.9997,100.0886
7,108,9682.7757,0,4.509,7.658,7.658,80.5875
7,109,9937.8752,0,7.7516,14.8406,14.8406,75.2962
7,110,9990.1751,0,8.7485,17.0581,17.0581,65.9156
7,111,10001.5612,0,2.8933,8.3436,8.3436,67.6242
7,112,10201.1695,0,4.3981,6.4678,6.4678,45.2468
7,113,10330.6664,0,2.9113,9.4444,9.4444,49.5713
7,114,10481.3791,0,1.6922,8.5651,8.5651,28.2322
7,115,10598.833,0,2.4494,6.728,6.728,49.1109
7,116,10613.734,0,12.5422,21.4057,21.4057,52.5555
7,117,10671.8493,0,5.3218,9.7722,9.7722,59.0336
7,118,10705.0604,0,3.053,6.1975,6.1975,44.2569
7,119,10717.5643,0,1.609,4.4919,4.4919,75.0533
7,120,10824.0873,0,5.8437,8.725,8.725,27.0104
7,121,10911.5841,0,3.1467,11.0831,11.0831,93.7459
7,122,10977.2017,0,4.9654,15.5756,15.5756,45.9198
7,123,11024.4061,0,5.0877,9.0579,9.0579,65.0676
7,124,11031.7012,0,1.4623,7.9078,7.9078,80.5843
7,125,11078.2978,0,15.7321,19.9056,19.9056,51.8212
7,126,11095.1176,0,12.4989,16.4536,16.4536,78.6458
7,127,11167.1139,0,3.5753,31.4493,31.4493,94.5329
7,128,11266.0499,0,5.1807,11.6705,11.6705,43.2189
7,129,11489.3659,0,5.8703,12.7702,12.7702,42.4274
7,130,12007.2159,0,2.4909,7.2844,7.2844,66.2229
7,131,12033.5783,0,8.0382,36.7081,36.7081,87.8828
7,132,12135.2724,0,1.3031,4.8551,4.8551,46.8388
7,133,12192.7057,0,0.7173,11.3288,11.3288,63.0681
7,134,12208.1674,0,4.2549,35.8184,35.8184,46.8086
7,135,12237.9996,0,8.5719,11.3516,11.3516,45.7875
7,136,12246.8962,0,7.8995,11.8253,11.8253,91.2228
7,137,12320.2952,0,13.5102,23.1063,23.1063,81.6981
7,138,12358.1512,0,1.2756,6.7684,6.7684,60.3604
7,139,12550.1838,0,1.0905,2.3976,2.3976,53.5934
7,140,12666.7771,0,3.8475,7.6551,7.6551,46.4574
7,141,12785.5434,0,4.1705,6.1908,6.1908,37.476
7,142,12983.1907,0,5.4379,8.9635,8.9635,44.0493
7,143,12991.3105,0,6.7136,12.3625,12.3625,46.4004
7,144,13222.6599,0,4.8627,7.0341,7.0341,41.285
7,145,13253.0154,0,2.3521,9.8195,9.8195,32.4986
7,146,13444.0589,0,4.94,13.9676,13.9676,89.5919
7,147,13513.351,0,3.2409,7.4122,7.4122,23.9097
7,148,13517.866,0,17.2968,27.4037,27.4037,62.201
7,149,13683.8198,0,8.6437,14.7604,14.7604,52.1225
7,150,13721.5753,0,8.3851,13.1248,13.1248,62.6161
7,151,13733.6189,0,7.7969,20.9962,20.9962,66.1581
7,152,13761.3448,0,3.7116,7.1645,7.1645,50.6869
7,153,13793.0025,0,9.5277,13.7174,13.7174,56.4062
7,154,14001.7574,0,2.7245,6.1503,6.1503,52.4995
7,155,14100.9999,0,5.0187,10.6015,10.6015,34.33
7,156,14178.1694,0,1.1266,4.6406,4.6406,43.4601
7,157,14165.1521,0,0.2987,19.5049,19.5049,35.9559
7,158,14466.5281,0,1.5406,6.7467,6.7467,89.1012
7,159,14870.4561,0,5.7309,16.4973,16.4973,51.7126
7,160,14946.4259,0,5.5926,14.1134,14.1134,53.5729
7,161,14968.6465,0,6.5822,13.3122,13.3122,62.3448
7,162,15001.8172,0,3.464,6.7719,6.7719,70.8809
7,163,15085.2504,0,2.9807,23.6184,23.6184,40.1746
7,164,15078.5274,0,11.1515,34.3374,34.3374,109.2648
7,165,15340.2453,0,3.0681,9.8564,9.8564,37.6655
7,166,15356.8992,0,1.0974,6.386,6.386,29.0303
7,167,15478.7328,0,0.8039,11.017,11.017,29.0264
7,168,15741.7922,0,1.2604,14.3947,14.3947,40.5171
7,169,15767.1,0,3.6625,15.3029,15.3029,66.7997
7,170,15780.9875,0,7.1262,10.9641,10.9641,60.895
7,171,15843.7449,0,2.8194,12.3257,12.3257,61.5312
7,172,15920.1618,0,1.5153,12.7891,12.7891,43.5808
7,173,16355.8271,0,2.1671,7.8734,7.8734,70.1185
7,174,16391.2948,0,2.9341,5.592,5.592,49.8035
7,175,16385.8033,0,7.8504,20.1743,20.1743,61.3719
7,176,16417.9225,0,2.9603,10.3852,10.3852,75.7342
7,177,16454.5527,0,2.4476,6.0159,6.0159,60.943
7,178,16496.9058,0,1.6595,8.4346,8.4346,61.1654
7,179,16537.2537,0,7.4243,8.641,8.641,76.0774
7,180,16641.1446,0,5.7183,13.5531,13.5531,40.582
7,181,16649.5092,0,0.9856,5.8961,5.8961,53.7574
7,182,16684.9974,0,4.4239,11.8534,11.8534,73.3166
7,183,16737.9221,0,8.0856,12.3529,12.3529,32.6311
7,184,16820.8541,0,4.0667,11.2745,11.2745,75.2818
7,185,16842.3473,0,4.9312,17.6842,17.6842,34.8858
7,186,16863.8276,0,3.5338,5.3388,5.3388,69.0445
7,187,16959.15,0,3.2562,9.8334,9.8334,30.3816
7,188,17011.229,0,5.2652,11.6486,11.6486,59.947
7,189,17056.7368,0,5.1973,9.2562,9.2562,52.5435
7,190,17125.8655,0,2.7196,6.8204,6.8204,56.2661
7,191,17593.1706,0,2.0966,4.3219,4.3219,20.4865
7,192,17755.4818,0,3.7586,5.3408,5.3408,16.1544
7,193,17775.8225,0,4.0307,11.4267,11.4267,58.4249
7,194,17826.8927,0,5.666,11.9236,11.9236,53.4695
7,195,17861.4306,0,7.3603,11.7751,11.7751,38.8845
7,196,17936.2716,0,1.2808,8.0985,8.0985,46.5713
7,197,17951.9786,0,16.2643,21.3893,21.3893,60.3237
7,198,17955.634,0,4.6555,27.11,27.11,72.3981
7,199,18048.243,0,8.139,25.0407,25.0407,60.034
7,200,18091.6606,0,6.7684,23.0677,23.0677,59.7337
7,201,18115.5198,0,12.3697,15.8811,15.8811,50.6638
7,202,18151.5616,0,1.7617,6.7226,6.7226,51.5752
7,203,18128.6971,0,26.515,30.8099,30.8099,89.9516
7,204,18334.3186,0,0.5709,15.5975,15.5975,91.2412
7,205,18472.1827,0,11.8814,16.9997,16.9997,63.332
7,206,18576.5311,0,5.6731,11.2913,11.2913,54.8987
7,207,18819.3171,0,1.158,11.6927,11.6927,90.8733
7,208,19073.0624,0,5.0851,8.3446,8.3446,53.5748
7,209,19098.2393,0,7.6413,9.9379,9.9379,33.145
7,210,19180.9261,0,4.1946,7.4568,7.4568,32.5915
7,211,19234.2299,0,2.1295,7.5174,7.5174,67.0561
7,212,19335.4235,0,2.3237,6.3036,6.3036,50.8724
7,213,19401.0879,0,4.512,10.5079,10.5079,38.1456
7,214,19537.5661,0,3.5971,9.5021,9.5021,108.9497
7,215,19712.9848,0,4.9504,8.8974,8.8974,53.0473
7,216,19723.6439,0,7.9191,9.775,9.775,52.8561
7,217,19746.2205,0,8.6842,18.9959,18.9959,44.9374
7,218,19796.2914,0,0.7981,16.3001,16.3001,59.6207
7,219,19808.4973,0,13.8293,24.1355,24.1355,90.9867
7,220,19824.633,0,13.1536,22.6018,22.6018,70.8561
7,221,19872.9069,0,2.5048,6.5736,6.5736,40.9442
7,222,19950.7996,0,3.8216,14.7052,14.7052,36.7418
7,223,19988.7746,0,1.5947,4.6065,4.6065,35.499
7,224,20036.9905,0,11.0367,13.0807,13.0807,82.1309
7,225,20189.5885,0,4.9908,10.2045,10.2045,46.7439
7,226,20306.7987,0,6.5905,10.03,10.03,48.6446
7,227,20396.3434,0,4.7166,10.1624,10.1624,49.2615
7,228,20572.6127,0,1.7864,24.5038,24.5038,54.7875
7,229,20659.3118,0,2.3058,14.1254,14.1254,35.3334
7,230,20686.1587,0,1.1253,4.0879,4.0879,101.3248
7,231,20686.4691,0,3.3902,9.6735,9.6735,134.9844
7,232,20721.965,0,16.8649,21.5981,21.5981,84.3167
7,233,20752.9064,0,2.6249,8.2882,8.2882,61.2266
7,234,20799.1118,0,3.7002,11.5451,11.5451,51.1406
7,235,20860.9041,0,4.8858,8.9461,8.9461,55.5151
7,236,20927.065,0,2.4762,6.7078,6.7078,47.5287
7,237,20931.8046,0,3.1367,12.9054,12.9054,51.1846
7,238,21019.3853,0,5.6961,9.7802,9.7802,81.125
7,239,20967.8818,0,1.4736,61.4736,61.4736,58.9485
7,240,21126.5899,0,2.8858,21.2091,21.2091,46.5019
7,241,21206.8442,0,2.623,25.8272,25.8272,68.9292
7,242,21422.621,0,2.9952,5.4709,5.4709,30.9267
7,243,21446.1921,0,3.4086,13.516,13.516,51.0713
7,244,21674.3459,0,3.8616,13.2622,13.2622,43.7935
7,245,21922.2327,0,2.6146,5.4215,5.4215,31.4636
7,246,21930.7057,0,3.0844,13.1199,13.1199,58.4057
7,247,22039.0082,0,6.4469,8.4645,8.4645,56.8976
7,248,22149.1707,0,4.9624,8.257,8.257,50.3194
7,249,22195.9394,0,5.2192,9.1045,9.1045,50.2937
7,250,22237.4189,0,8.0001,11.3088,11.3088,52.8672
7,251,22248.2086,0,2.2406,9.6705,9.6705,39.0721
7,252,22266.3894,0,5.522,8.143,8.143,73.3455
7,253,22307.012,0,2.319,11.2895,11.2895,46.3608
7,254,22401.8514,0,0.7636,13.6782,13.6782,47.5558
7,255,22415.9029,0,3.1413,7.7335,7.7335,68.914
7,256,22529.3163,0,5.1269,10.8802,10.8802,40.0798
7,257,22544.8027,0,1.4736,7.0473,7.0473,46.3054
7,258,22801.0022,0,1.2169,10.6416,10.6416,108.0209
7,259,22894.8586,0,12.7613,20.724,20.724,61.089
7,260,22940.7457,0,5.5476,18.9881,18.9881,68.5499
7,261,23208.1435,0,5.259,10.6294,10.6294,36.7749
7,262,23299.0202,0,7.8437,11.1197,11.1197,47.5572
7,263,23356.6588,0,3.3512,25.1244,25.1244,51.231
7,264,23543.0231,0,1.4445,4.3323,4.3323,59.9877
7,265,23576.7924,0,7.6838,11.9151,11.9151,37.3273
7,266,23636.7107,0,0.6451,11.1461,11.1461,51.5509
7,267,23659.8175,0,3.588,6.5349,6.5349,135.1764
7,268,23722.9349,0,1.8109,6.4378,6.4378,47.8669
7,269,23728.727,0,4.0157,5.8957,5.8957,69.4395
7,270,23755.8349,0,2.0091,8.1523,8.1523,49.3
7,271,23895.0352,0,4.1674,8.285,8.285,48.8668
7,272,24074.7546,0,6.4814,17.4632,17.4632,54.3551
7,273,24103.5278,0,0.437,8.1416,8.1416,62.4801
7,274,24184.1972,0,3.7987,13.1937,13.1937,35.3968
7,275,24225.4901,0,2.6999,11.0308,11.0308,97.8019
7,276,24295.8052,0,2.7598,8.3239,8.3239,47.0003
7,277,24328.7389,0,6.7012,9.7182,9.7182,40.7663
7,278,24340.1762,0,1.7898,9.3943,9.3943,28.284
7,279,24364.9394,0,3.4071,8.4518,8.4518,77.6773
7,280,24381.3384,0,11.934,13.2076,13.2076,70.5769
7,281,24418.3485,0,15.8713,23.4005,23.4005,66.5891
7,282,24471.6189,0,2.6561,5.1961,5.1961,69.5797
7,283,24486.5265,0,5.4919,59.8552,59.8552,107.1125
7,284,24588.1064,0,8.6441,13.8265,13.8265,75.0143
7,285,24999.697,0,1.8908,11.8652,11.8652,65.2792
7,286,25034.8094,0,3.3917,12.3538,12.3538,57.5675
7,287,25044.5109,0,5.8451,7.9311,7.9311,45.7096
7,288,25053.5008,0,2.6424,6.9999,6.9999,85.1582
7,289,25085.3635,0,7.8389,13.5065,13.5065,53.5324
7,290,25143.5243,0,7.7209,9.1429,9.1429,100.983
7,291,25174.4011,0,4.655,7.6577,7.6577,93.3646
7,292,25165.4733,0,1.8215,18.7564,18.7564,114.2473
7,293,25229.321,0,2.0776,7.0564,7.0564,63.9009
7,294,25315.8188,0,4.9719,17.693,17.693,47.1368
7,295,25343.3195,0,9.4554,12.4507,12.4507,23.9765
7,296,25361.2519,0,3.5995,7.876,7.876,40.403
7,297,25463.925,0,2.7352,8.6532,8.6532,41.3334
7,298,25706.8631,0,1.6567,11.3848,11.3848,57.9725
7,299,25765.5487,0,3.1442,20.3736,20.3736,130.155
7,300,25876.8233,0,7.5672,9.5666,9.5666,42.4739
7,301,26095.0451,0,2.2946,5.6976,5.6976,45.9125
7,302,26205.9124,0,9.8599,12.6066,12.6066,68.1036
7,303,26314.1064,0,1.4868,13.1715,13.1715,43.2691
7,304,26428.6326,0,6.2244,10.4589,10.4589,74.0338
7,305,26482.7485,0,12.3817,24.7112,24.7112,113.3595
7,306,26591.7712,0,10.8718,13.5163,13.5163,68.1162
7,307,26676.6288,0,5.0346,10.4819,10.4819,42.765
7,308,26698.143,0,10.4899,14.291,14.291,51.6351
7,309,26807.7406,0,13.9426,17.0135,17.0135,48.1029
7,310,26824.8561,0,4.4756,8.6821,8.6821,76.2045
7,311,26833.62,0,15.3771,16.5944,16.5944,55.9873
7,312,26899.3097,0,1.5539,3.5014,3.5014,32.2018
7,313,26917.2226,0,2.9347,5.3061,5.3061,45.1804
7,314,26992.2093,0,1.2808,6.8426,6.8426,61.6876
7,315,27073.2735,0,5.2432,6.0569,6.0569,39.8558
7,316,27225.4485,0,6.7755,9.4936,9.4936,33.0667
7,317,27274.3013,0,2.4174,8.7245,8.7245,60.1744
7,318,27279.3539,0,3.2457,13.9856,13.9856,66.8729
7,319,27348.5,0,5.7929,14.6224,14.6224,47.2398
7,320,27362.6489,0,4.2335,7.4233,7.4233,37.2805
7,321,27870.9187,0,3.5971,15.1639,15.1639,41.4853
7,322,27974.1471,0,9.5444,12.0118,12.0118,42.846
7,323,27988.3574,0,5.5926,13.8597,13.8597,58.6753
7,324,27997.8269,0,1.4212,5.3131,5.3131,89.1275
7,325,27999.4923,0,1.9028,4.3131,4.3131,69.5473
7,326,28038.7427,0,1.7365,4.8513,4.8513,49.9965
7,327,28039.644,0,3.3917,12.8036,12.8036,55.3096
7,328,28055.5362,0,5.1957,7.5926,7.5926,46.9864
7,329,28074.7736,0,17.698,36.5499,36.5499,105.8021
7,330,28428.1063,0,5.4649,10.5503,10.5503,59.588
7,331,28480.3223,0,7.3423,11.8759,11.8759,36.3129
7,332,28534.0693,0,1.8616,14.8747,14.8747,58.3681
7,333,28579.9869,0,2.9199,13.2869,13.2869,57.2181
7,334,28594.7233,0,4.2217,16.1277,16.1277,94.9996
7,335,28714.2723,0,1.0588,3.5048,3.5048,45.7187
7,336,28706.5027,0,8.1262,11.3997,11.3997,83.8088
7,337,28714.0184,0,5.9702,18.4841,18.4841,93.5859
7,338,28797.5252,0,1.5998,7.2958,7.2958,48.1174
7,339,29078.8057,0,7.9187,9.4737,9.4737,49.8864
7,340,29127.378,0,6.965,8.6003,8.6003,50.377
7,341,29269.3108,0,3.7509,6.3376,6.3376,29.6643
7,342,29483.9497,0,4.7317,12.9748,12.9748,47.5402
7,343,29499.3482,0,4.2015,11.8881,11.8881,49.1091
7,344,29550.7963,0,1.4257,3.6955,3.6955,21.258
7,345,29620.7561,0,1.2978,6.6473,6.6473,61.3251
7,346,29617.205,0,8.171,16.9647,16.9647,98.6328
7,347,29739.7781,0,4.9588,11.3755,11.3755,87.879
7,348,29886.4024,0,2.9184,5.4483,5.4483,49.5886
7,349,30185.6604,0,3.0758,11.2662,11.2662,37.3815
7,350,30320.2164,0,5.7026,12.4518,12.4518,41.8164
7,351,30809.3524,0,5.2192,10.4745,10.4745,45.6518
7,352,30820.0395,0,3.1126,10.2237,10.2237,58.5539
7,353,30933.5331,0,2.83,19.1259,19.1259,60.7669
7,354,31056.5409,0,6.2454,13.7465,13.7465,38.1057
7,355,31112.353,0,5.2327,9.8102,9.8102,76.9671
7,356,31195.6946,0,4.2909,7.1186,7.1186,63.2925
7,357,31236.278,0,2.329,7.8681,7.8681,45.807
7,358,31231.29,0,4.6986,18.9534,18.9534,45.9132
7,359,31268.1715,0,0.8981,14.8978,14.8978,42.1131
7,360,31264.0486,0,14.338,23.3861,23.3861,39.1302
7,361,31280.5942,0,1.9481,11.2266,11.2266,71.0867
7,362,31286.5122,0,1.525,8.0639,8.0639,73.6445
7,363,31360.4814,0,1.6733,7.9824,7.9824,77.546
7,364,31455.8761,0,6.2378,13.808,13.808,60.8718
7,365,31474.8772,0,6.6043,11.6442,11.6442,51.0205
7,366,31834.4496,0,3.3105,23.8409,23.8409,77.5508
7,367,32002.2018,0,5.4388,10.0986,10.0986,44.1159
7,368,32056.9636,0,4.566,8.1292,8.1292,43.4716
7,369,32103.9179,0,4.9908,8.9606,8.9606,61.8447
7,370,32153.0183,0,4.3487,6.2544,6.2544,32.9763
7,371,32250.0179,0,3.2358,8.2607,8.2607,63.1376
7,372,32244.9937,0,13.5849,19.2175,19.2175,69.7973
7,373,32255.6495,0,11.0467,25.2323,25.2323,80.6186
7,374,32280.3349,0,18.017,25.1736,25.1736,71.9024
7,375,32315.0486,0,12.5239,25.1826,25.1826,54.0837
7,376,32343.2325,0,7.9706,16.6711,16.6711,92.8181
7,377,32494.9994,0,4.2514,8.8628,8.8628,36.7964
7,378,32507.7187,0,5.5134,9.2717,9.2717,36.4244
7,379,32535.6061,0,1.3895,9.506,9.506,42.761
7,380,32579.5223,0,4.4523,7.5702,7.5702,47.1968
7,381,32647.5223,0,2.0498,12.4656,12.4656,46.2618
7,382,32758.1131,0,3.7907,8.1435,8.1435,34.179
7,383,32762.9721,0,5.4415,12.8047,12.8047,44.9318
7,384,32850.6405,0,1.3397,5.7046,5.7046,48.3269
7,385,32908.0307,0,6.9084,11.0566,11.0566,38.6743
7,386,32986.9818,0,2.0962,4.9956,4.9956,54.8909
7,387,32995.0036,0,3.3632,9.6448,9.6448,61.5001
7,388,32974.0931,0,2.103,50.9267,50.9267,42.6746
7,389,33019.7044,0,1.4603,8.079,8.079,97.3087
7,390,33036.3831,0,5.5238,7.6755,7.6755,55.7329
7,391,33042.6699,0,12.0914,15.7439,15.7439,66.8704
7,392,33055.8675,0,15.4148,20.8952,20.8952,68.3033
7,393,33227.5785,0,2.2627,11.7211,11.7211,55.5683
7,394,33279.4296,0,3.3651,6.2305,6.2305,44.7371
7,395,33355.406,0,2.6849,29.8921,29.8921,77.9512
7,396,33476.5757,0,7.7118,12.6025,12.6025,81.4548
7,397,33786.5654,0,5.1375,7.4562,7.4562,33.4933
7,398,33788.6608,0,6.307,8.7311,8.7311,36.2187
7,399,33800.2918,0,16.375,20.2205,20.2205,88.8389
7,400,34077.134,0,4.8749,11.4751,11.4751,79.7565
7,401,34181.8753,0,3.1458,7.2445,7.2445,28.0845
7,402,34185.2397,0,8.7485,11.8275,11.8275,39.5239
7,403,34379.2821,0,3.1397,6.1238,6.1238,53.9899
7,404,34412.3604,0,2.0684,8.2896,8.2896,62.0396
7,405,34485.7324,0,2.2418,7.3574,7.3574,44.0806
7,406,34668.768,0,5.0639,27.7563,27.7563,41.4713
7,407,34697.1495,0,1.0191,9.7107,9.7107,88.485
7,408,34719.9442,0,6.2531,16.0835,16.0835,54.0226
7,409,35144.4609,0,3.791,8.5758,8.5758,35.8642
7,410,35148.9364,0,4.1007,5.3332,5.3332,54.3649
7,411,35155.9403,0,6.8964,17.4235,17.4235,62.0591
7,412,35210.4518,0,12.3035,17.7612,17.7612,66.134
7,413,35259.2758,0,2.0782,6.2674,6.2674,46.1949
7,414,35265.5252,0,5.0611,7.275,7.275,68.3841
7,415,35273.1662,0,4.5872,9.5635,9.5635,62.0662
7,416,35277.2683,0,10.666,14.7271,14.7271,73.2565
7,417,35279.2289,0,9.4494,17.6743,17.6743,88.5907
7,418,35368.7395,0,6.5899,9.1428,9.1428,68.9681
7,419,35452.7434,0,1.8109,10.2799,10.2799,57.6414
7,420,35470.9784,0,12.6432,21.2645,21.2645,94.8181
7,421,35542.5941,0,1.3357,6.461,6.461,59.7119
7,422,35570.3369,0,3.4638,31.7728,31.7728,73.5331
7,423,35759.1311,0,2.3637,4.6746,4.6746,59.3648
7,424,36127.4119,0,4.1216,7.2643,7.2643,50.63
7,425,36489.2696,0,2.5506,16.5632,16.5632,51.6442
7,426,36522.7961,0,1.415,5.1941,5.1941,46.9113
7,427,36644.1023,0,2.6064,6.0416,6.0416,36.6406
7,428,36666.1428,0,8.3702,13.5224,13.5224,47.2454
7,429,36748.8299,0,4.0443,6.8383,6.8383,61.3965
7,430,36860.505,0,3.3141,8.4722,8.4722,92.1803
7,431,37024.6712,0,4.0015,6.793,6.793,43.5926
7,432,37149.2767,0,1.9717,9.6,9.6,52.3421
7,433,37234.8304,0,6.0688,12.5238,12.5238,60.2248
7,434,37281.446,0,4.5718,10.0529,10.0529,72.3027
7,435,37333.6915,0,6.7087,12.216,12.216,63.4864
7,436,37381.4782,0,3.763,9.4738,9.4738,54.0294
7,437,37429.2441,0,6.8613,15.8418,15.8418,62.219
7,438,37467.8283,0,4.1323,7.0683,7.0683,47.3412
7,439,37616.2712,0,2.7829,10.3986,10.3986,26.7607
7,440,37652.0082,0,2.0815,3.8999,3.8999,61.1809
7,441,37660.391,0,5.4741,27.115,27.115,70.7275
7,442,37807.2071,0,0.8527,5.1742,5.1742,28.567
7,443,37864.7074,0,1.1474,4.8615,4.8615,19.054
7,444,38039.4527,0,3.3917,12.1983,12.1983,67.125
7,445,38116.6967,0,6.7508,13.71,13.71,51.925
7,446,38435.4255,0,3.4115,15.6241,15.6241,37.374
7,447,38494.8172,0,6.6582,8.0866,8.0866,35.2402
7,448,38531.8015,0,17.1141,27.1631,27.1631,68.2874
7,449,38574.7177,0,7.9191,9.4291,9.4291,42.2927
7,450,38569.4271,0,9.5294,16.6825,16.6825,40.1432
7,451,38584.2715,0,4.25,9.6605,9.6605,59.2138
7,452,38672.9314,0,4.968,8.6072,8.6072,44.9321
7,453,38707.3048,0,3.7443,8.5078,8.5078,55.1842
7,454,39251.058,0,4.3981,8.9369,8.9369,46.5181
7,455,39292.3644,0,2.4453,6.7653,6.7653,38.5771
7,456,39335.4221,0,7.7968,12.605,12.605,61.2793
7,457,39364.8599,0,7.9207,15.1528,15.1528,75.5909
7,458,39615.5443,0,6.1272,14.8043,14.8043,51.7718
7,459,39778.3135,0,2.7261,13.6064,13.6064,42.0175
7,460,39854.4949,0,4.1084,8.4227,8.4227,34.3016
7,461,39878.2907,0,15.6431,25.92,25.92,52.5522
7,462,39904.2101,0,9.7206,11.4258,11.4258,90.831
7,463,39932.8854,0,20.5731,22.9681,22.9681,68.056
7,464,39963.9093,0,26.7363,29.5531,29.5531,72.7247
7,465,40172.9785,0,3.9031,4.9978,4.9978,50.3055
7,466,40173.7358,0,7.1695,15.4552,15.4552,61.8459
7,467,40455.1993,0,2.5944,6.4441,6.4441,149.659
7,468,40551.6242,0,3.072,10.175,10.175,64.3378
7,469,40673.4337,0,2.5197,6.9023,6.9023,52.7452
7,470,40795.6745,0,6.699,11.8794,11.8794,62.7217
7,471,40808.3994,0,5.5186,11.6697,11.6697,67.5572
7,472,40847.5041,0,4.17,12.3038,12.3038,50.4716
7,473,40875.5822,0,6.9249,12.236,12.236,82.6469
7,474,41031.5273,0,5.7183,7.9232,7.9232,47.5275
7,475,41151.7753,0,6.2771,11.6346,11.6346,46.7308
7,476,41229.5578,0,4.3621,8.123,8.123,45.9252
7,477,41341.6334,0,0.9121,15.87,15.87,71.7302
7,478,41419.2448,0,0.8877,5.2607,5.2607,43.6915
7,479,41440.964,0,3.7907,8.0161,8.0161,43.2697
7,480,41773.0825,0,5.004,8.0401,8.0401,45.7223
7,481,41943.0995,0,5.4932,7.8976,7.8976,64.5607
7,482,42281.4969,0,4.7889,7.5487,7.5487,41.4858
7,483,42424.2,0,4.4751,11.7178,11.7178,64.5105
7,484,42479.3166,0,12.2914,18.876,18.876,87.1517
7,485,42457.3115,0,6.0064,55.6947,55.6947,83.9159
7,486,42547.1049,0,6.163,8.3185,8.3185,61.461
7,487,42538.0035,0,21.3769,25.1681,25.1681,85.8093
7,488,42556.8649,0,6.4052,11.3441,11.3441,75.9657
7,489,42654.7843,0,0.5059,10.7955,10.7955,44.4988
7,490,42884.786,0,4.9215,11.852,11.852,45.8952
7,491,42904.4038,0,6.2122,9.4726,9.4726,54.4681
7,492,42907.4119,0,2.5958,13.9801,13.9801,55.7386
7,493,42971.4594,0,1.142,2.2647,2.2647,15.7364
8,1,0.0,0,2.1226,6.8178,6.8178,57.2373
8,2,351.6627,0,1.0432,6.7698,6.7698,43.0146
8,3,456.8084,0,2.7402,29.9693,29.9693,106.5802
8,4,612.395,0,3.1348,7.6517,7.6517,51.9159
8,5,611.2658,0,7.4577,12.7399,12.7399,62.1236
8,6,706.0087,0,4.2726,42.7482,42.7482,91.5395
8,7,856.6884,0,5.9629,16.9085,16.9085,82.3627
8,8,887.0838,0,13.9559,18.6817,18.6817,64.5137
8,9,1254.4536,0,1.3292,5.5684,5.5684,50.4969
8,10,1264.8743,0,6.3256,11.099,11.099,62.0374
8,11,1298.0243,0,10.3306,15.6033,15.6033,37.9216
8,12,1360.3235,0,6.5125,9.3367,9.3367,26.8608
8,13,1386.4962,0,6.6735,7.6978,7.6978,40.7661
8,14,1493.8085,0,3.5402,26.6929,26.6929,69.0235
8,15,1788.7402,0,4.148,7.7251,7.7251,54.4073
8,16,1951.0424,0,5.8029,11.3239,11.3239,81.9028
8,17,2004.1985,0,9.8537,17.9262,17.9262,59.8961
8,18,2103.1663,0,3.5899,11.6473,11.6473,41.9865
8,19,2105.9495,0,3.7088,9.4528,9.4528,58.8851
8,20,2129.8527,0,1.9283,4.052,4.052,45.391
8,21,2160.3113,0,3.5395,5.7026,5.7026,32.3793
8,22,2168.4513,0,4.1128,8.5444,8.5444,56.5917
8,23,2256.8,0,5.9994,9.6021,9.6021,36.3253
8,24,2291.7477,0,3.8582,16.2937,16.2937,50.3091
8,25,2356.5997,0,1.9015,12.8688,12.8688,44.0216
8,26,2381.6343,0,7.3652,11.9934,11.9934,43.768
8,27,2370.2139,0,10.0527,23.557,23.557,38.5241
8,28,2458.4601,0,2.8398,5.545,5.545,63.5433
8,29,2527.0271,0,3.4854,8.0084,8.0084,34.9584
8,30,2656.9584,0,6.1185,8.4894,8.4894,52.105
8,31,2666.144,0,0.843,5.5491,5.5491,55.1774
8,32,2727.3653,0,3.4502,15.3908,15.3908,49.3308
8,33,2904.8345,0,3.4814,6.9137,6.9137,47.3013
8,34,3183.0968,0,5.9972,13.3694,13.3694,62.5511
8,35,3476.2069,0,7.7138,14.3548,14.3548,42.2396
8,36,3502.9748,0,4.4426,6.8747,6.8747,70.1849
8,37,3637.099,0,1.9634,18.9882,18.9882,56.146
8,38,3662.5552,0,2.6333,7.3147,7.3147,67.6477
8,39,3739.1963,0,1.0375,6.464,6.464,106.814
8,40,3863.9866,0,5.0719,13.6182,13.6182,79.2096
8,41,3919.4467,0,6.0102,17.4125,17.4125,60.3257
8,42,3949.3975,0,1.8245,8.3533,8.3533,34.7911
8,43,3971.8663,0,8.984,14.1017,14.1017,29.3874
8,44,3983.323,0,4.9454,7.2842,7.2842,83.2603
8,45,4000.2276,0,1.9558,7.7667,7.7667,58.4937
8,46,4070.7539,0,8.315,21.4262,21.4262,53.0066
8,47,4104.5101,0,5.6458,7.7902,7.7902,41.1954
8,48,4111.227,0,3.2022,6.6302,6.6302,56.9231
8,49,4364.0832,0,1.5494,8.7032,8.7032,32.5355
8,50,4436.0473,0,3.5103,8.5844,8.5844,85.8097
8,51,4981.8299,0,5.3582,9.776,9.776,33.8778
8,52,5025.2477,0,4.0824,8.7919,8.7919,41.7652
8,53,5048.8854,0,4.3199,7.3478,7.3478,52.0615
8,54,5085.6253,0,6.1826,9.26,9.26,39.6509
8,55,5190.0936,0,3.594,8.5799,8.5799,44.9812
8,56,5198.1529,0,2.6141,5.4213,5.4213,60.7735
8,57,5227.0282,0,5.064,14.2833,14.2833,81.2717
8,58,5237.3254,0,12.9295,20.4932,20.4932,89.3033
8,59,5277.2335,0,6.4774,12.6329,12.6329,84.2123
8,60,5488.2749,0,4.0567,11.3252,11.3252,61.5785
8,61,5550.7023,0,1.3873,7.4111,7.4111,60.8321
8,62,5620.1057,0,2.5811,5.1625,5.1625,32.1853
8,63,5645.2772,0,1.1037,4.5997,4.5997,31.0624
8,64,5657.4233,0,6.5565,7.9233,7.9233,52.6963
8,65,5706.9646,0,4.59,10.1307,10.1307,64.7092
8,66,5724.2332,0,3.379,6.3851,6.3851,85.5107
8,67,5743.8054,0,5.451,11.626,11.626,71.1111
8,68,5775.6056,0,12.5871,19.2634,19.2634,71.3962
8,69,6084.9944,0,5.6472,11.5076,11.5076,52.2087
8,70,6329.6378,0,6.0718,9.968,9.968,73.7074
8,71,6344.4829,0,0.8259,6.9609,6.9609,61.9792
8,72,6371.7097,0,11.0175,17.1296,17.1296,102.2762
8,73,6456.7582,0,9.3144,17.5019,17.5019,65.13
8,74,6512.5126,0,5.0993,12.0013,12.0013,82.6813
8,75,6602.0995,0,4.0218,4.409,4.409,48.7681
8,76,6609.4265,0,3.6358,9.1682,9.1682,64.4101
8,77,6632.8995,0,7.1972,15.0558,15.0558,65.0679
8,78,6716.3082,0,3.6086,7.3582,7.3582,44.454
8,79,6813.9014,0,4.4341,19.1005,19.1005,71.0259
8,80,6844.7769,0,1.2507,5.6127,5.6127,47.8251
8,81,6947.4003,0,7.5433,10.001,10.001,35.9922
8,82,6959.6798,0,4.5929,10.3125,10.3125,57.9578
8,83,6990.5302,0,4.069,8.8555,8.8555,72.2304
8,84,7137.2889,0,4.9215,12.7852,12.7852,43.9404
8,85,7558.811,0,6.6689,11.0757,11.0757,69.7993
8,86,7863.8931,0,2.7781,9.7586,9.7586,46.1435
8,87,7922.9281,0,2.4445,9.9434,9.9434,63.9323
8,88,7968.6806,0,3.8122,7.3381,7.3381,45.9823
8,89,8008.0866,0,7.589,9.2143,9.2143,82.8219
8,90,8085.2503,0,5.6857,21.9562,21.9562,60.6037
8,91,8150.5979,0,3.8651,9.5979,9.5979,79.5893
8,92,8176.7073,0,2.0406,44.9187,44.9187,97.4913
8,93,8231.2805,0,14.1407,25.9986,25.9986,65.2604
8,94,8300.7782,0,2.7245,6.1934,6.1934,32.6638
8,95,8334.2759,0,8.1038,13.3649,13.3649,46.3794
8,96,8402.8116,0,1.7898,5.5456,5.5456,43.6719
8,97,8411.8229,0,2.9861,4.6069,4.6069,86.6345
8,98,8430.0072,0,12.2385,24.8947,24.8947,75.5429
8,99,8483.5523,0,9.4882,13.1499,13.1499,40.5209
8,100,8638.8611,0,5.1257,10.6874,10.6874,45.7263
8,101,8721.2905,0,1.5555,6.0345,6.0345,26.4152
8,102,9144.4425,0,2.7261,8.4789,8.4789,32.4562
8,103,9145.1375,0,11.3965,15.8363,15.8363,70.1406
8,104,9220.2456,0,3.7947,7.3222,7.3222,69.1076
8,105,9251.9503,0,8.8958,10.1612,10.1612,57.4877
8,106,9306.8343,0,1.8109,5.5865,5.5865,50.4833
8,107,9316.4099,0,2.8133,8.5431,8.5431,91.1911
8,108,9326.0215,0,3.7703,11.2495,11.2495,118.2075
8,109,9294.5288,0,4.3838,64.3838,64.3838,133.9405
8,110,9625.2131,0,5.1712,11.3747,11.3747,51.593
8,111,9727.7745,0,2.9137,11.1804,11.1804,28.1695
8,112,9903.1625,0,3.9234,16.9171,16.9171,57.7492
8,113,9918.801,0,7.8409,11.5357,11.5357,66.6186
8,114,10103.4102,0,3.9192,9.8385,9.8385,50.2705
8,115,10153.5682,0,3.6833,25.1666,25.1666,57.2993
8,116,10450.4741,0,3.4077,9.3473,9.3473,51.4564
8,117,10578.0264,0,3.3767,5.4339,5.4339,54.5146
8,118,10627.4334,0,4.2317,6.4137,6.4137,35.5297
8,119,10633.5751,0,1.9328,5.6646,5.6646,56.0878
8,120,10676.4299,0,17.4577,21.1867,21.1867,42.0497
8,121,10690.0274,0,5.0813,10.0537,10.0537,86.48
8,122,10835.5833,0,1.7487,3.2653,3.2653,33.9611
8,123,10866.7767,0,17.4276,28.3871,28.3871,64.1051
8,124,10911.1916,0,4.0657,8.4373,8.4373,54.0331
8,125,10941.2709,0,3.4842,10.5085,10.5085,41.6604
8,126,10980.0499,0,3.5785,20.4481,20.4481,56.6182
8,127,11039.8319,0,8.4797,10.9574,10.9574,45.9813
8,128,11097.6355,0,7.7171,14.1441,14.1441,43.306
8,129,11105.9993,0,3.3018,19.0857,19.0857,82.3958
8,130,11126.7326,0,10.8737,17.2871,17.2871,87.377
8,131,11155.7288,0,4.3848,11.608,11.608,78.4445
8,132,11178.131,0,12.0914,21.3218,21.3218,51.8208
8,133,11182.5249,0,10.4524,18.3025,18.3025,105.222
8,134,11198.8024,0,1.4973,7.4949,7.4949,123.7197
8,135,11209.1162,0,8.7094,46.4107,46.4107,98.3551
8,136,11332.4324,0,1.3292,3.901,3.901,41.2121
8,137,11400.3559,0,7.6065,10.6055,10.6055,49.2928
8,138,11480.6143,0,3.5798,9.1705,9.1705,61.9242
8,139,11502.7043,0,2.4904,8.8479,8.8479,67.4327
8,140,11689.7762,0,3.1908,6.1366,6.1366,33.7535
8,141,11851.2505,0,1.9943,5.0111,5.0111,31.0185
8,142,11948.918,0,3.0092,13.7823,13.7823,45.3043
8,143,12101.4159,0,2.4352,11.1543,11.1543,44.2084
8,144,12116.0546,0,4.3097,10.1092,10.1092,38.033
8,145,12157.0562,0,16.6089,20.8741,20.8741,25.8851
8,146,12179.8827,0,3.5748,10.1463,10.1463,55.2304
8,147,12201.8445,0,8.2629,13.6789,13.6789,57.5577
8,148,12265.4959,0,3.8994,6.3294,6.3294,33.858
8,149,12384.2581,0,5.6194,8.1817,8.1817,43.786
8,150,12382.9137,0,5.8789,22.1391,22.1391,87.8255
8,151,12470.7863,0,11.2549,15.6692,15.6692,59.7229
8,152,12523.6042,0,2.9833,7.0737,7.0737,70.0335
8,153,12831.0437,0,3.1591,4.2957,4.2957,48.503
8,154,12839.2655,0,3.6172,6.8264,6.8264,76.4507
8,155,13012.3541,0,5.2882,9.4302,9.4302,64.0776
8,156,13045.747,0,4.8983,45.1504,45.1504,84.6208
8,157,13258.8787,0,1.8942,10.3478,10.3478,52.1508
8,158,13412.1729,0,3.4814,10.7937,10.7937,65.2313
8,159,13432.5444,0,1.6763,4.6301,4.6301,56.0881
8,160,13500.5722,0,3.4621,8.2283,8.2283,39.2456
8,161,13531.7165,0,4.9377,11.2837,11.2837,43.3985
8,162,13548.2421,0,2.8867,10.3811,10.3811,80.3432
8,163,13592.0614,0,5.0102,19.2645,19.2645,53.9742
8,164,13675.0973,0,1.5479,6.6471,6.6471,39.4729
8,165,13744.019,0,4.5564,12.3678,12.3678,62.0826
8,166,13768.2038,0,10.3855,20.7385,20.7385,49.609
8,167,13874.6365,0,2.9133,8.5071,8.5071,39.9668
8,168,13874.8531,0,7.1058,11.0773,11.0773,70.8481
8,169,13994.3847,0,2.4798,7.6453,7.6453,63.8484
8,170,14051.6936,0,10.3844,14.1597,14.1597,37.9058
8,171,14066.8012,0,5.9086,10.9154,10.9154,31.4423
8,172,14086.9456,0,2.9833,6.2798,6.2798,61.0821
8,173,14205.9156,0,2.8306,4.9334,4.9334,55.3406
8,174,14241.1815,0,2.1445,6.4568,6.4568,31.6423
8,175,14249.0912,0,0.8723,5.9866,5.9866,73.0626
8,176,14360.4629,0,3.2255,5.5066,5.5066,70.7495
8,177,14697.5608,0,3.841,6.8588,6.8588,36.37
8,178,15036.1212,0,2.2184,11.4085,11.4085,35.8133
8,179,15051.9548,0,5.6001,25.9491,25.9491,63.8898
8,180,15137.5086,0,9.2588,18.6346,18.6346,33.8163
8,181,15147.829,0,6.9138,10.0452,10.0452,56.0426
8,182,15161.0426,0,1.8109,5.6283,5.6283,49.8611
8,183,15195.6179,0,10.5211,19.0329,19.0329,44.9103
8,184,15223.2782,0,8.6915,18.8641,18.8641,50.4091
8,185,15228.4799,0,10.8603,14.9527,14.9527,57.2918
8,186,15495.3337,0,0.9883,7.1691,7.1691,38.0924
8,187,15716.8195,0,4.785,9.8951,9.8951,47.4538
8,188,15846.697,0,3.9798,7.0907,7.0907,33.0553
8,189,15889.257,0,7.2975,19.09,19.09,62.2625
8,190,16075.1738,0,3.9351,6.7433,6.7433,31.5671
8,191,16109.1981,0,0.774,3.1987,3.1987,40.755
8,192,16132.5993,0,5.0796,13.3219,13.3219,83.2899
8,193,16137.8013,0,11.1831,15.3877,15.3877,53.109
8,194,16162.1817,0,2.0413,4.9072,4.9072,87.5159
8,195,16331.798,0,6.4727,8.8661,8.8661,60.7283
8,196,16335.5657,0,6.3307,10.1473,10.1473,89.3142
8,197,16392.9549,0,3.2793,9.4625,9.4625,80.85
8,198,16464.7944,0,3.5307,5.1611,5.1611,44.985
8,199,16480.475,0,6.8602,8.5577,8.5577,122.5661
8,200,16516.5121,0,3.7702,10.6096,10.6096,87.3134
8,201,16523.9994,0,5.4831,8.5664,8.5664,94.8354
8,202,16533.725,0,1.4212,10.8428,10.8428,89.3647
8,203,16547.7125,0,17.9963,20.8806,20.8806,83.2895
8,204,16543.974,0,28.7471,31.112,31.112,85.5444
8,205,16606.36,0,22.0645,24.7449,24.7449,67.21
8,206,16575.2647,0,44.7267,61.6653,61.6653,118.1637
8,207,17194.0191,0,6.2531,15.2228,15.2228,35.1168
8,208,17212.1436,0,8.2915,14.6012,14.6012,42.3537
8,209,17296.107,0,1.5117,11.9908,11.9908,59.3711
8,210,17979.3864,0,0.7008,6.8124,6.8124,43.1567
8,211,18012.0863,0,5.0371,10.4984,10.4984,45.1709
8,212,18028.114,0,2.0987,7.2274,7.2274,64.7231
8,213,18048.8221,0,9.5313,13.4001,13.4001,48.9274
8,214,18057.8701,0,11.0029,15.6777,15.6777,56.1504
8,215,18171.3883,0,3.9922,6.9469,6.9469,42.9011
8,216,18177.9385,0,6.4706,10.7351,10.7351,59.1683
8,217,18237.0498,0,4.1995,8.7111,8.7111,83.2016
8,218,18268.8643,0,3.1378,19.1959,19.1959,62.7822
8,219,18328.171,0,2.4795,6.574,6.574,45.1414
8,220,18447.4356,0,5.6932,12.9065,12.9065,54.5433
8,221,18455.6723,0,12.0784,16.3645,16.3645,70.5141
8,222,18562.0711,0,3.125,31.5621,31.5621,60.8437
8,223,18614.0964,0,0.9178,3.6671,3.6671,120.1391
8,224,18657.2551,0,8.387,11.2774,11.2774,28.9937
8,225,19111.5698,0,11.05,20.0673,20.0673,66.5237
8,226,19389.9947,0,6.7967,13.0083,13.0083,49.8023
8,227,19415.9195,0,9.793,13.0771,13.0771,45.4121
8,228,19422.5159,0,3.0591,7.8314,7.8314,48.3764
8,229,19464.6051,0,6.5849,11.5828,11.5828,47.9734
8,230,19508.2353,0,0.384,4.2153,4.2153,49.6737
8,231,19520.1602,0,7.4088,13.5552,13.5552,51.5876
8,232,19713.3838,0,2.623,8.2863,8.2863,54.3302
8,233,19748.9019,0,6.0688,12.103,12.103,44.8084
8,234,19875.9005,0,2.623,6.0237,6.0237,58.793
8,235,19920.4372,0,3.2141,8.7744,8.7744,38.6173
8,236,20047.6649,0,0.8723,4.2669,4.2669,58.5376
8,237,20096.2755,0,0.9949,9.5227,9.5227,60.2733
8,238,20524.1116,0,3.653,16.9343,16.9343,40.9075
8,239,20537.8267,0,4.5445,6.805,6.805,45.1148
8,240,20631.0894,0,3.8731,6.1208,6.1208,59.0598
8,241,20710.8203,0,7.1058,15.4913,15.4913,30.7112
8,242,20729.4067,0,9.082,13.0927,13.0927,26.994
8,243,20740.1554,0,5.5186,10.8365,10.8365,62.5137
8,244,20759.1568,0,1.4445,3.4439,3.4439,45.6003
8,245,20792.4121,0,4.613,6.1309,6.1309,53.3468
8,246,20838.179,0,10.7575,15.9888,15.9888,110.6529
8,247,20927.104,0,1.5858,8.4777,8.4777,42.3133
8,248,21003.5706,0,5.7695,30.9622,30.9622,59.869
8,249,21094.9889,0,5.0907,12.9862,12.9862,57.4037
8,250,21134.6909,0,4.2142,8.0797,8.0797,77.6048
8,251,21189.2727,0,1.0877,8.6315,8.6315,64.9397
8,252,21261.5063,0,6.5197,11.9625,11.9625,67.0969
8,253,21343.8337,0,2.5958,9.0919,9.0919,58.283
8,254,21389.3844,0,8.5665,9.8648,9.8648,69.841
8,255,21552.3328,0,3.2735,9.973,9.973,137.3488
8,256,21621.6336,0,4.2214,4.5776,4.5776,79.5633
8,257,21944.5794,0,0.9169,16.5862,16.5862,62.4715
8,258,22253.7899,0,2.8177,9.5698,9.5698,58.5605
8,259,22284.9174,0,4.1105,8.8282,8.8282,56.7615
8,260,22321.0259,0,5.5781,14.0178,14.0178,45.3607
8,261,22423.3015,0,3.5513,16.7323,16.7323,63.7262
8,262,22466.9039,0,5.7594,8.6532,8.6532,51.2992
8,263,22478.6981,0,6.163,11.7147,11.7147,51.7742
8,264,22593.9823,0,2.9397,10.0034,10.0034,45.4682
8,265,22678.3748,0,5.2432,15.3888,15.3888,87.8158
8,266,22901.1409,0,3.203,12.6807,12.6807,49.1255
8,267,23145.1086,0,5.3208,11.7721,11.7721,40.6261
8,268,23149.3986,0,0.8445,7.6233,7.6233,41.6323
8,269,23396.9025,0,6.5497,27.6387,27.6387,72.4689
8,270,23462.5943,0,6.178,6.6871,6.6871,51.0664
8,271,23595.7417,0,8.842,14.6317,14.6317,41.1954
8,272,23631.4106,0,7.6462,11.2662,11.2662,31.8543
8,273,23651.9333,0,4.8301,6.7492,6.7492,70.8991
8,274,23953.2127,0,11.7349,20.1815,20.1815,68.791
8,275,24110.9104,0,4.252,7.9352,7.9352,82.6497
8,276,24324.797,0,2.9578,7.254,7.254,46.6149
8,277,24431.8629,0,2.9941,6.007,6.007,62.2553
8,278,24938.7462,0,2.7636,6.6497,6.6497,53.69
8,279,25099.6142,0,4.8702,12.9004,12.9004,35.8906
8,280,25169.2398,0,4.7122,13.3569,13.3569,71.4198
8,281,25231.8675,0,8.1126,15.4444,15.4444,54.8641
8,282,25303.3855,0,3.7641,9.1005,9.1005,64.8221
8,283,25301.8624,0,6.1024,15.9215,15.9215,93.2142
8,284,25397.6739,0,2.4396,8.6647,8.6647,44.9744
8,285,25647.5315,0,6.113,22.9206,22.9206,59.8572
8,286,25829.4208,0,6.8437,9.2808,9.2808,71.846
8,287,25992.1103,0,1.4755,7.3815,7.3815,55.7501
8,288,26047.1006,0,0.6213,44.6705,44.6705,74.9728
8,289,26174.0617,0,3.7899,8.7104,8.7104,35.73
8,290,26258.8344,0,3.6468,9.4445,9.4445,40.1643
8,291,26311.4243,0,2.252,13.5455,13.5455,68.7095
8,292,26402.5792,0,1.8109,5.9756,5.9756,28.7281
8,293,26418.7059,0,3.6111,6.1526,6.1526,42.667
8,294,26508.4821,0,4.9863,17.3965,17.3965,80.5409
8,295,26549.6338,0,1.3395,4.2632,4.2632,59.203
8,296,26608.9717,0,1.914,5.3863,5.3863,29.855
8,297,26648.9583,0,2.7229,7.6486,7.6486,66.2813
8,298,26759.494,0,1.4504,3.0275,3.0275,77.6577
8,299,26855.0247,0,6.7021,12.1155,12.1155,45.6015
8,300,27052.2323,0,5.8729,11.4441,11.4441,66.092
8,301,27056.2505,0,4.1987,11.2374,11.2374,95.1002
8,302,27225.4282,0,8.1661,15.7121,15.7121,55.3106
8,303,27251.7395,0,1.872,12.3764,12.3764,49.9767
8,304,27265.2403,0,10.6474,14.5266,14.5266,82.0123
8,305,27271.8668,0,3.47,9.2752,9.2752,69.6632
8,306,27371.3356,0,4.2229,11.623,11.623,33.8071
8,307,27360.1342,0,5.3326,41.9202,41.9202,95.8908
8,308,27718.6324,0,1.2927,4.5747,4.5747,39.9923
8,309,27860.456,0,5.4375,9.9174,9.9174,27.0314
8,310,27865.1334,0,7.4088,8.8073,8.8073,63.3228
8,311,27907.6219,0,4.7238,11.3615,11.3615,53.5606
8,312,27977.5017,0,3.1526,5.7957,5.7957,32.9128
8,313,27981.6505,0,3.2477,5.8551,5.8551,44.4286
8,314,28012.763,0,5.6013,12.5703,12.5703,76.7315
8,315,28111.2097,0,2.3189,6.3745,6.3745,34.4587
8,316,28129.3126,0,10.5923,14.9603,14.9603,60.2074
8,317,28173.1142,0,0.9879,11.0396,11.0396,25.0988
8,318,28177.8318,0,6.3681,10.2252,10.2252,68.4425
8,319,28326.013,0,3.0501,11.9061,11.9061,42.0977
8,320,28372.6724,0,6.6256,45.9101,45.9101,117.8612
8,321,28503.2926,0,5.2501,10.0271,10.0271,64.3464
8,322,28562.8929,0,3.3244,14.1912,14.1912,52.3946
8,323,28571.4496,0,6.1205,15.2851,15.2851,78.552
8,324,28622.008,0,1.6799,6.9077,6.9077,51.9306
8,325,28659.4407,0,9.9251,11.2234,11.2234,65.6145
8,326,28778.1787,0,4.8544,20.6643,20.6643,55.9957
8,327,28834.3066,0,3.0869,5.0849,5.0849,76.7438
8,328,28920.6513,0,4.2641,9.3521,9.3521,38.4434
8,329,29060.5223,0,4.9566,11.3489,11.3489,43.0772
8,330,29250.9568,0,5.6025,10.8495,10.8495,31.762
8,331,29287.0412,0,3.8302,4.4134,4.4134,39.0949
8,332,29397.1528,0,1.9327,5.2274,5.2274,53.2885
8,333,29436.5954,0,4.9354,11.3346,11.3346,36.9231
8,334,29450.7284,0,10.8332,14.2207,14.2207,63.0557
8,335,29485.3875,0,5.9823,6.9407,6.9407,49.6907
8,336,29507.6532,0,6.9877,9.8928,9.8928,56.3527
8,337,29796.893,0,6.4493,9.5972,9.5972,39.3272
8,338,29836.0021,0,4.0593,9.4377,9.4377,31.493
8,339,29919.1859,0,2.9301,14.1011,14.1011,58.7654
8,340,29939.5478,0,4.6403,11.5618,11.5618,49.8138
8,341,29989.4177,0,2.0946,4.2728,4.2728,27.4204
8,342,30024.5281,0,3.5778,13.9301,13.9301,46.8869
8,343,30190.0788,0,6.2293,9.2996,9.2996,50.4429
8,344,30202.9314,0,4.8681,9.2698,9.2698,70.2838
8,345,30256.1998,0,3.9991,6.6333,6.6333,81.0674
8,346,30360.9764,0,2.306,4.7352,4.7352,30.8328
8,347,30375.5477,0,6.571,14.5339,14.5339,59.1847
8,348,30457.9672,0,4.094,8.1201,8.1201,49.8064
8,349,30728.3964,0,7.7969,17.0569,17.0569,62.3663
8,350,30777.0548,0,4.4264,12.1901,12.1901,53.3882
8,351,30786.7836,0,2.0856,9.471,9.471,70.7565
8,352,30942.3906,0,3.5529,9.4484,9.4484,38.7222
8,353,30951.8042,0,4.4404,8.7831,8.7831,38.4349
8,354,31047.1815,0,3.2737,5.9858,5.9858,47.3194
8,355,31128.1191,0,6.9885,9.8364,9.8364,54.0354
8,356,31206.5313,0,3.9967,7.341,7.341,56.1955
8,357,31216.9784,0,13.0424,13.2388,13.2388,94.9347
8,358,31275.0725,0,6.5647,7.3984,7.3984,63.573
8,359,31381.8737,0,5.0035,9.3539,9.3539,40.4443
8,360,31400.1812,0,5.6039,12.4641,12.4641,31.5842
8,361,31442.9612,0,3.1545,6.4235,6.4235,37.7094
8,362,31449.6556,0,9.3679,13.6463,13.6463,79.2228
8,363,31466.0556,0,7.6065,16.7513,16.7513,67.7981
8,364,31551.8598,0,6.6684,16.4826,16.4826,73.0101
8,365,31573.6793,0,5.3323,10.7298,10.7298,62.069
8,366,31578.7608,0,4.8808,8.5256,8.5256,85.9477
8,367,31658.6846,0,1.8986,9.4877,9.4877,55.3433
8,368,31791.7546,0,3.2652,8.1704,8.1704,43.9912
8,369,31805.1142,0,4.06,22.431,22.431,62.405
8,370,31898.9511,0,2.9659,5.9733,5.9733,56.9922
8,371,32186.0214,0,4.5204,7.8189,7.8189,26.1351
8,372,32189.6797,0,4.8824,6.8358,6.8358,134.7149
8,373,32211.0195,0,5.6489,8.8292,8.8292,120.2385
8,374,32372.8627,0,9.4172,19.4036,19.4036,45.878
8,375,32422.5486,0,2.711,5.0492,5.0492,17.0683
8,376,32429.6864,0,4.2663,10.0797,10.0797,48.3556
8,377,32438.9573,0,2.845,8.7405,8.7405,83.4477
8,378,32438.9309,0,7.6235,9.5978,9.5978,89.5784
8,379,32495.1566,0,5.2835,24.2582,24.2582,49.8505
8,380,32508.7494,0,3.0903,12.3844,12.3844,55.3672
8,381,32517.2862,0,5.0046,8.1312,8.1312,62.0082
8,382,32514.3192,0,8.4135,16.0217,16.0217,85.2661
8,383,32610.7375,0,4.2726,26.4809,26.4809,128.6276
8,384,32909.578,0,5.2631,7.4808,7.4808,46.7037
8,385,32915.9767,0,2.0291,4.2433,4.2433,48.5555
8,386,32996.0094,0,1.768,15.3217,15.3217,45.0352
8,387,33183.9547,0,2.821,6.6781,6.6781,34.3262
8,388,33367.6742,0,3.1843,6.5499,6.5499,61.8226
8,389,33464.3969,0,4.2899,9.5645,9.5645,56.5192
8,390,33485.472,0,2.0757,16.7723,16.7723,46.5884
8,391,33560.9224,0,3.9352,7.9893,7.9893,47.9457
8,392,33700.5004,0,2.7164,4.6016,4.6016,50.8818
8,393,33727.6388,0,3.7807,6.9411,6.9411,36.391
8,394,33976.955,0,2.364,9.5687,9.5687,30.9517
8,395,34014.7975,0,3.0159,9.1893,9.1893,77.7495
8,396,34073.6403,0,3.9194,9.237,9.237,70.8498
8,397,34112.7403,0,5.7489,7.8783,7.8783,51.8275
8,398,34109.9713,0,5.4704,10.7215,10.7215,55.6384
8,399,34123.7508,0,1.93,7.0126,7.0126,76.8088
8,400,34337.6862,0,5.2501,12.3259,12.3259,69.7858
8,401,34387.4253,0,2.5849,5.2508,5.2508,76.4808
8,402,34419.6182,0,2.248,6.5062,6.5062,60.5616
8,403,34432.5171,0,6.3552,11.6051,11.6051,83.6054
8,404,34453.0163,0,4.5718,12.8479,12.8479,63.2757
8,405,34490.1818,0,1.4734,8.6781,8.6781,74.4493
8,406,34549.5833,0,4.5319,9.4328,9.4328,37.5908
8,407,34563.1869,0,3.5058,8.0324,8.0324,51.2877
8,408,34639.5411,0,3.3146,5.1106,5.1106,47.081
8,409,34636.0756,0,5.3876,15.3062,15.3062,66.8939
8,410,34723.617,0,3.0345,4.4924,4.4924,44.5053
8,411,34725.9391,0,0.7943,9.3099,9.3099,50.9677
8,412,35254.5034,0,1.043,3.0079,3.0079,36.5909
8,413,35386.158,0,3.9989,10.2078,10.2078,36.1021
8,414,35424.5486,0,3.9911,6.255,6.255,72.1893
8,415,35554.4419,0,7.7058,10.4741,10.4741,63.956
8,416,35682.9401,0,2.9347,5.3146,5.3146,49.0703
8,417,35797.6401,0,11.889,16.513,16.513,45.7215
8,418,35813.0479,0,2.2843,4.1972,4.1972,74.7239
8,419,35835.7625,0,7.4039,9.3283,9.3283,49.6185
8,420,35848.9953,0,1.9717,10.3376,10.3376,45.3478
8,421,35859.3435,0,2.8587,6.5538,6.5538,40.432
8,422,35850.3891,0,34.4944,38.0723,38.0723,92.9772
8,423,36237.1256,0,3.6278,5.116,5.116,77.2677
8,424,36391.6594,0,2.0974,4.0809,4.0809,27.9356
8,425,36490.9592,0,1.9209,7.4481,7.4481,45.6574
8,426,36496.2848,0,7.9872,14.7778,14.7778,58.5731
8,427,36521.9865,0,12.1601,13.9875,13.9875,57.1719
8,428,36541.7737,0,10.0685,17.7571,17.7571,68.8617
8,429,36610.3365,0,2.8507,11.2829,11.2829,58.3541
8,430,36644.7486,0,4.7238,11.1211,11.1211,77.7033
8,431,36658.6194,0,13.0371,17.5066,17.5066,89.2257
8,432,36800.9234,0,6.5569,10.9216,10.9216,44.169
8,433,36861.8586,0,4.1619,7.394,7.394,37.1363
8,434,36882.8304,0,8.6915,18.3414,18.3414,71.9641
8,435,36965.9132,0,6.7896,10.1803,10.1803,48.6782
8,436,37012.0792,0,1.4932,14.0347,14.0347,40.5133
8,437,37045.9374,0,1.8683,7.2406,7.2406,65.7207
8,438,37113.287,0,6.6419,16.6763,16.6763,62.2206
8,439,37172.5254,0,9.3923,14.1016,14.1016,39.0702
8,440,37246.0343,0,4.6283,6.9908,6.9908,46.5212
8,441,37270.9799,0,2.1429,3.6729,3.6729,63.0815
8,442,37305.2449,0,9.4288,15.3402,15.3402,49.446
8,443,37434.3651,0,4.8708,10.4794,10.4794,43.8476
8,444,37476.5591,0,3.8603,10.9769,10.9769,67.3172
8,445,37495.7435,0,2.8828,11.6612,11.6612,84.9493
8,446,37557.6268,0,4.5392,6.0678,6.0678,38.8401
8,447,37738.9328,0,1.9301,11.9002,11.9002,60.77
8,448,38123.3955,0,5.5926,11.0569,11.0569,38.3517
8,449,38126.3605,0,2.8934,19.074,19.074,46.3619
8,450,38200.2939,0,0.8789,8.044,8.044,52.1023
8,451,38270.2803,0,1.7365,2.9993,2.9993,26.5024
8,452,38322.8006,0,4.4817,10.2534,10.2534,48.1837
8,453,38360.9851,0,5.312,11.9202,11.9202,57.3256
8,454,38352.1621,0,15.9533,26.3622,26.3622,88.426
8,455,38396.1935,0,5.4531,13.1946,13.1946,60.5133
8,456,38453.8043,0,14.0844,15.6634,15.6634,53.184
8,457,38541.7355,0,2.6159,6.9272,6.9272,52.4286
8,458,38560.8539,0,2.9737,9.3317,9.3317,46.5358
8,459,38626.9438,0,4.5462,9.8797,9.8797,53.9523
8,460,38621.1859,0,7.5457,24.3872,24.3872,70.1884
8,461,38683.081,0,2.5958,11.1314,11.1314,36.7914
8,462,38786.9515,0,1.7621,10.0493,10.0493,79.8263
8,463,38974.3691,0,1.3105,7.7565,7.7565,28.8696
8,464,39259.7709,0,2.9014,3.6049,3.6049,44.2162
8,465,39281.0139,0,2.931,7.0241,7.0241,31.0585
8,466,39504.8051,0,5.9737,9.6686,9.6686,48.0165
8,467,39549.5352,0,7.0259,13.1825,13.1825,44.5151
8,468,39714.6658,0,5.8793,15.5773,15.5773,48.4185
8,469,39758.9806,0,16.137,19.9488,19.9488,59.4205
8,470,39878.1361,0,3.5264,5.4595,5.4595,56.6987
8,471,39918.2315,0,4.3588,17.9725,17.9725,71.2486
8,472,39939.1153,0,2.6986,7.5632,7.5632,71.1594
8,473,40133.8946,0,3.2021,6.8645,6.8645,35.4281
8,474,40173.656,0,3.2255,6.8851,6.8851,62.2171
8,475,40251.2631,0,2.9986,10.6937,10.6937,28.8515
8,476,40271.9839,0,6.3091,8.4613,8.4613,71.3184
8,477,40345.1622,0,6.0104,10.2742,10.2742,64.4827
8,478,40456.2564,0,4.522,10.1823,10.1823,42.1347
8,479,40527.2358,0,4.1775,5.9712,5.9712,37.6531
8,480,40987.1307,0,6.6536,9.8019,9.8019,52.4747
8,481,41248.5392,0,1.9386,7.0841,7.0841,44.5382
8,482,41247.6466,0,4.2019,9.1631,9.1631,83.6743
8,483,41254.0585,0,4.7797,13.9668,13.9668,81.6358
8,484,41295.8969,0,1.6247,5.9074,5.9074,67.8833
8,485,41339.4322,0,1.6403,14.9668,14.9668,46.9663
8,486,41520.5501,0,2.4666,15.5298,15.5298,74.7591
8,487,41591.3598,0,2.0834,4.3163,4.3163,61.2928
8,488,41670.6915,0,4.3808,8.3267,8.3267,80.8757
8,489,42243.1664,0,4.3528,10.4725,10.4725,68.4075
8,490,42289.3971,0,3.8398,12.8498,12.8498,91.1789
8,491,42361.9113,0,5.1494,8.9889,8.9889,39.662
8,492,42398.0349,0,8.1713,12.8439,12.8439,34.6949
8,493,42401.5497,0,17.9334,21.8478,21.8478,56.4838
8,494,42501.8619,0,0.6961,10.285,10.285,67.6377
8,495,42590.8024,0,1.9034,5.1938,5.1938,42.6586
8,496,42597.1185,0,8.6683,28.47,28.47,62.202
8,497,42768.8628,0,2.6159,6.8762,6.8762,32.4484
8,498,42943.5399,0,1.6761,12.1606,12.1606,85.5884
8,499,43010.7502,0,4.8136,11.9146,11.9146,57.4997
9,1,0.0,0,2.0067,6.9126,6.9126,23.1577
9,2,319.2981,0,2.2475,12.4149,12.4149,69.9619
9,3,354.4189,0,13.7868,15.0874,15.0874,62.9524
9,4,415.9917,0,4.3173,6.9051,6.9051,40.1876
9,5,486.0106,0,2.4312,11.7408,11.7408,63.0112
9,6,750.439,0,4.4239,10.6001,10.6001,27.5532
9,7,781.0037,0,5.1111,9.8995,9.8995,39.3076
9,8,848.3389,0,1.2978,9.8419,9.8419,29.3853
9,9,914.3798,0,4.0342,15.9382,15.9382,57.7745
9,10,1032.5697,0,2.8316,11.2988,11.2988,38.1794
9,11,1116.1967,0,6.6735,10.779,10.779,35.1997
9,12,1142.2251,0,3.2507,9.1944,9.1944,90.5327
9,13,1265.991,0,1.2428,4.0577,4.0577,47.6003
9,14,1688.0557,0,4.4411,22.4945,22.4945,38.6016
9,15,1701.8995,0,6.9312,10.0539,10.0539,57.4166
9,16,2061.4732,0,4.4097,11.8726,11.8726,58.0178
9,17,2137.0306,0,1.5307,7.1889,7.1889,66.5799
9,18,2153.672,0,0.4364,5.1678,5.1678,53.1561
9,19,2153.977,0,7.5661,11.8251,11.8251,63.4661
9,20,2324.6263,0,1.8735,6.1491,6.1491,48.342
9,21,2350.4557,0,5.703,9.5026,9.5026,84.8038
9,22,2501.5429,0,5.3615,22.9542,22.9542,60.2899
9,23,2634.0901,0,5.0803,15.4149,15.4149,58.0423
9,24,2689.6558,0,4.4683,8.4758,8.4758,51.6366
9,25,2759.8176,0,1.2353,5.5717,5.5717,28.3868
9,26,2787.5678,0,11.1444,13.5264,13.5264,54.3384
9,27,2851.2564,0,3.5338,9.4611,9.4611,51.1582
9,28,2887.9161,0,2.4063,5.1039,5.1039,46.4635
9,29,2948.0308,0,3.0812,7.6534,7.6534,51.5063
9,30,2963.5296,0,2.1277,5.8116,5.8116,69.7573
9,31,3026.1196,0,0.6289,2.5453,2.5453,110.1646
9,32,3111.2696,0,5.1888,7.1904,7.1904,34.4203
9,33,3143.4752,0,3.9358,8.435,8.435,58.3529
9,34,3726.5584,0,4.6663,15.4941,15.4941,61.4042
9,35,3725.4866,0,6.5828,20.3996,20.3996,66.2973
9,36,3740.2594,0,3.6446,13.8288,13.8288,72.2994
9,37,3784.3796,0,13.9559,15.8939,15.8939,55.7261
9,38,3855.7078,0,2.3403,8.336,8.336,40.8985
9,39,3980.4551,0,0.153,4.6804,4.6804,28.5938
9,40,4201.7145,0,8.2451,24.4392,24.4392,86.6193
9,41,4364.6022,0,0.8357,4.0496,4.0496,27.76
9,42,4488.198,0,1.9918,4.976,4.976,79.8173
9,43,4533.7974,0,4.037,10.0538,10.0538,46.5164
9,44,4554.3341,0,4.1866,11.5082,11.5082,95.8316
9,45,4660.5256,0,6.4282,8.7398,8.7398,51.5609
9,46,4883.7643,0,4.9002,11.6229,11.6229,60.8631
9,47,4939.9292,0,9.9524,13.3828,13.3828,48.7933
9,48,4962.6275,0,2.9322,9.1059,9.1059,78.1506
9,49,5055.7251,0,5.7283,7.9485,7.9485,41.2227
9,50,5215.7095,0,6.7544,14.806,14.806,64.1458
9,51,5252.1483,0,11.4799,15.9758,15.9758,65.2032
9,52,5341.2639,0,2.7116,7.4557,7.4557,60.9775
9,53,5339.3073,0,4.19,10.6507,10.6507,68.1401
9,54,5407.7906,0,6.5425,9.3519,9.3519,32.1146
9,55,5426.399,0,2.6577,7.8603,7.8603,81.2246
9,56,5453.7842,0,9.1024,32.1012,32.1012,70.2236
9,57,5486.8373,0,1.6733,7.4772,7.4772,42.127
9,58,5531.1295,0,1.6247,5.3616,5.3616,63.2668
9,59,5632.6375,0,5.2739,6.8783,6.8783,65.5527
9,60,5743.3943,0,5.2657,16.007,16.007,58.7639
9,61,5844.1096,0,3.5167,9.9247,9.9247,52.0261
9,62,6092.9487,0,2.284,5.3545,5.3545,39.5691
9,63,6269.7016,0,6.5586,9.9263,9.9263,38.5337
9,64,6417.0504,0,3.0666,32.9404,32.9404,88.1183
9,65,6468.0968,0,5.3166,9.4114,9.4114,49.0522
9,66,6474.6467,0,4.6549,8.8985,8.8985,60.3863
9,67,6526.3703,0,15.941,18.9914,18.9914,60.7274
9,68,6596.8189,0,5.0776,7.2978,7.2978,37.8126
9,69,6611.9809,0,3.6358,12.6873,12.6873,75.2306
9,70,6639.385,0,3.7884,9.8961,9.8961,54.6516
9,71,6714.6751,0,4.9317,11.56,11.56,50.041
9,72,6786.1436,0,3.2441,12.0152,12.0152,53.7252
9,73,6794.4025,0,3.7543,19.0274,19.0274,52.2006
9,74,6980.2165,0,4.8117,6.2909,6.2909,42.1512
9,75,7052.1648,0,3.014,4.3784,4.3784,62.9213
9,76,7196.2381,0,3.9325,12.1054,12.1054,55.1737
9,77,7445.7795,0,5.4267,8.3091,8.3091,38.0599
9,78,7489.7764,0,5.0434,11.3534,11.3534,84.1899
9,79,7523.257,0,4.2306,9.6322,9.6322,78.5772
9,80,7559.8495,0,2.2946,9.4893,9.4893,47.765
9,81,7822.7355,0,0.1739,3.8313,3.8313,57.9734
9,82,7833.7134,0,5.1381,10.0391,10.0391,73.4373
9,83,7869.1392,0,15.796,20.757,20.757,73.4258
9,84,7932.4348,0,5.6631,11.5715,11.5715,51.7864
9,85,8036.3162,0,5.0046,11.5579,11.5579,40.2407
9,86,8145.3957,0,8.6915,11.5268,11.5268,77.0203
9,87,8178.2759,0,0.9883,3.9298,3.9298,59.9846
9,88,8268.5449,0,3.4719,7.2798,7.2798,33.2774
9,89,8309.7564,0,5.5699,10.5657,10.5657,31.6209
9,90,8344.9659,0,5.6143,6.0678,6.0678,45.854
9,91,8379.4419,0,1.6733,9.7476,9.7476,45.3933
9,92,8384.98,0,17.8813,20.5059,20.5059,79.6078
9,93,8450.2781,0,1.2452,4.6828,4.6828,33.735
9,94,8491.593,0,3.8828,9.1157,9.1157,69.2611
9,95,8644.5908,0,3.2833,5.8885,5.8885,53.6077
9,96,8775.8618,0,0.8267,8.2158,8.2158,56.7899
9,97,8908.4235,0,2.3713,11.9656,11.9656,35.6161
9,98,9001.4341,0,1.9842,8.2521,8.2521,39.8713
9,99,9079.6783,0,4.047,6.1088,6.1088,24.0725
9,100,9189.5676,0,4.3025,9.655,9.655,44.7955
9,101,9340.5098,0,5.5467,10.9824,10.9824,55.4976
9,102,9376.1602,0,3.2183,9.7268,9.7268,39.4412
9,103,9383.0262,0,2.0797,8.249,8.249,46.6309
9,104,9437.6456,0,0.1739,5.7485,5.7485,50.5144
9,105,9445.0137,0,1.2031,4.2312,4.2312,51.7258
9,106,9940.6512,0,4.9998,9.0184,9.0184,61.538
9,107,10108.5706,0,4.1845,5.8569,5.8569,31.5136
9,108,10354.4899,0,1.6978,3.4045,3.4045,58.4876
9,109,10551.3252,0,5.9604,11.284,11.284,63.0345
9,110,10769.9445,0,4.7797,8.9413,8.9413,70.8157
9,111,10839.7832,0,6.9299,20.4128,20.4128,62.2689
9,112,10987.7312,0,3.4436,11.7174,11.7174,74.1555
9,113,11013.099,0,5.6162,7.7488,7.7488,71.6886
9,114,11018.8548,0,14.7655,20.4405,20.4405,88.3563
9,115,11080.2584,0,2.3403,10.6079,10.6079,60.1296
9,116,11346.8264,0,3.5217,7.9254,7.9254,36.1896
9,117,11409.3805,0,3.7807,4.9371,4.9371,39.7527
9,118,11400.7166,0,4.2026,15.8745,15.8745,35.8043
9,119,11581.248,0,1.8145,6.2726,6.2726,86.6833
9,120,11625.3819,0,2.3134,6.6775,6.6775,55.2127
9,121,11783.8979,0,6.353,13.4838,13.4838,58.6548
9,122,11833.8397,0,11.6189,15.6656,15.6656,41.5402
9,123,12188.523,0,3.1606,7.5845,7.5845,34.5389
9,124,12187.8482,0,5.0776,13.9608,13.9608,51.5794
9,125,12240.8494,0,5.6042,25.055,25.055,47.5071
9,126,12258.7151,0,20.831,29.049,29.049,76.0758
9,127,12232.8308,0,3.0812,63.0812,63.0812,108.3655
9,128,12290.4087,0,4.9827,13.2911,13.2911,71.1005
9,129,12327.6721,0,3.5395,9.9148,9.9148,41.146
9,130,12375.6483,0,4.1676,14.5789,14.5789,73.5173
9,131,12520.6129,0,6.477,10.1363,10.1363,36.0946
9,132,12688.7641,0,4.6979,7.5705,7.5705,34.119
9,133,12655.6475,0,1.6639,49.4968,49.4968,112.9515
9,134,12744.7395,0,4.4091,7.0766,7.0766,45.132
9,135,12773.9859,0,3.1655,9.1844,9.1844,66.0174
9,136,12795.8532,0,5.4892,11.833,11.833,62.5567
9,137,12878.5688,0,2.3664,5.2282,5.2282,32.5368
9,138,12872.1714,0,2.579,14.8862,14.8862,24.5341
9,139,12897.141,0,1.7008,4.8204,4.8204,53.9727
9,140,13169.9107,0,2.2652,6.8011,6.8011,44.8446
9,141,13531.7819,0,3.9922,12.5643,12.5643,63.9264
9,142,13543.6365,0,12.6536,15.671,15.671,72.0183
9,143,13645.8844,0,2.1067,9.0124,9.0124,75.7613
9,144,13637.3825,0,4.3655,32.3178,32.3178,76.3279
9,145,13657.9729,0,4.9862,15.2443,15.2443,86.9302
9,146,13724.9425,0,2.93,6.4755,6.4755,26.7528
9,147,13817.7026,0,4.0041,8.1264,8.1264,57.6955
9,148,13898.8363,0,8.4491,11.4067,11.4067,30.441
9,149,14047.8528,0,6.4888,23.8204,23.8204,124.0242
9,150,14115.9331,0,8.4644,16.1071,16.1071,58.7649
9,151,14125.1219,0,5.6927,9.3389,9.3389,73.0463
9,152,14303.7572,0,4.8447,12.4645,12.4645,33.2913
9,153,14363.1262,0,1.6733,7.4122,7.4122,59.2017
9,154,14429.1941,0,0.673,2.6044,2.6044,44.3103
9,155,14705.5605,0,3.6468,6.1416,6.1416,52.8605
9,156,14751.9516,0,2.0542,5.9241,5.9241,29.9611
9,157,14778.8506,0,9.2632,16.7787,16.7787,57.5251
9,158,14867.6262,0,1.6449,4.2886,4.2886,90.1496
9,159,15052.851,0,2.1796,17.5784,17.5784,36.3178
9,160,15057.6855,0,5.3385,14.1865,14.1865,52.2789
9,161,15076.6683,0,6.6851,9.572,9.572,67.0123
9,162,15057.1276,0,7.0887,33.424,33.424,60.2323
9,163,15136.4748,0,5.5926,10.36,10.36,38.6579
9,164,15155.1627,0,1.5479,5.962,5.962,59.8289
9,165,15181.4146,0,5.833,12.2183,12.2183,51.6941
9,166,15246.5463,0,2.8828,5.1053,5.1053,47.33
9,167,15272.11,0,4.972,6.9102,6.9102,43.8983
9,168,15265.5811,0,5.9563,28.7353,28.7353,74.5347
9,169,15306.0542,0,3.7885,4.4833,4.4833,46.0525
9,170,15388.5349,0,3.2735,5.5528,5.5528,38.2535
9,171,15446.0141,0,1.646,5.1885,5.1885,72.4567
9,172,15555.0166,0,2.16,10.4756,10.4756,36.5557
9,173,15882.4001,0,1.3114,3.0717,3.0717,62.51
9,174,16425.8785,0,3.1526,7.2381,7.2381,37.7518
9,175,16569.9359,0,3.803,9.9856,9.9856,61.6317
9,176,16635.165,0,14.8063,22.7949,22.7949,102.1439
9,177,16848.5722,0,1.9367,15.4155,15.4155,81.7085
9,178,16858.6505,0,4.9215,9.7335,9.7335,70.9046
9,179,16871.9508,0,1.4603,6.7173,6.7173,90.1922
9,180,16936.2927,0,3.7239,15.2791,15.2791,39.4166
9,181,17022.6615,0,7.6998,17.6331,17.6331,44.9951
9,182,17082.0397,0,2.9847,4.9539,4.9539,33.2452
9,183,17079.327,0,4.1587,8.6476,8.6476,46.8504
9,184,17116.3116,0,7.2379,13.2881,13.2881,44.6545
9,185,17114.6481,0,8.8685,16.9431,16.9431,58.4512
9,186,17353.1715,0,4.8752,10.7961,10.7961,34.0086
9,187,17364.6557,0,2.564,8.1186,8.1186,46.515
9,188,17533.0598,0,3.5342,12.7289,12.7289,43.7794
9,189,17595.418,0,6.5357,15.7201,15.7201,63.25
9,190,17707.4522,0,4.6785,7.9084,7.9084,56.4108
9,191,17729.0343,0,5.7899,8.5502,8.5502,63.6416
9,192,17934.7853,0,1.813,12.5904,12.5904,56.885
9,193,17972.5535,0,14.9602,25.2146,25.2146,61.1871
9,194,18003.5227,0,4.7614,10.5649,10.5649,49.0175
9,195,18005.4348,0,6.0705,9.5301,9.5301,72.3303
9,196,18024.8726,0,25.2222,39.2619,39.2619,62.6044
9,197,18043.4438,0,28.4704,30.2261,30.2261,48.7081
9,198,18140.7551,0,5.58,11.3246,11.3246,46.687
9,199,18254.2971,0,10.1023,19.2966,19.2966,95.2038
9,200,18274.7539,0,1.9481,3.2589,3.2589,136.9384
9,201,18301.7438,0,3.7491,17.8022,17.8022,92.7101
9,202,18505.4866,0,4.761,6.3058,6.3058,38.3515
9,203,18511.5877,0,6.2699,7.9824,7.9824,41.1989
9,204,18649.2713,0,1.675,4.2897,4.2897,69.6905
9,205,18924.016,0,2.5051,7.7165,7.7165,37.1571
9,206,18944.5837,0,3.431,6.2048,6.2048,47.8981
9,207,19000.4918,0,0.673,4.3876,4.3876,38.2328
9,208,19270.8796,0,3.3078,9.8772,9.8772,94.0487
9,209,19315.4134,0,8.0382,15.7675,15.7675,56.3132
9,210,19447.9696,0,2.8478,5.3789,5.3789,47.6958
9,211,19445.4434,0,2.4628,8.0026,8.0026,61.1657
9,212,19521.9802,0,6.8885,9.262,9.262,54.2549
9,213,19556.7264,0,4.7272,6.8835,6.8835,27.486
9,214,19616.1895,0,3.5175,8.472,8.472,42.5417
9,215,19624.3851,0,6.8196,9.0611,9.0611,129.7855
9,216,19733.1197,0,6.7824,13.3607,13.3607,52.1858
9,217,19849.3336,0,3.3277,17.8234,17.8234,53.4925
9,218,19996.8395,0,5.8552,16.9611,16.9611,66.8026
9,219,20119.2905,0,1.0588,8.6325,8.6325,37.9787
9,220,20164.9471,0,7.5243,12.9444,12.9444,55.2079
9,221,20334.9888,0,3.6833,10.8422,10.8422,81.4903
9,222,20350.982,0,6.9808,10.5009,10.5009,68.9479
9,223,20436.0505,0,2.863,6.0741,6.0741,46.6879
9,224,20439.5096,0,5.8817,7.7311,7.7311,56.8304
9,225,20716.0601,0,0.9135,5.437,5.437,36.4546
9,226,20915.1018,0,3.7755,9.2681,9.2681,47.7914
9,227,20929.1666,0,7.3652,17.2234,17.2234,37.0366
9,228,21036.9301,0,8.405,15.424,15.424,76.5025
9,229,21099.4569,0,1.2031,7.8685,7.8685,47.6243
9,230,21161.1327,0,5.1321,8.9241,8.9241,42.7411
9,231,21309.057,0,2.5314,6.2173,6.2173,59.9196
9,232,21375.5691,0,3.5279,36.8917,36.8917,63.4907
9,233,21405.3864,0,10.1027,14.4857,14.4857,72.2956
9,234,21808.9665,0,6.7198,8.6674,8.6674,56.9979
9,235,21831.4744,0,5.1888,19.7491,19.7491,97.5358
9,236,22011.4167,0,4.2558,13.2631,13.2631,73.3038
9,237,22213.8821,0,2.4319,12.7699,12.7699,43.3875
9,238,22255.1639,0,6.1669,8.815,8.815,39.3591
9,239,22252.5822,0,7.7969,12.947,12.947,60.3674
9,240,22498.5628,0,4.1143,12.6288,12.6288,60.7306
9,241,22642.5602,0,2.623,7.2485,7.2485,45.233
9,242,22688.344,0,6.9624,9.1116,9.1116,54.9951
9,243,22702.2931,0,8.5665,10.6025,10.6025,66.3226
9,244,22758.9358,0,6.1498,9.9538,9.9538,46.0812
9,245,22785.3708,0,2.623,6.266,6.266,33.6399
9,246,22806.6109,0,5.6005,6.7766,6.7766,69.1491
9,247,22910.1262,0,4.7276,26.1724,26.1724,111.4966
9,248,22958.89,0,7.6486,11.2789,11.2789,66.4118
9,249,22957.6198,0,6.9372,13.228,13.228,71.707
9,250,23279.4665,0,4.06,6.3125,6.3125,49.9422
9,251,23313.5596,0,2.7621,7.9415,7.9415,40.5298
9,252,23514.9447,0,2.933,15.1162,15.1162,36.1959
9,253,23605.9811,0,1.3792,8.6331,8.6331,45.0723
9,254,23672.8725,0,1.2288,10.8217,10.8217,61.3484
9,255,23761.0735,0,9.406,12.5856,12.5856,59.6595
9,256,23850.6981,0,4.9613,7.0919,7.0919,53.1381
9,257,23932.2385,0,2.1693,6.3156,6.3156,29.3321
9,258,23984.4685,0,3.7337,16.3649,16.3649,73.4013
9,259,23991.3198,0,10.5317,14.9209,14.9209,95.2639
9,260,24244.5035,0,4.1995,28.2182,28.2182,92.7017
9,261,24572.1023,0,2.5326,7.6802,7.6802,52.814
9,262,24810.4223,0,2.4876,23.1304,23.1304,99.5371
9,263,24913.1761,0,2.3059,4.1212,4.1212,52.0788
9,264,24936.1519,0,2.1412,8.2904,8.2904,59.3731
9,265,25017.7854,0,6.8232,12.5907,12.5907,61.8348
9,266,25212.5371,0,1.0206,9.0952,9.0952,64.9977
9,267,25265.3272,0,2.3735,12.3669,12.3669,45.5716
9,268,25299.3303,0,10.1377,18.1468,18.1468,51.2368
9,269,25317.0935,0,10.3151,11.4364,11.4364,65.6083
9,270,25384.5585,0,7.0346,11.1951,11.1951,43.3412
9,271,25413.3334,0,6.5888,11.0995,11.0995,46.42
9,272,25540.6727,0,2.8668,15.1099,15.1099,46.9284
9,273,25750.2349,0,4.521,8.8895,8.8895,45.4875
9,274,25775.738,0,1.9158,4.875,4.875,55.4326
9,275,25826.2516,0,1.6738,8.0999,8.0999,55.8147
9,276,25888.3703,0,7.1197,13.9467,13.9467,70.3545
9,277,25976.4961,0,2.2134,5.2912,5.2912,89.0508
9,278,26029.032,0,1.0618,13.8873,13.8873,49.8271
9,279,26158.5618,0,13.1486,16.2016,16.2016,86.2542
9,280,26300.5127,0,4.6328,6.127,6.127,28.4764
9,281,26371.2466,0,3.6047,10.2006,10.2006,42.5372
9,282,26462.8304,0,5.5134,11.1905,11.1905,46.4855
9,283,26467.6732,0,5.623,6.6478,6.6478,56.3834
9,284,26584.4963,0,5.3821,9.9154,9.9154,32.1073
9,285,26587.5192,0,9.2288,15.6271,15.6271,44.474
9,286,26604.1825,0,5.9629,6.9948,6.9948,99.5623
9,287,26631.6232,0,0.7173,8.8829,8.8829,62.1257
9,288,26703.972,0,2.5716,6.4428,6.4428,40.633
9,289,26735.282,0,3.6625,7.4981,7.4981,35.3705
9,290,26893.298,0,3.3956,10.3606,10.3606,36.4733
9,291,27124.6531,0,5.5578,12.6632,12.6632,41.2689
9,292,27150.2135,0,7.506,10.3605,10.3605,101.7605
9,293,27099.5683,0,9.1772,65.6717,65.6717,55.0664
9,294,27341.5499,0,0.9414,19.0912,19.0912,33.5733
9,295,27641.7872,0,2.9783,8.4415,8.4415,62.7633
9,296,27796.1076,0,1.1438,5.8318,5.8318,37.9064
9,297,27888.7344,0,5.3976,12.6357,12.6357,32.7534
9,298,28059.7595,0,16.137,22.3955,22.3955,99.9266
9,299,28080.5571,0,5.0776,15.2148,15.2148,84.9867
9,300,28138.2939,0,2.3862,21.3794,21.3794,31.8884
9,301,28163.3614,0,4.7864,7.1606,7.1606,90.2945
9,302,28212.4446,0,5.6044,14.104,14.104,63.5539
9,303,28220.337,0,10.2546,11.4226,11.4226,76.6659
9,304,28220.5526,0,22.7894,25.6349,25.6349,85.1972
9,305,28365.483,0,2.263,5.0664,5.0664,48.8607
9,306,28593.9603,0,4.968,9.7684,9.7684,51.4749
9,307,28735.7278,0,3.4416,23.9752,23.9752,59.7742
9,308,28839.8843,0,3.4238,6.5409,6.5409,45.8897
9,309,29096.8733,0,1.9128,4.8921,4.8921,68.3541
9,310,29282.0009,0,5.3722,9.1528,9.1528,38.8318
9,311,29416.5685,0,5.4352,9.8761,9.8761,63.3364
9,312,29488.0433,0,14.7385,30.5124,30.5124,97.5595
9,313,29572.2481,0,0.95,7.7751,7.7751,41.7674
9,314,29696.4419,0,6.8653,8.0989,8.0989,39.1444
9,315,30052.1886,0,0.8673,4.482,4.482,62.1651
9,316,30206.3258,0,4.388,13.4205,13.4205,78.7104
9,317,30430.7689,0,4.4396,11.6008,11.6008,68.4787
9,318,30467.5107,0,9.1935,16.6896,16.6896,45.7026
9,319,30697.7194,0,1.9415,7.8701,7.8701,34.7439
9,320,30773.3137,0,4.8206,8.8315,8.8315,20.8959
9,321,30808.4865,0,2.397,15.2124,15.2124,62.0688
9,322,31028.0888,0,4.6504,8.6672,8.6672,43.5803
9,323,31057.0259,0,1.9047,10.6924,10.6924,42.9836
9,324,31396.0056,0,6.0964,18.354,18.354,47.2483
9,325,31415.0697,0,2.8815,15.6425,15.6425,89.1097
9,326,31565.4605,0,3.7862,8.9588,8.9588,54.1058
9,327,31632.8424,0,0.5361,4.6137,4.6137,46.7772
9,328,31997.8688,0,2.0452,7.3507,7.3507,41.246
9,329,32132.8635,0,3.865,5.8219,5.8219,37.6398
9,330,32130.3516,0,6.0903,13.0747,13.0747,46.2675
9,331,32220.0969,0,5.0046,8.928,8.928,60.6414
9,332,32232.4751,0,7.0671,16.4315,16.4315,70.2879
9,333,32263.7518,0,2.9924,5.7248,5.7248,84.4646
9,334,32310.8706,0,1.7376,5.8073,5.8073,53.2029
9,335,32314.0718,0,3.4621,63.4621,63.4621,102.7302
9,336,32521.1351,0,3.7237,14.7319,14.7319,39.0977
9,337,32595.9646,0,3.9598,5.6945,5.6945,38.3288
9,338,32646.7668,0,2.8012,6.7669,6.7669,44.1028
9,339,32659.0407,0,4.1705,7.2475,7.2475,50.8688
9,340,32778.3635,0,7.1907,7.6324,7.6324,56.968
9,341,32951.0185,0,4.0567,8.9244,8.9244,67.9091
9,342,33353.3119,0,2.7391,9.4207,9.4207,43.0447
9,343,33646.5271,0,5.4596,12.2196,12.2196,32.1816
9,344,33703.876,0,1.1428,4.035,4.035,23.1629
9,345,33703.4807,0,4.1038,7.0486,7.0486,58.4531
9,346,33835.3224,0,6.1669,7.7421,7.7421,61.0599
9,347,33845.7543,0,2.1796,6.3674,6.3674,55.5898
9,348,33879.6351,0,5.535,9.3384,9.3384,39.4786
9,349,33916.1312,0,4.5702,10.6619,10.6619,50.8991
9,350,33976.031,0,1.2031,6.5765,6.5765,31.2944
9,351,33995.0549,0,9.8678,20.8691,20.8691,41.4332
9,352,34057.5049,0,5.3683,6.8832,6.8832,35.8281
9,353,34158.1656,0,1.2454,2.7584,2.7584,63.877
9,354,34333.8557,0,4.4091,9.3318,9.3318,80.7093
9,355,34332.0365,0,10.1023,19.4255,19.4255,86.089
9,356,34442.0667,0,0.9414,5.1722,5.1722,27.8324
9,357,34624.653,0,3.9055,10.7654,10.7654,85.571
9,358,35018.1891,0,0.8316,2.5025,2.5025,31.4682
9,359,35136.6113,0,5.0221,17.8191,17.8191,49.7795
9,360,35132.6965,0,10.365,22.0051,22.0051,77.4471
9,361,35305.481,0,6.675,13.6869,13.6869,62.0077
9,362,35346.317,0,5.4978,14.603,14.603,82.4649
9,363,35399.0516,0,4.8443,8.064,8.064,54.9612
9,364,35394.7512,0,2.2406,23.0378,23.0378,65.5946
9,365,35438.9597,0,3.184,17.0813,17.0813,66.3774
9,366,35609.2095,0,3.6709,14.9996,14.9996,52.2127
9,367,35627.8896,0,5.1282,9.2244,9.2244,55.6669
9,368,35637.4092,0,10.4529,15.5893,15.5893,62.2543
9,369,35645.1519,0,19.5324,37.5475,37.5475,98.7293
9,370,35764.9301,0,3.7046,11.3263,11.3263,38.2676
9,371,35788.5664,0,6.0001,10.9246,10.9246,59.0846
9,372,35841.7658,0,6.9425,17.3635,17.3635,69.0095
9,373,35880.5168,0,2.8306,4.8248,4.8248,58.6578
9,374,36030.4251,0,2.0273,7.1206,7.1206,45.632
9,375,36099.0264,0,2.8402,10.284,10.284,32.2346
9,376,36135.5538,0,1.2112,7.1208,7.1208,50.2504
9,377,36130.2583,0,2.2636,13.297,13.297,52.9758
9,378,36583.9721,0,4.908,8.6475,8.6475,38.6606
9,379,36607.3613,0,1.4323,8.2891,8.2891,42.9193
9,380,36763.9169,0,2.3688,6.0403,6.0403,32.4707
9,381,36816.8757,0,1.9015,25.9023,25.9023,82.5209
9,382,36952.0835,0,11.4799,18.3873,18.3873,91.4923
9,383,37006.802,0,4.569,7.6853,7.6853,39.8001
9,384,37092.2687,0,2.6986,6.3489,6.3489,60.415
9,385,37143.3351,0,2.8306,8.5442,8.5442,62.7215
9,386,37203.232,0,6.0088,22.2646,22.2646,38.0717
9,387,37235.1231,0,7.7426,17.0832,17.0832,62.1215
9,388,37302.9586,0,6.8983,13.2355,13.2355,51.6804
9,389,37313.686,0,4.2264,6.0046,6.0046,109.6129
9,390,37344.8898,0,4.3203,11.3595,11.3595,89.7212
9,391,37491.404,0,6.3073,8.8719,8.8719,51.9667
9,392,37556.8919,0,3.2459,4.9389,4.9389,30.6398
9,393,37651.7043,0,3.6761,16.5888,16.5888,69.6808
9,394,37670.0525,0,12.3806,14.3729,14.3729,60.2597
9,395,37686.4297,0,7.4361,15.2137,15.2137,50.1033
9,396,37731.0049,0,3.3651,7.4666,7.4666,47.2616
9,397,37740.4749,0,7.9943,26.5423,26.5423,74.4508
9,398,37932.4855,0,6.8974,9.3787,9.3787,65.2306
9,399,37965.1902,0,11.963,19.9135,19.9135,91.8108
9,400,38045.427,0,5.5818,10.6086,10.6086,50.58
9,401,38038.3162,0,14.3959,20.5709,20.5709,94.542
9,402,38104.7484,0,6.675,11.8521,11.8521,51.2582
9,403,38128.817,0,5.2331,10.0605,10.0605,81.0848
9,404,38151.3466,0,3.773,11.0904,11.0904,37.6189
9,405,38188.6877,0,4.4239,13.2041,13.2041,50.5976
9,406,38281.8853,0,2.9373,7.8912,7.8912,44.808
9,407,38307.9097,0,7.0709,12.772,12.772,45.6391
9,408,38373.9277,0,4.9862,9.9426,9.9426,33.2253
9,409,38448.7596,0,7.7634,10.7233,10.7233,98.9015
9,410,38463.2615,0,8.6423,9.9241,9.9241,103.0632
9,411,38878.2512,0,3.2651,5.3116,5.3116,57.1962
9,412,38952.3267,0,4.063,9.2559,9.2559,67.694
9,413,38962.5019,0,1.3521,4.5598,4.5598,86.393
9,414,39152.7007,0,3.0006,38.6844,38.6844,66.5453
9,415,39221.6218,0,4.8612,10.8475,10.8475,45.7097
9,416,39272.9709,0,2.2507,12.9279,12.9279,66.8438
9,417,39414.4603,0,2.4426,16.2031,16.2031,98.65
9,418,39462.4433,0,4.5458,6.9632,6.9632,82.8828
9,419,39466.6477,0,5.3241,7.8935,7.8935,103.7603
9,420,39547.2578,0,2.6435,9.237,9.237,70.538
9,421,39643.2196,0,2.5208,6.281,6.281,52.8857
9,422,39793.201,0,9.5026,20.7848,20.7848,63.2578
9,423,39831.9934,0,1.3815,10.5957,10.5957,52.5828
9,424,39883.1528,0,1.5358,13.1319,13.1319,39.6624
9,425,39880.8513,0,9.4749,33.3077,33.3077,77.5841
9,426,39908.2251,0,3.2805,25.9639,25.9639,63.3316
9,427,40128.0403,0,4.5722,6.2518,6.2518,34.547
9,428,40179.9439,0,7.6694,18.4138,18.4138,114.8392
9,429,40253.8501,0,13.4267,17.289,17.289,56.6649
9,430,40310.0615,0,6.1292,11.2452,11.2452,39.322
9,431,40314.071,0,4.8593,10.4965,10.4965,69.4185
9,432,40569.8375,0,5.7095,8.3287,8.3287,39.2144
9,433,40755.3532,0,2.9783,6.1344,6.1344,60.5673
9,434,40759.4101,0,1.8501,5.0403,5.0403,85.1243
9,435,40784.1625,0,11.3022,14.3664,14.3664,71.3793
9,436,40898.9896,0,4.9827,19.9132,19.9132,64.8555
9,437,41001.0299,0,3.425,7.552,7.552,62.3487
9,438,41036.6946,0,5.3695,14.5809,14.5809,58.9971
9,439,41073.9839,0,2.3189,8.2782,8.2782,45.8971
9,440,41152.4171,0,2.0071,3.6135,3.6135,61.7831
9,441,41221.9457,0,1.8109,5.0409,5.0409,64.9224
9,442,41271.8729,0,6.1588,16.9211,16.9211,43.6706
9,443,41474.0336,0,4.8563,6.0506,6.0506,39.5758
9,444,41478.6987,0,6.1498,9.1461,9.1461,44.5421
9,445,41508.0556,0,7.2195,12.1518,12.1518,35.2335
9,446,41521.0131,0,8.86,13.8343,13.8343,69.3708
9,447,41547.6766,0,3.0572,7.4731,7.4731,56.7228
9,448,41618.7357,0,6.9786,9.332,9.332,211.4531
9,449,41620.8017,0,2.5793,13.1014,13.1014,214.5137
9,450,41653.3839,0,8.3236,12.456,12.456,181.3481
9,451,41658.2846,0,4.521,8.2487,8.2487,201.6813
9,452,41831.5306,0,2.9616,6.6848,6.6848,58.9067
9,453,42057.5618,0,2.839,5.4448,5.4448,63.83
9,454,42199.7348,0,1.6946,3.7445,3.7445,41.8051
9,455,42287.3825,0,1.9327,7.2511,7.2511,59.2333
9,456,42321.2769,0,13.9095,20.5016,20.5016,74.1282
9,457,42458.051,0,3.0812,6.6374,6.6374,42.2887
9,458,42481.9761,0,6.7414,11.1257,11.1257,46.8579
9,459,42564.0191,0,10.2519,20.933,20.933,51.073
9,460,42617.8359,0,4.931,9.8916,9.8916,54.5825
9,461,42616.6405,0,6.0092,26.2556,26.2556,62.2742
9,462,42652.6582,0,1.6492,18.2007,18.2007,55.0262
9,463,42672.5424,0,2.6207,11.4284,11.4284,59.1393
9,464,42665.2689,0,15.569,20.8696,20.8696,59.9434
9,465,42685.7772,0,1.2548,7.0633,7.0633,53.0234
9,466,42726.0342,0,2.3004,15.6106,15.6106,70.1795
9,467,42732.9536,0,2.8616,17.2462,17.2462,73.2034
9,468,42849.8222,0,2.882,6.8981,6.8981,46.3512
9,469,42869.3017,0,3.0499,4.5038,4.5038,34.1077
9,470,42872.7683,0,10.0122,16.6284,16.6284,56.4519
9,471,42929.5072,0,5.1649,8.6079,8.6079,51.2938
9,472,42970.3363,0,3.2562,9.1114,9.1114,49.5516
9,473,43138.4933,0,4.261,29.0974,29.0974,42.9139
9,474,43177.745,0,3.2166,4.496,4.496,123.8785
10,1,0.0,0,1.966,9.1377,9.1377,42.4682
10,2,151.4079,0,4.89,8.8614,8.8614,48.5264
10,3,489.6908,0,4.0209,9.2367,9.2367,75.7348
10,4,513.6735,0,10.365,19.0097,19.0097,58.2682
10,5,626.6857,0,4.655,11.1337,11.1337,42.4261
10,6,651.6119,0,5.6416,13.8241,13.8241,37.3584
10,7,688.9224,0,2.8766,15.4896,15.4896,30.526
10,8,721.8501,0,4.2182,8.1341,8.1341,72.4208
10,9,728.1538,0,10.8912,17.1825,17.1825,45.5233
10,10,825.2543,0,2.9949,21.1207,21.1207,58.9064
10,11,848.32,0,6.7182,13.2517,13.2517,35.64
10,12,855.467,0,4.4833,7.884,7.884,61.5106
10,13,886.1379,0,8.8424,11.7582,11.7582,123.4437
10,14,897.2446,0,5.6192,8.3389,8.3389,80.3173
10,15,1026.4788,0,4.2861,7.7338,7.7338,36.6904
10,16,1576.4521,0,4.25,6.0887,6.0887,48.0477
10,17,1602.3247,0,3.7239,5.5889,5.5889,57.1058
10,18,1641.3422,0,3.5931,13.395,13.395,32.9624
10,19,1680.8153,0,4.3157,9.7059,9.7059,51.5182
10,20,1911.1106,0,10.6825,17.2114,17.2114,86.7289
10,21,1919.3603,0,1.733,34.4952,34.4952,102.1064
10,22,1985.6689,0,5.6507,7.3971,7.3971,42.4224
10,23,2068.7446,0,8.6731,10.916,10.916,59.5186
10,24,2094.5164,0,9.9806,11.7186,11.7186,91.2044
10,25,2102.9123,0,3.6529,13.0178,13.0178,86.4975
10,26,2143.0351,0,13.3549,16.3596,16.3596,50.551
10,27,2150.4025,0,14.2369,29.9421,29.9421,52.5152
10,28,2185.3746,0,3.5785,10.4389,10.4389,53.1564
10,29,2186.8517,0,21.7033,30.4452,30.4452,72.3798
10,30,2202.095,0,13.283,17.3065,17.3065,81.5093
10,31,2228.9153,0,8.3398,14.0536,14.0536,142.0051
10,32,2297.5558,0,5.5708,15.055,15.055,78.2698
10,33,2354.2401,0,5.5534,11.8512,11.8512,41.4153
10,34,2387.0187,0,7.3435,10.2409,10.2409,26.0613
10,35,2440.2204,0,3.3361,33.2411,33.2411,54.222
10,36,2473.1155,0,4.1806,12.1658,12.1658,85.1012
10,37,2565.1384,0,3.0935,6.8314,6.8314,46.931
10,38,2846.5656,0,2.4904,25.972,25.972,65.3469
10,39,2903.9422,0,2.2037,8.8512,8.8512,39.0973
10,40,3027.8954,0,3.8616,11.5337,11.5337,44.5731
10,41,3127.0352,0,3.5526,6.132,6.132,37.7427
10,42,3174.0349,0,6.0082,16.8688,16.8688,59.9152
10,43,3248.8583,0,10.436,16.1289,16.1289,59.2691
10,44,3438.0138,0,3.1232,4.8323,4.8323,52.4435
10,45,3636.9716,0,4.9827,10.4681,10.4681,111.8898
10,46,3641.802,0,6.1108,10.831,10.831,116.1264
10,47,3644.3279,0,13.1287,23.0053,23.0053,116.8959
10,48,3700.0343,0,2.8507,9.546,9.546,64.4312
10,49,3768.7963,0,2.5089,6.5764,6.5764,38.0857
10,50,3791.3581,0,1.5705,12.9384,12.9384,65.7315
10,51,3885.6624,0,3.5117,7.8595,7.8595,70.2123
10,52,4039.6213,0,4.1742,13.0957,13.0957,36.4997
10,53,4173.888,0,2.3303,7.4865,7.4865,53.474
10,54,4239.9409,0,3.7931,10.4423,10.4423,63.3607
10,55,4462.1011,0,1.2921,7.9316,7.9316,44.416
10,56,4634.9187,0,7.6647,20.0534,20.0534,43.623
10,57,4662.0024,0,2.5616,12.4728,12.4728,72.9941
10,58,4824.2091,0,4.0198,13.7927,13.7927,75.8518
10,59,4898.9116,0,8.0634,11.0022,11.0022,49.783
10,60,4967.4081,0,2.5574,13.1022,13.1022,77.2985
10,61,5011.4227,0,7.0771,11.2616,11.2616,41.3579
10,62,5019.3009,0,0.7334,5.3859,5.3859,51.7286
10,63,5147.0425,0,4.4523,8.3312,8.3312,48.8808
10,64,5169.5029,0,8.7748,11.2433,11.2433,50.4011
10,65,5251.8362,0,9.6612,20.9478,20.9478,60.0598
10,66,5282.5581,0,1.5288,4.3961,4.3961,38.111
10,67,5295.6143,0,7.4959,12.1668,12.1668,38.3301
10,68,5301.9525,0,3.0913,12.7687,12.7687,60.5338
10,69,5328.8748,0,6.9084,21.7174,21.7174,54.7282
10,70,5347.8005,0,5.9702,10.0721,10.0721,40.9575
10,71,5381.3441,0,9.889,17.5758,17.5758,41.4728
10,72,5572.8492,0,5.9004,10.1434,10.1434,71.6739
10,73,5836.5245,0,7.5895,67.5895,67.5895,96.6584
10,74,6031.104,0,8.7654,18.1497,18.1497,109.2271
10,75,6146.3329,0,0.7927,3.1534,3.1534,30.5926
10,76,6186.2118,0,3.5938,9.5161,9.5161,42.6608
10,77,6435.1481,0,2.4628,7.0693,7.0693,45.9915
10,78,6477.0083,0,9.4772,13.8089,13.8089,53.3146
10,79,6599.4922,0,1.3501,8.6297,8.6297,34.4739
10,80,6619.1338,0,3.4473,6.7287,6.7287,56.7146
10,81,6675.0411,0,2.4185,10.0026,10.0026,32.6599
10,82,6881.1442,0,4.0096,8.4593,8.4593,40.0771
10,83,6893.9246,0,3.8775,27.847,27.847,98.8476
10,84,6995.3184,0,7.6038,9.9052,9.9052,65.6644
10,85,6993.4461,0,2.8398,13.0234,13.0234,77.5678
10,86,7192.4373,0,3.0525,9.4097,9.4097,40.9518
10,87,7217.5006,0,1.6627,4.8129,4.8129,49.2927
10,88,7274.6959,0,7.855,24.2969,24.2969,75.3717
10,89,7745.5223,0,3.3297,7.1053,7.1053,56.8324
10,90,7794.36,0,4.0142,12.6366,12.6366,57.6483
10,91,7804.5837,0,7.9732,14.0078,14.0078,54.6136
10,92,7828.1204,0,9.7434,13.3162,13.3162,59.9457
10,93,7892.16,0,11.3115,14.4371,14.4371,77.9904
10,94,8006.0926,0,5.1616,7.7865,7.7865,45.093
10,95,8006.6393,0,13.167,17.0459,17.0459,53.6467
10,96,8314.4367,0,6.326,12.3074,12.3074,69.7916
10,97,8404.6303,0,2.3403,3.5903,3.5903,38.9702
10,98,8401.7555,0,2.9986,6.8714,6.8714,65.5364
10,99,8545.063,0,2.7603,7.767,7.767,28.9702
10,100,9061.4159,0,5.3503,8.5073,8.5073,35.0251
10,101,9167.4706,0,3.803,9.3902,9.3902,101.0156
10,102,9225.9721,0,7.6144,11.5577,11.5577,70.5735
10,103,9307.6283,0,6.583,15.0394,15.0394,59.9622
10,104,9312.7635,0,12.0192,17.017,17.017,71.8615
10,105,9329.4947,0,10.4349,30.4465,30.4465,79.5406
10,106,9427.4158,0,5.6507,16.7433,16.7433,40.8115
10,107,9430.3219,0,6.1269,20.998,20.998,55.8266
10,108,9448.8881,0,15.1084,18.864,18.864,46.4148
10,109,9594.5591,0,2.6409,10.4528,10.4528,57.2494
10,110,9675.634,0,3.4071,10.1732,10.1732,46.3541
10,111,9756.9469,0,4.7027,9.9143,9.9143,51.9057
10,112,9758.7418,0,12.732,15.859,15.859,55.0841
10,113,10005.649,0,2.263,6.9828,6.9828,40.0971
10,114,10008.0299,0,4.6609,8.0361,8.0361,58.9595
10,115,10211.9196,0,3.9352,7.7338,7.7338,61.4137
10,116,10658.5542,0,5.6042,15.4744,15.4744,47.6559
10,117,10693.9754,0,1.9015,12.3312,12.3312,42.2753
10,118,10722.4066,0,4.2108,9.2187,9.2187,49.9049
10,119,10725.7293,0,10.5531,14.0631,14.0631,68.7898
10,120,10875.2014,0,2.364,4.9665,4.9665,70.5311
10,121,10968.4112,0,2.4175,9.7663,9.7663,28.0592
10,122,10981.8522,0,11.4799,14.2399,14.2399,48.417
10,123,10987.6331,0,15.6011,19.5258,19.5258,69.4771
10,124,11011.9063,0,4.5116,9.4206,9.4206,48.0922
10,125,11062.352,0,1.0943,13.8597,13.8597,44.3817
10,126,11119.253,0,3.2274,5.0502,5.0502,28.4074
10,127,11138.2725,0,14.8898,48.6641,48.6641,18.714
10,128,11182.6038,0,2.8587,6.0333,6.0333,87.9433
10,129,11266.1732,0,7.125,11.648,11.648,59.2737
10,130,11418.944,0,2.7577,6.4964,6.4964,33.4501
10,131,11442.0656,0,1.9546,3.848,3.848,40.3937
10,132,11619.0485,0,3.1867,10.5918,10.5918,46.7972
10,133,11736.2602,0,5.8248,10.2812,10.2812,34.6696
10,134,12027.1286,0,6.7659,9.4755,9.4755,59.5604
10,135,12158.1371,0,8.6157,13.9151,13.9151,59.5493
10,136,12216.7586,0,14.8673,19.7823,19.7823,84.7075
10,137,12336.8016,0,6.1098,7.796,7.796,27.6142
10,138,12546.665,0,6.0682,12.4876,12.4876,63.6044
10,139,13105.3731,0,3.015,9.1562,9.1562,56.0586
10,140,13175.8754,0,1.6572,17.3759,17.3759,87.1534
10,141,13450.8095,0,4.6497,10.1917,10.1917,75.0931
10,142,13691.8535,0,3.847,7.5971,7.5971,33.4593
10,143,13717.9232,0,4.0573,5.4114,5.4114,103.2313
10,144,13721.7377,0,3.2477,5.7658,5.7658,110.0344
10,145,13742.1449,0,3.6639,20.3858,20.3858,95.6091
10,146,13767.8985,0,2.4008,8.4495,8.4495,113.0522
10,147,13788.3576,0,3.1807,8.0458,8.0458,95.8775
10,148,13860.4034,0,2.3436,9.6667,9.6667,60.1357
10,149,14081.1895,0,0.8877,21.9873,21.9873,53.975
10,150,14096.2157,0,7.1869,14.9122,14.9122,54.4578
10,151,14114.2228,0,5.9439,10.228,10.228,48.3854
10,152,14122.588,0,2.6414,12.2995,12.2995,69.6486
10,153,14125.0176,0,9.746,20.6556,20.6556,73.0997
10,154,14145.7996,0,17.5686,32.149,32.149,100.3574
10,155,14171.4431,0,12.0196,17.2784,17.2784,85.7619
10,156,14196.5464,0,15.0228,22.1524,22.1524,74.3136
10,157,14417.1333,0,4.1646,5.795,5.795,45.9158
10,158,14501.2716,0,4.4411,11.8345,11.8345,98.8885
10,159,14541.2822,0,2.9541,6.2556,6.2556,73.8428
10,160,14583.1218,0,1.7252,5.4044,5.4044,41.301
10,161,14826.1729,0,6.7002,13.1158,13.1158,37.2569
10,162,14918.2458,0,6.8832,13.8621,13.8621,50.3059
10,163,15019.2749,0,5.4191,9.1998,9.1998,47.269
10,164,15028.5349,0,8.8977,12.8784,12.8784,61.5927
10,165,15044.343,0,1.4158,17.0566,17.0566,52.9615
10,166,15062.9592,0,12.5453,14.0584,14.0584,47.3327
10,167,15076.7352,0,10.7206,13.9079,13.9079,100.6598
10,168,15127.9837,0,5.1239,14.265,14.265,69.7213
10,169,15127.9537,0,15.3361,30.7293,30.7293,82.2751
10,170,15203.7163,0,8.8404,21.9079,21.9079,66.4399
10,171,15251.5741,0,12.2261,34.4969,34.4969,58.6203
10,172,15284.1133,0,9.1041,12.2701,12.2701,95.1953
10,173,15275.9254,0,21.3351,22.8564,22.8564,76.7961
10,174,15371.668,0,4.6786,10.7458,10.7458,32.7653
10,175,15399.4943,0,1.2127,6.5475,6.5475,39.989
10,176,15448.5418,0,3.338,5.7334,5.7334,31.9727
10,177,15512.3352,0,2.1495,7.8076,7.8076,54.1342
10,178,15907.2666,0,0.3964,1.4601,1.4601,34.3424
10,179,15953.2396,0,2.5543,13.829,13.829,50.8261
10,180,16360.9841,0,2.5741,14.8326,14.8326,51.1679
10,181,16536.8613,0,3.1401,9.9279,9.9279,42.4956
10,182,16660.8719,0,4.7961,8.5359,8.5359,33.3163
10,183,16811.1905,0,3.6279,21.4981,21.4981,80.5608
10,184,17047.4875,0,4.1203,6.1474,6.1474,44.3798
10,185,17183.8418,0,6.8174,15.0979,15.0979,60.8148
10,186,17499.3305,0,3.3387,11.5365,11.5365,37.0137
10,187,17505.9457,0,3.7137,15.1955,15.1955,48.7384
10,188,17707.0551,0,4.3946,6.1125,6.1125,46.6778
10,189,17812.3306,0,2.4563,9.2934,9.2934,43.5057
10,190,17829.8728,0,11.8328,15.473,15.473,43.3528
10,191,17848.2726,0,17.254,22.5012,22.5012,51.4136
10,192,18108.3205,0,6.2771,12.5894,12.5894,47.6452
10,193,18149.168,0,3.6137,4.7709,4.7709,103.1284
10,194,18267.1697,0,2.016,5.7632,5.7632,50.4071
10,195,18331.9573,0,1.3081,6.0344,6.0344,19.9907
10,196,18391.4252,0,2.2888,9.6787,9.6787,65.8197
10,197,18413.2717,0,7.6065,10.6199,10.6199,54.9233
10,198,18520.5176,0,5.6094,8.7142,8.7142,35.3829
10,199,18609.4227,0,2.5338,14.2195,14.2195,34.7924
10,200,18820.6387,0,3.7296,8.4489,8.4489,31.7796
10,201,18830.7422,0,4.4339,9.4306,9.4306,42.7158
10,202,19160.4625,0,3.5612,18.7293,18.7293,77.172
10,203,19325.0357,0,1.7617,7.7854,7.7854,46.8627
10,204,19396.2982,0,3.7039,6.4734,6.4734,38.1199
10,205,19456.6268,0,4.6805,8.446,8.446,37.7392
10,206,19482.4062,0,6.4226,11.7755,11.7755,52.3627
10,207,19536.9074,0,1.0631,4.0033,4.0033,58.8799
10,208,19564.7288,0,2.5574,9.2938,9.2938,83.8734
10,209,19610.2631,0,2.0757,7.8253,7.8253,34.4729
10,210,19616.5012,0,9.8947,18.5184,18.5184,79.2257
10,211,19637.4158,0,5.3218,8.4451,8.4451,82.4365
10,212,19628.0182,0,21.3173,28.4422,28.4422,149.2373
10,213,19746.0417,0,6.3977,14.0666,14.0666,56.9719
10,214,19915.5799,0,1.2402,4.1871,4.1871,40.1355
10,215,19917.2718,0,5.9562,16.3226,16.3226,64.3759
10,216,19935.9623,0,7.1428,11.9177,11.9177,93.0787
10,217,20117.4036,0,5.3263,20.0265,20.0265,67.0746
10,218,20300.5903,0,2.827,8.9738,8.9738,30.516
10,219,20398.0073,0,7.2757,11.9069,11.9069,58.4704
10,220,20407.5808,0,3.4077,11.3531,11.3531,67.2452
10,221,20442.3192,0,4.1758,11.356,11.356,45.9402
10,222,20671.8044,0,2.9899,5.9659,5.9659,77.1711
10,223,20850.2348,0,4.2468,11.0074,11.0074,53.3037
10,224,20927.08,0,1.885,5.2422,5.2422,93.5056
10,225,20971.3281,0,6.7446,10.9217,10.9217,67.1311
10,226,20981.4938,0,4.0653,10.2918,10.2918,87.3421
10,227,21242.2619,0,10.5728,13.2206,13.2206,40.0917
10,228,21248.4077,0,9.3602,13.5364,13.5364,49.3245
10,229,21270.5564,0,13.0937,20.6429,20.6429,67.1176
10,230,21304.2245,0,2.493,6.5915,6.5915,71.6544
10,231,21336.5341,0,5.0726,8.1574,8.1574,68.168
10,232,21373.7062,0,1.7781,6.0271,6.0271,59.2077
10,233,21410.8406,0,6.0202,6.8349,6.8349,42.5234
10,234,21414.5785,0,4.3452,13.3542,13.3542,53.1067
10,235,21632.2868,0,2.402,5.9805,5.9805,44.9433
10,236,21665.8683,0,2.7908,18.9491,18.9491,46.8066
10,237,21689.6214,0,0.9547,6.3335,6.3335,31.8176
10,238,21814.1845,0,3.7231,6.5414,6.5414,58.2732
10,239,21843.8227,0,3.5903,10.0536,10.0536,49.7376
10,240,21900.3816,0,1.0264,7.4934,7.4934,27.9105
10,241,22004.6702,0,1.9102,12.9709,12.9709,41.7116
10,242,22234.2925,0,4.9374,26.4539,26.4539,53.6852
10,243,22241.5469,0,15.4443,19.6731,19.6731,59.7205
10,244,22285.9146,0,7.9567,14.1309,14.1309,36.4595
10,245,22519.8446,0,6.8298,8.275,8.275,37.4652
10,246,22520.8444,0,3.6677,7.883,7.883,66.6321
10,247,22653.2313,0,4.3368,10.7659,10.7659,55.4735
10,248,22700.9725,0,2.8858,9.0646,9.0646,58.028
10,249,22810.0271,0,6.5519,9.398,9.398,61.909
10,250,22824.2256,0,7.1695,14.5519,14.5519,70.2094
10,251,22869.6474,0,0.9833,4.837,4.837,63.607
10,252,22886.3101,0,13.591,19.4524,19.4524,71.0601
10,253,22997.9418,0,4.6321,12.0916,12.0916,38.8236
10,254,23487.6921,0,3.4965,11.2839,11.2839,71.824
10,255,23690.1473,0,4.5414,11.0857,11.0857,45.332
10,256,23743.7848,0,3.1098,8.2313,8.2313,49.0174
10,257,23811.179,0,1.4865,4.0655,4.0655,31.8006
10,258,23851.899,0,7.3938,11.1207,11.1207,51.3957
10,259,23838.1737,0,18.0057,26.1209,26.1209,49.4082
10,260,23938.5375,0,7.6144,10.7404,10.7404,77.5234
10,261,24000.6846,0,13.0776,36.4484,36.4484,33.7857
10,262,24035.0562,0,2.6741,4.7731,4.7731,78.0716
10,263,24046.8152,0,12.8336,16.1844,16.1844,68.3313
10,264,24077.1751,0,6.1638,11.5842,11.5842,59.8459
10,265,24139.1645,0,1.1468,8.6763,8.6763,55.6556
10,266,24315.2128,0,2.4424,7.3273,7.3273,47.8644
10,267,24641.4628,0,5.6583,10.5217,10.5217,38.5574
10,268,24733.2723,0,4.4287,6.2085,6.2085,30.2943
10,269,25031.0221,0,3.8839,9.6871,9.6871,51.8726
10,270,25042.2264,0,8.8728,17.1202,17.1202,40.0993
10,271,25047.3259,0,13.6561,15.6766,15.6766,60.7318
10,272,25108.4831,0,3.9097,9.049,9.049,66.768
10,273,25264.918,0,1.5663,5.1039,5.1039,65.1175
10,274,25351.2367,0,1.2031,6.3075,6.3075,38.1569
10,275,25476.1495,0,4.7569,19.1931,19.1931,46.7342
10,276,25537.3465,0,5.6852,21.5728,21.5728,43.8257
10,277,25848.3962,0,4.2572,8.2528,8.2528,60.015
10,278,26033.6951,0,6.7065,11.8568,11.8568,37.0105
10,279,26114.316,0,0.3964,5.9519,5.9519,77.7869
10,280,26605.2483,0,1.5194,4.4013,4.4013,29.4602
10,281,26627.8602,0,11.1093,23.0264,23.0264,59.0901
10,282,26684.3887,0,1.224,6.7792,6.7792,34.75
10,283,26675.9015,0,1.7564,35.25,35.25,72.1469
10,284,26847.4284,0,2.4545,6.6599,6.6599,66.6094
10,285,26950.9062,0,2.4468,4.3895,4.3895,42.3804
10,286,26963.7325,0,4.2914,16.519,16.519,60.6551
10,287,27003.2314,0,2.7666,6.8136,6.8136,44.5696
10,288,27103.9496,0,5.2003,9.1232,9.1232,59.1455
10,289,27146.4714,0,1.4636,7.2473,7.2473,35.6829
10,290,27169.0472,0,3.3374,7.2318,7.2318,29.3769
10,291,27190.7576,0,3.1676,8.6238,8.6238,35.5372
10,292,27193.3072,0,14.5873,19.6894,19.6894,49.0387
10,293,27342.9499,0,8.5406,14.3785,14.3785,44.1942
10,294,27919.488,0,5.682,6.9056,6.9056,46.9377
10,295,27934.1984,0,6.6217,10.1382,10.1382,39.2285
10,296,27973.6655,0,2.2212,10.4287,10.4287,62.3923
10,297,28002.4369,0,4.5204,14.5826,14.5826,44.9063
10,298,28040.7796,0,3.5175,21.3909,21.3909,70.5114
10,299,28086.9739,0,1.9491,4.0416,4.0416,60.5886
10,300,28115.8638,0,3.1081,8.7215,8.7215,57.5452
10,301,28125.9546,0,10.708,26.1152,26.1152,91.3155
10,302,28191.9905,0,3.6822,7.1617,7.1617,57.2188
10,303,28316.986,0,1.8739,19.9228,19.9228,44.0315
10,304,28389.3513,0,4.1806,8.167,8.167,35.7658
10,305,28436.5717,0,0.746,5.8327,5.8327,22.7442
10,306,28437.5208,0,6.0415,8.645,8.645,64.6788
10,307,28537.5824,0,4.4683,6.5157,6.5157,52.2121
10,308,28635.3757,0,6.4493,15.4057,15.4057,41.3281
10,309,28753.4616,0,5.0994,11.0951,11.0951,31.4717
10,310,28885.4287,0,3.583,22.6062,22.6062,67.3555
10,311,29297.3091,0,1.7487,8.4686,8.4686,48.6596
10,312,29390.8549,0,4.0975,16.8722,16.8722,43.5104
10,313,29438.1496,0,0.8828,6.6309,6.6309,39.8363
10,314,29523.8121,0,3.1738,11.4803,11.4803,39.0984
10,315,29585.4033,0,9.6343,12.7015,12.7015,45.383
10,316,29605.516,0,3.5221,10.8868,10.8868,80.9997
10,317,29629.7627,0,5.0644,16.9674,16.9674,54.3089
10,318,29709.8131,0,1.2978,11.0783,11.0783,27.9462
10,319,29714.5802,0,12.0719,14.1146,14.1146,35.4705
10,320,30027.3281,0,7.064,13.3443,13.3443,75.6263
10,321,30062.9277,0,12.7249,27.6481,27.6481,28.1605
10,322,30106.6578,0,6.1157,8.5815,8.5815,82.2537
10,323,30148.8395,0,2.38,26.9009,26.9009,73.1087
10,324,30199.271,0,7.7079,14.3818,14.3818,58.8668
10,325,30281.2275,0,2.679,6.3152,6.3152,57.4389
10,326,30539.7025,0,2.7391,10.6345,10.6345,74.819
10,327,30790.3014,0,3.6522,5.3501,5.3501,114.1106
10,328,30859.732,0,2.0232,8.6644,8.6644,46.522
10,329,30867.5589,0,8.1845,12.4645,12.4645,67.4983
10,330,30885.0078,0,8.5299,13.7516,13.7516,52.3876
10,331,30887.9318,0,21.9603,23.2841,23.2841,62.0391
10,332,30918.7524,0,9.3759,12.9259,12.9259,39.2544
10,333,30916.6441,0,14.9064,18.8697,18.8697,64.4126
10,334,30946.0726,0,1.4608,2.5485,2.5485,66.9682
10,335,30974.6053,0,23.0599,27.5897,27.5897,87.0631
10,336,31022.8145,0,10.4375,15.2209,15.2209,64.843
10,337,31015.5478,0,6.9697,33.988,33.988,79.5434
10,338,31119.4863,0,1.2808,4.2315,4.2315,32.112
10,339,31152.0698,0,3.4666,8.9129,8.9129,126.773
10,340,31292.9644,0,3.465,6.1372,6.1372,30.4862
10,341,31337.0981,0,0.8359,3.651,3.651,61.3438
10,342,31426.2285,0,4.4564,11.8423,11.8423,55.1214
10,343,31467.5868,0,6.5837,11.2443,11.2443,72.3657
10,344,31511.5199,0,4.3878,10.4367,10.4367,38.346
10,345,31523.9499,0,3.1878,11.6723,11.6723,56.1545
10,346,31546.682,0,3.0501,6.069,6.069,43.8673
10,347,31699.4868,0,3.9055,7.9136,7.9136,31.0638
10,348,31699.6602,0,0.7444,11.7744,11.7744,46.9321
10,349,31889.6886,0,2.1926,4.6534,4.6534,40.8246
10,350,32278.6463,0,2.8478,7.6243,7.6243,58.1872
10,351,32500.297,0,4.0198,7.1515,7.1515,61.3749
10,352,32566.7811,0,0.0791,4.7561,4.7561,50.2558
10,353,32588.6012,0,5.5183,11.0252,11.0252,67.3683
10,354,32692.7029,0,3.0647,11.235,11.235,54.621
10,355,32790.439,0,1.6988,28.6653,28.6653,80.9641
10,356,32830.8513,0,2.561,6.3919,6.3919,83.8371
10,357,32904.2437,0,8.6569,13.0559,13.0559,39.4512
10,358,32931.0958,0,4.4798,8.977,8.977,47.1892
10,359,32943.9525,0,2.8327,22.0415,22.0415,62.781
10,360,33060.2962,0,1.6763,6.5174,6.5174,51.3116
10,361,33093.5132,0,3.8602,10.3499,10.3499,93.1262
10,362,33227.9126,0,7.751,10.6049,10.6049,33.0647
10,363,33577.0216,0,3.7655,7.1834,7.1834,49.1846
10,364,33786.3356,0,3.4075,9.2147,9.2147,77.604
10,365,33822.4113,0,2.4461,12.5886,12.5886,44.3188
10,366,33826.6448,0,11.6933,19.8002,19.8002,59.9213
10,367,33890.1813,0,5.0118,8.7386,8.7386,69.3574
10,368,33921.7667,0,7.3287,10.7372,10.7372,63.6691
10,369,34174.1776,0,8.5834,20.4232,20.4232,73.4015
10,370,34288.5147,0,6.6735,12.4399,12.4399,44.2677
10,371,34322.9441,0,6.2439,8.944,8.944,44.0764
10,372,34335.0598,0,7.1757,25.0194,25.0194,49.7866
10,373,34484.7194,0,3.2594,19.3228,19.3228,46.2997
10,374,34627.464,0,2.6849,11.4812,11.4812,57.5895
10,375,34781.5298,0,6.0097,20.0593,20.0593,72.9437
10,376,34901.8761,0,3.9953,8.062,8.062,45.0345
10,377,35100.1373,0,3.1232,15.3099,15.3099,78.4981
10,378,35124.8865,0,5.9071,12.9746,12.9746,69.0492
10,379,35136.4865,0,7.2956,9.5195,9.5195,57.5391
10,380,35159.3248,0,0.4881,5.0621,5.0621,111.2043
10,381,35271.2283,0,11.9827,16.4138,16.4138,69.8385
10,382,35322.5486,0,4.4833,12.298,12.298,40.9585
10,383,35395.2698,0,3.425,6.5976,6.5976,51.0368
10,384,35404.4049,0,9.6966,13.5121,13.5121,54.9444
10,385,35444.6539,0,2.2366,36.5953,36.5953,91.5051
10,386,35608.027,0,1.8789,9.2648,9.2648,43.934
10,387,35635.3153,0,6.1185,10.8994,10.8994,50.3816
10,388,35650.8576,0,9.2877,12.1823,12.1823,94.4891
10,389,35659.8584,0,5.5616,6.0889,6.0889,72.5863
10,390,35894.2773,0,1.8353,7.5793,7.5793,90.0488
10,391,35923.7249,0,2.1364,4.704,4.704,66.9665
10,392,36588.669,0,4.6213,8.5943,8.5943,38.3504
10,393,36625.0527,0,3.3181,6.2099,6.2099,47.4307
10,394,36713.8147,0,3.0591,63.0591,63.0591,109.7833
10,395,36775.073,0,7.0656,12.0456,12.0456,67.5134
10,396,36823.9926,0,4.5204,7.1979,7.1979,45.3438
10,397,37123.2481,0,3.0336,5.2941,5.2941,43.2249
10,398,37087.6959,0,5.1325,65.1325,65.1325,101.3177
10,399,37213.7739,0,3.6192,8.7102,8.7102,56.6139
10,400,37301.4769,0,10.1802,16.8605,16.8605,78.0693
10,401,37505.9179,0,2.6181,11.2825,11.2825,38.3268
10,402,37943.2947,0,1.8109,6.1401,6.1401,39.6646
10,403,38160.245,0,2.488,5.8983,5.8983,91.8232
10,404,38246.1302,0,5.1717,22.4887,22.4887,18.9196
10,405,38275.9532,0,5.2642,12.0654,12.0654,32.8266
10,406,38281.2822,0,4.6504,8.4976,8.4976,82.5378
10,407,38283.376,0,11.2222,13.6519,13.6519,52.2504
10,408,38298.4751,0,8.4355,12.7,12.7,43.7353
10,409,38317.8618,0,4.8662,6.0804,6.0804,27.293
10,410,38334.6671,0,11.4502,33.451,33.451,74.308
10,411,38399.6999,0,2.9334,10.2903,10.2903,42.142
10,412,38430.4138,0,2.7743,4.4525,4.4525,48.8968
10,413,38448.5063,0,3.381,12.4899,12.4899,48.0237
10,414,38590.408,0,5.7195,6.9322,6.9322,77.8443
10,415,38621.8502,0,13.1152,15.4184,15.4184,77.9124
10,416,38669.854,0,11.9459,20.1314,20.1314,42.6424
10,417,38816.7174,0,6.0005,11.3352,11.3352,42.8108
10,418,38962.4911,0,6.2736,10.8753,10.8753,39.1255
10,419,39157.3478,0,3.9967,9.4684,9.4684,60.3728
10,420,39300.4503,0,3.6368,7.2371,7.2371,40.9813
10,421,39312.2251,0,12.2772,31.9507,31.9507,54.9482
10,422,39389.6819,0,1.5858,4.1145,4.1145,42.9373
10,423,39417.4491,0,6.0769,9.5819,9.5819,34.4525
10,424,39437.3532,0,12.2823,17.1812,17.1812,57.6627
10,425,39459.461,0,9.1102,22.8342,22.8342,58.0125
10,426,39557.1089,0,4.6213,9.6634,9.6634,50.0799
10,427,39641.6024,0,3.6399,6.5646,6.5646,40.7446
10,428,39730.4512,0,2.9672,6.0057,6.0057,28.654
10,429,39745.6919,0,5.3067,5.5672,5.5672,66.4341
10,430,39874.9553,0,2.6409,11.2561,11.2561,36.006
10,431,39883.4142,0,8.679,11.0766,11.0766,38.5522
10,432,39939.1336,0,4.9167,10.6616,10.6616,44.7306
10,433,39945.1891,0,3.2562,9.8576,9.8576,43.9122
10,434,39964.3333,0,0.4281,6.641,6.641,75.5389
10,435,40010.3085,0,6.7755,10.6646,10.6646,35.0668
10,436,40025.7274,0,5.1701,13.7486,13.7486,58.8227
10,437,40011.1527,0,11.1656,29.874,29.874,63.0585
10,438,40169.5366,0,3.5692,12.5775,12.5775,64.2352
10,439,40221.5419,0,4.6742,14.2881,14.2881,77.4551
10,440,40351.7429,0,4.5737,11.2673,11.2673,45.4275
10,441,40468.2467,0,2.3521,45.1951,45.1951,66.0323
10,442,40710.7872,0,4.3986,14.0879,14.0879,33.2438
10,443,40850.0806,0,4.5781,7.1175,7.1175,54.1609
10,444,40944.397,0,2.2008,36.6264,36.6264,62.4008
10,445,40977.2356,0,6.6708,9.7474,9.7474,58.1224
10,446,40985.7713,0,2.1244,8.3596,8.3596,65.4345
10,447,41003.9468,0,9.9524,12.9655,12.9655,52.6616
10,448,41154.3773,0,3.1876,17.2384,17.2384,90.8765
10,449,41201.2184,0,10.5542,13.4041,13.4041,47.7272
10,450,41211.5891,0,4.2281,18.1797,18.1797,73.5342
10,451,41318.2365,0,3.7018,5.4156,5.4156,33.8054
10,452,41330.4021,0,4.7732,9.3486,9.3486,57.6354
10,453,41351.0058,0,4.6066,10.4433,10.4433,58.9922
10,454,41418.0122,0,4.9037,8.8133,8.8133,49.0749
10,455,41456.8747,0,7.0288,13.3818,13.3818,36.0636
10,456,41499.2488,0,10.7886,20.0611,20.0611,69.7451
10,457,41580.8318,0,1.5358,12.9335,12.9335,73.3771
10,458,41617.2945,0,2.5753,7.216,7.216,72.5256
10,459,41675.0459,0,2.8545,6.8427,6.8427,31.1939
10,460,41729.1919,0,1.7008,5.2292,5.2292,46.0882
10,461,41965.736,0,1.9114,5.6665,5.6665,41.5645
10,462,41988.288,0,5.9334,19.447,19.447,43.9566
10,463,42384.5561,0,6.5522,11.0626,11.0626,43.7849
10,464,42448.4008,0,3.5395,7.7392,7.7392,59.7495
10,465,42554.4753,0,7.075,12.7965,12.7965,60.7376
10,466,42587.5296,0,3.2063,5.779,5.779,46.8967
10,467,42619.6728,0,7.0651,10.2249,10.2249,50.3967
10,468,42646.2031,0,7.3988,26.5304,26.5304,67.9401
10,469,42689.5448,0,12.0456,17.0325,17.0325,72.1905
10,470,42946.1537,0,7.9319,12.0303,12.0303,61.6888
10,471,43136.2409,0,3.4224,9.3384,9.3384,41.8856
11,1,0.0,0,3.9352,9.813,9.813,53.5087
11,2,342.5548,0,2.5312,6.5263,6.5263,55.0934
11,3,386.235,0,5.8054,26.5574,26.5574,68.5585
11,4,422.7918,0,8.4458,9.8716,9.8716,43.6492
11,5,558.7196,0,8.5674,12.5356,12.5356,50.9523
11,6,626.7822,0,2.51,6.4841,6.4841,56.7261
11,7,684.3467,0,2.7769,6.2133,6.2133,31.4252
11,8,701.7149,0,7.3435,8.3485,8.3485,82.4167
11,9,733.4527,0,15.8425,20.5985,20.5985,71.8232
11,10,749.5187,0,1.7058,6.0543,6.0543,90.1446
11,11,787.5814,0,5.0196,19.569,19.569,39.4703
11,12,799.3513,0,9.9335,11.1413,11.1413,83.3659
11,13,860.0188,0,1.3375,5.6163,5.6163,61.9321
11,14,875.9214,0,4.7867,10.3998,10.3998,93.1005
11,15,969.7982,0,3.8296,14.4014,14.4014,43.8858
11,16,1008.8159,0,5.8675,14.0804,14.0804,73.2621
11,17,1039.4573,0,5.7448,10.5732,10.5732,49.7046
11,18,1106.5037,0,3.3178,10.6653,10.6653,45.0857
11,19,1161.796,0,5.0409,8.3499,8.3499,41.8169
11,20,1352.0278,0,2.5614,6.7443,6.7443,76.6599
11,21,1879.4785,0,3.5199,7.5161,7.5161,40.8232
11,22,1877.0489,0,10.2141,17.0534,17.0534,47.1522
11,23,1940.8563,0,6.9583,36.2929,36.2929,95.2338
11,24,2101.4137,0,5.0046,11.9653,11.9653,27.3589
11,25,2222.444,0,0.9562,4.5196,4.5196,37.7622
11,26,2219.5675,0,4.6506,8.7995,8.7995,60.0132
11,27,2269.637,0,5.7747,10.014,10.014,68.278
11,28,2374.7191,0,2.5211,5.0373,5.0373,44.2899
11,29,2596.456,0,13.6374,16.6089,16.6089,52.7087
11,30,2707.7649,0,6.6735,9.6212,9.6212,67.3177
11,31,2769.5595,0,7.194,11.7523,11.7523,92.037
11,32,2844.909,0,2.7666,4.1328,4.1328,39.9593
11,33,3177.7101,0,3.2633,9.9098,9.9098,69.1373
11,34,3327.6868,0,5.3208,6.8786,6.8786,46.0134
11,35,3353.5878,0,2.0015,8.0323,8.0323,89.4966
11,36,3584.8043,0,4.3782,9.7609,9.7609,63.1693
11,37,3685.6763,0,4.7534,29.3829,29.3829,98.3988
11,38,3727.8539,0,15.2784,20.081,20.081,66.0054
11,39,3733.5057,0,11.3391,16.6546,16.6546,73.5776
11,40,3739.8575,0,13.6561,22.5686,22.5686,84.1343
11,41,3769.7041,0,26.4822,29.5133,29.5133,71.1889
11,42,3835.3592,0,12.7983,36.1033,36.1033,80.3527
11,43,3924.7243,0,14.4708,16.1746,16.1746,90.7027
11,44,4020.8246,0,0.9178,4.9574,4.9574,40.9133
11,45,4099.7691,0,5.6458,9.2185,9.2185,87.7529
11,46,4177.4777,0,1.3821,4.3231,4.3231,47.899
11,47,4995.5352,0,2.093,2.6578,2.6578,35.8604
11,48,5013.6234,0,1.4158,8.0452,8.0452,44.014
11,49,5041.6321,0,5.1641,7.5058,7.5058,52.836
11,50,5154.9829,0,3.2063,6.4362,6.4362,65.996
11,51,5165.2578,0,13.3791,17.8398,17.8398,61.0129
11,52,5372.637,0,0.8636,3.2556,3.2556,80.2899
11,53,5426.5327,0,9.7768,13.6715,13.6715,52.3592
11,54,5428.7767,0,5.5699,17.0843,17.0843,78.7332
11,55,5460.4191,0,11.7101,17.4064,17.4064,66.2369
11,56,5505.0117,0,2.8336,5.7241,5.7241,38.1398
11,57,5552.5184,0,4.6936,11.1476,11.1476,60.322
11,58,5662.1436,0,2.1649,7.0717,7.0717,41.6727
11,59,5839.216,0,2.4383,6.6304,6.6304,48.8711
11,60,5856.9578,0,4.6429,14.7452,14.7452,100.7809
11,61,6286.2232,0,5.4679,13.4998,13.4998,54.5739
11,62,6413.5876,0,1.8248,11.1053,11.1053,64.6309
11,63,6534.493,0,2.4008,10.5774,10.5774,46.5851
11,64,6586.6525,0,11.8596,17.0176,17.0176,46.9334
11,65,6639.8554,0,4.7752,8.1557,8.1557,33.5598
11,66,6644.9534,0,1.1548,4.4814,4.4814,47.1027
11,67,6732.302,0,2.8398,14.0157,14.0157,63.3155
11,68,6794.7716,0,14.2005,30.0986,30.0986,92.9735
11,69,7043.8469,0,4.7043,10.5154,10.5154,58.0775
11,70,7064.8526,0,3.2499,10.453,10.453,41.7668
11,71,7415.4357,0,2.6655,5.6659,5.6659,34.9429
11,72,7566.3732,0,2.7733,10.984,10.984,37.0414
11,73,7621.0048,0,2.5357,6.9708,6.9708,70.6886
11,74,7622.4185,0,3.3128,11.8814,11.8814,74.5525
11,75,7635.4922,0,5.33,28.9295,28.9295,54.2268
11,76,7659.2813,0,0.4047,7.3163,7.3163,80.0988
11,77,7867.4871,0,3.3611,6.8835,6.8835,43.4791
11,78,7969.4292,0,1.8345,6.8907,6.8907,73.2623
11,79,8085.8184,0,5.9808,11.7861,11.7861,99.3071
11,80,8116.1519,0,11.3115,17.2297,17.2297,73.8928
11,81,8450.2768,0,1.1271,2.9636,2.9636,68.8997
11,82,8506.2614,0,2.5753,7.4681,7.4681,54.9373
11,83,8532.0476,0,5.8362,11.0336,11.0336,59.0081
11,84,8599.9538,0,2.4798,9.5638,9.5638,43.016
11,85,8668.2639,0,2.3316,10.5316,10.5316,34.1801
11,86,8738.9742,0,5.0916,8.6203,8.6203,23.9777
11,87,8915.6218,0,2.7889,4.5367,4.5367,58.434
11,88,9075.9499,0,1.3783,13.0266,13.0266,50.7616
11,89,9238.9838,0,2.1582,5.0795,5.0795,49.7316
11,90,9297.2652,0,1.9327,4.5007,4.5007,44.4194
11,91,9299.1472,0,3.3891,6.6985,6.6985,46.999
11,92,9781.3098,0,5.9439,9.0427,9.0427,49.3798
11,93,9995.2586,0,4.6012,5.5826,5.5826,63.6805
11,94,10201.4308,0,4.06,10.324,10.324,53.7497
11,95,10362.1364,0,6.0766,10.5506,10.5506,67.5913
11,96,10515.9927,0,1.8471,5.3588,5.3588,34.1896
11,97,10577.1679,0,4.4585,8.8888,8.8888,33.4664
11,98,10713.5144,0,1.3598,10.0888,10.0888,47.335
11,99,10740.375,0,0.3914,3.47,3.47,41.7642
11,100,10770.1561,0,3.4436,6.1961,6.1961,49.6594
11,101,10828.8658,0,2.6803,13.6745,13.6745,41.6509
11,102,10894.2545,0,2.7266,6.5448,6.5448,55.7696
11,103,10961.8227,0,3.464,18.4765,18.4765,59.8299
11,104,11107.9605,0,5.392,14.3809,14.3809,50.8549
11,105,11596.3981,0,2.1926,4.5335,4.5335,41.1562
11,106,11687.0148,0,5.3071,24.0722,24.0722,87.6168
11,107,11846.1439,0,3.5803,13.1381,13.1381,52.1601
11,108,12004.1206,0,4.0073,9.3763,9.3763,54.4737
11,109,12127.5108,0,6.4568,12.9651,12.9651,92.2657
11,110,12187.4826,0,5.2394,22.9985,22.9985,52.4002
11,111,12202.0489,0,6.1669,11.0714,11.0714,43.7851
11,112,12419.2948,0,3.4075,5.2466,5.2466,46.1862
11,113,12489.6792,0,3.9075,10.5493,10.5493,49.44
11,114,12520.6524,0,3.893,12.4698,12.4698,38.7198
11,115,12748.0344,0,2.7717,5.854,5.854,60.7203
11,116,12777.7094,0,1.5666,15.1025,15.1025,73.2521
11,117,12791.2983,0,8.0034,16.6199,16.6199,71.4493
11,118,13161.5553,0,4.0095,6.6231,6.6231,71.5602
11,119,13255.1859,0,0.6213,9.4057,9.4057,35.6335
11,120,13423.8434,0,5.7899,9.9687,9.9687,48.7032
11,121,13637.5069,0,1.0631,2.5638,2.5638,34.4775
11,122,13682.1509,0,11.4799,13.3719,13.3719,100.5726
11,123,13706.3876,0,11.8708,14.4016,14.4016,89.9743
11,124,13760.7534,0,7.3377,10.3695,10.3695,38.0
11,125,13786.697,0,15.5758,19.5479,19.5479,77.2236
11,126,13868.0103,0,1.7617,2.858,2.858,29.1586
11,127,13871.0591,0,1.9206,5.1438,5.1438,46.8598
11,128,13906.1906,0,3.9635,6.8619,6.8619,42.0734
11,129,13906.5675,0,14.2383,19.6931,19.6931,64.8285
11,130,13912.1013,0,9.4222,16.3826,16.3826,68.6786
11,131,13937.497,0,3.8647,9.039,9.039,43.1776
11,132,13959.7131,0,13.2177,18.2809,18.2809,52.6315
11,133,14123.1768,0,4.0667,11.3756,11.3756,54.237
11,134,14166.5049,0,3.6811,11.993,11.993,23.0271
11,135,14186.4585,0,4.9369,9.4898,9.4898,50.1146
11,136,14195.1546,0,0.6245,5.1634,5.1634,61.0989
11,137,14281.2078,0,1.9577,12.7536,12.7536,46.2817
11,138,14616.4953,0,2.3191,36.7879,36.7879,83.0751
11,139,14991.8024,0,2.3153,4.5402,4.5402,72.7468
11,140,15114.5116,0,4.4062,6.6844,6.6844,43.7221
11,141,15113.03,0,5.768,13.6737,13.6737,48.9803
11,142,15165.7998,0,6.9296,11.0565,11.0565,40.8145
11,143,15223.0619,0,1.7012,4.4545,4.4545,23.9174
11,144,15267.6909,0,4.6845,8.3811,8.3811,94.5893
11,145,15306.2816,0,5.3695,10.3084,10.3084,100.9222
11,146,15327.4612,0,1.9015,6.1141,6.1141,100.549
11,147,15316.132,0,8.4355,23.7366,23.7366,161.5781
11,148,15557.3522,0,4.18,8.3808,8.3808,61.7464
11,149,15568.9994,0,8.5665,20.8071,20.8071,64.2084
11,150,15600.1724,0,1.9078,4.9117,4.9117,48.7753
11,151,15652.8355,0,3.0532,7.863,7.863,33.7323
11,152,15638.8954,0,10.5965,23.7987,23.7987,68.3695
11,153,15693.8251,0,4.2389,7.2672,7.2672,43.77
11,154,15696.2668,0,8.3904,15.9781,15.9781,55.3544
11,155,15760.7358,0,1.1085,6.9694,6.9694,51.1275
11,156,15804.0808,0,4.9087,10.5698,10.5698,49.8298
11,157,15797.9534,0,5.3356,33.2956,33.2956,72.4062
11,158,15915.9313,0,1.1859,7.9212,7.9212,19.1364
11,159,16007.1262,0,5.6223,8.1992,8.1992,52.1136
11,160,16206.8352,0,0.805,7.0187,7.0187,47.528
11,161,16292.9472,0,6.5293,9.8122,9.8122,63.1804
11,162,16434.4434,0,7.4577,10.4102,10.4102,55.96
11,163,16421.7515,0,2.0776,29.5152,29.5152,77.765
11,164,16481.4949,0,2.9759,5.9272,5.9272,50.2279
11,165,16612.369,0,5.3385,8.7283,8.7283,40.3439
11,166,16883.5189,0,1.4159,11.34,11.34,46.774
11,167,16951.172,0,1.6403,9.8048,9.8048,39.1882
11,168,16967.9518,0,11.9314,22.1472,22.1472,53.7846
11,169,16984.6192,0,2.2888,6.7021,6.7021,74.31
11,170,17003.7574,0,3.014,10.6226,10.6226,50.2602
11,171,17129.239,0,6.8613,12.8138,12.8138,44.6926
11,172,17211.8819,0,4.8681,6.8851,6.8851,62.7189
11,173,17220.5733,0,3.4491,10.7806,10.7806,73.6257
11,174,17392.4434,0,8.0865,18.9509,18.9509,68.3186
11,175,17778.6357,0,4.6213,7.7459,7.7459,43.0183
11,176,17869.0803,0,1.7751,6.1005,6.1005,25.5031
11,177,18018.365,0,1.7012,4.4149,4.4149,46.9733
11,178,18101.741,0,6.4857,12.2759,12.2759,61.4576
11,179,18177.0222,0,7.3603,11.1311,11.1311,60.4182
11,180,18268.139,0,1.1966,4.5439,4.5439,69.7864
11,181,18368.8785,0,5.0803,14.5452,14.5452,45.7028
11,182,18512.6263,0,4.3449,9.1602,9.1602,39.0036
11,183,18534.9826,0,5.4065,7.0856,7.0856,66.84
11,184,18789.4748,0,3.9683,7.9733,7.9733,54.2558
11,185,18818.783,0,9.2632,11.6369,11.6369,107.7397
11,186,18837.0709,0,8.4968,15.0333,15.0333,101.908
11,187,18902.5049,0,2.8829,6.7352,6.7352,76.1526
11,188,19170.3611,0,13.1486,17.3629,17.3629,64.6979
11,189,19262.1943,0,7.3797,13.9678,13.9678,118.14
11,190,19290.7061,0,4.5505,25.8594,25.8594,107.4842
11,191,19342.9022,0,4.8029,23.1394,23.1394,90.2663
11,192,19444.101,0,2.0237,55.4451,55.4451,131.9459
11,193,19488.0012,0,3.5513,39.7998,39.7998,107.6376
11,194,19610.0861,0,3.001,33.2759,33.2759,76.7508
11,195,19889.7569,0,4.0128,15.9534,15.9534,31.1627
11,196,19945.1924,0,2.8933,8.7783,8.7783,73.9601
11,197,19989.2926,0,6.1909,8.0575,8.0575,32.029
11,198,20027.8482,0,1.4139,3.7253,3.7253,44.5671
11,199,20660.8638,0,6.5849,11.3326,11.3326,38.2448
11,200,20707.0101,0,1.6595,27.9738,27.9738,66.1213
11,201,20755.0457,0,2.0071,6.4062,6.4062,76.0509
11,202,20869.7716,0,3.1546,15.2289,15.2289,122.1284
11,203,20966.8278,0,4.9144,7.508,7.508,45.7322
11,204,21047.1827,0,6.1499,10.2543,10.2543,44.5339
11,205,21085.4631,0,4.4817,7.96,7.96,65.0479
11,206,21099.5252,0,3.3301,7.392,7.392,48.8134
11,207,21102.0366,0,2.2212,12.0901,12.0901,65.8526
11,208,21107.7786,0,4.4426,6.6912,6.6912,84.0842
11,209,21261.0169,0,8.4834,68.4834,68.4834,31.3049
11,210,21327.4322,0,2.1673,4.7721,4.7721,126.0743
11,211,21416.0962,0,3.7212,8.9789,8.9789,54.4112
11,212,21437.9232,0,2.4174,5.1625,5.1625,42.465
11,213,21439.0323,0,2.4252,4.3365,4.3365,58.2239
11,214,21470.3918,0,3.0119,9.6273,9.6273,49.3264
11,215,21498.4668,0,2.7141,8.1089,8.1089,48.3609
11,216,21751.2933,0,4.2813,6.8921,6.8921,40.8026
11,217,21911.3134,0,5.5371,8.7078,8.7078,43.9145
11,218,22060.6167,0,5.4215,9.8889,9.8889,34.1264
11,219,22151.2293,0,3.4139,5.5582,5.5582,55.7981
11,220,22182.9707,0,4.1646,6.5529,6.5529,49.8912
11,221,22199.4366,0,10.557,12.6124,12.6124,65.8422
11,222,22196.3997,0,9.1772,17.5114,17.5114,96.7496
11,223,22233.2061,0,4.9377,15.1897,15.1897,119.0802
11,224,22322.5501,0,15.0675,16.4274,16.4274,51.3005
11,225,22349.1318,0,3.6137,6.0775,6.0775,57.7256
11,226,22345.4472,0,7.8628,10.1272,10.1272,86.1467
11,227,22373.2237,0,2.4319,8.347,8.347,59.78
11,228,22395.2347,0,15.61,19.8712,19.8712,64.8611
11,229,22422.8592,0,2.5149,3.4525,3.4525,58.3707
11,230,22439.9101,0,7.4401,18.8861,18.8861,82.2909
11,231,22566.0101,0,5.4761,9.2699,9.2699,58.033
11,232,22713.5414,0,4.7303,7.0095,7.0095,36.9941
11,233,22767.6347,0,2.8815,6.0441,6.0441,60.3261
11,234,22791.6918,0,1.0943,4.0838,4.0838,43.4578
11,235,22894.7189,0,2.7195,9.7197,9.7197,77.6154
11,236,23063.6013,0,5.9836,18.4963,18.4963,49.5169
11,237,23546.935,0,2.3444,8.2334,8.2334,85.0962
11,238,23596.4425,0,6.2876,11.0439,11.0439,41.4221
11,239,23763.4558,0,1.7487,7.2066,7.2066,53.2503
11,240,23868.9746,0,2.2748,5.7736,5.7736,53.8144
11,241,23958.3569,0,3.0795,8.4342,8.4342,46.4859
11,242,23947.8069,0,4.8702,24.6451,24.6451,79.0102
11,243,24014.9116,0,0.836,5.4506,5.4506,36.6585
11,244,24133.5194,0,6.0888,10.1302,10.1302,55.5725
11,245,24618.1819,0,1.4868,6.8357,6.8357,36.0551
11,246,24969.2794,0,1.8639,11.5395,11.5395,37.285
11,247,25041.3386,0,3.9911,8.2756,8.2756,45.4919
11,248,25204.367,0,0.2268,4.6905,4.6905,45.0286
11,249,25239.0787,0,13.0507,29.4726,29.4726,105.2273
11,250,25327.3876,0,4.3722,5.0848,5.0848,60.0718
11,251,25344.7914,0,6.163,9.9226,9.9226,48.1763
11,252,25411.4855,0,0.9562,6.7331,6.7331,30.6525
11,253,25530.7689,0,5.3042,7.8446,7.8446,44.3527
11,254,25606.2505,0,3.3854,10.7029,10.7029,80.8966
11,255,25729.8822,0,2.7196,12.6248,12.6248,36.9437
11,256,25730.3773,0,2.6746,25.796,25.796,61.794
11,257,25778.5597,0,2.4585,6.592,6.592,46.55
11,258,25786.6172,0,6.1728,27.3274,27.3274,48.2919
11,259,25864.045,0,5.3007,7.3982,7.3982,30.4699
11,260,25954.3537,0,3.2147,4.727,4.727,31.5629
11,261,26101.2443,0,3.2361,4.7661,4.7661,61.7121
11,262,26091.8417,0,4.2355,26.3134,26.3134,68.0325
11,263,26308.2386,0,2.976,8.8045,8.8045,40.7147
11,264,26284.0992,0,4.9163,64.9163,64.9163,116.4512
11,265,26367.5125,0,1.8865,7.4194,7.4194,36.81
11,266,26442.365,0,1.8597,14.4876,14.4876,53.1359
11,267,26509.967,0,3.7336,7.8181,7.8181,37.6173
11,268,26560.4107,0,3.0455,9.4366,9.4366,46.485
11,269,26665.4161,0,2.9167,10.1199,10.1199,44.1235
11,270,26669.4153,0,6.3056,9.8322,9.8322,47.0528
11,271,26805.7226,0,1.8052,5.4047,5.4047,52.2538
11,272,27001.0642,0,4.5361,16.7462,16.7462,50.2924
11,273,27039.6033,0,4.4436,10.9538,10.9538,49.5233
11,274,27235.489,0,8.5665,20.1736,20.1736,75.9831
11,275,27257.6458,0,5.5072,13.9201,13.9201,56.4694
11,276,27429.6273,0,4.2335,6.7368,6.7368,41.751
11,277,27593.3367,0,4.155,5.086,5.086,27.5272
11,278,27858.656,0,7.0851,15.2645,15.2645,37.3661
11,279,28035.6526,0,1.5364,3.6409,3.6409,26.8051
11,280,28123.7864,0,2.488,3.7989,3.7989,72.4141
11,281,28113.1381,0,9.2326,15.2631,15.2631,79.3334
11,282,28129.6961,0,6.2093,11.9532,11.9532,80.4048
11,283,28135.7703,0,15.9154,27.5047,27.5047,84.6505
11,284,28169.3198,0,19.7536,24.9256,24.9256,57.7476
11,285,28266.5921,0,6.9001,10.9993,10.9993,35.7842
11,286,28514.3192,0,3.3402,14.2397,14.2397,41.9307
11,287,28612.9388,0,3.2765,19.7789,19.7789,57.3036
11,288,28653.5339,0,7.7704,8.8221,8.8221,46.3002
11,289,28670.5498,0,12.3959,14.6555,14.6555,65.2819
11,290,28891.8582,0,5.1432,7.0413,7.0413,87.9845
11,291,29107.7758,0,5.9836,8.2804,8.2804,22.4405
11,292,29274.373,0,7.1286,10.6344,10.6344,64.0861
11,293,29281.547,0,5.9599,14.0082,14.0082,96.5776
11,294,29476.4896,0,2.6333,11.4264,11.4264,76.8619
11,295,29549.9024,0,11.6062,14.509,14.509,94.233
11,296,29676.5592,0,3.6347,4.3703,4.3703,51.9047
11,297,29705.0644,0,13.2567,14.6013,14.6013,41.9007
11,298,29742.962,0,8.9576,14.4762,14.4762,55.5268
11,299,29838.5966,0,3.9234,19.6125,19.6125,37.5908
11,300,29902.3341,0,5.3453,8.092,8.092,32.5828
11,301,29907.7998,0,6.5849,9.1583,9.1583,54.9787
11,302,29913.5453,0,1.6487,6.528,6.528,86.9488
11,303,29954.0232,0,11.6502,15.4779,15.4779,65.5752
11,304,30027.8046,0,3.5325,8.6938,8.6938,31.2745
11,305,30055.0819,0,3.1676,7.0514,7.0514,43.2434
11,306,30075.3775,0,1.8245,7.2605,7.2605,29.8328
11,307,30135.4681,0,6.5463,8.8327,8.8327,45.332
11,308,30285.2718,0,8.4049,11.9741,11.9741,79.0159
11,309,30318.6317,0,3.2651,6.0128,6.0128,77.3021
11,310,30353.8496,0,9.6068,15.8806,15.8806,79.6691
11,311,30496.3017,0,3.3492,6.9487,6.9487,47.5664
11,312,30650.503,0,1.7585,4.4072,4.4072,36.7983
11,313,30663.1201,0,3.3511,7.3622,7.3622,59.3893
11,314,30845.3026,0,1.3893,3.1954,3.1954,36.2063
11,315,30844.5482,0,6.2119,10.405,10.405,48.8919
11,316,30935.2851,0,6.2119,22.8438,22.8438,20.6618
11,317,30963.4774,0,3.1401,6.5548,6.5548,62.5052
11,318,30989.7453,0,2.6177,8.4904,8.4904,62.7205
11,319,31020.7221,0,4.6626,12.0087,12.0087,61.0481
11,320,31022.6477,0,3.9194,10.9726,10.9726,82.7106
11,321,31081.6812,0,9.0922,11.3896,11.3896,43.8588
11,322,31221.5933,0,4.4513,8.3965,8.3965,41.4667
11,323,31252.2733,0,1.4597,13.4211,13.4211,57.5027
11,324,31419.9808,0,4.8937,9.9789,9.9789,58.4693
11,325,31789.0111,0,4.0242,8.0253,8.0253,33.452
11,326,31980.8049,0,1.2381,5.5569,5.5569,50.1151
11,327,32005.7316,0,3.4223,12.2415,12.2415,73.6074
11,328,32196.9655,0,6.4652,13.8841,13.8841,62.2722
11,329,32197.3445,0,5.9071,13.7231,13.7231,53.2847
11,330,32210.3255,0,3.1934,4.8282,4.8282,98.3385
11,331,32282.7918,0,5.6193,7.7771,7.7771,44.4715
11,332,32343.0335,0,6.3157,15.0662,15.0662,70.7694
11,333,32396.7843,0,2.9313,20.025,20.025,77.5232
11,334,32393.7744,0,16.137,27.1501,27.1501,89.2167
11,335,32448.5833,0,2.0856,5.9129,5.9129,50.5594
11,336,32492.532,0,2.7853,7.394,7.394,52.5207
11,337,32513.0841,0,13.59,17.6658,17.6658,68.6773
11,338,32548.3304,0,7.7408,13.3426,13.3426,52.0034
11,339,32652.4529,0,8.0447,14.2049,14.2049,55.9545
11,340,32772.2294,0,0.9883,9.6565,9.6565,62.628
11,341,32878.0706,0,3.0614,4.4612,4.4612,30.7798
11,342,33022.2327,0,3.0155,9.9084,9.9084,43.4218
11,343,33027.7757,0,0.8694,8.0324,8.0324,64.5242
11,344,33056.1492,0,3.9779,7.3959,7.3959,38.459
11,345,33077.9064,0,3.7763,7.3336,7.3336,39.9734
11,346,33101.4765,0,9.9204,18.6924,18.6924,54.6968
11,347,33245.9972,0,2.0552,11.5912,11.5912,41.0912
11,348,33385.4065,0,0.8357,4.1835,4.1835,24.9087
11,349,33491.3172,0,3.0721,12.0463,12.0463,48.4118
11,350,33570.4806,0,5.0154,7.2357,7.2357,59.4171
11,351,33612.7473,0,6.8618,15.6428,15.6428,50.1515
11,352,33672.6487,0,1.9327,5.9705,5.9705,70.6825
11,353,33684.5234,0,5.0583,26.2354,26.2354,66.8703
11,354,33767.6156,0,3.4228,9.7524,9.7524,52.3791
11,355,33800.186,0,2.8867,14.7091,14.7091,62.9408
11,356,33824.7655,0,8.946,13.1854,13.1854,50.2013
11,357,33827.7473,0,5.5611,12.141,12.141,67.2801
11,358,33892.4929,0,4.2108,5.9896,5.9896,29.5817
11,359,33887.6286,0,3.425,12.1103,12.1103,44.4249
11,360,33919.43,0,12.6034,15.7094,15.7094,62.4166
11,361,33989.7848,0,3.8017,11.7513,11.7513,59.9758
11,362,33985.96,0,10.7097,16.4898,16.4898,75.3463
11,363,33987.5713,0,6.2119,16.692,16.692,76.9127
11,364,34074.5236,0,2.3829,7.0802,7.0802,36.9212
11,365,34135.901,0,1.7963,6.9433,6.9433,46.4595
11,366,34220.3424,0,2.0684,4.9307,4.9307,58.4487
11,367,34298.6962,0,5.9562,10.7943,10.7943,31.2984
11,368,34286.3974,0,5.5303,23.1595,23.1595,54.6365
11,369,34480.9578,0,1.4403,4.1922,4.1922,45.5564
11,370,34510.5502,0,2.3487,7.1618,7.1618,40.0191
11,371,34529.1042,0,4.0502,5.9527,5.9527,40.0545
11,372,34723.3703,0,2.2624,7.284,7.284,49.5952
11,373,34758.7074,0,1.0132,7.0582,7.0582,35.2634
11,374,34761.9318,0,4.4994,8.0935,8.0935,48.6548
11,375,34864.1341,0,5.2717,14.8435,14.8435,48.6835
11,376,35032.5262,0,2.2539,19.2619,19.2619,61.4444
11,377,35087.5877,0,5.8275,9.5845,9.5845,34.4796
11,378,35187.7296,0,5.3114,15.7917,15.7917,58.0511
11,379,35221.9884,0,4.6213,8.2115,8.2115,90.5005
11,380,35293.7042,0,10.1027,13.5027,13.5027,69.8968
11,381,35327.6198,0,5.3393,24.4924,24.4924,54.4001
11,382,35414.6689,0,4.3621,18.9703,18.9703,39.5059
11,383,35434.1058,0,1.476,5.2286,5.2286,62.9251
11,384,35467.7812,0,5.4803,10.38,10.38,41.537
11,385,35488.0631,0,11.6439,15.633,15.633,38.2746
11,386,35499.2435,0,2.9672,4.9969,4.9969,53.3404
11,387,35557.6158,0,13.2084,18.07,18.07,86.4117
11,388,35578.6456,0,8.5497,11.194,11.194,79.7645
11,389,35584.2607,0,1.6894,6.5982,6.5982,92.8882
11,390,35595.198,0,4.8037,7.4558,7.4558,105.3508
11,391,35606.0401,0,12.4685,15.9001,15.9001,105.3948
11,392,35650.7258,0,7.0903,9.3106,9.3106,68.7756
11,393,35706.0688,0,6.8174,10.3936,10.3936,52.9342
11,394,35726.0623,0,1.4153,6.6979,6.6979,65.7549
11,395,35781.3062,0,4.0367,10.6114,10.6114,70.0601
11,396,35860.0194,0,3.696,4.3272,4.3272,42.4611
11,397,35894.1107,0,5.9478,8.9929,8.9929,118.1192
11,398,35929.7119,0,2.9941,9.8455,9.8455,90.9714
11,399,35990.5064,0,6.8444,12.2894,12.2894,74.4509
11,400,36186.8333,0,3.5571,5.901,5.901,49.3385
11,401,36205.3167,0,3.015,4.2264,4.2264,59.0456
11,402,36245.6705,0,1.4357,12.2607,12.2607,44.5553
11,403,36443.0907,0,1.6827,7.5702,7.5702,61.3576
11,404,36686.1417,0,2.4312,6.4442,6.4442,98.5366
11,405,36678.1476,0,5.9686,18.9028,18.9028,94.4965
11,406,36705.243,0,0.4864,36.1362,36.1362,85.0679
11,407,36751.8592,0,14.1562,22.1702,22.1702,95.3598
11,408,36776.2776,0,14.9083,19.5383,19.5383,82.7492
11,409,36820.2356,0,2.0462,3.7203,3.7203,84.3813
11,410,36847.0712,0,16.4439,19.0414,19.0414,69.0163
11,411,36879.2181,0,5.1809,18.2367,18.2367,79.245
11,412,37009.694,0,4.3145,8.6409,8.6409,60.2101
11,413,37003.2512,0,5.4119,16.2316,16.2316,89.8915
11,414,37080.4745,0,4.3828,8.6558,8.6558,94.5412
11,415,37259.0277,0,1.2459,4.1308,4.1308,27.3513
11,416,37307.7209,0,2.9952,9.5164,9.5164,41.7557
11,417,37331.0749,0,6.9193,11.7217,11.7217,31.2926
11,418,37357.1108,0,4.9087,6.7194,6.7194,32.7712
11,419,38062.2981,0,4.8824,13.3169,13.3169,43.1471
11,420,38147.3645,0,0.9856,2.0207,2.0207,46.2694
11,421,38197.1422,0,2.5053,4.1636,4.1636,21.8994
11,422,38178.1297,0,7.1255,38.2702,38.2702,66.7385
11,423,38237.1926,0,9.5313,19.5554,19.5554,49.479
11,424,38266.4139,0,6.1108,15.3254,15.3254,59.3611
11,425,38355.628,0,4.9827,9.2436,9.2436,174.7983
11,426,38381.8394,0,8.6437,13.7282,13.7282,159.8637
11,427,38460.9913,0,2.2369,18.821,18.821,98.3147
11,428,38478.7923,0,3.2593,14.6048,14.6048,88.4628
11,429,38545.3182,0,0.836,5.8471,5.8471,43.5729
11,430,38604.0676,0,7.8865,14.4951,14.4951,67.3354
11,431,38804.4287,0,2.7586,5.8055,5.8055,43.3435
11,432,39238.7072,0,4.481,5.5176,5.5176,41.4349
11,433,39405.0554,0,1.5699,8.0376,8.0376,45.5741
11,434,39405.9388,0,4.157,11.8658,11.8658,66.0297
11,435,39428.6978,0,8.4872,11.258,11.258,62.3981
11,436,39591.6834,0,4.8378,7.793,7.793,28.3982
11,437,39624.9811,0,6.3642,10.3321,10.3321,53.5968
11,438,39710.354,0,5.9686,10.9335,10.9335,65.9464
11,439,39800.2546,0,1.8109,4.8394,4.8394,57.9255
11,440,39901.319,0,5.2739,13.94,13.94,59.7715
11,441,39932.1121,0,2.5046,5.3524,5.3524,37.1193
11,442,39941.3776,0,6.5349,16.5327,16.5327,75.6971
11,443,39994.7998,0,4.3707,16.0374,16.0374,54.9283
11,444,40149.5886,0,0.9209,3.3136,3.3136,37.8891
11,445,40141.4434,0,7.0754,11.7289,11.7289,63.7008
11,446,40225.1369,0,2.6638,8.9149,8.9149,89.3186
11,447,40264.0971,0,15.845,21.9085,21.9085,71.6028
11,448,40520.2267,0,2.9541,6.4656,6.4656,37.4002
11,449,40828.1158,0,7.5835,11.2124,11.2124,57.6191
11,450,40847.934,0,7.4577,12.1732,12.1732,59.1256
11,451,40845.7296,0,4.5182,31.9879,31.9879,78.5066
11,452,40942.7675,0,1.3201,8.4434,8.4434,44.954
11,453,40956.2446,0,4.9605,11.3592,11.3592,75.3233
11,454,40985.7207,0,8.5651,19.7691,19.7691,70.1266
11,455,41046.5319,0,6.7955,17.2069,17.2069,47.6206
11,456,41132.3883,0,3.6358,8.3383,8.3383,34.5787
11,457,41274.7408,0,1.1787,6.3061,6.3061,32.7689
11,458,41292.0152,0,6.3448,12.2002,12.2002,66.8181
11,459,41330.9437,0,11.779,14.845,14.845,30.2382
11,460,41380.3571,0,1.7766,4.9137,4.9137,73.8524
11,461,41384.9648,0,3.1995,15.4619,15.4619,81.071
11,462,41449.6404,0,0.8415,6.561,6.561,39.9573
11,463,41498.1557,0,3.5925,5.6728,5.6728,34.6245
11,464,41513.6933,0,7.5951,12.1703,12.1703,43.8181
11,465,41780.3587,0,2.3335,21.7364,21.7364,93.5184
11,466,41913.1991,0,5.2355,12.7212,12.7212,56.1983
11,467,42084.8375,0,4.7166,6.1945,6.1945,40.8588
11,468,42095.9257,0,6.3124,9.1788,9.1788,45.7345
11,469,42115.1864,0,7.8322,11.9424,11.9424,46.7522
11,470,42237.5316,0,1.043,8.2085,8.2085,31.8058
11,471,42281.9068,0,15.2589,17.5568,17.5568,55.929
11,472,42325.9744,0,13.7848,19.6116,19.6116,53.5658
11,473,42471.9135,0,5.966,10.8757,10.8757,50.9391
11,474,42648.5765,0,4.7797,9.3713,9.3713,39.2904
11,475,42672.657,0,4.8865,44.0451,44.0451,100.8708
11,476,42916.653,0,1.0628,4.255,4.255,43.8888
11,477,43134.7755,0,2.9794,7.3495,7.3495,57.3546
11,478,43140.3429,0,3.215,13.7227,13.7227,56.583
12,1,6.743,0,1.8824,4.4726,4.4726,54.7877
12,2,0.0,0,4.7629,11.7041,11.7041,87.0191
12,3,136.2972,0,3.1762,6.8186,6.8186,30.0604
12,4,277.8137,0,9.3615,22.604,22.604,58.7619
12,5,339.0418,0,3.5486,6.8637,6.8637,47.0502
12,6,429.8251,0,0.7949,1.9531,1.9531,50.6381
12,7,442.0755,0,7.9319,9.941,9.941,82.8597
12,8,549.4334,0,2.3189,23.4378,23.4378,88.7684
12,9,609.7681,0,8.7814,15.1403,15.1403,81.9031
12,10,657.308,0,10.6389,15.1209,15.1209,44.8753
12,11,709.8261,0,11.8922,13.8549,13.8549,49.5703
12,12,761.0434,0,7.2717,14.1459,14.1459,74.4732
12,13,766.1976,0,5.098,12.5114,12.5114,110.5386
12,14,846.8906,0,9.6166,11.6021,11.6021,61.3105
12,15,914.0364,0,1.7751,5.1606,5.1606,48.1476
12,16,933.1154,0,4.0157,8.4171,8.4171,55.4798
12,17,941.4932,0,5.9383,10.2484,10.2484,73.4746
12,18,988.2863,0,2.0498,8.4073,8.4073,56.7413
12,19,1040.4588,0,4.9886,10.617,10.617,33.3553
12,20,1107.0191,0,3.4406,8.7726,8.7726,48.2737
12,21,1129.5289,0,0.0451,2.5968,2.5968,53.0279
12,22,1299.9241,0,0.8585,5.5886,5.5886,51.7868
12,23,1407.9438,0,4.9092,8.1153,8.1153,51.5465
12,24,1613.0481,0,4.7483,9.9469,9.9469,50.1845
12,25,1717.3662,0,2.9388,10.1984,10.1984,33.2638
12,26,1740.4329,0,5.8248,9.4239,9.4239,38.0013
12,27,1905.7433,0,2.6409,3.972,3.972,33.6707
12,28,2110.6644,0,2.4978,3.6452,3.6452,51.1691
12,29,2133.0915,0,0.5707,13.5028,13.5028,49.3042
12,30,2132.5567,0,9.2305,14.0462,14.0462,95.5559
12,31,2139.9801,0,10.9983,18.9514,18.9514,129.9257
12,32,2221.2622,0,2.0772,3.1212,3.1212,51.4444
12,33,2310.3517,0,3.6399,6.0176,6.0176,44.0025
12,34,2314.9699,0,4.3446,9.9272,9.9272,43.4268
12,35,2360.3778,0,6.5995,66.5995,66.5995,84.2613
12,36,2504.0486,0,4.0502,9.8529,9.8529,46.0843
12,37,2584.701,0,7.3517,13.8944,13.8944,79.1204
12,38,2692.674,0,5.5238,11.6881,11.6881,51.4195
12,39,3280.0,0,1.5494,26.8935,26.8935,60.6688
12,40,3318.4082,0,2.4287,3.9075,3.9075,47.6436
12,41,3516.4121,0,2.2878,10.8126,10.8126,49.104
12,42,3582.424,0,1.6594,6.8081,6.8081,58.1094
12,43,3636.2326,0,2.7639,5.4132,5.4132,32.9811
12,44,3644.2019,0,22.9601,29.291,29.291,45.5454
12,45,3662.9727,0,5.1316,13.8341,13.8341,76.8424
12,46,3673.5568,0,5.1751,16.0451,16.0451,65.7862
12,47,3711.4365,0,12.0767,16.3522,16.3522,43.2389
12,48,3726.7059,0,1.5224,5.4324,5.4324,62.7314
12,49,3794.2833,0,6.163,9.7571,9.7571,44.7015
12,50,3798.4294,0,7.2991,29.4092,29.4092,64.457
12,51,3830.1579,0,0.0512,3.6133,3.6133,39.086
12,52,3906.0267,0,1.7714,5.9451,5.9451,44.9294
12,53,3965.0262,0,5.7665,8.7955,8.7955,53.6035
12,54,3972.7727,0,5.7407,11.0668,11.0668,53.3097
12,55,4032.5174,0,3.4552,5.8494,5.8494,32.6234
12,56,4117.8712,0,4.5462,12.4218,12.4218,64.3285
12,57,4316.3376,0,5.6039,8.1243,8.1243,44.3142
12,58,4349.4655,0,4.1437,7.9425,7.9425,66.6404
12,59,4369.7565,0,5.5481,9.3392,9.3392,56.7021
12,60,4473.4858,0,4.5536,7.9549,7.9549,74.2147
12,61,4543.7859,0,2.0957,7.3922,7.3922,37.3735
12,62,4751.3616,0,4.4339,7.4775,7.4775,58.982
12,63,4902.1564,0,5.5683,7.8781,7.8781,33.0717
12,64,4904.0962,0,1.8826,8.6758,8.6758,43.9526
12,65,4962.1049,0,6.8618,13.5741,13.5741,49.0467
12,66,4969.4581,0,5.1223,8.7002,8.7002,68.9947
12,67,4972.5816,0,13.3169,18.5608,18.5608,66.9622
12,68,5046.3852,0,3.2063,4.58,4.58,49.8677
12,69,5077.0089,0,7.747,12.2074,12.2074,51.4152
12,70,5094.9002,0,11.6956,15.222,15.222,69.7002
12,71,5183.3275,0,7.0143,11.7093,11.7093,75.8513
12,72,5200.8399,0,5.2192,15.8181,15.8181,93.8723
12,73,5326.4397,0,2.4273,6.7144,6.7144,36.2096
12,74,5468.3376,0,5.7926,25.4304,25.4304,98.7309
12,75,5467.5892,0,1.7514,40.1545,40.1545,141.4497
12,76,5644.5019,0,1.828,6.7563,6.7563,133.3433
12,77,5849.1826,0,6.3089,8.8721,8.8721,36.6613
12,78,6032.5424,0,3.5526,5.5064,5.5064,95.4507
12,79,6320.4913,0,8.8339,15.1899,15.1899,56.3211
12,80,6384.2341,0,1.7375,8.6216,8.6216,60.9465
12,81,6411.2402,0,2.7658,8.8972,8.8972,96.6143
12,82,6487.3302,0,5.6961,8.5981,8.5981,30.9363
12,83,6513.7872,0,12.1805,14.7428,14.7428,64.0941
12,84,6565.7642,0,10.1936,15.6055,15.6055,46.1592
12,85,6679.2767,0,2.1789,4.8723,4.8723,39.1471
12,86,6730.5267,0,0.7885,6.7932,6.7932,34.7211
12,87,6749.1321,0,1.8173,10.4577,10.4577,58.2633
12,88,6804.6207,0,5.0187,24.1431,24.1431,38.4241
12,89,6882.5135,0,0.6245,5.9403,5.9403,58.3997
12,90,6932.0492,0,1.9834,6.1997,6.1997,55.3403
12,91,6937.6733,0,0.8673,7.0836,7.0836,54.1013
12,92,6996.4144,0,3.1627,7.6837,7.6837,46.663
12,93,7193.4422,0,5.2098,12.7762,12.7762,33.9925
12,94,7241.4821,0,5.7471,9.5393,9.5393,50.4496
12,95,7278.4592,0,5.481,12.1702,12.1702,49.5142
12,96,7382.061,0,1.0618,34.0422,34.0422,59.0226
12,97,7685.6667,0,2.6476,11.6571,11.6571,63.8428
12,98,7703.6401,0,5.966,10.36,10.36,52.4045
12,99,7743.2243,0,5.6198,10.7337,10.7337,41.2929
12,100,7779.7558,0,3.1401,9.9673,9.9673,88.0852
12,101,7777.9342,0,6.5301,20.4657,20.4657,114.3769
12,102,7812.3178,0,6.2244,13.2803,13.2803,92.7698
12,103,7844.4532,0,12.7225,14.8017,14.8017,69.6682
12,104,7878.6456,0,4.2962,6.5207,6.5207,62.8189
12,105,7927.7401,0,5.5271,12.637,12.637,57.0128
12,106,7971.8328,0,5.1894,10.6506,10.6506,73.4887
12,107,8010.4997,0,0.7799,11.3522,11.3522,61.2494
12,108,8029.6682,0,2.669,8.7515,8.7515,60.1014
12,109,8036.8064,0,5.2134,12.112,12.112,64.0388
12,110,8056.6146,0,21.0957,25.4481,25.4481,72.2132
12,111,8093.5249,0,2.0691,4.9391,4.9391,49.3417
12,112,8102.9546,0,0.3914,1.9672,1.9672,65.8294
12,113,8107.018,0,6.4157,9.7805,9.7805,66.1575
12,114,8125.808,0,7.3603,14.082,14.082,58.5516
12,115,8131.287,0,23.2317,26.8087,26.8087,83.7516
12,116,8243.7138,0,3.3422,8.6291,8.6291,35.9525
12,117,8352.4181,0,12.7855,16.6883,16.6883,51.3711
12,118,8391.5638,0,3.0196,5.2286,5.2286,32.4086
12,119,8406.9806,0,8.1967,9.5237,9.5237,40.2822
12,120,8427.6911,0,0.9949,11.5946,11.5946,38.391
12,121,8450.762,0,4.261,15.0027,15.0027,45.893
12,122,8467.2195,0,3.6581,7.3282,7.3282,60.1856
12,123,8708.3429,0,1.7754,17.9197,17.9197,76.7744
12,124,9256.1717,0,7.315,22.7989,22.7989,52.628
12,125,9364.2203,0,9.5074,13.2741,13.2741,30.5159
12,126,9370.6508,0,3.7815,6.9471,6.9471,53.0048
12,127,9395.0983,0,5.2649,10.716,10.716,39.5624
12,128,9450.817,0,3.694,33.7328,33.7328,71.5812
12,129,9494.5618,0,0.8477,10.1833,10.1833,65.4706
12,130,9532.6865,0,3.6388,13.2123,13.2123,68.9725
12,131,9727.3519,0,2.0659,6.2918,6.2918,103.3342
12,132,9767.8029,0,11.8826,41.9231,41.9231,99.9323
12,133,9827.5303,0,15.4903,18.0128,18.0128,57.4253
12,134,9879.6487,0,2.0887,7.1554,7.1554,39.7336
12,135,10111.3334,0,2.0,10.38,10.38,33.6616
12,136,10153.0022,0,5.0889,13.9773,13.9773,41.9758
12,137,10222.1056,0,2.7131,16.0733,16.0733,50.6008
12,138,10240.631,0,4.7615,8.2693,8.2693,64.8381
12,139,10419.507,0,2.054,4.9226,4.9226,38.224
12,140,10534.4966,0,4.535,8.3646,8.3646,59.8892
12,141,10797.5823,0,3.7931,6.1569,6.1569,73.65
12,142,10804.131,0,4.5708,7.6286,7.6286,89.9282
12,143,10825.0561,0,2.013,5.3888,5.3888,71.319
12,144,10857.6781,0,16.4157,20.3745,20.3745,57.5516
12,145,10901.1337,0,4.0073,6.7186,6.7186,46.9805
12,146,10964.6733,0,5.1472,8.6754,8.6754,57.9056
12,147,11048.361,0,2.4273,6.8552,6.8552,51.1869
12,148,11086.4715,0,3.6086,10.3189,10.3189,50.3385
12,149,11156.1612,0,3.7055,5.823,5.823,30.0493
12,150,11157.7195,0,1.9174,5.3223,5.3223,34.5285
12,151,11273.6373,0,5.2692,8.3557,8.3557,37.1153
12,152,11396.3539,0,0.8834,2.2248,2.2248,45.1911
12,153,11422.2948,0,1.3292,4.0265,4.0265,37.2475
12,154,11490.2623,0,3.8989,9.1052,9.1052,52.4509
12,155,11657.9599,0,3.7509,8.8168,8.8168,69.3879
12,156,11851.4157,0,3.5673,6.9094,6.9094,57.7395
12,157,12001.0005,0,6.415,14.8146,14.8146,58.7004
12,158,12000.8454,0,15.5982,25.517,25.517,86.806
12,159,12055.2301,0,7.323,10.7729,10.7729,61.1632
12,160,12059.4309,0,1.7375,13.3036,13.3036,78.2325
12,161,12170.1121,0,3.9989,5.6901,5.6901,44.8705
12,162,12329.0125,0,12.6658,15.2425,15.2425,90.6997
12,163,12360.3246,0,3.0903,7.6973,7.6973,65.9693
12,164,12375.2044,0,3.425,6.4495,6.4495,71.8432
12,165,12515.2736,0,2.1512,7.5964,7.5964,52.2105
12,166,12556.9751,0,1.4636,11.4487,11.4487,49.1379
12,167,12649.1361,0,4.6627,15.2908,15.2908,38.6839
12,168,12676.5653,0,2.8858,5.4496,5.4496,63.5819
12,169,12728.0911,0,1.7963,5.5892,5.5892,67.1775
12,170,12720.4275,0,12.5045,34.5307,34.5307,79.3739
12,171,12849.2518,0,3.3178,8.5749,8.5749,30.677
12,172,12962.4325,0,2.2955,7.0778,7.0778,38.2002
12,173,12990.6782,0,1.3864,7.9844,7.9844,57.2812
12,174,13347.372,0,4.6295,8.9177,8.9177,57.4215
12,175,13483.8513,0,2.5546,7.6548,7.6548,52.2941
12,176,13635.4001,0,7.3603,9.5765,9.5765,66.1685
12,177,13660.6326,0,5.3991,12.8059,12.8059,62.9298
12,178,13712.6298,0,2.0776,5.4979,5.4979,36.0377
12,179,13716.1709,0,7.0788,10.6789,10.6789,41.931
12,180,13745.2432,0,0.409,2.2304,2.2304,40.5483
12,181,13797.3595,0,3.3181,4.8029,4.8029,36.6701
12,182,13823.8365,0,4.1619,7.2047,7.2047,52.9856
12,183,13875.057,0,4.3025,6.0929,6.0929,51.0696
12,184,14044.617,0,1.1296,7.8211,7.8211,59.209
12,185,14086.2093,0,3.0089,11.6978,11.6978,59.6154
12,186,14178.3118,0,3.3018,63.3018,63.3018,110.0297
12,187,14260.6011,0,11.444,17.1965,17.1965,79.6992
12,188,14284.1337,0,6.1038,14.9474,14.9474,71.7131
12,189,14860.1306,0,1.575,6.6043,6.6043,36.3639
12,190,14911.268,0,1.224,6.6695,6.6695,40.0975
12,191,15020.6745,0,4.939,12.7376,12.7376,68.8597
12,192,15088.5533,0,4.4062,10.2466,10.2466,31.7712
12,193,15098.1846,0,0.6467,7.6005,7.6005,56.1894
12,194,15115.8212,0,7.2859,13.8222,13.8222,60.6177
12,195,15139.3202,0,8.2257,24.4379,24.4379,65.3543
12,196,15180.2657,0,8.6127,15.3637,15.3637,66.5364
12,197,15301.3261,0,4.8099,9.1406,9.1406,57.1916
12,198,15297.2286,0,15.5145,24.5453,24.5453,52.4338
12,199,15313.0118,0,10.783,16.1557,16.1557,75.0986
12,200,15410.2279,0,13.5346,19.181,19.181,70.9986
12,201,15451.5976,0,10.3394,13.4337,13.4337,53.9027
12,202,15530.0875,0,2.3153,14.3036,14.3036,62.0753
12,203,15593.7291,0,6.8613,13.0429,13.0429,40.4894
12,204,15603.446,0,4.5248,9.2078,9.2078,44.1073
12,205,15761.6464,0,4.7487,9.895,9.895,50.0297
12,206,16311.6304,0,6.6689,11.9523,11.9523,50.6653
12,207,16327.0262,0,2.588,8.1053,8.1053,47.5402
12,208,16341.9775,0,19.9379,28.8077,28.8077,95.5227
12,209,16408.5271,0,3.5678,8.6938,8.6938,50.6481
12,210,16430.2867,0,4.4305,9.4964,9.4964,33.8799
12,211,16467.7338,0,6.1092,12.4309,12.4309,48.2174
12,212,16555.2946,0,3.1192,6.1352,6.1352,64.8716
12,213,16734.313,0,1.4709,5.3881,5.3881,51.538
12,214,16771.2079,0,5.5454,14.5811,14.5811,50.0543
12,215,16785.6357,0,3.0501,7.1165,7.1165,67.5251
12,216,16803.9567,0,4.8616,16.0972,16.0972,61.9098
12,217,16828.019,0,2.2652,14.652,14.652,49.1356
12,218,16986.7916,0,4.2061,11.2472,11.2472,85.7416
12,219,17074.806,0,2.7212,13.0434,13.0434,72.7538
12,220,17429.4766,0,0.4874,8.4256,8.4256,38.2052
12,221,17666.1111,0,1.0618,8.8845,8.8845,42.3258
12,222,17664.0036,0,1.5241,11.895,11.895,92.6647
12,223,18105.966,0,5.1827,11.6995,11.6995,59.6813
12,224,18203.8813,0,5.2192,8.5618,8.5618,46.2601
12,225,18207.8075,0,7.5465,10.3349,10.3349,59.2725
12,226,18198.4162,0,3.9989,24.0732,24.0732,75.3816
12,227,18335.0227,0,4.9917,7.4746,7.4746,30.2216
12,228,18384.8944,0,5.1424,7.2653,7.2653,40.3458
12,229,19325.7729,0,5.5626,9.4175,9.4175,52.7312
12,230,19355.9024,0,2.3735,6.0735,6.0735,44.6171
12,231,19404.7674,0,5.3527,8.5825,8.5825,45.1854
12,232,19406.6072,0,6.6738,11.1139,11.1139,49.591
12,233,19503.7766,0,5.7469,16.7662,16.7662,35.5086
12,234,19508.2072,0,9.131,15.3321,15.3321,47.579
12,235,19517.2699,0,5.6816,11.548,11.548,72.3745
12,236,19547.8319,0,3.4842,5.2213,5.2213,47.072
12,237,19743.8165,0,2.1495,9.399,9.399,39.0846
12,238,19762.0713,0,1.8288,3.5329,3.5329,62.6066
12,239,19755.2786,0,9.5335,20.8192,20.8192,52.4072
12,240,19861.5507,0,0.836,4.751,4.751,54.3622
12,241,19870.7827,0,9.3185,12.8229,12.8229,73.6794
12,242,19911.4948,0,4.716,9.0959,9.0959,62.9546
12,243,20072.783,0,3.7239,6.7682,6.7682,68.3239
12,244,20215.9286,0,4.0512,12.0653,12.0653,37.3109
12,245,20314.1382,0,4.323,11.0639,11.0639,61.3828
12,246,20516.5704,0,3.6428,8.314,8.314,105.8737
12,247,20581.1318,0,2.9625,16.7012,16.7012,73.3901
12,248,20788.6409,0,7.7704,12.3767,12.3767,42.0473
12,249,20950.4735,0,1.2808,5.4354,5.4354,47.824
12,250,20997.116,0,3.1547,8.245,8.245,33.1517
12,251,21009.2375,0,1.9283,11.7116,11.7116,51.8354
12,252,21032.0508,0,3.6223,6.893,6.893,83.4298
12,253,21039.6668,0,7.3882,12.1031,12.1031,57.2214
12,254,21123.291,0,3.5264,10.912,10.912,80.5704
12,255,21269.0918,0,2.368,7.4428,7.4428,42.4048
12,256,21333.5639,0,3.107,6.2808,6.2808,42.6481
12,257,21446.8819,0,2.3091,6.4383,6.4383,48.2793
12,258,21611.5935,0,2.5181,7.0355,7.0355,55.8196
12,259,22200.8518,0,2.168,8.0639,8.0639,67.6054
12,260,22495.3356,0,5.0825,9.3188,9.3188,43.2546
12,261,22521.212,0,5.5708,11.1824,11.1824,65.1537
12,262,22580.0492,0,2.7245,13.6364,13.6364,79.2472
12,263,22635.3391,0,4.5685,7.5417,7.5417,32.5892
12,264,22744.3888,0,5.912,13.8859,13.8859,86.4095
12,265,23017.4591,0,0.8694,3.9193,3.9193,39.0019
12,266,23124.0735,0,1.3783,7.8123,7.8123,36.5936
12,267,23132.9239,0,1.6763,8.1835,8.1835,58.2031
12,268,23156.0059,0,6.02,22.2733,22.2733,58.6167
12,269,23313.8692,0,5.3655,7.7743,7.7743,34.5275
12,270,23329.5603,0,3.7044,6.4397,6.4397,32.6611
12,271,23550.7474,0,5.1952,9.4272,9.4272,60.2273
12,272,23654.8327,0,5.1114,9.5722,9.5722,75.2274
12,273,23725.7827,0,13.8171,18.4732,18.4732,53.4903
12,274,23752.0759,0,2.2049,4.8265,4.8265,40.9466
12,275,23800.6915,0,5.582,10.6301,10.6301,77.3579
12,276,23825.1606,0,5.5933,7.1655,7.1655,87.8895
12,277,23892.7464,0,13.498,17.8219,17.8219,50.46
12,278,23924.0991,0,4.0073,12.7089,12.7089,69.8782
12,279,23975.9115,0,8.6437,14.0434,14.0434,64.1005
12,280,24009.305,0,1.9078,11.0888,11.0888,48.2458
12,281,23959.9027,0,12.2469,68.5222,68.5222,107.9695
12,282,24045.5608,0,3.6252,16.5771,16.5771,44.0251
12,283,24195.7218,0,5.9875,10.0036,10.0036,63.0709
12,284,24237.9791,0,4.7469,16.865,16.865,71.6768
12,285,24516.2347,0,4.3512,8.703,8.703,45.0875
12,286,24522.3589,0,3.5342,15.2707,15.2707,73.6613
12,287,24607.3257,0,1.7932,4.738,4.738,32.1508
12,288,24686.3011,0,2.138,7.7839,7.7839,37.8196
12,289,25066.258,0,3.3902,6.5751,6.5751,37.357
12,290,25160.7632,0,7.6065,10.8084,10.8084,35.5357
12,291,25181.108,0,7.3652,10.541,10.541,72.7322
12,292,25306.0001,0,3.7037,7.1881,7.1881,47.7046
12,293,25300.4603,0,5.9679,13.3871,13.3871,112.032
12,294,25405.2616,0,3.5651,7.6671,7.6671,16.9809
12,295,25447.9338,0,4.6051,7.8276,7.8276,25.8354
12,296,25448.736,0,5.1355,11.9352,11.9352,46.956
12,297,25574.8986,0,4.3633,7.8566,7.8566,67.9272
12,298,25591.2288,0,8.4834,15.064,15.064,56.7488
12,299,25675.442,0,4.7499,10.4978,10.4978,41.14
12,300,25692.8421,0,3.5778,6.3363,6.3363,37.0489
12,301,25719.9668,0,7.2062,12.8753,12.8753,49.1964
12,302,25783.1536,0,4.1206,6.8135,6.8135,72.5067
12,303,25938.6696,0,4.0351,8.6521,8.6521,47.9738
12,304,26078.2263,0,2.7921,5.685,5.685,31.1228
12,305,26293.1697,0,4.8302,23.3766,23.3766,46.1365
12,306,26476.6647,0,2.845,6.3652,6.3652,60.3696
12,307,26751.3218,0,5.7409,9.3551,9.3551,75.0715
12,308,26828.191,0,5.6957,14.1356,14.1356,44.2176
12,309,26861.5911,0,5.9679,11.2841,11.2841,40.5083
12,310,26865.6101,0,5.6314,9.4823,9.4823,75.7338
12,311,26951.4026,0,4.0015,4.9675,4.9675,45.4052
12,312,27025.9224,0,1.1799,19.383,19.383,49.4725
12,313,27146.5186,0,6.9425,14.3416,14.3416,80.9678
12,314,27172.7448,0,8.4718,14.1412,14.1412,81.647
12,315,27197.8079,0,7.0184,15.9935,15.9935,70.0685
12,316,27345.1989,0,2.5666,6.5909,6.5909,32.8348
12,317,27523.9129,0,3.0375,7.7725,7.7725,45.2017
12,318,27575.6815,0,3.8616,14.7012,14.7012,69.9296
12,319,27999.7464,0,0.8372,9.8887,9.8887,37.2735
12,320,28004.6824,0,2.6051,6.0024,6.0024,67.045
12,321,28031.283,0,3.2477,5.8603,5.8603,48.7646
12,322,28093.8735,0,2.5156,9.8163,9.8163,45.6363
12,323,28105.0648,0,8.0906,11.7081,11.7081,45.0341
12,324,28241.793,0,2.2808,14.6177,14.6177,39.7344
12,325,28271.9667,0,13.3853,26.7307,26.7307,68.5285
12,326,28319.735,0,0.1943,7.0271,7.0271,26.9917
12,327,28399.9121,0,4.1374,11.1289,11.1289,70.6858
12,328,28451.3166,0,5.6421,13.5807,13.5807,55.4986
12,329,28470.9183,0,0.8694,8.3747,8.3747,44.2929
12,330,28562.8569,0,6.8174,12.6277,12.6277,63.165
12,331,28596.7084,0,6.2117,10.936,10.936,37.9966
12,332,29362.7124,0,4.2237,7.3041,7.3041,58.7484
12,333,29419.376,0,2.6141,7.392,7.392,31.4585
12,334,29382.5786,0,3.466,49.4994,49.4994,107.4618
12,335,29476.3561,0,2.0768,12.235,12.235,74.0061
12,336,29502.3525,0,16.0457,22.0618,22.0618,61.645
12,337,29579.7386,0,3.6103,9.2979,9.2979,49.4552
12,338,29630.8197,0,15.2611,17.3805,17.3805,72.2266
12,339,29694.1545,0,10.2885,15.4645,15.4645,39.8315
12,340,29737.6173,0,3.7057,5.5824,5.5824,39.7769
12,341,29790.3969,0,3.1905,8.8172,8.8172,51.9618
12,342,29833.3616,0,1.6733,4.2434,4.2434,62.891
12,343,29852.6646,0,2.8126,14.412,14.412,48.2293
12,344,29858.1882,0,12.8291,18.9027,18.9027,45.0208
12,345,29857.0161,0,11.128,22.9132,22.9132,76.6449
12,346,29877.2387,0,4.4091,8.854,8.854,58.9837
12,347,29973.0901,0,4.6664,15.3359,15.3359,59.3814
12,348,30042.6945,0,3.0749,7.1187,7.1187,69.0037
12,349,30151.0465,0,5.0914,11.2686,11.2686,27.6603
12,350,30158.8633,0,2.5046,3.9216,3.9216,22.4662
12,351,30269.2394,0,6.2537,11.4287,11.4287,50.7698
12,352,30715.8959,0,3.7509,6.4983,6.4983,53.5369
12,353,30734.9539,0,6.3681,11.8492,11.8492,41.2994
12,354,30858.0428,0,10.3151,15.3007,15.3007,67.6061
12,355,30941.3772,0,3.0672,24.5462,24.5462,65.3089
12,356,30974.9024,0,5.0981,13.3058,13.3058,61.0998
12,357,31056.8457,0,4.842,8.2648,8.2648,54.543
12,358,31279.9482,0,3.4496,6.6358,6.6358,40.5862
12,359,31305.698,0,0.6863,6.4708,6.4708,47.7572
12,360,31360.2649,0,2.6991,10.6857,10.6857,72.3813
12,361,31447.271,0,7.3871,15.3101,15.3101,33.9473
12,362,31918.2053,0,6.2583,13.4866,13.4866,56.331
12,363,32225.4888,0,9.4523,18.1178,18.1178,34.8562
12,364,32267.4966,0,7.3603,17.5024,17.5024,47.345
12,365,32302.9964,0,3.7521,5.6099,5.6099,73.2078
12,366,32316.2443,0,9.0286,15.2015,15.2015,78.8453
12,367,32396.8145,0,1.0422,2.7079,2.7079,36.9203
12,368,32411.5026,0,9.736,44.2843,44.2843,103.409
12,369,32436.1149,0,20.986,25.6702,25.6702,85.5788
12,370,32481.7473,0,3.0965,10.0055,10.0055,44.0122
12,371,32496.4882,0,8.4349,9.8247,9.8247,38.4607
12,372,32592.1522,0,2.0462,32.2109,32.2109,67.7705
12,373,32617.639,0,8.1873,14.8152,14.8152,65.5619
12,374,32632.1172,0,8.6437,15.3703,15.3703,109.5532
12,375,32683.4804,0,7.5584,18.2502,18.2502,98.9913
12,376,33180.2954,0,4.4055,8.4826,8.4826,58.1642
12,377,33209.7509,0,5.1757,12.508,12.508,75.8993
12,378,33697.4348,0,5.1111,13.31,13.31,50.2973
12,379,33812.7162,0,5.23,7.7812,7.7812,84.489
12,380,33856.9841,0,3.1145,5.5055,5.5055,51.6326
12,381,33851.1448,0,5.6044,20.6266,20.6266,64.7211
12,382,34174.7152,0,0.5361,34.3494,34.3494,87.0486
12,383,34242.5229,0,4.7556,9.9207,9.9207,61.3009
12,384,34256.9103,0,14.9751,19.8287,19.8287,81.4608
12,385,34278.0283,0,18.8092,22.1476,22.1476,63.2084
12,386,34334.4594,0,0.0696,5.0094,5.0094,45.403
12,387,34382.4464,0,4.5158,9.3583,9.3583,57.928
12,388,34579.4201,0,4.3544,18.1249,18.1249,52.0302
12,389,34641.3834,0,2.0345,10.8164,10.8164,38.5618
12,390,34776.0904,0,8.7654,12.3008,12.3008,69.0715
12,391,35134.6522,0,2.5394,10.4003,10.4003,38.6291
12,392,35274.4925,0,4.0307,12.4052,12.4052,60.6444
12,393,35286.2642,0,7.1058,9.2116,9.2116,55.569
12,394,35270.8492,0,2.933,62.933,62.933,92.0545
12,395,35326.9702,0,6.679,14.0189,14.0189,40.8281
12,396,35353.3091,0,15.0391,17.8256,17.8256,44.3032
12,397,35364.9352,0,4.4126,7.8278,7.8278,73.4458
12,398,35363.6191,0,31.4186,32.8537,32.8537,69.3977
12,399,35427.288,0,2.9532,7.3464,7.3464,47.5041
12,400,35430.241,0,6.0275,11.7254,11.7254,48.4688
12,401,35448.0921,0,4.0718,13.993,13.993,73.4633
12,402,35605.6125,0,1.0628,4.4071,4.4071,31.7487
12,403,35613.2036,0,4.0918,9.3433,9.3433,45.2908
12,404,35614.4879,0,14.6825,19.2934,19.2934,68.3045
12,405,35627.6716,0,7.2589,10.3561,10.3561,81.5647
12,406,35692.8454,0,5.2524,16.6639,16.6639,40.6679
12,407,35764.1681,0,1.1966,6.4531,6.4531,36.6707
12,408,35843.3005,0,3.2145,11.8579,11.8579,44.1146
12,409,35844.7954,0,7.803,19.8211,19.8211,69.9922
12,410,35979.9036,0,4.4624,10.2851,10.2851,62.6621
12,411,36316.7584,0,3.6131,33.5664,33.5664,93.5971
12,412,36439.4142,0,0.4874,4.0627,4.0627,34.2547
12,413,36497.6492,0,2.2668,5.9875,5.9875,23.6609
12,414,36568.1795,0,5.8451,9.4329,9.4329,57.6487
12,415,36689.1127,0,1.9198,14.7257,14.7257,52.6149
12,416,36713.41,0,5.9592,8.6821,8.6821,85.6343
12,417,36824.2885,0,7.7006,12.6504,12.6504,42.6859
12,418,36849.8151,0,6.2102,10.5336,10.5336,32.2944
12,419,36880.4418,0,7.2682,38.5247,38.5247,86.4244
12,420,37003.9071,0,2.2731,13.59,13.59,36.8889
12,421,37262.3948,0,2.3183,8.327,8.327,56.7923
12,422,37271.0911,0,4.7473,13.3047,13.3047,66.3909
12,423,37350.0654,0,4.5229,9.6873,9.6873,59.26
12,424,37575.8035,0,7.0189,10.2211,10.2211,54.8655
12,425,37634.4748,0,5.6065,7.208,7.208,54.0612
12,426,37905.0531,0,7.4361,13.185,13.185,53.0887
12,427,37967.6811,0,2.5958,5.7329,5.7329,55.9469
12,428,38107.9484,0,8.5299,18.7307,18.7307,52.9515
12,429,38133.9978,0,3.9109,17.307,17.307,63.0995
12,430,38141.8563,0,7.2682,10.7465,10.7465,76.1793
12,431,38235.3605,0,3.8134,6.1374,6.1374,60.0002
12,432,38268.6017,0,9.1102,18.2354,18.2354,43.2995
12,433,38405.9339,0,4.5344,12.7916,12.7916,49.672
12,434,38453.5542,0,2.7586,11.5817,11.5817,84.9051
12,435,38552.7839,0,9.7502,13.1516,13.1516,77.0002
12,436,38816.0815,0,0.8714,10.97,10.97,67.1186
12,437,38955.978,0,4.5788,10.8442,10.8442,44.2202
12,438,39609.1589,0,1.2078,6.9173,6.9173,28.4646
12,439,39647.7134,0,3.4473,17.1266,17.1266,99.5578
12,440,39727.0426,0,0.9728,11.6537,11.6537,83.572
12,441,39792.552,0,1.4865,7.6461,7.6461,36.1824
12,442,39785.7145,0,3.4075,31.0986,31.0986,68.9024
12,443,39838.3461,0,5.0297,8.7645,8.7645,44.6632
12,444,39959.0906,0,3.1639,10.9301,10.9301,47.3331
12,445,39982.6665,0,9.9104,11.3439,11.3439,43.6386
12,446,39978.6927,0,4.4304,15.3576,15.3576,62.0054
12,447,40036.9003,0,2.7456,6.9947,6.9947,29.1093
12,448,40102.1561,0,8.9161,12.8001,12.8001,44.8635
12,449,40134.7385,0,7.2062,17.352,17.352,52.0336
12,450,40194.0595,0,5.4043,20.6044,20.6044,84.3068
12,451,40212.248,0,4.2206,10.5156,10.5156,72.0337
12,452,40225.2047,0,8.3181,15.8477,15.8477,64.0259
12,453,40425.7107,0,1.3522,3.1996,3.1996,33.9781
12,454,40430.2396,0,6.0291,11.4299,11.4299,58.9848
12,455,40542.4472,0,4.5184,5.9294,5.9294,41.1092
12,456,40595.4972,0,3.7137,8.5591,8.5591,45.3567
12,457,40938.5349,0,0.6487,1.4815,1.4815,54.9291
12,458,41072.8197,0,1.8555,5.8339,5.8339,49.3082
12,459,41075.9207,0,8.6387,9.9806,9.9806,95.7217
12,460,41126.2345,0,2.6101,4.8871,4.8871,57.1136
12,461,41429.99,0,5.8619,29.2979,29.2979,56.6288
12,462,41421.1436,0,2.9635,51.79,51.79,49.7042
12,463,41463.8361,0,2.6159,11.8259,11.8259,104.8244
12,464,41576.5034,0,4.8951,9.895,9.895,50.9256
12,465,41610.3015,0,3.4792,7.2378,7.2378,53.8156
12,466,41742.2811,0,3.6737,7.2822,7.2822,39.8549
12,467,41826.4133,0,5.4344,8.7273,8.7273,38.7555
12,468,41890.1301,0,3.7593,5.1458,5.1458,20.5842
12,469,41944.8252,0,9.4261,22.9842,22.9842,80.8019
12,470,42036.0231,0,2.4138,6.0781,6.0781,65.7278
12,471,42193.0911,0,5.3593,7.8345,7.8345,29.8606
12,472,42192.505,0,3.736,8.5489,8.5489,56.5221
12,473,42192.7836,0,2.7354,9.244,9.244,74.9982
12,474,42349.9195,0,0.958,4.9052,4.9052,47.4244
12,475,42382.0254,0,14.0451,16.2721,16.2721,66.7664
12,476,42393.4803,0,14.7156,20.8484,20.8484,97.9978
12,477,42568.4499,0,3.5307,8.4332,8.4332,52.9241
12,478,42646.0952,0,3.755,7.1483,7.1483,25.9386
12,479,42724.4263,0,0.8466,15.2982,15.2982,57.2648
12,480,42765.4429,0,8.5497,12.4269,12.4269,59.2429
12,481,42790.3387,0,4.157,8.5454,8.5454,62.337
12,482,42908.1336,0,1.0311,10.8459,10.8459,75.6803
12,483,42974.573,0,8.4644,13.3834,13.3834,59.0514
12,386,35323.0592,0,4.546,9.4871,9.4871,89.2775
12,387,35397.3025,0,2.7326,22.1289,22.1289,72.4231
12,388,35401.4336,0,9.5038,19.7247,19.7247,94.2046
12,389,35415.4786,0,4.0955,9.7928,9.7928,82.8818
12,390,35478.368,0,2.723,9.3572,9.3572,39.8792
12,391,35505.9689,0,3.0331,8.2049,8.2049,72.0375
12,392,35505.1874,0,12.0158,13.2421,13.2421,63.3907
12,393,35711.1496,0,4.4662,16.2688,16.2688,46.658
12,394,35829.9366,0,5.8772,13.9517,13.9517,46.6027
12,395,36000.051,0,1.4787,4.3207,4.3207,48.551
12,396,36196.4597,0,5.9972,12.4516,12.4516,38.7471
12,397,36259.2679,0,4.4321,7.661,7.661,48.4243
12,398,36470.9914,0,3.675,7.9865,7.9865,54.6939
12,399,36501.9209,0,7.8031,14.8312,14.8312,36.5685
12,400,36545.1458,0,2.6477,4.8033,4.8033,43.3895
12,401,36639.8926,0,2.7326,5.205,5.205,31.95
12,402,36697.3859,0,0.6927,5.5998,5.5998,58.2687
12,403,36722.7565,0,6.4727,17.7376,17.7376,46.8734
12,404,36749.4746,0,5.1499,13.3152,13.3152,32.2198
12,405,36732.369,0,10.7133,30.6274,30.6274,94.56
12,406,36830.255,0,5.4394,9.2838,9.2838,45.4245
12,407,36847.6203,0,3.1348,10.7007,10.7007,40.7912
12,408,36877.7597,0,9.627,14.8531,14.8531,75.309
12,409,36906.2563,0,5.0752,8.149,8.149,63.4948
12,410,36958.4779,0,21.9474,26.9589,26.9589,85.4737
12,411,37062.4825,0,15.1008,17.1535,17.1535,62.7733
12,412,37094.195,0,5.4999,11.4247,11.4247,55.3332
12,413,37205.1242,0,1.5995,3.7771,3.7771,34.1882
12,414,37266.636,0,2.6772,7.7714,7.7714,32.5241
12,415,37419.5299,0,2.5336,18.5417,18.5417,109.8674
12,416,37604.8822,0,10.4876,23.2737,23.2737,78.7231
12,417,37643.6372,0,6.3177,18.5426,18.5426,54.3519
12,418,37976.8033,0,6.8452,32.4033,32.4033,86.0346
12,419,38041.9851,0,1.6601,4.9876,4.9876,59.8029
12,420,38114.1252,0,2.5741,40.2083,40.2083,66.758
12,421,38238.7877,0,1.1865,5.4538,5.4538,63.3844
12,422,38231.9457,0,9.2198,23.0561,23.0561,67.6473
12,423,38429.1623,0,3.4638,7.5523,7.5523,20.0544
12,424,38417.1477,0,0.9728,40.5476,40.5476,74.2986
12,425,38524.3059,0,5.9191,6.6583,6.6583,39.2314
12,426,38548.6655,0,5.0822,9.9048,9.9048,38.252
12,427,38600.0807,0,5.4757,10.9014,10.9014,41.0468
12,428,38624.2161,0,1.7178,6.609,6.609,89.4696
12,429,38690.0201,0,7.9602,20.2194,20.2194,47.6929
12,430,38700.1545,0,13.2054,22.4002,22.4002,60.6139
12,431,38754.7413,0,3.795,11.433,11.433,49.5306
12,432,38777.6336,0,4.3431,8.9256,8.9256,123.1319
12,433,38806.3884,0,0.7161,2.4764,2.4764,100.6933
12,434,38857.2132,0,17.9616,24.4353,24.4353,71.2542
12,435,38980.2627,0,4.3317,8.8578,8.8578,45.6221
12,436,39030.7815,0,4.6598,8.6562,8.6562,97.6801
12,437,39311.5413,0,4.2334,5.2556,5.2556,24.5554
12,438,39550.8484,0,5.8564,11.9185,11.9185,62.0623
12,439,39615.4345,0,3.7404,5.9836,5.9836,52.2513
12,440,39690.549,0,3.3891,6.5264,6.5264,36.3375
12,441,39733.0006,0,5.6258,8.2184,8.2184,32.2429
12,442,39728.9915,0,1.7424,16.7947,16.7947,61.4968
12,443,39766.4195,0,1.548,15.9657,15.9657,62.4604
12,444,39862.915,0,1.7488,7.4993,7.4993,47.7956
12,445,39873.1931,0,4.5532,15.7856,15.7856,47.381
12,446,40015.4147,0,6.0791,9.9831,9.9831,54.3043
12,447,40052.3062,0,9.7211,13.6661,13.6661,91.6953
12,448,40088.3131,0,4.429,9.5256,9.5256,93.2842
12,449,40333.592,0,1.2472,5.4081,5.4081,42.2277
12,450,40340.3784,0,4.8671,5.9795,5.9795,63.2933
12,451,40375.285,0,5.1017,7.064,7.064,44.2397
12,452,40426.5794,0,6.9387,12.7073,12.7073,58.552
12,453,40643.8919,0,2.8232,4.7404,4.7404,46.2182
12,454,40860.3108,0,2.4319,5.6027,5.6027,40.3716
12,455,40983.7752,0,1.8109,12.4586,12.4586,76.363
12,456,41057.2326,0,3.6303,6.7406,6.7406,45.5956
12,457,41125.0042,0,6.163,10.3067,10.3067,45.4902
12,458,41206.1561,0,1.2808,4.8934,4.8934,50.4293
12,459,41306.3969,0,3.2166,9.0973,9.0973,32.1954
12,460,41375.8266,0,3.4221,6.091,6.091,29.2886
12,461,41444.6054,0,4.8243,8.2315,8.2315,58.398
12,462,41592.7306,0,6.5036,7.6956,7.6956,62.0085
12,463,41669.3274,0,4.1188,7.7587,7.7587,37.9433
12,464,41823.9451,0,2.7282,6.4154,6.4154,41.3107
12,465,41836.1254,0,5.9127,24.8079,24.8079,77.5436
12,466,42066.343,0,1.776,5.335,5.335,56.4343
12,467,42458.4645,0,2.8247,8.7798,8.7798,47.6679
12,468,42533.9081,0,6.897,11.6004,11.6004,66.716
12,469,42541.5324,0,3.414,6.6664,6.6664,83.0887
12,470,42570.7015,0,3.538,17.0136,17.0136,75.0788
12,471,42781.525,0,0.8832,5.3696,5.3696,51.3566
12,472,42807.211,0,3.5778,11.4903,11.4903,52.0757
12,473,42866.4529,0,4.098,46.4775,46.4775,144.6693
12,474,43013.335,0,3.4051,6.102,6.102,54.6338
