replicate,call,t_call_min,queue_wait,travel_time,response_time,response_time_from_assignment,total_service_time
1,1,0.0,0.0,4.7555,7.9692,7.9692,85.4437
1,2,191.7963,0.0,7.1016,11.7096,11.7096,36.4084
1,3,447.4015,0.0,2.4035,20.4637,20.4637,82.2668
1,4,617.1466,0.0,9.1878,23.06,23.06,71.3464
1,5,647.9591,0.0,10.6054,17.0628,17.0628,91.2524
1,6,740.1554,0.0,4.8154,7.3434,7.3434,64.0818
1,7,752.3888,0.0,5.4468,18.8936,18.8936,65.9018
1,8,750.9999,0.0,9.793,23.2572,23.2572,71.2549
1,9,914.819,0.0,6.6863,12.7506,12.7506,39.4961
1,10,1009.6353,0.0,5.4989,9.0527,9.0527,84.2822
1,11,1127.4622,0.0,4.2877,9.2544,9.2544,43.277
1,12,1116.9775,0.0,7.9891,22.5901,22.5901,55.3219
1,13,1127.9354,0.0,14.3062,24.5163,24.5163,90.1735
1,14,1232.7531,0.0,4.3111,14.7913,14.7913,43.9336
1,15,1330.3852,0.0,0.5033,5.4379,5.4379,83.1994
1,16,1379.3554,0.0,2.0101,3.8073,3.8073,41.9202
1,17,1419.504,0.0,5.9317,8.5975,8.5975,46.9005
1,18,1564.4724,0.0,2.8823,5.3373,5.3373,78.8413
1,19,1946.8882,0.0,0.5451,11.9725,11.9725,34.9582
1,20,1969.6604,0.0,4.3304,7.3267,7.3267,35.423
1,21,2106.9038,0.0,2.1295,5.676,5.676,66.8739
1,22,2163.7115,0.0,1.5335,4.4755,4.4755,49.2837
1,23,2228.0112,0.0,3.9714,5.8514,5.8514,87.8249
1,24,2571.1794,0.0,1.0879,5.3586,5.3586,64.1616
1,25,2650.7671,0.0,11.7215,15.0397,15.0397,26.3061
1,26,2666.8104,0.0,5.1359,11.6872,11.6872,56.6416
1,27,2677.6461,0.0,5.4734,11.4105,11.4105,97.2639
1,28,2763.6088,0.0,4.5319,9.2192,9.2192,27.1933
1,29,2832.8344,0.0,3.0718,9.4176,9.4176,68.645
1,30,3134.0076,0.0,3.51,6.2076,6.2076,33.7188
1,31,3233.8048,0.0,4.2564,9.8391,9.8391,72.3484
1,32,3342.0235,0.0,5.8309,7.7808,7.7808,66.2965
1,33,3419.8141,0.0,14.1633,58.6193,58.6193,102.4604
1,34,3666.2197,0.0,4.4055,11.2838,11.2838,37.9907
1,35,3697.598,0.0,6.5541,10.8535,10.8535,37.7261
1,36,3715.4555,0.0,3.3219,10.1428,10.1428,65.21
1,37,3850.2709,0.0,3.2978,10.6272,10.6272,54.9152
1,38,3865.4918,0.0,1.5936,6.2312,6.2312,46.4188
1,39,3894.1831,0.0,3.4107,7.5728,7.5728,46.0263
1,40,3943.0897,0.0,6.6243,9.7936,9.7936,26.043
1,41,3975.9582,0.0,5.0783,20.1776,20.1776,50.3715
1,42,4083.3281,0.0,2.1103,7.481,7.481,63.8669
1,43,4300.1905,0.0,5.5821,8.5258,8.5258,59.9304
1,44,4377.5793,0.0,12.2845,18.2469,18.2469,65.9671
1,45,4773.8886,0.0,2.3658,6.3325,6.3325,57.6755
1,46,4798.0144,0.0,4.8726,11.7299,11.7299,47.5192
1,47,4835.6252,0.0,12.6918,18.9787,18.9787,60.418
1,48,4928.3663,0.0,1.9425,5.7459,5.7459,45.4712
1,49,5081.3538,0.0,2.3153,7.5789,7.5789,37.2444
1,50,5140.9196,0.0,6.2925,9.5822,9.5822,46.0639
1,51,5199.7379,0.0,4.4586,8.3108,8.3108,50.556
1,52,5230.2889,0.0,2.933,6.2778,6.2778,65.6969
1,53,5240.9563,0.0,15.3966,19.424,19.424,64.7688
1,54,5365.2019,0.0,4.3579,13.902,13.902,45.9011
1,55,5392.5505,0.0,2.6979,7.805,7.805,45.0456
1,56,5396.8648,0.0,6.6358,12.2227,12.2227,62.9395
1,57,5567.9182,0.0,6.1417,9.0649,9.0649,44.9245
1,58,5607.3197,0.0,7.1128,11.3719,11.3719,27.1106
1,59,5711.7199,0.0,3.5543,5.2202,5.2202,63.2933
1,60,5997.428,0.0,6.6701,13.0622,13.0622,62.9838
1,61,6119.5591,0.0,6.1061,7.8131,7.8131,39.6961
1,62,6142.9923,0.0,5.7618,8.0014,8.0014,64.5793
1,63,6247.0366,0.0,2.6141,7.5744,7.5744,42.9722
1,64,6286.3588,0.0,1.52,6.9628,6.9628,54.8513
1,65,6325.6009,0.0,4.9354,29.6782,29.6782,57.587
1,66,6363.9288,0.0,5.5668,21.0705,21.0705,52.1615
1,67,6461.5344,0.0,1.2435,6.293,6.293,45.857
1,68,6455.137,0.0,8.1394,17.633,17.633,46.9
1,69,6484.8105,0.0,4.647,28.0574,28.0574,85.2771
1,70,6618.654,0.0,8.108,11.7303,11.7303,75.1903
1,71,6632.0289,0.0,1.7012,10.8705,10.8705,71.6794
1,72,6705.2661,0.0,3.7002,9.4338,9.4338,55.2574
1,73,6787.6918,0.0,3.0055,6.3497,6.3497,47.7788
1,74,6864.5071,0.0,3.3361,10.8925,10.8925,57.883
1,75,6970.331,0.0,3.3127,9.0597,9.0597,42.2596
1,76,7054.0598,0.0,2.5181,5.3187,5.3187,37.8561
1,77,7062.6209,0.0,6.471,10.5198,10.5198,82.3169
1,78,7141.7588,0.0,1.8683,9.1709,9.1709,60.6547
1,79,7198.6777,0.0,4.0791,8.5257,8.5257,37.1898
1,80,7223.956,0.0,6.1053,9.6637,9.6637,73.8633
1,81,7231.6325,0.0,5.9052,15.398,15.398,67.3724
1,82,7282.2834,0.0,4.3754,26.8358,26.8358,51.0623
1,83,7657.7514,0.0,5.7318,15.5618,15.5618,44.9108
1,84,7828.1017,0.0,3.0869,22.4365,22.4365,55.5115
1,85,7881.7389,0.0,0.9592,5.0572,5.0572,45.6122
1,86,7968.6499,0.0,7.2992,16.0815,16.0815,55.1787
1,87,7976.5122,0.0,5.2526,9.8043,9.8043,104.1292
1,88,7978.5336,0.0,12.0097,20.0423,20.0423,92.0534
1,89,8010.5984,0.0,10.5418,15.6065,15.6065,134.4216
1,90,8106.9109,0.0,3.9235,9.7871,9.7871,67.4835
1,91,8163.6223,0.0,7.3265,11.815,11.815,55.1444
1,92,8154.1333,0.0,7.2308,26.888,26.888,97.204
1,93,8268.8518,0.0,1.6733,4.5628,4.5628,53.8601
1,94,8309.7441,0.0,3.4735,6.9147,6.9147,43.4878
1,95,8349.428,0.0,3.6216,10.9249,10.9249,56.766
1,96,8382.5506,0.0,6.037,37.5319,37.5319,74.9016
1,97,8530.0068,0.0,5.3781,12.8796,12.8796,40.2968
1,98,8597.7867,0.0,2.7641,13.9029,13.9029,107.6093
1,99,8744.0325,0.0,4.1353,14.0075,14.0075,39.6584
1,100,9106.5972,0.0,4.7362,8.7989,8.7989,71.1256
1,101,9181.3818,0.0,10.1218,11.8462,11.8462,64.9642
1,102,9210.827,0.0,2.5827,7.1446,7.1446,46.8835
1,103,9241.8318,0.0,19.5516,27.117,27.117,58.0889
1,104,9329.0264,0.0,7.5246,12.1616,12.1616,53.5437
1,105,9335.5918,0.0,3.7796,5.6506,5.6506,65.476
1,106,9343.9102,0.0,8.3062,15.0668,15.0668,80.0133
1,107,9358.7775,0.0,4.8527,7.0724,7.0724,66.6071
1,108,9497.2153,0.0,1.7553,2.6354,2.6354,43.6996
1,109,9558.9837,0.0,1.8192,4.2229,4.2229,53.1798
1,110,9589.8704,0.0,11.4694,14.8643,14.8643,85.3088
1,111,9825.4641,0.0,1.5536,10.558,10.558,34.1352
1,112,9869.9829,0.0,4.2879,7.5637,7.5637,100.2808
1,113,9938.563,0.0,5.2419,15.4116,15.4116,51.5992
1,114,10200.5657,0.0,3.6452,6.565,6.565,34.0881
1,115,10551.9392,0.0,3.4952,16.9883,16.9883,69.744
1,116,10568.6373,0.0,13.5614,18.027,18.027,35.0061
1,117,10614.4685,0.0,1.6628,4.075,4.075,99.4042
1,118,10618.2935,0.0,6.705,13.1611,13.1611,39.8032
1,119,10636.6959,0.0,3.8382,10.5669,10.5669,64.1074
1,120,10701.0032,0.0,7.1884,12.0514,12.0514,41.2404
1,121,10704.0173,0.0,6.1553,10.7831,10.7831,61.4186
1,122,10738.4319,0.0,8.4029,13.1841,13.1841,62.5408
1,123,10754.531,0.0,13.4332,18.4194,18.4194,142.1561
1,124,10769.2487,0.0,4.7386,9.9184,9.9184,66.397
1,125,10777.8531,0.0,7.4429,10.1091,10.1091,100.3535
1,126,10882.6572,0.0,1.132,5.2606,5.2606,39.4544
1,127,10858.2636,0.0,11.9236,40.5658,40.5658,51.5012
1,128,10888.7339,0.0,10.6444,12.8266,12.8266,77.3281
1,129,10897.7889,0.0,8.8027,19.2258,19.2258,50.3364
1,130,10917.8791,0.0,6.7263,66.7263,66.7263,101.9592
1,131,11053.6873,0.0,6.9368,12.6705,12.6705,37.3208
1,132,11121.3875,0.0,3.616,11.124,11.124,66.0444
1,133,11151.4076,0.0,6.3852,9.551,9.551,45.0543
1,134,11270.1806,0.0,4.2666,20.3829,20.3829,53.2926
1,135,11366.7062,0.0,4.5444,6.4571,6.4571,38.9532
1,136,11384.8688,0.0,5.2416,13.7478,13.7478,44.435
1,137,11426.0987,0.0,5.4092,17.1187,17.1187,74.3631
1,138,11461.7008,0.0,16.2757,21.1595,21.1595,81.9282
1,139,11564.9468,0.0,1.5846,8.9339,8.9339,46.2088
1,140,11841.2792,0.0,5.5271,11.7965,11.7965,52.2918
1,141,12093.0985,0.0,3.9714,11.3647,11.3647,50.7511
1,142,12086.0938,0.0,5.7814,26.3274,26.3274,58.2564
1,143,12120.821,0.0,7.2788,8.645,8.645,39.325
1,144,12183.9137,0.0,7.1249,8.4502,8.4502,38.6918
1,145,12215.5092,0.0,5.0776,14.3809,14.3809,86.1422
1,146,12237.3046,0.0,7.7461,13.44,13.44,69.0285
1,147,12246.9477,0.0,6.9179,14.8801,14.8801,43.2005
1,148,12270.87,0.0,1.4389,4.3845,4.3845,70.6685
1,149,12279.5423,0.0,1.5699,6.3254,6.3254,59.0329
1,150,12286.0814,0.0,9.1878,10.5648,10.5648,49.5839
1,151,12301.9982,0.0,2.6872,8.0871,8.0871,87.2007
1,152,12368.5036,0.0,5.1967,10.5046,10.5046,61.7068
1,153,12451.8607,0.0,5.5058,8.427,8.427,48.3554
1,154,12800.7525,0.0,5.6695,8.7636,8.7636,50.8507
1,155,12855.9657,0.0,1.5204,3.3384,3.3384,21.71
1,156,12859.2687,0.0,9.0359,11.2538,11.2538,49.8488
1,157,12890.2018,0.0,5.0409,11.1165,11.1165,66.4907
1,158,12903.501,0.0,3.9385,11.1857,11.1857,65.0548
1,159,12951.898,0.0,15.7114,19.5542,19.5542,74.1704
1,160,13416.3525,0.0,1.4149,7.2129,7.2129,167.2147
1,161,13476.0528,0.0,4.1203,15.5557,15.5557,127.846
1,162,13539.3211,0.0,12.0484,21.5916,21.5916,82.7126
1,163,13600.5978,0.0,13.1287,24.8325,24.8325,63.1623
1,164,13639.3256,0.0,7.0954,12.0963,12.0963,56.6307
1,165,13643.579,0.0,0.2731,13.803,13.803,61.078
1,166,13842.4501,0.0,4.5564,10.0894,10.0894,27.2001
1,167,14091.0963,0.0,2.6172,14.6324,14.6324,52.0603
1,168,14108.7465,0.0,4.5462,14.6799,14.6799,49.7439
1,169,14145.0499,0.0,3.517,6.256,6.256,39.895
1,170,14135.0342,0.0,16.1626,19.7715,19.7715,65.403
1,171,14170.5361,0.0,4.7703,11.421,11.421,45.6746
1,172,14190.0705,0.0,4.6003,11.2032,11.2032,46.9073
1,173,14263.3847,0.0,2.2259,9.8887,9.8887,51.8337
1,174,14374.2914,0.0,0.9961,7.3028,7.3028,42.9213
1,175,14377.0508,0.0,9.3679,13.621,13.621,86.1613
1,176,14619.0423,0.0,5.5072,10.5622,10.5622,35.3656
1,177,15002.9905,0.0,6.2419,12.1033,12.1033,70.3922
1,178,15164.7371,0.0,3.109,6.6516,6.6516,48.9746
1,179,15175.407,0.0,5.0926,6.4984,6.4984,44.378
1,180,15185.6942,0.0,3.0377,10.3556,10.3556,77.6378
1,181,15186.7067,0.0,6.706,9.4444,9.4444,69.0239
1,182,15216.0606,0.0,26.9177,30.2649,30.2649,77.2035
1,183,15250.9526,0.0,9.9913,13.5709,13.5709,66.9787
1,184,15292.7731,0.0,4.8489,9.7183,9.7183,35.1642
1,185,15417.1756,0.0,4.8975,9.8886,9.8886,37.0518
1,186,15420.5853,0.0,7.0967,10.1272,10.1272,46.0154
1,187,15449.217,0.0,2.9456,7.9945,7.9945,46.655
1,188,15453.4109,0.0,16.0395,21.1427,21.1427,57.3401
1,189,15544.5192,0.0,5.4411,11.4234,11.4234,36.4152
1,190,15554.1381,0.0,5.8552,11.6603,11.6603,48.9294
1,191,15562.3353,0.0,2.0957,4.05,4.05,59.4951
1,192,15630.6477,0.0,0.3233,5.4404,5.4404,50.8401
1,193,15638.9161,0.0,1.6733,14.4821,14.4821,46.2231
1,194,15645.8652,0.0,8.1038,12.4544,12.4544,45.9158
1,195,15684.9953,0.0,7.1882,9.3445,9.3445,44.1847
1,196,15719.3356,0.0,5.0137,15.9597,15.9597,62.9491
1,197,15920.7455,0.0,1.9415,6.6931,6.6931,54.143
1,198,15922.7237,0.0,5.7618,29.2471,29.2471,216.8881
1,199,16155.8076,0.0,3.6659,8.8443,8.8443,62.7859
1,200,16361.0092,0.0,3.1807,15.3516,15.3516,57.1653
1,201,16430.1124,0.0,4.396,10.5029,10.5029,53.2768
1,202,16456.844,0.0,5.3373,9.3298,9.3298,41.8786
1,203,16496.0895,0.0,9.4475,15.5652,15.5652,85.6685
1,204,16707.9372,0.0,7.041,8.9565,8.9565,41.0445
1,205,16795.6072,0.0,7.0519,14.2845,14.2845,41.3079
1,206,16958.7129,0.0,2.3609,5.5717,5.5717,51.1055
1,207,16956.7167,0.0,7.135,14.1699,14.1699,65.528
1,208,17122.9021,0.0,1.485,5.2725,5.2725,35.1921
1,209,17123.4386,0.0,4.2572,8.0415,8.0415,39.8541
1,210,17147.1859,0.0,27.3573,32.1118,32.1118,103.0718
1,211,17247.7994,0.0,10.8012,19.3707,19.3707,51.7144
1,212,17898.8862,0.0,5.6857,11.6844,11.6844,45.108
1,213,17912.2671,0.0,3.9947,11.1555,11.1555,66.8397
1,214,17914.8407,0.0,4.9366,15.885,15.885,91.5921
1,215,17967.8797,0.0,7.2295,18.2748,18.2748,52.214
1,216,18006.6949,0.0,6.0961,11.2975,11.2975,40.4019
1,217,18049.0721,0.0,2.2893,4.4866,4.4866,43.0726
1,218,18252.3599,0.0,3.227,10.0435,10.0435,46.1033
1,219,18324.5894,0.0,2.5338,12.5461,12.5461,42.4027
1,220,18399.312,0.0,1.9659,7.6317,7.6317,60.758
1,221,18404.6274,0.0,10.1348,12.394,12.394,68.2977
1,222,18643.8239,0.0,2.7586,4.7678,4.7678,47.034
1,223,18986.916,0.0,4.1652,30.0242,30.0242,91.7537
1,224,19106.6721,0.0,2.6403,12.5735,12.5735,43.5031
1,225,19155.3465,0.0,4.3615,6.5202,6.5202,45.416
1,226,19301.1753,0.0,7.2024,22.4447,22.4447,56.2677
1,227,19360.25,0.0,4.8702,11.3227,11.3227,74.1693
1,228,19568.1444,0.0,3.3188,8.597,8.597,43.0504
1,229,19636.8882,0.0,6.5183,10.3071,10.3071,58.5977
1,230,19704.5499,0.0,3.0634,9.0518,9.0518,38.4561
1,231,20047.0686,0.0,3.525,6.8444,6.8444,62.5765
1,232,20075.394,0.0,14.2005,17.4085,17.4085,65.5185
1,233,20144.6798,0.0,7.2782,13.0561,13.0561,45.6565
1,234,20351.3213,0.0,6.4248,7.8292,7.8292,50.0459
1,235,20715.5419,0.0,8.5047,13.5105,13.5105,61.3676
1,236,20777.259,0.0,12.6968,14.7666,14.7666,64.4521
1,237,20845.2257,0.0,6.2419,10.08,10.08,55.5081
1,238,20856.5266,0.0,13.7575,15.0204,15.0204,74.1441
1,239,20955.9732,0.0,2.9362,25.5605,25.5605,67.3875
1,240,20991.8993,0.0,5.3114,7.3215,7.3215,46.2545
1,241,20994.7156,0.0,1.2822,7.5653,7.5653,69.2503
1,242,21047.6963,0.0,4.5095,12.2859,12.2859,117.0508
1,243,21091.5981,0.0,1.3855,5.308,5.308,86.7898
1,244,21118.3304,0.0,6.8629,23.2212,23.2212,63.1039
1,245,21212.9689,0.0,2.4815,8.1899,8.1899,65.2896
1,246,21370.97,0.0,5.7278,9.3532,9.3532,43.9937
1,247,21396.2413,0.0,2.34,9.2642,9.2642,48.5949
1,248,21546.8754,0.0,0.785,6.9892,6.9892,42.3109
1,249,21547.8193,0.0,6.7512,11.6053,11.6053,97.919
1,250,21658.0325,0.0,3.7502,7.0093,7.0093,25.8985
1,251,21867.432,0.0,2.5937,5.9307,5.9307,39.7434
1,252,22024.2511,0.0,3.0391,7.1341,7.1341,36.9985
1,253,22100.1045,0.0,2.7657,6.6932,6.6932,43.6733
1,254,22192.8465,0.0,5.0417,9.0105,9.0105,34.208
1,255,22192.1764,0.0,5.9629,9.7637,9.7637,51.0199
1,256,22195.3263,0.0,4.9716,37.4477,37.4477,39.6017
1,257,22226.1898,0.0,0.6293,11.8965,11.8965,73.9384
1,258,22248.5767,0.0,3.1701,5.07,5.07,86.1699
1,259,22287.0002,0.0,4.7974,8.6469,8.6469,61.987
1,260,22293.3315,0.0,6.2224,10.609,10.609,84.1901
1,261,22294.5628,0.0,3.1337,29.7217,29.7217,89.9721
1,262,22405.5741,0.0,4.4349,8.7144,8.7144,65.8472
1,263,22520.082,0.0,4.4807,7.1045,7.1045,48.8758
1,264,22612.8966,0.0,6.7887,10.4621,10.4621,47.632
1,265,22645.0953,0.0,4.2745,7.9627,7.9627,49.4301
1,266,22670.2347,0.0,4.0875,17.1841,17.1841,51.8647
1,267,22777.912,0.0,3.7637,7.5013,7.5013,46.0359
1,268,22843.6448,0.0,4.0751,8.5233,8.5233,44.6498
1,269,22846.3886,0.0,3.1954,6.0481,6.0481,74.0514
1,270,22895.6038,0.0,17.2054,25.9016,25.9016,104.3823
1,271,22914.6895,0.0,10.8406,17.8123,17.8123,132.8379
1,272,23073.751,0.0,3.0812,7.6831,7.6831,34.1195
1,273,23207.7294,0.0,5.1804,9.6477,9.6477,53.6944
1,274,23473.2754,0.0,3.1855,34.036,34.036,91.2743
1,275,23551.2464,0.0,4.4227,8.4882,8.4882,37.3307
1,276,23576.2049,0.0,18.7276,22.9968,22.9968,72.0714
1,277,23670.9722,0.0,6.6272,12.4013,12.4013,49.2565
1,278,23708.864,0.0,3.0961,5.734,5.734,150.7622
1,279,23852.0434,0.0,6.9023,9.2843,9.2843,50.8141
1,280,23873.6892,0.0,3.7703,7.292,7.292,44.6798
1,281,23896.1832,0.0,3.8942,6.2203,6.2203,49.9048
1,282,23963.7374,0.0,7.449,17.5213,17.5213,59.9608
1,283,23964.4211,0.0,15.0988,29.0297,29.0297,60.6814
1,284,24123.4378,0.0,5.7032,13.1826,13.1826,90.0301
1,285,24218.0023,0.0,5.1536,9.6083,9.6083,68.4113
1,286,24423.0919,0.0,8.1311,16.7654,16.7654,56.3443
1,287,25052.363,0.0,7.5405,12.2826,12.2826,53.1729
1,288,25131.4372,0.0,2.6687,12.25,12.25,46.1257
1,289,25146.5138,0.0,9.0167,13.8106,13.8106,63.0828
1,290,25240.8912,0.0,2.5828,5.507,5.507,39.2737
1,291,25283.5727,0.0,10.3686,12.289,12.289,54.2026
1,292,25383.3104,0.0,3.7037,8.0028,8.0028,52.0851
1,293,25447.4628,0.0,2.329,6.0512,6.0512,42.0663
1,294,25597.1528,0.0,4.5781,9.7976,9.7976,38.2505
1,295,25642.2247,0.0,3.2402,8.9295,8.9295,47.5351
1,296,25808.3134,0.0,5.0035,13.4225,13.4225,53.7659
1,297,25859.969,0.0,4.4851,10.4651,10.4651,56.1468
1,298,26145.5118,0.0,8.3534,13.2358,13.2358,55.9647
1,299,26267.8713,0.0,5.9127,10.6889,10.6889,40.5665
1,300,26275.2294,0.0,2.1357,8.9883,8.9883,74.5735
1,301,26320.4191,0.0,5.0376,15.8632,15.8632,39.4774
1,302,26557.3276,0.0,3.9819,9.4021,9.4021,56.0124
1,303,26589.9322,0.0,0.9399,5.9831,5.9831,40.0058
1,304,26585.9462,0.0,5.3772,11.9986,11.9986,50.1762
1,305,26692.3039,0.0,5.9629,19.1586,19.1586,51.0423
1,306,26802.0904,0.0,4.0919,20.6886,20.6886,38.9066
1,307,26826.9396,0.0,2.5461,6.0357,6.0357,65.7307
1,308,26840.3509,0.0,3.7206,11.9226,11.9226,122.0649
1,309,26864.6342,0.0,7.8072,11.538,11.538,117.7308
1,310,26886.1279,0.0,2.2088,5.4694,5.4694,98.5499
1,311,26887.8864,0.0,4.2105,5.8322,5.8322,107.3721
1,312,26916.5771,0.0,8.3711,11.6384,11.6384,86.2385
1,313,26924.3044,0.0,12.6197,16.4705,16.4705,81.7935
1,314,27066.9121,0.0,1.9431,13.7255,13.7255,38.3633
1,315,27081.0538,0.0,3.723,8.8147,8.8147,73.5399
1,316,27130.4584,0.0,3.348,5.957,5.957,37.0219
1,317,27133.0276,0.0,3.4052,8.4206,8.4206,76.34
1,318,27149.6685,0.0,3.9343,9.0942,9.0942,47.5253
1,319,27163.5104,0.0,1.7459,7.1991,7.1991,45.0023
1,320,27175.1422,0.0,1.2193,13.7778,13.7778,79.0399
1,321,27213.3202,0.0,2.1273,9.489,9.489,60.8838
1,322,27196.6604,0.0,16.1775,27.6553,27.6553,66.3074
1,323,27229.2983,0.0,1.5439,3.8917,3.8917,65.7557
1,324,27239.2521,0.0,9.1327,13.4349,13.4349,94.3291
1,325,27292.6669,0.0,3.4224,8.7228,8.7228,47.1193
1,326,27292.5447,0.0,5.1137,9.309,9.309,75.8384
1,327,27316.2137,0.0,11.3906,14.6322,14.6322,67.6946
1,328,27604.278,0.0,3.5612,8.629,8.629,52.9438
1,329,27617.5174,0.0,7.687,14.2013,14.2013,63.8232
1,330,27777.3317,0.0,3.6103,17.8583,17.8583,55.5874
1,331,27855.3242,0.0,6.1549,15.0713,15.0713,71.6757
1,332,27924.4874,0.0,6.9675,11.5126,11.5126,40.3305
1,333,27988.5254,0.0,2.1911,8.8945,8.8945,51.611
1,334,27997.0995,0.0,7.2559,13.7131,13.7131,158.2314
1,335,28089.9472,0.0,4.7797,9.2906,9.2906,81.8864
1,336,28107.5974,0.0,14.6713,16.998,16.998,77.1843
1,337,28319.9879,0.0,2.2261,3.7267,3.7267,33.2469
1,338,28468.4969,0.0,4.8087,7.3046,7.3046,74.1632
1,339,28519.2702,0.0,6.0694,8.7371,8.7371,45.1667
1,340,28576.6145,0.0,3.0336,6.6274,6.6274,36.1991
1,341,29284.7826,0.0,5.5668,8.8595,8.8595,75.7833
1,342,29410.4482,0.0,6.1973,10.0621,10.0621,55.6114
1,343,29722.6128,0.0,4.7889,11.1711,11.1711,62.1569
1,344,29834.0484,0.0,2.0804,6.5179,6.5179,38.5984
1,345,29874.3869,0.0,3.0918,22.8562,22.8562,56.2349
1,346,29933.3822,0.0,1.2461,8.2726,8.2726,75.9921
1,347,30166.0037,0.0,4.5709,18.3949,18.3949,68.6812
1,348,30239.9901,0.0,5.0627,13.7644,13.7644,56.8392
1,349,30248.9608,0.0,0.466,5.8399,5.8399,60.7891
1,350,30294.0167,0.0,2.7908,10.2817,10.2817,56.6577
1,351,30747.112,0.0,7.066,11.8953,11.8953,94.6176
1,352,30906.606,0.0,1.8753,6.6273,6.6273,42.68
1,353,31055.4889,0.0,2.0205,3.7372,3.7372,40.4621
1,354,31051.492,0.0,5.5698,9.3581,9.3581,91.1019
1,355,31102.7364,0.0,4.4585,7.6283,7.6283,59.6824
1,356,31118.1078,0.0,6.9393,16.3011,16.3011,52.3656
1,357,31169.9966,0.0,11.6517,14.4881,14.4881,71.2226
1,358,31619.9257,0.0,7.6056,25.4966,25.4966,56.7155
1,359,32031.7442,0.0,1.4386,16.0665,16.0665,54.9986
1,360,32136.6611,0.0,4.8557,11.1825,11.1825,38.5212
1,361,32229.5251,0.0,5.6957,9.6696,9.6696,43.8642
1,362,32246.9556,0.0,2.5798,5.8518,5.8518,35.4527
1,363,32343.7114,0.0,1.8589,6.5412,6.5412,42.7481
1,364,32352.09,0.0,6.6912,12.7247,12.7247,50.5089
1,365,32355.8581,0.0,5.1494,12.3612,12.3612,71.798
1,366,32368.8652,0.0,17.0716,19.9376,19.9376,81.9559
1,367,32495.7191,0.0,14.8851,16.6313,16.6313,43.4503
1,368,32467.315,0.0,6.8281,63.0551,63.0551,87.4108
1,369,32623.5117,0.0,1.0698,4.26,4.26,48.1707
1,370,32665.9917,0.0,7.9574,12.5745,12.5745,42.966
1,371,32665.401,0.0,4.3878,13.7511,13.7511,68.6963
1,372,32758.7067,0.0,5.3162,15.1566,15.1566,83.0041
1,373,32785.3656,0.0,0.153,5.5697,5.5697,74.5398
1,374,32900.9364,0.0,1.8851,10.2632,10.2632,62.794
1,375,32962.2235,0.0,5.0639,12.8907,12.8907,45.0193
1,376,32975.1118,0.0,3.203,10.0983,10.0983,36.6743
1,377,33052.3296,0.0,5.1536,9.5452,9.5452,55.2333
1,378,33117.6049,0.0,6.1801,10.677,10.677,44.7646
1,379,33268.0546,0.0,4.9659,14.5334,14.5334,56.7099
1,380,33375.6716,0.0,1.6922,7.8751,7.8751,48.0817
1,381,33501.5764,0.0,4.7808,8.8612,8.8612,53.0654
1,382,33661.8243,0.0,3.0983,7.0924,7.0924,33.3127
1,383,33685.9284,0.0,2.0113,7.5172,7.5172,48.4125
1,384,33921.1822,0.0,6.8948,11.483,11.483,71.9531
1,385,34039.5221,0.0,4.4707,8.284,8.284,53.1671
1,386,34052.8715,0.0,7.5276,8.8254,8.8254,59.5739
1,387,34179.8856,0.0,2.1968,12.5062,12.5062,54.5822
1,388,34549.1904,0.0,4.5939,10.1737,10.1737,47.3962
1,389,34549.2526,0.0,4.1248,13.1173,13.1173,89.3068
1,390,34595.3976,0.0,2.7817,5.4543,5.4543,46.2911
1,391,34598.8339,0.0,1.8872,9.077,9.077,47.6153
1,392,34791.9705,0.0,7.3258,10.2885,10.2885,39.9335
1,393,34895.1212,0.0,2.4248,7.0433,7.0433,32.1943
1,394,34928.8908,0.0,3.8149,8.3271,8.3271,72.1699
1,395,35234.7439,0.0,8.9055,10.968,10.968,63.6119
1,396,35261.1877,0.0,5.9967,23.2829,23.2829,64.4391
1,397,35294.5709,0.0,2.8125,5.6549,5.6549,77.9159
1,398,35297.4554,0.0,5.0926,16.0147,16.0147,140.9212
1,399,35300.9658,0.0,9.363,33.3782,33.3782,124.5117
1,400,35354.8149,0.0,2.5146,8.0285,8.0285,103.2067
1,401,35439.7407,0.0,5.9187,9.1763,9.1763,71.6435
1,402,35531.6507,0.0,5.0822,12.3564,12.3564,39.6316
1,403,35911.4342,0.0,1.0556,55.7879,55.7879,81.8006
1,404,36297.3317,0.0,6.4208,15.3369,15.3369,47.8361
1,405,36467.6336,0.0,2.9659,13.2879,13.2879,52.5736
1,406,36494.0592,0.0,6.9277,14.8791,14.8791,49.1691
1,407,36506.6747,0.0,3.2603,7.427,7.427,81.2534
1,408,36558.6544,0.0,4.6308,10.6155,10.6155,46.3533
1,409,36561.4648,0.0,11.2218,15.7443,15.7443,48.7005
1,410,36800.1201,0.0,7.0713,17.9227,17.9227,44.8988
1,411,36855.5422,0.0,4.7627,7.4577,7.4577,44.8413
1,412,36912.518,0.0,4.6614,6.2876,6.2876,29.7418
1,413,36998.0861,0.0,0.5264,3.8923,3.8923,47.3585
1,414,37034.0055,0.0,4.1019,9.2644,9.2644,40.9217
1,415,37238.2315,0.0,3.348,6.2387,6.2387,51.6605
1,416,37392.7776,0.0,4.907,12.3204,12.3204,70.6797
1,417,37915.6181,0.0,1.3897,19.2591,19.2591,50.1031
1,418,37960.3203,0.0,2.6197,4.4834,4.4834,48.8917
1,419,38049.1686,0.0,4.0919,8.4064,8.4064,39.3841
1,420,38261.581,0.0,4.3825,12.5832,12.5832,32.4695
1,421,38271.881,0.0,1.7695,7.3433,7.3433,64.4999
1,422,38360.756,0.0,5.6817,11.5208,11.5208,34.927
1,423,38471.2773,0.0,4.1431,7.7509,7.7509,38.9528
1,424,39018.1534,0.0,4.1646,12.9768,12.9768,71.7593
1,425,39071.9588,0.0,4.382,17.0412,17.0412,52.7652
1,426,39077.3916,0.0,8.6927,16.8599,16.8599,64.9405
1,427,39287.4499,0.0,5.8314,9.142,9.142,41.7281
1,428,39317.1788,0.0,4.4971,5.2665,5.2665,60.7515
1,429,39510.0077,0.0,2.4563,7.068,7.068,25.8424
1,430,39506.0361,0.0,6.27,13.8421,13.8421,70.8553
1,431,39519.8832,0.0,8.5261,13.42,13.42,67.2725
1,432,39521.5117,0.0,13.8168,23.2668,23.2668,89.3192
1,433,39563.4286,0.0,9.414,19.4203,19.4203,66.602
1,434,39623.412,0.0,13.2233,23.7978,23.7978,52.0384
1,435,39842.465,0.0,3.9449,7.2558,7.2558,63.6498
1,436,39924.1123,0.0,3.8775,10.668,10.668,77.6251
1,437,40136.5889,0.0,1.5995,5.6334,5.6334,32.7015
1,438,40149.4453,0.0,2.3104,8.8818,8.8818,41.3938
1,439,40254.0236,0.0,0.8772,9.0806,9.0806,75.9779
1,440,40319.2776,0.0,4.0179,6.4633,6.4633,99.8879
1,441,40341.3075,0.0,3.8232,17.398,17.398,82.2668
1,442,40462.5503,0.0,1.8942,12.9348,12.9348,46.1583
1,443,40521.841,0.0,3.3302,6.1923,6.1923,65.6869
1,444,40667.4924,0.0,6.3159,11.5076,11.5076,43.2458
1,445,40930.002,0.0,5.2902,6.6956,6.6956,33.385
1,446,40946.1845,0.0,4.8702,10.4363,10.4363,61.122
1,447,41002.5978,0.0,6.3604,29.9391,29.9391,89.5031
1,448,41170.5769,0.0,1.6628,4.8794,4.8794,42.4013
1,449,41342.7018,0.0,2.9335,6.1509,6.1509,49.4193
1,450,41590.301,0.0,5.6685,12.9072,12.9072,40.6757
1,451,41597.9875,0.0,4.7073,10.8074,10.8074,47.5572
1,452,41612.8513,0.0,2.765,9.49,9.49,63.0713
1,453,41698.183,0.0,3.3862,6.5534,6.5534,49.3062
1,454,41705.4791,0.0,7.7883,10.4636,10.4636,59.1372
1,455,41718.3232,0.0,1.3603,15.4977,15.4977,95.6154
1,456,41864.6131,0.0,7.3301,12.5843,12.5843,37.4949
1,457,41887.1832,0.0,1.9394,7.5363,7.5363,56.0582
1,458,41887.8842,0.0,5.9309,16.789,16.789,133.2763
1,459,41953.0032,0.0,1.7485,4.4933,4.4933,55.5076
1,460,42019.3574,0.0,3.7805,11.5416,11.5416,37.1375
1,461,42235.2367,0.0,1.2792,5.6805,5.6805,52.3668
1,462,42371.4475,0.0,6.6601,15.6299,15.6299,68.6906
1,463,42435.2793,0.0,4.1203,11.3243,11.3243,35.3847
1,464,42580.7577,0.0,5.1528,13.726,13.726,58.4957
1,465,42648.3751,0.0,3.2507,6.799,6.799,66.5744
1,466,42703.4003,0.0,7.7239,9.7993,9.7993,67.9687
1,467,42708.6003,0.0,7.5553,10.7275,10.7275,81.4154
1,468,42727.5968,0.0,1.3371,22.0334,22.0334,70.9299
1,469,42790.6853,0.0,4.1431,12.5299,12.5299,51.4634
1,470,42811.8705,0.0,7.7494,11.1558,11.1558,50.2921
1,471,42820.9654,0.0,4.5444,9.4034,9.4034,49.8333
1,472,42826.7224,0.0,3.2637,5.0258,5.0258,52.162
1,473,42906.3451,0.0,2.1252,4.499,4.499,31.6711
1,474,42967.5478,0.0,6.2552,13.4947,13.4947,35.8894
1,475,42974.2652,0.0,1.1283,11.6266,11.6266,45.346
1,476,42975.5588,0.0,3.1406,10.756,10.756,94.6456
1,477,43151.5634,0.0,5.4235,10.3115,10.3115,40.0152
2,1,0.0,0.0,4.0045,9.9981,9.9981,40.4153
2,2,11.8702,0.0,4.3667,17.0179,17.0179,56.9262
2,3,129.0969,0.0,4.7483,9.8727,9.8727,35.3328
2,4,344.8932,0.0,1.85,6.8728,6.8728,63.5637
2,5,358.0907,0.0,6.6056,11.1128,11.1128,60.5672
2,6,559.0335,0.0,3.1526,5.5782,5.5782,37.5991
2,7,616.3219,0.0,6.6688,9.912,9.912,47.6848
2,8,677.1718,0.0,5.0061,8.5265,8.5265,38.9311
2,9,833.1502,0.0,6.5094,12.0684,12.0684,64.4993
2,10,886.1606,0.0,2.5741,4.7381,4.7381,54.2098
2,11,892.5398,0.0,3.0225,12.7903,12.7903,52.2983
2,12,967.3522,0.0,3.6304,11.3661,11.3661,43.6936
2,13,977.1638,0.0,4.287,8.9204,8.9204,56.318
2,14,980.6889,0.0,5.8859,8.4659,8.4659,70.4968
2,15,1086.5995,0.0,8.743,13.2094,13.2094,100.2681
2,16,1163.5312,0.0,6.8246,22.5999,22.5999,83.0561
2,17,1245.722,0.0,4.5336,7.4471,7.4471,64.6292
2,18,1284.5435,0.0,7.7723,21.4719,21.4719,23.2384
2,19,1293.9584,0.0,12.6882,16.9205,16.9205,47.4801
2,20,1298.97,0.0,10.0476,14.7989,14.7989,59.3608
2,21,1305.5033,0.0,9.2189,12.5818,12.5818,65.7969
2,22,1321.0336,0.0,7.8908,16.4299,16.4299,92.2992
2,23,1522.2896,0.0,3.0553,10.5052,10.5052,50.0131
2,24,1599.48,0.0,2.1832,9.9139,9.9139,44.0539
2,25,1737.8803,0.0,4.5487,64.5487,64.5487,109.9362
2,26,1935.1001,0.0,3.1348,59.0516,59.0516,92.6403
2,27,2167.9852,0.0,5.8468,10.3901,10.3901,62.7699
2,28,2253.6887,0.0,3.5253,13.4596,13.4596,55.0676
2,29,2395.8141,0.0,3.8942,7.7514,7.7514,53.024
2,30,2382.0774,0.0,7.0489,46.5877,46.5877,85.9366
2,31,2430.5338,0.0,2.2942,13.2723,13.2723,78.4793
2,32,2476.6188,0.0,1.2169,9.7052,9.7052,46.2602
2,33,2484.3187,0.0,0.6167,2.9358,2.9358,68.2143
2,34,2649.2457,0.0,4.859,11.2721,11.2721,35.4569
2,35,2655.8895,0.0,2.2643,5.2859,5.2859,73.7695
2,36,2880.4909,0.0,2.6146,16.6922,16.6922,75.4437
2,37,2902.4802,0.0,2.5937,6.18,6.18,75.4232
2,38,3434.4108,0.0,3.2088,5.236,5.236,29.3867
2,39,3547.2303,0.0,7.2295,9.257,9.257,47.3904
2,40,3596.7745,0.0,5.3153,13.4998,13.4998,75.8979
2,41,3730.496,0.0,5.0911,8.8355,8.8355,55.0362
2,42,3818.097,0.0,2.8807,9.7514,9.7514,78.9912
2,43,4554.8308,0.0,1.5494,3.6749,3.6749,51.0
2,44,4576.4396,0.0,4.9672,8.3517,8.3517,54.7476
2,45,4714.8936,0.0,4.2899,9.63,9.63,32.0284
2,46,4982.2179,0.0,3.3795,16.938,16.938,51.667
2,47,4996.4259,0.0,5.3417,8.8851,8.8851,77.1425
2,48,5016.8928,0.0,7.2464,10.5326,10.5326,46.592
2,49,5288.1019,0.0,3.4232,4.9123,4.9123,50.0311
2,50,5378.6596,0.0,6.969,10.8283,10.8283,49.2833
2,51,5405.9608,0.0,9.0973,21.5278,21.5278,58.1937
2,52,5457.9596,0.0,4.0924,8.3818,8.3818,55.7111
2,53,5521.7174,0.0,2.6856,8.3964,8.3964,63.3246
2,54,5647.8376,0.0,5.0974,15.4036,15.4036,71.5205
2,55,6149.8948,0.0,6.7187,10.9271,10.9271,42.8752
2,56,6226.6536,0.0,2.7615,13.4456,13.4456,61.407
2,57,6326.9642,0.0,4.6819,21.5263,21.5263,57.692
2,58,6428.6957,0.0,6.651,12.1237,12.1237,55.6991
2,59,6459.6265,0.0,1.9327,3.8808,3.8808,30.8678
2,60,6487.7446,0.0,7.8003,21.9265,21.9265,46.1675
2,61,6501.547,0.0,2.9204,8.9063,8.9063,57.9968
2,62,6498.3258,0.0,5.7717,16.0556,16.0556,66.2877
2,63,6518.653,0.0,5.0143,8.4538,8.4538,58.6635
2,64,6578.4946,0.0,4.5204,5.7731,5.7731,28.9145
2,65,6629.8759,0.0,6.7304,9.2012,9.2012,45.4341
2,66,6636.4299,0.0,6.3097,9.1928,9.1928,87.1261
2,67,6682.0831,0.0,0.9961,40.2199,40.2199,102.7153
2,68,6763.9522,0.0,1.8391,11.427,11.427,39.3322
2,69,6804.2764,0.0,2.4177,5.6476,5.6476,46.7728
2,70,6808.5927,0.0,11.0025,12.5493,12.5493,51.6544
2,71,6809.1628,0.0,5.0822,17.9511,17.9511,58.0708
2,72,6902.8401,0.0,2.9349,13.0573,13.0573,51.0105
2,73,6913.6189,0.0,6.8212,12.1807,12.1807,72.5192
2,74,7016.1265,0.0,6.2228,12.1086,12.1086,48.5201
2,75,7098.3333,0.0,3.4655,7.5587,7.5587,43.2862
2,76,7117.5167,0.0,3.3277,13.1777,13.1777,28.7113
2,77,7176.6914,0.0,3.2507,11.0396,11.0396,29.5674
2,78,7470.9537,0.0,4.3357,20.4116,20.4116,58.1933
2,79,7532.1402,0.0,1.1267,5.0367,5.0367,35.5321
2,80,7746.5621,0.0,4.7614,11.4655,11.4655,49.3405
2,81,7757.1964,0.0,1.1668,4.9516,4.9516,41.8422
2,82,7797.2158,0.0,11.2543,14.8273,14.8273,54.0135
2,83,7889.075,0.0,1.583,5.1179,5.1179,36.0262
2,84,7934.8488,0.0,5.479,15.4325,15.4325,30.2916
2,85,7953.106,0.0,2.8069,4.4765,4.4765,105.7247
2,86,7978.6755,0.0,2.9678,7.5524,7.5524,65.0432
2,87,7982.3089,0.0,8.0101,13.7277,13.7277,70.8332
2,88,8092.0296,0.0,7.0072,8.6874,8.6874,47.2828
2,89,8278.2646,0.0,3.2562,7.2713,7.2713,41.6242
2,90,8298.3315,0.0,2.7951,8.3665,8.3665,27.6372
2,91,8308.6987,0.0,19.5275,35.5143,35.5143,108.8325
2,92,8406.5374,0.0,5.5486,12.8348,12.8348,34.0763
2,93,8595.3209,0.0,2.6932,5.4956,5.4956,44.2504
2,94,8872.1181,0.0,6.6701,10.7186,10.7186,28.7959
2,95,9205.8033,0.0,6.9138,11.3513,11.3513,46.281
2,96,9340.8016,0.0,3.8917,6.6251,6.6251,38.5656
2,97,9352.5535,0.0,5.8111,22.8191,22.8191,41.5588
2,98,9372.3745,0.0,3.7242,6.337,6.337,69.4718
2,99,9404.585,0.0,2.8199,18.7056,18.7056,41.6848
2,100,9450.4308,0.0,7.0625,12.8269,12.8269,56.1205
2,101,9476.7697,0.0,7.4304,20.0524,20.0524,52.9713
2,102,9504.3296,0.0,1.4093,15.2718,15.2718,67.6585
2,103,9507.4023,0.0,6.4732,22.7224,22.7224,70.087
2,104,9578.9285,0.0,11.5432,20.5948,20.5948,63.5136
2,105,9595.547,0.0,0.836,5.3828,5.3828,61.3552
2,106,9597.4755,0.0,8.3988,12.5958,12.5958,74.7328
2,107,9722.4579,0.0,0.3107,4.7436,4.7436,40.8218
2,108,9772.4477,0.0,1.9425,7.7614,7.7614,31.472
2,109,9782.1623,0.0,1.4745,7.5945,7.5945,45.2371
2,110,9889.8662,0.0,8.7397,18.2418,18.2418,74.0047
2,111,9946.9224,0.0,14.2005,38.5324,38.5324,103.6947
2,112,10004.7405,0.0,9.5514,20.083,20.083,67.8701
2,113,10293.9411,0.0,1.893,10.1186,10.1186,42.7765
2,114,10430.9561,0.0,1.2467,9.0034,9.0034,51.9634
2,115,10536.8034,0.0,2.8242,8.5178,8.5178,39.3901
2,116,10619.9085,0.0,7.9193,9.3892,9.3892,30.479
2,117,10684.3434,0.0,4.0157,10.1673,10.1673,43.7362
2,118,10745.2897,0.0,4.1605,7.2779,7.2779,44.1184
2,119,10752.6128,0.0,3.6957,6.6377,6.6377,43.3493
2,120,10761.9133,0.0,12.7247,18.7471,18.7471,62.2752
2,121,10803.8747,0.0,11.4548,15.7246,15.7246,66.3838
2,122,10868.7457,0.0,5.4689,12.3766,12.3766,63.5034
2,123,10892.5577,0.0,4.1731,15.1288,15.1288,75.1483
2,124,10946.533,0.0,4.5402,7.2016,7.2016,45.0227
2,125,10972.5572,0.0,2.364,20.4033,20.4033,57.4536
2,126,10993.9218,0.0,7.1895,10.6287,10.6287,40.2973
2,127,10996.4261,0.0,5.6118,22.9594,22.9594,55.3383
2,128,11059.15,0.0,2.8169,8.7672,8.7672,36.1612
2,129,11099.7244,0.0,3.4406,7.4582,7.4582,42.8098
2,130,11301.4198,0.0,7.4576,10.905,10.905,50.0141
2,131,11389.7198,0.0,1.7599,6.5794,6.5794,52.9873
2,132,11395.3508,0.0,6.4689,15.2443,15.2443,58.8939
2,133,11579.7329,0.0,2.816,16.0111,16.0111,38.1094
2,134,11623.2741,0.0,3.7149,22.8532,22.8532,65.0854
2,135,11694.7472,0.0,5.9483,8.2374,8.2374,85.1974
2,136,11800.3814,0.0,4.381,12.5507,12.5507,90.6129
2,137,12080.3933,0.0,5.3115,7.4768,7.4768,62.5662
2,138,12289.4714,0.0,2.3688,8.9882,8.9882,76.307
2,139,12327.0527,0.0,5.0165,12.8061,12.8061,75.8332
2,140,12447.1253,0.0,5.8341,12.4391,12.4391,51.5904
2,141,12457.724,0.0,3.3301,9.2563,9.2563,72.5006
2,142,12518.2058,0.0,0.3483,3.6393,3.6393,21.9346
2,143,12500.9059,0.0,13.3596,55.724,55.724,89.597
2,144,12736.0069,0.0,4.6519,15.6135,15.6135,80.1692
2,145,12806.6595,0.0,1.9822,5.4234,5.4234,84.7597
2,146,12929.3983,0.0,2.2354,10.4562,10.4562,51.3738
2,147,13235.9611,0.0,2.9541,10.6618,10.6618,54.8603
2,148,13453.4342,0.0,4.3553,8.9464,8.9464,63.3782
2,149,13734.2498,0.0,5.63,8.678,8.678,30.9703
2,150,13778.1235,0.0,4.931,6.5983,6.5983,37.5146
2,151,13797.1513,0.0,7.3962,9.7156,9.7156,49.5515
2,152,13830.8061,0.0,10.4123,15.5462,15.5462,50.1248
2,153,13828.1688,0.0,3.6103,27.4114,27.4114,94.6652
2,154,13879.6611,0.0,2.9684,9.1804,9.1804,52.9298
2,155,13921.8845,0.0,3.2765,7.858,7.858,57.2739
2,156,13934.6823,0.0,6.8609,11.5083,11.5083,56.0969
2,157,14213.3692,0.0,6.6243,16.9787,16.9787,42.1872
2,158,14218.2349,0.0,12.431,17.7753,17.7753,46.3171
2,159,14220.0477,0.0,1.7459,16.5431,16.5431,60.6767
2,160,14213.4692,0.0,5.2162,23.5672,23.5672,86.8598
2,161,14247.5736,0.0,13.879,18.8279,18.8279,56.4925
2,162,14295.6768,0.0,10.851,13.3089,13.3089,52.3564
2,163,14524.94,0.0,3.0002,11.9384,11.9384,62.6861
2,164,14782.987,0.0,3.736,6.9347,6.9347,72.7296
2,165,15010.3269,0.0,3.3,8.905,8.905,33.9746
2,166,15010.2634,0.0,7.5104,15.8263,15.8263,70.3774
2,167,15074.1601,0.0,3.0605,14.6753,14.6753,77.2619
2,168,15164.6256,0.0,3.5674,11.6674,11.6674,70.9494
2,169,15154.5997,0.0,4.5337,23.6345,23.6345,92.9647
2,170,15220.1598,0.0,24.1498,31.481,31.481,101.866
2,171,15276.991,0.0,9.7709,14.1443,14.1443,93.0451
2,172,15292.9547,0.0,9.0067,33.0617,33.0617,82.6618
2,173,15335.2037,0.0,8.8044,15.4862,15.4862,92.3605
2,174,15388.2448,0.0,3.2084,9.0287,9.0287,46.5223
2,175,15412.6564,0.0,7.7883,19.6627,19.6627,70.5278
2,176,15499.233,0.0,5.3781,10.8836,10.8836,31.7021
2,177,15492.6566,0.0,2.1983,19.5037,19.5037,54.0098
2,178,15502.0001,0.0,6.9805,10.2767,10.2767,56.4112
2,179,15526.429,0.0,5.1717,6.3803,6.3803,33.7462
2,180,15615.3978,0.0,4.8975,7.568,7.568,48.6816
2,181,15626.0726,0.0,7.8175,15.7419,15.7419,50.1765
2,182,15641.7742,0.0,3.9877,7.432,7.432,47.9929
2,183,15735.133,0.0,3.2594,6.0691,6.0691,54.4379
2,184,15964.5881,0.0,3.0098,7.9869,7.9869,38.6008
2,185,15981.9067,0.0,1.3826,6.2044,6.2044,63.6919
2,186,16092.2652,0.0,3.3326,6.8115,6.8115,24.5045
2,187,16111.1625,0.0,3.6117,30.169,30.169,75.333
2,188,16221.1397,0.0,5.7948,8.0663,8.0663,51.0018
2,189,16330.0225,0.0,2.9476,8.1011,8.1011,54.6095
2,190,16322.8001,0.0,3.773,15.7942,15.7942,59.4794
2,191,16367.8864,0.0,6.3683,17.3327,17.3327,73.3484
2,192,16440.0339,0.0,6.1018,11.6938,11.6938,38.8753
2,193,16504.16,0.0,6.163,66.163,66.163,129.8373
2,194,16600.8544,0.0,1.0698,2.1875,2.1875,52.2216
2,195,16704.2481,0.0,7.7513,13.3045,13.3045,61.0267
2,196,16789.775,0.0,4.753,24.0757,24.0757,38.3484
2,197,16803.551,0.0,3.8769,10.7182,10.7182,83.861
2,198,16881.8168,0.0,4.6953,11.0514,11.0514,43.3998
2,199,16992.365,0.0,4.7363,11.0691,11.0691,31.7049
2,200,17036.0896,0.0,6.2348,11.2239,11.2239,28.9734
2,201,17045.9101,0.0,5.8782,11.6079,11.6079,57.2644
2,202,17073.1921,0.0,5.3644,10.0922,10.0922,57.9073
2,203,17270.0315,0.0,1.1271,8.0441,8.0441,33.6185
2,204,17328.4836,0.0,6.6391,12.7827,12.7827,59.6117
2,205,17544.3708,0.0,6.9052,8.0079,8.0079,54.5817
2,206,17818.8324,0.0,4.8484,24.4032,24.4032,71.134
2,207,17868.2316,0.0,4.5605,8.2077,8.2077,37.221
2,208,17901.3441,0.0,3.0319,5.8408,5.8408,58.513
2,209,17908.196,0.0,6.3513,17.1534,17.1534,77.0524
2,210,17924.8187,0.0,8.0037,19.4233,19.4233,64.5965
2,211,17927.0263,0.0,5.5831,22.9255,22.9255,94.223
2,212,18017.1645,0.0,7.7858,19.8918,19.8918,51.5923
2,213,18037.7232,0.0,9.1878,13.1864,13.1864,24.7193
2,214,18053.2098,0.0,2.9678,3.8193,3.8193,80.1024
2,215,18233.3053,0.0,8.3369,20.8837,20.8837,77.7724
2,216,18378.2654,0.0,5.6685,14.2574,14.2574,51.4309
2,217,18450.7093,0.0,4.6428,10.9011,10.9011,70.7076
2,218,18485.1949,0.0,2.2634,10.1237,10.1237,38.4694
2,219,18508.7158,0.0,8.2408,11.7114,11.7114,56.4248
2,220,18527.1671,0.0,3.6093,5.106,5.106,54.3095
2,221,18911.7404,0.0,1.7818,3.7531,3.7531,62.9943
2,222,19215.4898,0.0,5.0231,6.8638,6.8638,75.6661
2,223,19400.143,0.0,2.7474,5.1107,5.1107,46.3213
2,224,19468.277,0.0,2.2074,4.7636,4.7636,32.1408
2,225,19468.6212,0.0,8.7218,14.5592,14.5592,71.8713
2,226,19471.3219,0.0,3.3254,12.8066,12.8066,172.5476
2,227,19478.9785,0.0,2.5003,34.6558,34.6558,197.0586
2,228,19501.9627,0.0,13.2006,35.4439,35.4439,166.0855
2,229,19571.9522,0.0,0.2976,6.0814,6.0814,115.8286
2,230,19613.9947,0.0,21.8089,26.3561,26.3561,64.2304
2,231,19628.5157,0.0,8.148,14.1212,14.1212,60.1846
2,232,19635.0463,0.0,6.2198,9.6848,9.6848,87.6368
2,233,19615.328,0.0,20.3966,32.2187,32.2187,92.6549
2,234,19650.8864,8.8516,35.9352,53.8419,44.9903,66.4733
2,235,19692.0345,0.0,10.3518,15.5387,15.5387,47.5698
2,236,19708.3365,0.0,14.4592,18.7922,18.7922,74.1856
2,237,19719.1149,0.0,10.5685,12.3149,12.3149,64.1886
2,238,19900.5649,0.0,3.1995,6.9206,6.9206,32.4876
2,239,19967.9016,0.0,8.5001,9.9699,9.9699,62.7234
2,240,20104.1101,0.0,7.5433,13.749,13.749,59.6494
2,241,20248.6732,0.0,2.1187,3.6963,3.6963,98.8091
2,242,20299.4895,0.0,4.0778,8.3259,8.3259,61.5517
2,243,20343.3254,0.0,15.8695,20.2586,20.2586,69.7001
2,244,20738.2997,0.0,4.9296,11.2949,11.2949,28.8127
2,245,20777.3879,0.0,4.9451,20.8014,20.8014,74.2251
2,246,20836.1499,0.0,7.1011,19.5424,19.5424,68.2466
2,247,20944.8509,0.0,6.1553,15.7104,15.7104,53.5753
2,248,21119.9425,0.0,3.7983,5.6995,5.6995,49.8955
2,249,21204.75,0.0,7.9439,22.2719,22.2719,89.9677
2,250,21262.506,0.0,8.6389,11.9818,11.9818,50.5409
2,251,21295.8919,0.0,2.561,22.6581,22.6581,47.7213
2,252,21364.003,0.0,3.602,8.7441,8.7441,51.8543
2,253,21366.8779,0.0,5.5489,11.2506,11.2506,74.0184
2,254,21386.5896,0.0,1.3371,17.75,17.75,64.1066
2,255,21427.3131,0.0,8.1494,17.9288,17.9288,48.4366
2,256,21708.0683,0.0,0.9007,6.8539,6.8539,48.7833
2,257,22010.7736,0.0,3.2162,13.5977,13.5977,67.5912
2,258,22084.9764,0.0,2.2434,9.9164,9.9164,37.0187
2,259,22099.4852,0.0,3.2477,5.6741,5.6741,55.9418
2,260,22122.6817,0.0,6.8752,9.7517,9.7517,55.5234
2,261,22142.6402,0.0,7.0713,11.6495,11.6495,82.08
2,262,22156.3618,0.0,2.2405,3.2863,3.2863,76.609
2,263,22197.1031,0.0,2.3063,4.2301,4.2301,45.2457
2,264,22219.2264,0.0,8.0519,11.4724,11.4724,42.0447
2,265,22397.9815,0.0,6.5888,9.9397,9.9397,34.6728
2,266,22557.2087,0.0,1.2078,3.9245,3.9245,41.7942
2,267,22623.9514,0.0,5.1392,7.9752,7.9752,69.8901
2,268,22648.5847,0.0,6.5854,16.6714,16.6714,66.7094
2,269,22724.9452,0.0,4.1197,8.5056,8.5056,40.8291
2,270,22728.3092,0.0,3.4638,6.9356,6.9356,49.1659
2,271,22741.1454,0.0,11.5555,18.7793,18.7793,40.7566
2,272,22759.6302,0.0,7.0184,17.5404,17.5404,62.7585
2,273,22821.886,0.0,2.9394,11.3978,11.3978,82.44
2,274,22913.7543,0.0,6.3091,16.7241,16.7241,44.5463
2,275,22994.8618,0.0,6.3766,10.5088,10.5088,60.6869
2,276,23102.6472,0.0,4.1958,6.0403,6.0403,50.8878
2,277,23286.3401,0.0,1.4476,61.4476,61.4476,103.7391
2,278,23352.3403,0.0,4.5451,7.4704,7.4704,61.5396
2,279,23559.4419,0.0,1.5335,38.9505,38.9505,71.8744
2,280,23628.1665,0.0,12.9222,17.9542,17.9542,72.9676
2,281,23662.0011,0.0,6.5523,15.3759,15.3759,59.1334
2,282,23749.612,0.0,2.7055,4.0736,4.0736,46.3726
2,283,23740.3993,0.0,8.441,15.4244,15.4244,181.6584
2,284,23826.1519,0.0,1.3477,10.1886,10.1886,102.1756
2,285,23832.4279,0.0,2.669,4.1587,4.1587,117.1062
2,286,23906.5121,0.0,21.1018,26.0933,26.0933,52.7773
2,287,23924.1176,0.0,10.3167,13.6134,13.6134,99.0243
2,288,23995.6801,0.0,6.6002,11.079,11.079,43.343
2,289,24095.6188,0.0,1.918,8.3622,8.3622,53.4015
2,290,24097.2513,0.0,5.0122,14.5559,14.5559,66.7408
2,291,24145.1363,0.0,11.384,16.9868,16.9868,61.4023
2,292,24229.2805,0.0,1.9133,5.4206,5.4206,27.4657
2,293,24223.2281,0.0,2.2383,11.727,11.727,57.1739
2,294,24245.6796,0.0,1.4168,5.7022,5.7022,75.1616
2,295,24317.8127,0.0,1.7008,9.6233,9.6233,41.0917
2,296,24326.2256,0.0,2.5934,6.0154,6.0154,40.1057
2,297,24374.7962,0.0,6.242,10.6423,10.6423,51.9924
2,298,24485.7441,0.0,3.1932,5.5191,5.5191,39.8049
2,299,24707.09,0.0,3.472,5.2531,5.2531,51.124
2,300,24859.1129,0.0,4.0738,26.4742,26.4742,69.948
2,301,25085.7109,0.0,8.5479,11.9114,11.9114,47.9033
2,302,25162.7141,0.0,5.6261,9.9404,9.9404,48.3874
2,303,25168.7906,0.0,4.0657,8.3704,8.3704,69.9088
2,304,25220.6964,0.0,8.0225,13.3221,13.3221,61.3225
2,305,25272.1563,0.0,4.4404,8.1882,8.1882,31.2451
2,306,25275.2582,0.0,10.6296,12.1866,12.1866,34.678
2,307,25326.6958,0.0,4.7385,12.9857,12.9857,57.3926
2,308,25334.2868,0.0,9.1745,12.8695,12.8695,46.1193
2,309,25349.1804,0.0,9.0052,13.8113,13.8113,141.0037
2,310,25429.3972,0.0,1.0135,7.2244,7.2244,69.3515
2,311,25411.7751,0.0,16.0221,30.714,30.714,111.8794
2,312,25484.6308,0.0,5.5952,8.9275,8.9275,41.8038
2,313,25557.6083,0.0,2.6273,6.4601,6.4601,44.1966
2,314,25582.2767,0.0,3.9269,9.7968,9.7968,41.6067
2,315,25657.5771,0.0,8.2411,11.004,11.004,35.0055
2,316,25666.6909,0.0,1.497,5.2245,5.2245,29.2951
2,317,25751.5682,0.0,9.1528,16.5581,16.5581,78.8088
2,318,25799.576,0.0,3.6395,5.989,5.989,39.8264
2,319,25942.5214,0.0,2.3473,4.0101,4.0101,40.4523
2,320,25959.3551,0.0,6.4229,9.9629,9.9629,49.3391
2,321,25985.8926,0.0,0.5672,4.6233,4.6233,33.8316
2,322,26027.6079,0.0,3.5395,11.9713,11.9713,68.2433
2,323,26203.48,0.0,5.3165,13.2105,13.2105,46.6
2,324,26283.5765,0.0,4.0824,6.5364,6.5364,31.5273
2,325,26418.5282,0.0,6.0331,9.2979,9.2979,38.1835
2,326,26421.7741,0.0,3.0335,14.0524,14.0524,43.1735
2,327,26448.2606,0.0,6.2229,13.537,13.537,60.2875
2,328,26599.4424,0.0,5.2649,12.9806,12.9806,76.3607
2,329,26663.6999,0.0,7.7535,12.2318,12.2318,32.6583
2,330,26670.9763,0.0,3.0331,7.501,7.501,35.2251
2,331,26680.4589,0.0,2.2909,9.23,9.23,43.6468
2,332,26682.9468,0.0,9.3571,12.4374,12.4374,55.5079
2,333,26712.2904,0.0,10.1233,18.9083,18.9083,60.9001
2,334,26708.7635,0.0,7.0764,22.9149,22.9149,71.8097
2,335,26744.4521,0.0,9.9352,14.0037,14.0037,65.783
2,336,26822.9464,0.0,7.0713,12.8395,12.8395,38.7163
2,337,26849.6354,0.0,3.2603,11.0675,11.0675,62.3462
2,338,26967.3059,0.0,2.2702,6.7884,6.7884,42.8567
2,339,27055.3879,0.0,5.0974,9.0662,9.0662,44.8088
2,340,27276.967,0.0,4.9451,9.4854,9.4854,38.5192
2,341,27442.6823,0.0,3.7848,6.2455,6.2455,31.2964
2,342,27663.3087,0.0,3.8074,5.7269,5.7269,48.4338
2,343,27983.3828,0.0,7.351,12.2552,12.2552,70.4635
2,344,28204.2639,0.0,5.0539,10.0389,10.0389,42.5607
2,345,28205.4945,0.0,14.9777,26.0467,26.0467,84.4926
2,346,28267.3106,0.0,5.5654,21.9589,21.9589,64.1004
2,347,28325.8139,0.0,5.0035,10.0844,10.0844,69.0551
2,348,28403.9268,0.0,2.9841,5.3785,5.3785,33.0605
2,349,28408.3769,0.0,3.7169,7.4066,7.4066,50.1002
2,350,28404.7837,0.0,6.1319,12.1302,12.1302,58.1252
2,351,28493.8521,0.0,4.5518,9.3969,9.3969,51.4561
2,352,28643.4566,0.0,2.2791,6.2898,6.2898,54.3895
2,353,29133.5396,0.0,2.7282,7.4961,7.4961,45.2371
2,354,29260.4739,0.0,5.0641,11.2356,11.2356,32.7449
2,355,29262.0455,0.0,4.4614,10.3715,10.3715,66.6982
2,356,29263.1995,0.0,9.1438,16.4619,16.4619,70.6713
2,357,29339.0282,0.0,5.2203,21.7199,21.7199,45.03
2,358,29345.8945,0.0,4.7599,15.4,15.4,79.3914
2,359,29466.5854,0.0,6.2066,11.9936,11.9936,70.159
2,360,29543.5949,0.0,1.8773,9.4939,9.4939,35.6953
2,361,29557.9979,0.0,4.039,7.9109,7.9109,56.172
2,362,29589.6107,0.0,11.9725,18.805,18.805,57.801
2,363,29602.1531,0.0,1.6916,8.5501,8.5501,67.9022
2,364,29701.6488,0.0,1.9285,6.7128,6.7128,25.7806
2,365,29786.4038,0.0,6.7512,12.3183,12.3183,50.8941
2,366,29807.5773,0.0,3.4416,8.7213,8.7213,59.7026
2,367,29861.6282,0.0,5.8529,9.8486,9.8486,34.3477
2,368,29954.0864,0.0,9.8133,20.7218,20.7218,41.4604
2,369,29967.1972,0.0,4.3948,8.417,8.417,75.7095
2,370,29983.2299,0.0,4.6671,10.5815,10.5815,52.0169
2,371,30095.4172,0.0,4.6852,9.5414,9.5414,68.5681
2,372,30150.0177,0.0,7.2265,11.5476,11.5476,43.4184
2,373,30410.8762,0.0,3.5285,13.1749,13.1749,61.8523
2,374,30658.8531,0.0,1.6605,10.5328,10.5328,43.3278
2,375,30927.6133,0.0,10.2349,18.3315,18.3315,73.6821
2,376,31026.4451,0.0,7.5246,9.3634,9.3634,36.5436
2,377,31055.4964,0.0,3.1337,7.2324,7.2324,61.6986
2,378,31085.267,0.0,8.148,11.9204,11.9204,44.6978
2,379,31312.3803,0.0,2.8873,10.7779,10.7779,41.0605
2,380,31367.5301,0.0,3.3566,7.4292,7.4292,31.3562
2,381,31471.59,0.0,5.8375,10.6353,10.6353,107.7536
2,382,31476.1712,0.0,4.1201,12.787,12.787,152.103
2,383,31633.7753,0.0,4.647,5.588,5.588,42.5672
2,384,31847.919,0.0,3.8601,9.0177,9.0177,37.2589
2,385,31912.1832,0.0,12.3988,16.0343,16.0343,90.0904
2,386,31993.8383,0.0,1.0132,4.9224,4.9224,71.1594
2,387,32285.9127,0.0,6.013,11.3478,11.3478,60.3447
2,388,32316.5805,0.0,4.5462,10.5245,10.5245,34.8765
2,389,32391.7957,0.0,7.2203,14.7106,14.7106,72.4995
2,390,32423.5355,0.0,3.9966,5.8953,5.8953,59.9354
2,391,32449.9567,0.0,5.2831,19.4262,19.4262,58.6486
2,392,32697.455,0.0,5.054,12.7786,12.7786,54.5462
2,393,32777.067,0.0,2.7743,6.6171,6.6171,47.6857
2,394,32798.0205,0.0,8.5937,10.6134,10.6134,92.66
2,395,32856.1674,0.0,6.037,8.855,8.855,58.0385
2,396,32904.1148,0.0,5.538,7.434,7.434,35.3818
2,397,32987.757,0.0,4.069,5.7964,5.7964,46.9705
2,398,32993.1124,0.0,0.9925,6.7822,6.7822,46.7402
2,399,32999.8456,0.0,3.4295,10.5698,10.5698,42.5661
2,400,33086.4022,0.0,3.6193,7.881,7.881,65.2729
2,401,33286.4081,0.0,3.4604,6.1406,6.1406,32.701
2,402,33514.6193,0.0,13.1486,15.4649,15.4649,61.3728
2,403,33634.9396,0.0,5.5403,19.5994,19.5994,86.3463
2,404,33656.2997,0.0,7.8061,13.1993,13.1993,77.8897
2,405,33691.735,0.0,0.9856,13.8306,13.8306,53.0461
2,406,33698.9313,0.0,11.0628,14.7627,14.7627,64.6792
2,407,33760.6065,0.0,8.505,12.1146,12.1146,42.8888
2,408,33793.0222,0.0,9.9307,18.9588,18.9588,49.0329
2,409,33964.8552,0.0,6.0945,13.5276,13.5276,42.9318
2,410,33977.0953,0.0,7.1249,11.3467,11.3467,54.8651
2,411,34045.4395,0.0,1.9686,5.8294,5.8294,45.5546
2,412,34060.826,0.0,5.1175,9.2857,9.2857,61.0258
2,413,34104.742,0.0,4.012,9.7905,9.7905,55.3446
2,414,34130.9512,0.0,4.1545,10.2883,10.2883,47.0199
2,415,34141.1635,0.0,4.5075,6.6552,6.6552,84.9629
2,416,34169.7941,0.0,8.5766,10.5823,10.5823,59.0912
2,417,34182.9284,0.0,7.646,12.1536,12.1536,50.7129
2,418,34509.1752,0.0,7.0519,14.3958,14.3958,62.3791
2,419,35097.8747,0.0,5.4468,9.5699,9.5699,37.8361
2,420,35132.8992,0.0,4.75,9.1473,9.1473,42.9426
2,421,35147.2637,0.0,5.5245,8.2202,8.2202,40.7587
2,422,35210.0938,0.0,7.1234,8.3238,8.3238,47.0689
2,423,35214.9503,0.0,4.1207,5.7958,5.7958,59.336
2,424,35257.3609,0.0,9.6529,34.3162,34.3162,107.703
2,425,35314.3902,0.0,1.9951,10.8973,10.8973,68.0485
2,426,35482.4984,0.0,5.0271,10.8543,10.8543,64.6235
2,427,35500.8269,0.0,8.148,14.5174,14.5174,51.5345
2,428,35597.8326,0.0,2.9952,7.3285,7.3285,63.7503
2,429,35607.8995,0.0,3.1905,10.9021,10.9021,56.2582
2,430,35642.4093,0.0,8.1422,10.8036,10.8036,37.3655
2,431,35669.5695,0.0,22.2117,35.6451,35.6451,63.8018
2,432,35832.93,0.0,6.3258,8.9162,8.9162,34.8304
2,433,35840.4264,0.0,5.2003,7.1507,7.1507,71.7012
2,434,35882.0757,0.0,5.2744,65.2744,65.2744,117.8043
2,435,35971.5336,0.0,1.5333,7.627,7.627,35.2222
2,436,36040.7509,0.0,2.4187,7.103,7.103,42.5722
2,437,36073.7458,0.0,2.8347,8.4602,8.4602,34.9354
2,438,36421.709,0.0,2.9158,5.9598,5.9598,49.0638
2,439,36473.5409,0.0,8.3782,12.0991,12.0991,58.8175
2,440,36482.6438,0.0,3.7088,9.7603,9.7603,56.5235
2,441,36492.5402,0.0,7.0388,20.1362,20.1362,103.435
2,442,36497.4176,0.0,10.7645,15.6025,15.6025,109.4942
2,443,36533.4151,0.0,4.2611,9.8588,9.8588,73.2043
2,444,36557.7995,0.0,6.301,18.107,18.107,111.0808
2,445,36617.1188,0.0,3.6841,11.1416,11.1416,37.1184
2,446,36720.5983,0.0,7.9755,15.5033,15.5033,85.1016
2,447,36745.0981,0.0,4.6944,9.69,9.69,63.4269
2,448,36758.595,0.0,16.6199,23.7307,23.7307,61.9255
2,449,36800.7815,0.0,4.4062,12.4854,12.4854,48.9306
2,450,36885.3858,0.0,7.7553,18.2165,18.2165,56.8217
2,451,36989.342,0.0,3.9779,5.6487,5.6487,36.4045
2,452,37029.9022,0.0,6.2979,18.8489,18.8489,57.1313
2,453,37234.8749,0.0,4.674,9.3789,9.3789,41.7535
2,454,37280.3449,0.0,1.7008,5.2334,5.2334,41.6271
2,455,37276.9185,0.0,4.3164,11.4357,11.4357,86.2438
2,456,37325.1832,0.0,5.3888,7.1184,7.1184,53.0157
2,457,37548.8235,0.0,1.3003,2.3632,2.3632,27.6831
2,458,37756.5214,0.0,5.4493,10.5756,10.5756,49.5884
2,459,37780.2565,0.0,4.6518,9.4908,9.4908,28.3308
2,460,37974.2946,0.0,16.137,20.9378,20.9378,74.233
2,461,38114.302,0.0,2.8125,6.679,6.679,62.1063
2,462,38136.8435,0.0,4.9146,8.3413,8.3413,48.1362
2,463,38149.3793,0.0,5.7925,23.2712,23.2712,55.8617
2,464,38178.7571,0.0,1.7365,5.5722,5.5722,43.6792
2,465,38337.0422,0.0,2.488,8.5067,8.5067,33.404
2,466,38376.2656,0.0,4.759,7.3549,7.3549,45.0001
2,467,38413.4877,0.0,1.3622,5.3192,5.3192,33.9566
2,468,38413.0319,0.0,3.7183,7.0676,7.0676,38.7736
2,469,38434.9721,0.0,4.5319,9.4187,9.4187,79.4322
2,470,38603.4721,0.0,4.6421,9.3254,9.3254,50.2324
2,471,38704.7588,0.0,3.4522,7.4068,7.4068,58.3439
2,472,38724.4315,0.0,6.1014,15.6837,15.6837,113.8466
2,473,38735.3396,0.0,15.4025,20.5315,20.5315,96.012
2,474,38982.6627,0.0,6.1431,11.1907,11.1907,32.0643
2,475,39220.9579,0.0,3.7893,4.4377,4.4377,40.516
2,476,39362.8736,0.0,2.3735,4.5532,4.5532,41.7129
2,477,39393.076,0.0,4.5103,10.5374,10.5374,42.0174
2,478,39416.8576,0.0,9.5808,51.6149,51.6149,82.4709
2,479,39579.2811,0.0,3.1314,12.557,12.557,41.7378
2,480,39744.0281,0.0,5.4205,12.6905,12.6905,47.9099
2,481,39861.9639,0.0,8.0853,10.8402,10.8402,56.7992
2,482,39880.318,0.0,8.3293,10.2583,10.2583,43.5597
2,483,39879.8907,0.0,7.1592,11.7796,11.7796,52.294
2,484,40034.4565,0.0,5.2771,9.826,9.826,87.042
2,485,40089.9319,0.0,5.5547,13.6978,13.6978,44.018
2,486,40158.3399,0.0,6.8229,12.8382,12.8382,55.1058
2,487,40192.0855,0.0,3.3338,47.3834,47.3834,87.7853
2,488,40244.081,0.0,2.1655,10.5214,10.5214,44.6561
2,489,40257.5565,0.0,2.7603,7.3701,7.3701,60.1633
2,490,40305.3386,0.0,3.2853,7.0498,7.0498,46.4899
2,491,40367.1825,0.0,6.4681,9.1938,9.1938,70.3196
2,492,40489.6071,0.0,0.673,10.0046,10.0046,45.1359
2,493,40500.8265,0.0,5.0151,11.9834,11.9834,54.8014
2,494,40524.3727,0.0,5.0779,10.0889,10.0889,91.7785
2,495,40832.3316,0.0,8.6075,13.5453,13.5453,67.4977
2,496,41070.2134,0.0,6.4415,9.8532,9.8532,34.941
2,497,41139.1448,0.0,3.1343,7.9838,7.9838,28.3658
2,498,41146.1106,0.0,0.9749,7.7695,7.7695,65.265
2,499,41146.8098,0.0,3.2063,9.0103,9.0103,63.2971
2,500,41244.8528,0.0,5.6503,9.7653,9.7653,41.8731
2,501,41274.3745,0.0,1.5458,3.6671,3.6671,55.5294
2,502,41272.0904,0.0,10.2799,15.8316,15.8316,61.5181
2,503,41464.6801,0.0,1.5954,8.7521,8.7521,37.6493
2,504,41465.0473,0.0,12.8579,16.6533,16.6533,60.785
2,505,41501.2461,0.0,2.9604,25.1334,25.1334,64.7564
2,506,41660.0317,0.0,4.7732,21.1581,21.1581,55.3372
2,507,41708.8015,0.0,2.3004,5.7961,5.7961,29.698
2,508,41822.4125,0.0,3.8518,14.4418,14.4418,47.2488
2,509,41939.9046,0.0,4.4669,8.5229,8.5229,50.6604
2,510,42437.187,0.0,3.4375,6.7744,6.7744,57.9251
2,511,42538.5613,0.0,1.8616,3.9224,3.9224,59.2901
2,512,42587.1524,0.0,3.9714,7.0175,7.0175,49.5681
2,513,42791.9397,0.0,2.3065,3.2605,3.2605,32.6296
2,514,42802.2464,0.0,3.014,5.0744,5.0744,56.3804
2,515,42951.2575,0.0,2.9794,6.9854,6.9854,49.4578
2,516,43016.9575,0.0,8.9624,14.1544,14.1544,30.2318
2,517,43043.6316,0.0,1.7638,11.3133,11.3133,94.2434
2,518,43156.0129,0.0,4.2327,6.032,6.032,30.828
3,1,0.0,0.0,4.1714,7.6992,7.6992,78.3877
3,2,211.0207,0.0,0.9513,5.6682,5.6682,38.1164
3,3,320.1221,0.0,2.4999,49.6628,49.6628,87.9515
3,4,606.0805,0.0,7.0815,44.8623,44.8623,80.1612
3,5,777.5834,0.0,8.9091,14.9212,14.9212,70.4765
3,6,828.2888,0.0,1.5335,4.1368,4.1368,34.4789
3,7,1050.8767,0.0,5.5494,9.5137,9.5137,40.7873
3,8,1058.1662,0.0,3.8593,7.6615,7.6615,57.8526
3,9,1162.069,0.0,3.7966,10.3581,10.3581,52.8978
3,10,1233.5585,0.0,1.2967,6.4787,6.4787,91.0905
3,11,1359.3247,0.0,6.3191,7.9847,7.9847,51.5444
3,12,1359.7956,0.0,5.3888,8.3449,8.3449,86.8272
3,13,1455.0104,0.0,5.1207,11.2881,11.2881,36.2373
3,14,1533.9239,0.0,1.9301,8.1916,8.1916,56.713
3,15,1543.7378,0.0,4.457,8.784,8.784,57.5026
3,16,1931.4018,0.0,2.4744,7.6914,7.6914,60.3922
3,17,2025.3175,0.0,3.0903,5.8855,5.8855,40.7037
3,18,2133.2407,0.0,2.3577,6.0449,6.0449,41.5127
3,19,2130.0101,0.0,6.077,11.0934,11.0934,67.7489
3,20,2175.7035,0.0,4.1644,12.443,12.443,39.6429
3,21,2194.665,0.0,2.3911,11.5533,11.5533,47.6386
3,22,2206.0965,0.0,2.7551,4.6177,4.6177,50.5903
3,23,2366.3683,0.0,9.1878,16.0324,16.0324,88.3127
3,24,2465.4411,0.0,12.5508,18.213,18.213,78.596
3,25,2549.5056,0.0,1.3495,8.6431,8.6431,54.3087
3,26,2563.1007,0.0,1.9947,9.1174,9.1174,48.9427
3,27,2650.2464,0.0,5.5955,15.7685,15.7685,38.1248
3,28,2677.5823,0.0,3.4169,37.0004,37.0004,75.4861
3,29,2798.6173,0.0,5.2474,11.8922,11.8922,47.9316
3,30,3127.0714,0.0,4.5359,11.3769,11.3769,59.246
3,31,3211.6826,0.0,2.2383,6.1408,6.1408,35.141
3,32,3550.0392,0.0,7.2357,11.6035,11.6035,37.5668
3,33,3619.5643,0.0,3.2737,12.737,12.737,41.8071
3,34,3663.0656,0.0,7.5276,13.163,13.163,93.7773
3,35,3813.5255,0.0,5.9279,8.1418,8.1418,81.9301
3,36,3818.0229,0.0,6.6928,9.3626,9.3626,65.2605
3,37,3835.5974,0.0,0.3958,2.584,2.584,96.4572
3,38,3839.4415,0.0,12.458,23.836,23.836,78.016
3,39,4150.5801,0.0,1.742,9.5561,9.5561,65.2834
3,40,4165.2461,0.0,4.9887,8.5231,8.5231,52.9354
3,41,4167.6674,0.0,8.5411,14.8025,14.8025,66.1968
3,42,4169.3798,0.0,16.1163,30.5253,30.5253,81.866
3,43,4370.7617,0.0,4.9839,9.9625,9.9625,41.2877
3,44,4373.8387,0.0,9.2862,18.3929,18.3929,46.3776
3,45,4540.7758,0.0,5.7618,7.2103,7.2103,41.4929
3,46,4654.3627,0.0,3.7508,7.5989,7.5989,37.3173
3,47,4671.5437,0.0,5.7729,12.4637,12.4637,58.3587
3,48,4782.2167,0.0,1.7986,11.4172,11.4172,107.4707
3,49,4848.0308,0.0,12.364,18.9068,18.9068,51.7998
3,50,4874.6516,0.0,1.8109,6.7315,6.7315,27.4814
3,51,4900.5476,0.0,3.8899,15.5059,15.5059,103.723
3,52,4939.9416,0.0,0.626,5.9963,5.9963,69.0889
3,53,5074.526,0.0,6.9613,12.8788,12.8788,54.5296
3,54,5076.5125,0.0,14.9724,20.0685,20.0685,83.9924
3,55,5164.4811,0.0,2.3981,13.856,13.856,51.3889
3,56,5198.6482,0.0,2.6591,4.0957,4.0957,53.276
3,57,5373.8793,0.0,0.8919,6.6072,6.6072,53.829
3,58,5490.1637,0.0,3.0634,11.4743,11.4743,44.1057
3,59,5544.2315,0.0,3.0251,6.6996,6.6996,77.3958
3,60,5616.9867,0.0,5.5765,9.4971,9.4971,35.3958
3,61,5697.2757,0.0,5.4235,9.4638,9.4638,74.1804
3,62,5859.7832,0.0,3.108,9.1266,9.1266,49.7366
3,63,6326.6844,0.0,5.6575,9.8093,9.8093,36.0693
3,64,6396.1139,0.0,7.2565,8.3842,8.3842,66.5876
3,65,6419.5481,0.0,0.2403,4.4405,4.4405,45.6949
3,66,6421.7294,0.0,2.0687,15.0998,15.0998,59.7474
3,67,6485.1311,0.0,3.8382,16.6482,16.6482,57.8593
3,68,6556.1083,0.0,4.1808,8.1897,8.1897,101.0914
3,69,6579.9553,0.0,3.7039,9.5008,9.5008,82.4353
3,70,6627.9021,0.0,8.1394,11.8084,11.8084,42.0207
3,71,6665.5121,0.0,4.9298,9.3863,9.3863,46.7472
3,72,6698.6767,0.0,0.9856,7.6011,7.6011,42.3032
3,73,6748.7184,0.0,3.2814,12.609,12.609,42.292
3,74,6749.6699,0.0,3.8806,12.0054,12.0054,53.4997
3,75,6797.0541,0.0,6.1027,10.5296,10.5296,41.7021
3,76,6839.1736,0.0,18.5736,20.7413,20.7413,62.4932
3,77,6878.9342,0.0,4.0204,7.9363,7.9363,24.1991
3,78,6989.0356,0.0,4.5635,17.3536,17.3536,45.6278
3,79,7106.9202,0.0,8.9365,15.9795,15.9795,64.4848
3,80,7144.0645,0.0,8.0853,14.2155,14.2155,47.0248
3,81,7181.7723,0.0,3.5786,7.42,7.42,60.8491
3,82,7188.2648,0.0,7.7071,18.7487,18.7487,66.3801
3,83,7363.4934,0.0,4.2215,6.0188,6.0188,26.7254
3,84,7775.564,0.0,3.6552,7.9576,7.9576,35.8218
3,85,7839.4945,0.0,5.2826,13.9636,13.9636,69.1959
3,86,7864.6565,0.0,6.9765,14.728,14.728,70.8046
3,87,8013.9764,0.0,3.4447,7.0296,7.0296,37.3027
3,88,8023.0375,0.0,6.4415,12.7956,12.7956,65.1089
3,89,8029.0721,0.0,5.9002,10.0846,10.0846,71.336
3,90,8078.5985,0.0,8.3335,13.2061,13.2061,54.776
3,91,8204.7829,0.0,5.9862,8.7016,8.7016,119.4102
3,92,8253.1547,0.0,12.6882,15.1735,15.1735,85.4835
3,93,8342.6544,0.0,3.2916,9.4486,9.4486,93.6025
3,94,8447.1132,0.0,1.9179,2.9005,2.9005,43.4662
3,95,8490.887,0.0,1.8276,8.4182,8.4182,38.2736
3,96,8501.2883,0.0,6.434,14.8808,14.8808,71.8726
3,97,8505.5591,0.0,6.6243,16.6482,16.6482,85.2877
3,98,8634.6604,0.0,2.1968,8.988,8.988,48.4247
3,99,8638.2876,0.0,12.5626,13.995,13.995,47.8656
3,100,9071.6648,0.0,1.0339,7.8854,7.8854,70.1749
3,101,9127.2312,0.0,5.7544,11.8839,11.8839,51.1368
3,102,9165.1114,0.0,7.2459,22.5251,22.5251,62.6664
3,103,9206.7224,0.0,4.4073,14.3034,14.3034,58.4784
3,104,9248.0846,0.0,4.4824,16.9612,16.9612,80.3918
3,105,9340.9882,0.0,8.2119,13.5969,13.5969,39.1723
3,106,9388.5547,0.0,0.8945,4.3566,4.3566,30.179
3,107,9507.2397,0.0,7.1567,12.6556,12.6556,57.5065
3,108,9524.8601,0.0,6.2292,8.8838,8.8838,43.6246
3,109,9533.692,0.0,6.5932,12.6156,12.6156,93.1175
3,110,9630.2964,0.0,3.8813,23.5658,23.5658,58.5308
3,111,9938.1382,0.0,2.477,9.1544,9.1544,75.7403
3,112,10056.6674,0.0,7.128,10.432,10.432,29.6889
3,113,10397.6032,0.0,2.1565,21.3389,21.3389,47.1841
3,114,10711.8335,0.0,0.9811,11.0072,11.0072,50.2475
3,115,10720.6723,0.0,4.3174,9.6484,9.6484,65.0037
3,116,10829.285,0.0,7.5373,10.2468,10.2468,139.8101
3,117,10839.2291,0.0,4.0499,12.2849,12.2849,142.3639
3,118,10858.6013,0.0,4.3729,7.4787,7.4787,160.1401
3,119,11055.7404,0.0,7.1897,13.437,13.437,43.8278
3,120,11118.3597,0.0,6.1834,11.0995,11.0995,46.2123
3,121,11195.8984,0.0,4.0108,10.6072,10.6072,87.9276
3,122,11536.0386,0.0,4.0637,14.9253,14.9253,28.3405
3,123,11678.2344,0.0,0.8258,44.4093,44.4093,104.0508
3,124,11787.7575,0.0,3.0752,15.8216,15.8216,63.4914
3,125,11828.0156,0.0,2.8724,6.3835,6.3835,42.0121
3,126,12051.6805,0.0,5.1221,7.5376,7.5376,45.8984
3,127,12094.7943,0.0,7.7513,11.165,11.165,65.6707
3,128,12133.6063,0.0,1.4687,7.5219,7.5219,52.7722
3,129,12137.9657,0.0,10.2823,14.3384,14.3384,66.7992
3,130,12182.8793,0.0,7.2852,12.886,12.886,34.7989
3,131,12258.8042,0.0,1.431,9.1681,9.1681,61.9725
3,132,12282.5308,0.0,3.5253,5.967,5.967,48.2375
3,133,12384.5386,0.0,5.6194,10.9968,10.9968,34.5881
3,134,12409.7742,0.0,8.5884,23.1122,23.1122,64.4039
3,135,12459.4884,0.0,4.4807,8.7032,8.7032,49.7957
3,136,12471.5696,0.0,5.7981,17.1167,17.1167,47.9768
3,137,12682.4255,0.0,1.9659,8.7575,8.7575,34.2941
3,138,12736.5812,0.0,2.1392,4.1955,4.1955,56.7066
3,139,12772.8267,0.0,6.1327,11.5385,11.5385,50.035
3,140,12960.2904,0.0,4.3986,8.4542,8.4542,61.1397
3,141,13110.7203,0.0,6.9387,10.491,10.491,59.9375
3,142,13595.2809,0.0,2.1742,15.7871,15.7871,48.2946
3,143,13628.554,0.0,5.3302,10.1061,10.1061,69.3912
3,144,13738.8531,0.0,1.8741,6.0841,6.0841,122.4055
3,145,13770.9859,0.0,14.1897,23.3387,23.3387,99.5742
3,146,13793.2786,0.0,4.183,13.7569,13.7569,82.5747
3,147,13827.2359,0.0,4.3973,7.3728,7.3728,63.3002
3,148,13936.1354,0.0,2.4698,6.3269,6.3269,39.0436
3,149,13961.1315,0.0,9.388,20.1041,20.1041,57.8817
3,150,13990.8075,0.0,13.9931,20.4451,20.4451,43.8011
3,151,14158.1104,0.0,2.5753,8.9731,8.9731,38.91
3,152,14334.1825,0.0,5.5745,7.4162,7.4162,32.7395
3,153,14356.9439,0.0,6.6991,9.6927,9.6927,70.0959
3,154,14433.2349,0.0,0.9332,8.9466,8.9466,55.3378
3,155,14638.5886,0.0,3.4713,6.5797,6.5797,60.9834
3,156,14721.6361,0.0,2.7568,16.5022,16.5022,89.3496
3,157,14777.9176,0.0,2.1318,11.8366,11.8366,53.1542
3,158,14827.1276,0.0,6.7751,10.1672,10.1672,57.4594
3,159,14899.8652,0.0,7.6879,14.2906,14.2906,32.8198
3,160,14986.3328,0.0,5.2594,7.1312,7.1312,52.0906
3,161,15044.8023,0.0,10.319,12.1635,12.1635,74.7709
3,162,15042.1798,0.0,7.0998,56.2386,56.2386,106.4752
3,163,15153.0336,0.0,2.4381,12.2903,12.2903,102.9789
3,164,15217.7463,0.0,3.3892,11.16,11.16,50.4381
3,165,15311.8624,0.0,12.1866,15.7316,15.7316,54.1428
3,166,15324.3414,0.0,2.3071,6.7198,6.7198,107.4536
3,167,15408.1879,0.0,2.5245,6.9992,6.9992,38.438
3,168,15439.6659,0.0,1.9133,5.7115,5.7115,39.8468
3,169,15473.2133,0.0,3.2522,15.8118,15.8118,79.4652
3,170,15480.4543,0.0,10.4559,11.9967,11.9967,106.2909
3,171,15532.0822,0.0,3.7239,16.0423,16.0423,59.5111
3,172,15578.1845,0.0,6.249,12.5473,12.5473,47.4651
3,173,15580.5084,0.0,3.2402,15.9765,15.9765,153.9756
3,174,15689.5933,0.0,6.1155,11.1993,11.1993,70.0759
3,175,15697.8091,0.0,17.4209,20.6837,20.6837,66.3558
3,176,15777.2936,0.0,5.1287,19.2334,19.2334,59.2258
3,177,15818.6176,0.0,14.9408,27.2092,27.2092,98.727
3,178,16429.1645,0.0,3.7999,11.2245,11.2245,17.0787
3,179,16461.7169,0.0,3.4036,5.1833,5.1833,101.0356
3,180,16456.087,0.0,8.7324,18.3447,18.3447,76.0241
3,181,16547.1994,0.0,4.5564,10.0293,10.0293,45.4142
3,182,16555.0971,0.0,5.1316,8.8362,8.8362,86.8139
3,183,16558.0935,0.0,13.4116,18.7191,18.7191,111.4024
3,184,16582.1619,0.0,5.7053,10.1827,10.1827,96.3811
3,185,16586.2481,0.0,2.6724,10.7201,10.7201,97.2604
3,186,16621.0578,0.0,17.565,20.8223,20.8223,76.2831
3,187,16587.3591,0.0,40.6536,77.0198,77.0198,119.1489
3,188,16689.5794,0.0,24.606,30.3885,30.3885,109.9813
3,189,16729.0294,0.0,13.9786,21.6437,21.6437,82.1002
3,190,16773.979,0.0,6.0961,9.4843,9.4843,71.9274
3,191,16853.4296,0.0,1.6733,3.1796,3.1796,50.8299
3,192,16868.8,0.0,5.724,10.6083,10.6083,61.6782
3,193,17025.7247,0.0,4.1201,7.7676,7.7676,79.7438
3,194,17116.5657,0.0,13.7241,15.1216,15.1216,58.2432
3,195,17177.0977,0.0,7.2242,21.3368,21.3368,82.6803
3,196,17217.864,0.0,6.6346,10.6733,10.6733,54.5359
3,197,17322.0796,0.0,3.4084,7.4692,7.4692,51.2318
3,198,17702.0439,0.0,3.4802,12.1196,12.1196,26.3248
3,199,17715.0138,0.0,6.8182,9.8216,9.8216,51.5273
3,200,17729.8445,0.0,3.7982,8.3327,8.3327,58.341
3,201,17723.5265,0.0,11.9479,17.4809,17.4809,82.7104
3,202,17770.6967,0.0,4.5661,12.3349,12.3349,64.4592
3,203,17898.9369,0.0,2.2193,6.3941,6.3941,75.8103
3,204,17954.812,0.0,5.0417,6.9824,6.9824,33.9006
3,205,17949.227,0.0,3.3301,15.1961,15.1961,52.216
3,206,18032.9717,0.0,1.8278,10.6597,10.6597,82.4936
3,207,18036.8418,0.0,6.4723,10.1022,10.1022,111.3849
3,208,18072.3531,0.0,12.3397,18.617,18.617,89.471
3,209,18197.6041,0.0,7.6553,12.9838,12.9838,40.2662
3,210,18239.7477,0.0,4.5319,6.0321,6.0321,46.8935
3,211,18265.2675,0.0,4.4725,8.542,8.542,27.9845
3,212,18264.0622,0.0,5.1275,11.9014,11.9014,54.3318
3,213,18354.416,0.0,1.165,25.4881,25.4881,76.3913
3,214,18373.5302,0.0,9.5687,24.2262,24.2262,74.4836
3,215,18437.9992,0.0,3.2554,8.199,8.199,50.6468
3,216,18670.1486,0.0,1.1166,12.0518,12.0518,54.7497
3,217,18687.4767,0.0,4.291,7.0773,7.0773,47.9298
3,218,18743.7712,0.0,5.3535,13.6383,13.6383,84.8236
3,219,18773.7614,0.0,3.8297,12.7762,12.7762,61.2181
3,220,18846.5807,0.0,6.634,8.7844,8.7844,55.415
3,221,18906.0266,0.0,5.2095,6.3748,6.3748,75.7535
3,222,19485.4988,0.0,5.9629,21.4891,21.4891,90.2364
3,223,19552.243,0.0,4.7272,15.5242,15.5242,47.2943
3,224,19742.0486,0.0,3.5712,4.5709,4.5709,59.9104
3,225,19790.5085,0.0,5.9862,9.149,9.149,35.1403
3,226,19861.9536,0.0,6.3448,10.2624,10.2624,79.7836
3,227,19918.4794,0.0,6.0126,21.8437,21.8437,60.218
3,228,19956.2451,0.0,5.6685,10.5405,10.5405,49.2954
3,229,19955.7924,0.0,8.1214,12.8407,12.8407,84.3121
3,230,20030.9555,0.0,0.3483,1.8714,1.8714,46.0678
3,231,20183.5839,0.0,7.6179,13.7009,13.7009,64.3445
3,232,20523.3005,0.0,4.2595,7.5427,7.5427,49.0841
3,233,20524.3046,0.0,3.3497,18.3543,18.3543,51.5796
3,234,20681.0856,0.0,4.8716,14.164,14.164,91.2506
3,235,20828.4514,0.0,9.0425,11.7667,11.7667,45.5894
3,236,20833.8368,0.0,7.3603,21.2792,21.2792,77.1282
3,237,21160.4826,0.0,6.6111,8.4995,8.4995,51.8517
3,238,21172.52,0.0,2.3091,8.974,8.974,81.3479
3,239,21228.3938,0.0,13.4573,15.6288,15.6288,60.903
3,240,21239.4441,0.0,7.5373,11.2364,11.2364,108.9581
3,241,21351.894,0.0,7.7417,13.473,13.473,102.0747
3,242,21429.7499,0.0,5.0593,16.3076,16.3076,55.499
3,243,21477.3132,0.0,0.8368,2.6699,2.6699,39.5801
3,244,21924.8269,0.0,5.7618,9.2617,9.2617,75.6626
3,245,22103.2367,0.0,3.919,7.7495,7.7495,35.4019
3,246,22141.2151,0.0,3.5888,8.1385,8.1385,80.183
3,247,22241.1037,0.0,5.9567,11.1122,11.1122,49.6937
3,248,22274.9566,0.0,7.2556,12.3583,12.3583,107.841
3,249,22289.8928,0.0,6.9138,8.8162,8.8162,55.5969
3,250,22302.5304,0.0,8.8321,20.799,20.799,88.0938
3,251,22336.1833,0.0,24.5738,36.5313,36.5313,60.0426
3,252,22466.8502,0.0,8.2102,31.5975,31.5975,59.9217
3,253,22542.1263,0.0,1.5194,4.8531,4.8531,64.9577
3,254,22624.908,0.0,2.4886,6.707,6.707,60.6362
3,255,22824.7517,0.0,6.309,13.716,13.716,98.603
3,256,22833.1552,0.0,11.9561,19.362,19.362,105.2533
3,257,23156.5047,0.0,7.687,21.9561,21.9561,63.6094
3,258,23489.9054,0.0,5.237,7.8721,7.8721,56.2323
3,259,23529.0148,0.0,5.5216,7.3261,7.3261,123.7524
3,260,23539.5762,0.0,2.0768,5.4335,5.4335,131.6469
3,261,23572.0184,0.0,1.53,10.4646,10.4646,123.142
3,262,23698.9546,0.0,1.2347,7.7886,7.7886,79.2858
3,263,23838.216,0.0,4.0919,13.1506,13.1506,28.3918
3,264,23841.2417,0.0,7.0539,16.0569,16.0569,41.0199
3,265,23918.3612,0.0,1.2822,19.6454,19.6454,70.3909
3,266,23956.6359,0.0,2.4129,13.0341,13.0341,49.1694
3,267,23971.6627,0.0,7.7131,19.4922,19.4922,39.1199
3,268,23990.8358,0.0,9.6954,11.0211,11.0211,47.8908
3,269,23993.82,0.0,2.4062,8.1743,8.1743,52.5093
3,270,24050.8066,0.0,2.9861,5.2569,5.2569,36.7295
3,271,24133.1983,0.0,1.7445,6.189,6.189,46.4719
3,272,24143.2358,0.0,2.7755,3.7832,3.7832,44.4399
3,273,24252.3646,0.0,1.3358,2.8587,2.8587,13.9721
3,274,24341.5213,0.0,5.7111,10.662,10.662,37.2202
3,275,24350.6818,0.0,6.845,13.2471,13.2471,78.4929
3,276,24379.9017,0.0,1.4,4.0743,4.0743,122.7859
3,277,24458.7964,0.0,7.6497,22.9684,22.9684,48.3187
3,278,24487.7105,0.0,5.3403,31.0729,31.0729,85.7864
3,279,24601.2962,0.0,4.0837,7.7705,7.7705,45.1879
3,280,24840.174,0.0,2.5697,6.2814,6.2814,31.2823
3,281,25055.2358,0.0,7.7784,15.8409,15.8409,57.3584
3,282,25117.5507,0.0,6.185,10.4187,10.4187,72.6196
3,283,25248.7408,0.0,5.5654,8.6299,8.6299,26.9209
3,284,25251.1993,0.0,11.7175,18.6107,18.6107,54.0065
3,285,25258.4888,0.0,4.6361,11.4709,11.4709,78.8329
3,286,25289.7415,0.0,8.9186,17.9848,17.9848,51.0904
3,287,25316.5969,0.0,7.5003,21.041,21.041,39.33
3,288,25346.4117,0.0,9.1381,14.2865,14.2865,48.9346
3,289,25364.6803,0.0,6.6236,12.3312,12.3312,49.4745
3,290,25466.0004,0.0,5.1536,7.6023,7.6023,54.6426
3,291,25490.2231,0.0,1.5936,4.5947,4.5947,54.0554
3,292,25606.8835,0.0,1.3815,3.7507,3.7507,56.6273
3,293,25614.3489,0.0,1.9992,7.2446,7.2446,78.6194
3,294,25594.7663,0.0,4.8407,41.6797,41.6797,94.9179
3,295,25699.3227,0.0,7.7723,13.0923,13.0923,54.0742
3,296,25697.3369,0.0,3.85,17.9842,17.9842,60.4674
3,297,25733.0418,0.0,4.859,10.6951,10.6951,54.871
3,298,25786.5507,0.0,2.4447,4.8137,4.8137,49.6176
3,299,25817.2721,0.0,1.5114,5.2699,5.2699,50.9242
3,300,25828.7442,0.0,6.0842,12.3359,12.3359,77.1796
3,301,25878.0463,0.0,6.4642,9.227,9.227,75.0212
3,302,25927.4409,0.0,5.2559,9.2352,9.2352,60.9968
3,303,25977.0271,0.0,3.1733,8.5507,8.5507,30.6473
3,304,25995.2053,0.0,0.9377,3.7022,3.7022,86.3322
3,305,26293.1118,0.0,1.4149,13.646,13.646,31.3595
3,306,26329.7682,0.0,1.158,5.7909,5.7909,49.9667
3,307,26566.0002,0.0,3.5307,6.4132,6.4132,86.2451
3,308,26565.6804,0.0,2.6345,9.29,9.29,92.0671
3,309,26608.8153,0.0,12.461,17.7147,17.7147,50.6794
3,310,26684.68,0.0,6.3485,14.1643,14.1643,28.0592
3,311,26692.0836,0.0,4.5505,7.0134,7.0134,69.7005
3,312,26691.8537,0.0,1.7434,7.3784,7.3784,72.7704
3,313,26698.218,0.0,1.0811,5.8059,5.8059,64.4012
3,314,26705.4576,0.0,1.5335,7.5736,7.5736,90.7363
3,315,26751.7115,0.0,7.4195,11.6343,11.6343,53.279
3,316,26799.4836,0.0,8.139,15.1534,15.1534,59.2547
3,317,26826.9815,0.0,3.3627,7.895,7.895,50.3097
3,318,26878.9851,0.0,3.7262,10.9424,10.9424,55.2275
3,319,26903.6517,0.0,1.9084,16.2335,16.2335,64.4984
3,320,26978.2896,0.0,4.4847,7.3882,7.3882,45.3369
3,321,26984.7557,0.0,5.4411,8.1598,8.1598,59.1926
3,322,27135.4311,0.0,6.5036,10.534,10.534,26.2019
3,323,27169.3876,0.0,1.5083,13.3852,13.3852,60.3801
3,324,27409.5507,0.0,6.1053,9.1734,9.1734,35.6969
3,325,27884.6197,0.0,9.0204,10.9794,10.9794,45.9959
3,326,27941.5144,0.0,0.5719,23.9658,23.9658,72.986
3,327,28065.4693,0.0,4.6568,9.0846,9.0846,73.6663
3,328,28090.2692,0.0,0.3914,6.6096,6.6096,52.8292
3,329,28102.9439,0.0,1.7553,3.9213,3.9213,44.7058
3,330,28101.5815,0.0,4.5462,9.6882,9.6882,47.3947
3,331,28106.1692,0.0,2.4175,23.7896,23.7896,58.9467
3,332,28127.3202,0.0,6.9825,22.529,22.529,81.7533
3,333,28226.8634,0.0,7.0713,14.1811,14.1811,57.5759
3,334,28236.0412,0.0,1.0698,8.3093,8.3093,75.4625
3,335,28295.676,0.0,1.3703,6.2228,6.2228,60.2222
3,336,28441.4513,0.0,1.4609,7.6974,7.6974,68.9273
3,337,28429.0204,0.0,1.0265,26.6236,26.6236,66.6412
3,338,28584.7705,0.0,3.2506,9.4631,9.4631,43.4198
3,339,28865.8771,0.0,2.4829,9.3442,9.3442,43.067
3,340,28917.0792,0.0,6.1722,18.836,18.836,87.3194
3,341,28996.3377,0.0,6.5548,9.1142,9.1142,68.9255
3,342,29237.6342,0.0,3.255,21.1568,21.1568,110.5004
3,343,29359.9959,0.0,7.256,11.6514,11.6514,32.9044
3,344,29385.9587,0.0,3.5253,16.1,16.1,71.8825
3,345,29480.2078,0.0,7.5779,16.442,16.442,58.6074
3,346,29503.1518,0.0,6.9613,15.8996,15.8996,47.5801
3,347,29589.0644,0.0,3.3319,11.407,11.407,26.3981
3,348,29614.1643,0.0,3.7703,9.6956,9.6956,30.9251
3,349,29693.2294,0.0,9.434,17.2805,17.2805,103.6695
3,350,29808.7434,0.0,5.3119,11.232,11.232,48.3474
3,351,29882.873,0.0,6.612,10.1167,10.1167,66.4856
3,352,29975.6374,0.0,9.7433,16.2924,16.2924,54.1264
3,353,29978.3857,0.0,6.2228,20.7564,20.7564,78.276
3,354,30092.7161,0.0,6.2229,27.1673,27.1673,57.7042
3,355,30244.5383,0.0,7.1883,10.784,10.784,46.8781
3,356,30495.9597,0.0,6.8655,17.8543,17.8543,33.3208
3,357,30755.115,0.0,2.2528,7.2273,7.2273,77.9421
3,358,30927.0738,0.0,8.842,9.4436,9.4436,64.8381
3,359,30939.5242,0.0,3.2713,12.703,12.703,29.494
3,360,30972.4608,0.0,5.8451,11.7575,11.7575,30.4797
3,361,30978.6104,0.0,4.1822,8.11,8.11,74.243
3,362,31026.1422,0.0,4.0702,6.8886,6.8886,29.0008
3,363,31027.5719,0.0,7.7239,12.6269,12.6269,42.1988
3,364,31035.7341,0.0,2.6724,8.4997,8.4997,58.2368
3,365,31143.1486,0.0,2.319,11.9873,11.9873,42.2124
3,366,31296.6196,0.0,6.0789,10.622,10.622,33.0928
3,367,31308.638,0.0,9.4578,14.4022,14.4022,39.3984
3,368,31353.4981,0.0,11.0422,13.6696,13.6696,93.8407
3,369,31354.1331,0.0,26.968,31.5161,31.5161,106.0328
3,370,31480.0542,0.0,1.1584,28.6826,28.6826,73.9944
3,371,31625.3256,0.0,2.5338,5.9201,5.9201,51.2372
3,372,31832.8383,0.0,3.8703,6.534,6.534,66.0822
3,373,32020.8662,0.0,3.7243,9.2803,9.2803,35.1256
3,374,32253.7045,0.0,8.181,11.4398,11.4398,53.2815
3,375,32281.8789,0.0,4.5405,8.6882,8.6882,61.4823
3,376,32314.6962,0.0,7.0743,12.3968,12.3968,65.3856
3,377,32379.736,0.0,6.8289,12.8764,12.8764,49.2856
3,378,32425.6992,0.0,5.744,12.8266,12.8266,66.4565
3,379,32442.5744,0.0,4.8077,13.4282,13.4282,61.1082
3,380,32502.232,0.0,5.0832,8.8561,8.8561,39.1992
3,381,32508.8985,0.0,3.001,8.5304,8.5304,61.2462
3,382,32607.2672,0.0,4.9298,15.1245,15.1245,50.333
3,383,32643.0602,0.0,0.3107,3.1197,3.1197,34.538
3,384,32676.259,0.0,2.3487,5.9685,5.9685,39.4025
3,385,32760.3785,0.0,2.3299,5.5181,5.5181,32.402
3,386,32832.3061,0.0,4.4847,6.4906,6.4906,61.389
3,387,32846.5737,0.0,4.263,9.9918,9.9918,51.7681
3,388,32887.2316,0.0,10.4911,18.1411,18.1411,52.7078
3,389,32949.622,0.0,4.5518,9.0031,9.0031,60.041
3,390,32949.3306,0.0,8.1519,11.623,11.623,74.1759
3,391,33054.9117,0.0,4.8047,7.4585,7.4585,45.0805
3,392,33526.7977,0.0,2.9973,4.2223,4.2223,39.2861
3,393,33528.9981,0.0,5.1925,14.7987,14.7987,50.8122
3,394,33645.219,0.0,6.7544,66.7544,66.7544,143.0548
3,395,33708.2535,0.0,13.8015,16.3115,16.3115,83.9308
3,396,33913.459,0.0,6.9334,11.3241,11.3241,37.5577
3,397,33923.0072,0.0,4.3938,14.3733,14.3733,68.1738
3,398,34150.4984,0.0,1.2169,13.8334,13.8334,63.6481
3,399,34156.2237,0.0,3.0944,10.4599,10.4599,78.2222
3,400,34487.8245,0.0,6.9066,13.0533,13.0533,46.6654
3,401,34745.5209,0.0,6.366,13.8385,13.8385,32.9236
3,402,34877.8714,0.0,5.7146,9.1036,9.1036,35.4446
3,403,35125.1886,0.0,13.3069,20.8624,20.8624,78.171
3,404,35184.5193,0.0,2.8199,12.9702,12.9702,79.9266
3,405,35336.3106,0.0,4.7447,13.7418,13.7418,40.7556
3,406,35396.9015,0.0,6.6673,8.5354,8.5354,51.99
3,407,35398.0178,0.0,6.9504,14.4283,14.4283,77.9921
3,408,35428.4595,0.0,1.5364,7.7649,7.7649,58.1421
3,409,35472.4251,0.0,4.6939,6.9595,6.9595,56.8169
3,410,35495.55,0.0,12.4217,29.9738,29.9738,79.1027
3,411,35559.1698,0.0,7.7723,17.7897,17.7897,70.3197
3,412,35815.6676,0.0,6.6346,13.2492,13.2492,44.6224
3,413,35907.5239,0.0,5.0614,9.8882,9.8882,31.6517
3,414,35933.6876,0.0,9.4578,11.8822,11.8822,60.4737
3,415,35967.77,0.0,3.0375,38.9092,38.9092,74.0863
3,416,36172.6746,0.0,2.0954,3.5167,3.5167,37.5828
3,417,36645.3756,0.0,1.1598,7.2991,7.2991,36.9226
3,418,36667.2641,0.0,3.6827,12.3368,12.3368,78.3728
3,419,36728.2131,0.0,2.9855,8.3362,8.3362,37.5054
3,420,36765.3366,0.0,7.1234,8.8644,8.8644,50.9957
3,421,36849.485,0.0,4.314,7.3005,7.3005,27.6876
3,422,36976.0256,0.0,6.9855,16.9125,16.9125,57.7002
3,423,36965.9391,0.0,3.8115,63.8115,63.8115,137.7723
3,424,37032.5587,0.0,12.1954,21.4423,21.4423,91.6935
3,425,37051.8611,0.0,3.7032,7.2613,7.2613,88.5694
3,426,37053.1174,0.0,10.7765,13.5,13.5,107.8886
3,427,37120.5489,0.0,5.4831,11.3661,11.3661,45.5284
3,428,37406.0696,0.0,3.2773,8.2074,8.2074,31.4493
3,429,37440.3243,0.0,4.0512,11.4368,11.4368,78.4273
3,430,37883.9975,0.0,2.5554,7.318,7.318,46.0782
3,431,37901.1945,0.0,4.8833,8.7936,8.7936,37.7329
3,432,37999.7069,0.0,4.2793,22.7663,22.7663,44.7154
3,433,38059.4164,0.0,4.3304,20.6411,20.6411,80.0795
3,434,38073.9473,0.0,6.3433,9.2704,9.2704,71.9699
3,435,38108.4029,0.0,14.4263,15.691,15.691,61.4463
3,436,38117.8772,0.0,21.8239,26.6355,26.6355,92.4159
3,437,38179.7499,0.0,15.7098,17.8879,17.8879,55.2491
3,438,38192.3976,0.0,1.2822,7.2266,7.2266,55.1653
3,439,38216.4559,0.0,2.7137,8.7246,8.7246,61.905
3,440,38268.3562,0.0,4.5638,8.2663,8.2663,58.4152
3,441,38250.4445,0.0,11.1203,27.1578,27.1578,64.0027
3,442,38382.2949,0.0,1.53,9.7038,9.7038,51.4423
3,443,38394.6629,0.0,0.7589,11.673,11.673,85.9269
3,444,38415.9121,0.0,12.1379,15.4798,15.4798,63.7731
3,445,38432.9186,0.0,7.3391,12.14,12.14,124.3118
3,446,38484.8443,0.0,17.3678,24.7546,24.7546,95.4754
3,447,38554.6385,0.0,5.7894,10.5902,10.5902,45.813
3,448,38575.2699,0.0,5.8524,9.038,9.038,50.9253
3,449,38597.5777,0.0,4.0777,10.3373,10.3373,75.5723
3,450,38680.0182,0.0,4.2879,9.1248,9.1248,35.4307
3,451,38686.7432,0.0,4.2611,13.8473,13.8473,66.6644
3,452,38792.4675,0.0,6.2552,13.1869,13.1869,49.7283
3,453,38948.0917,0.0,5.9972,9.5187,9.5187,79.4797
3,454,39173.9076,0.0,3.8017,9.8551,9.8551,37.2027
3,455,39197.7942,0.0,6.6467,9.975,9.975,35.9575
3,456,39318.6085,0.0,2.4852,8.3294,8.3294,23.1383
3,457,39336.6543,0.0,2.2977,11.3111,11.3111,60.4701
3,458,39460.1599,0.0,4.8726,8.8684,8.8684,47.0514
3,459,39467.813,0.0,7.256,11.9965,11.9965,45.1748
3,460,39483.9391,0.0,11.3678,19.7044,19.7044,79.7749
3,461,39607.1799,0.0,3.6399,5.5908,5.5908,54.9191
3,462,39614.3771,0.0,8.7806,23.9186,23.9186,68.2846
3,463,39647.5397,0.0,7.0713,12.7044,12.7044,46.4767
3,464,39793.4552,0.0,2.51,4.8474,4.8474,38.9313
3,465,39868.0984,0.0,7.0433,17.8671,17.8671,34.5763
3,466,39880.0565,0.0,7.4707,9.8751,9.8751,40.6162
3,467,40004.7108,0.0,3.2554,8.0056,8.0056,48.6782
3,468,40181.5452,0.0,5.8807,11.1557,11.1557,48.9123
3,469,40318.8936,0.0,6.2376,7.9683,7.9683,76.667
3,470,40410.1984,0.0,4.2186,14.4898,14.4898,120.1945
3,471,40575.1416,0.0,5.6494,14.0287,14.0287,50.0725
3,472,40765.6538,0.0,1.813,5.4633,5.4633,42.8142
3,473,40804.1314,0.0,9.0099,15.3141,15.3141,37.6869
3,474,40836.5223,0.0,3.7751,17.645,17.645,65.2379
3,475,40887.1394,0.0,5.2203,14.2281,14.2281,41.0161
3,476,40935.3076,0.0,5.7368,7.954,7.954,59.4687
3,477,41061.9523,0.0,3.3301,5.2873,5.2873,52.4937
3,478,41072.6551,0.0,3.6255,6.2876,6.2876,52.0192
3,479,41083.5627,0.0,7.3287,11.293,11.293,54.8152
3,480,41239.317,0.0,3.4473,6.2916,6.2916,35.0105
3,481,41260.22,0.0,6.1103,13.6423,13.6423,49.3887
3,482,41396.1207,0.0,5.8529,9.0244,9.0244,49.2227
3,483,41494.9644,0.0,0.5033,2.5076,2.5076,63.3829
3,484,41591.234,0.0,2.0804,7.6029,7.6029,35.3121
3,485,41621.34,0.0,4.5968,22.8527,22.8527,65.8439
3,486,41866.7769,0.0,3.3922,14.2645,14.2645,52.3044
3,487,41968.3322,0.0,3.5784,6.9511,6.9511,59.1247
3,488,42312.8604,0.0,15.6677,18.6547,18.6547,150.0821
3,489,42325.3777,0.0,2.693,13.6638,13.6638,177.7297
3,490,42390.0916,0.0,2.6197,8.0145,8.0145,173.4622
3,491,42433.3933,0.0,4.6819,17.5921,17.5921,136.1039
3,492,42478.4252,0.0,4.944,11.0822,11.0822,94.9721
3,493,42575.9795,0.0,11.0448,19.9572,19.9572,57.7681
3,494,42575.0105,0.0,16.034,26.358,26.358,59.6402
3,495,42631.2379,0.0,7.3912,10.1118,10.1118,29.0995
3,496,42852.7012,0.0,1.2489,2.8777,2.8777,81.2002
3,497,42964.1279,0.0,7.5234,12.7221,12.7221,83.6793
3,498,43068.3045,0.0,2.8012,6.9048,6.9048,50.8338
3,499,43079.4911,0.0,14.2549,17.6929,17.6929,103.2627
4,1,0.0,0.0,3.108,7.9282,7.9282,40.5273
4,2,104.3743,0.0,4.0045,9.8464,9.8464,41.3479
4,3,258.3705,0.0,6.0656,10.4053,10.4053,52.8341
4,4,445.5082,0.0,1.4702,5.7181,5.7181,54.542
4,5,466.3988,0.0,4.0917,7.9045,7.9045,59.5312
4,6,682.9894,0.0,7.6389,13.5088,13.5088,45.1885
4,7,832.3408,0.0,5.5755,11.8956,11.8956,37.9021
4,8,909.7848,0.0,7.8071,12.4942,12.4942,60.2993
4,9,971.7479,0.0,6.0842,9.0037,9.0037,52.7568
4,10,997.6704,0.0,3.2522,14.9707,14.9707,68.1191
4,11,1044.7965,0.0,4.8217,7.7827,7.7827,81.9255
4,12,1120.2116,0.0,6.8639,10.6712,10.6712,59.7558
4,13,1202.8994,0.0,7.0519,10.6748,10.6748,58.6372
4,14,1230.7669,0.0,5.7032,9.9725,9.9725,48.9737
4,15,1295.9097,0.0,8.1652,22.3059,22.3059,60.5161
4,16,1514.7223,0.0,2.4446,9.3304,9.3304,60.2518
4,17,1553.6451,0.0,3.7961,9.3989,9.3989,32.0593
4,18,1559.3085,0.0,6.1053,11.7753,11.7753,61.3901
4,19,1578.6387,0.0,3.6114,8.557,8.557,49.1495
4,20,1697.2899,0.0,1.4197,6.0428,6.0428,44.8192
4,21,1969.4997,0.0,4.9943,22.7885,22.7885,69.436
4,22,1982.0487,0.0,7.0388,11.1999,11.1999,53.0907
4,23,2004.8143,0.0,10.8703,17.1689,17.1689,81.6313
4,24,2108.7643,0.0,3.6747,5.4704,5.4704,72.2373
4,25,2175.4588,0.0,3.8639,7.0767,7.0767,52.4113
4,26,2282.8216,0.0,3.3892,10.2776,10.2776,52.2301
4,27,2291.6685,0.0,1.5909,6.3675,6.3675,51.4937
4,28,2352.4364,0.0,1.9212,5.4912,5.4912,66.0425
4,29,2458.0265,0.0,2.7658,9.7088,9.7088,77.8693
4,30,2464.2425,0.0,1.4405,5.8437,5.8437,96.108
4,31,2680.2765,0.0,4.9294,7.8613,7.8613,30.2667
4,32,2826.3107,0.0,2.9592,8.163,8.163,61.4715
4,33,2888.1597,0.0,2.3713,9.6825,9.6825,62.1787
4,34,2992.8855,0.0,2.5707,7.1601,7.1601,66.0727
4,35,3100.5735,0.0,4.1373,5.3497,5.3497,43.5928
4,36,3382.3216,0.0,5.6974,8.9972,8.9972,57.3127
4,37,3402.0956,0.0,2.4452,7.8554,7.8554,50.1827
4,38,3575.8254,0.0,7.376,25.0334,25.0334,63.0204
4,39,3601.5481,0.0,3.1173,6.6409,6.6409,113.1057
4,40,3857.5304,0.0,4.0209,6.253,6.253,44.5102
4,41,4056.4664,0.0,2.2897,12.3835,12.3835,60.6281
4,42,4102.2396,0.0,4.4326,7.2436,7.2436,43.3245
4,43,4105.5409,0.0,6.1155,11.1307,11.1307,46.5352
4,44,4139.3273,0.0,2.8099,7.7888,7.7888,43.2733
4,45,4149.7959,0.0,3.2542,10.5881,10.5881,62.168
4,46,4226.8631,0.0,9.8073,15.7014,15.7014,48.0102
4,47,4474.6525,0.0,5.5567,13.5346,13.5346,48.1358
4,48,4509.8697,0.0,2.7042,12.9665,12.9665,50.8571
4,49,4745.4335,0.0,3.2721,10.891,10.891,62.7369
4,50,4841.68,0.0,0.6961,3.5031,3.5031,39.2022
4,51,4998.3397,0.0,8.181,13.5722,13.5722,75.4694
4,52,5001.5772,0.0,2.2521,11.6565,11.6565,86.0582
4,53,5096.1216,0.0,4.3162,8.0916,8.0916,57.3709
4,54,5225.9327,0.0,4.9146,11.4804,11.4804,64.6425
4,55,5227.754,0.0,6.215,10.485,10.485,68.5232
4,56,5305.3495,0.0,1.3732,7.4554,7.4554,36.8116
4,57,5344.3084,0.0,2.9952,6.8299,6.8299,35.0854
4,58,5381.2437,0.0,4.5592,10.4138,10.4138,40.9796
4,59,5409.9379,0.0,4.4054,13.343,13.343,48.9415
4,60,5466.5599,0.0,1.497,3.8321,3.8321,35.229
4,61,5562.1862,0.0,6.612,11.691,11.691,59.0444
4,62,5735.7958,0.0,6.1111,9.0513,9.0513,66.0685
4,63,5898.7113,0.0,2.538,5.6496,5.6496,44.9318
4,64,5964.043,0.0,3.741,4.1587,4.1587,68.662
4,65,6151.5237,0.0,3.3736,6.7106,6.7106,50.3446
4,66,6178.6817,0.0,1.9856,8.4068,8.4068,50.3628
4,67,6263.4065,0.0,2.0687,6.3216,6.3216,50.7799
4,68,6374.796,0.0,6.4415,11.3374,11.3374,42.9783
4,69,6381.8939,0.0,5.479,12.5711,12.5711,74.1834
4,70,6500.039,0.0,4.8489,9.611,9.611,106.7321
4,71,6599.4695,0.0,10.3292,20.1101,20.1101,73.5774
4,72,6810.6498,0.0,13.8985,22.9806,22.9806,76.4004
4,73,6865.357,0.0,14.3718,21.0993,21.0993,63.3226
4,74,6885.0145,0.0,4.5075,7.3759,7.3759,59.3457
4,75,6975.9944,0.0,3.0936,6.6965,6.6965,53.263
4,76,7021.9965,0.0,8.2723,10.8329,10.8329,45.1593
4,77,7063.2493,0.0,8.3971,11.8966,11.8966,56.626
4,78,7202.0787,0.0,0.6967,4.1689,4.1689,25.1974
4,79,7299.6181,0.0,9.6889,15.5061,15.5061,42.3097
4,80,7550.5961,0.0,4.8144,16.798,16.798,55.8809
4,81,7582.4463,0.0,3.0118,6.7784,6.7784,51.0464
4,82,7654.7032,0.0,9.2803,20.4714,20.4714,51.6988
4,83,7685.7034,0.0,1.2347,9.1962,9.1962,37.1337
4,84,7771.1114,0.0,3.6054,7.695,7.695,37.2845
4,85,7810.0071,0.0,2.3828,5.8988,5.8988,38.8967
4,86,7915.5346,0.0,3.0422,18.2623,18.2623,46.8006
4,87,7939.8972,0.0,1.1675,5.8607,5.8607,62.1723
4,88,7986.5735,0.0,2.7108,4.9511,4.9511,31.2049
4,89,8026.1436,0.0,7.0095,10.4982,10.4982,77.1237
4,90,8048.0221,0.0,5.3772,8.7977,8.7977,52.9616
4,91,8058.3638,0.0,4.4662,6.0856,6.0856,80.3905
4,92,8046.1497,0.0,8.1404,19.5085,19.5085,85.9273
4,93,8072.8407,0.0,12.3816,24.3271,24.3271,69.4692
4,94,8091.0412,0.0,12.4912,18.6404,18.6404,57.7948
4,95,8145.7994,0.0,8.3809,12.3093,12.3093,57.3738
4,96,8227.4786,0.0,3.8338,7.4775,7.4775,28.4475
4,97,8437.9692,0.0,5.5892,17.5611,17.5611,70.852
4,98,8456.7639,0.0,9.1528,18.078,18.078,82.9248
4,99,8548.8525,0.0,4.2046,31.3968,31.3968,57.0141
4,100,8555.4088,0.0,10.3682,30.704,30.704,64.0125
4,101,8687.385,0.0,5.8043,11.1675,11.1675,60.4601
4,102,8782.5947,0.0,5.1132,9.7646,9.7646,42.5986
4,103,8859.088,0.0,0.8484,4.8453,4.8453,31.3973
4,104,8965.5333,0.0,1.0787,8.9613,8.9613,55.816
4,105,9102.162,0.0,1.954,3.975,3.975,46.8416
4,106,9336.4964,0.0,3.919,9.1043,9.1043,37.5295
4,107,9439.4542,0.0,10.8012,20.3986,20.3986,78.2525
4,108,9632.792,0.0,3.2769,5.1337,5.1337,37.567
4,109,9744.2818,0.0,4.7764,8.8305,8.8305,116.7093
4,110,9749.3684,0.0,0.6656,5.5383,5.5383,119.6272
4,111,9767.5557,0.0,4.9319,8.6016,8.6016,105.1716
4,112,9983.9842,0.0,3.8691,6.518,6.518,51.8658
4,113,10000.8222,0.0,1.1584,6.2779,6.2779,58.5482
4,114,9995.5918,0.0,1.7494,18.7527,18.7527,71.7086
4,115,10067.0903,0.0,4.0989,6.3436,6.3436,81.6599
4,116,10104.1674,0.0,6.3605,28.5628,28.5628,66.9671
4,117,10344.04,0.0,6.7024,13.7681,13.7681,62.0968
4,118,10345.724,0.0,7.0833,15.6866,15.6866,66.3708
4,119,10618.2807,0.0,6.163,26.9339,26.9339,70.2652
4,120,10819.6593,0.0,2.7108,4.1524,4.1524,68.4285
4,121,10817.9499,0.0,2.9815,9.0392,9.0392,76.3773
4,122,10859.8633,0.0,12.5912,22.8613,22.8613,46.7756
4,123,10980.907,0.0,4.0657,8.756,8.756,51.6385
4,124,10978.0272,0.0,3.4375,39.7716,39.7716,98.9126
4,125,11043.8196,0.0,3.9779,7.2208,7.2208,38.8599
4,126,11131.5423,0.0,6.845,12.1297,12.1297,71.3996
4,127,11146.3504,0.0,6.2979,6.7391,6.7391,68.9163
4,128,11156.1079,0.0,2.3863,3.816,3.816,85.933
4,129,11219.6507,0.0,4.9867,8.3733,8.3733,38.1841
4,130,11215.2105,0.0,8.4464,13.9438,13.9438,53.4764
4,131,11258.1953,0.0,3.2032,6.9792,6.9792,33.4155
4,132,11304.0284,0.0,3.0466,9.2763,9.2763,54.15
4,133,11307.9474,0.0,6.9903,11.6175,11.6175,53.8651
4,134,11355.1067,0.0,6.4728,16.162,16.162,44.9035
4,135,11389.6349,0.0,4.572,7.6908,7.6908,53.6664
4,136,11390.4894,0.0,4.9215,23.2714,23.2714,57.2983
4,137,11449.9761,0.0,2.4426,4.9154,4.9154,136.777
4,138,11715.2952,0.0,4.5292,17.7764,17.7764,50.1431
4,139,11923.2819,0.0,2.9388,3.9565,3.9565,57.6505
4,140,12135.8584,0.0,4.9366,10.1926,10.1926,43.0851
4,141,12132.1487,0.0,6.8196,14.7524,14.7524,56.4458
4,142,12139.9896,0.0,12.8436,26.4199,26.4199,61.4732
4,143,12159.9786,0.0,7.2556,10.6209,10.6209,89.044
4,144,12212.8649,0.0,6.651,8.4857,8.4857,46.8216
4,145,12221.1514,0.0,5.2208,7.1586,7.1586,40.3872
4,146,12283.1505,0.0,3.678,7.1698,7.1698,61.2878
4,147,12323.5591,0.0,5.2902,16.5888,16.5888,69.1367
4,148,12326.2584,0.0,15.1573,24.7362,24.7362,69.9424
4,149,12379.4687,0.0,8.171,14.9373,14.9373,53.6122
4,150,12420.9509,0.0,0.2731,1.1755,1.1755,32.3511
4,151,12453.5836,0.0,3.7239,52.1612,52.1612,68.7934
4,152,12477.1056,0.0,7.7883,47.0758,47.0758,111.0007
4,153,12568.6827,0.0,8.3018,12.2073,12.2073,46.071
4,154,12588.5304,0.0,6.1197,11.6062,11.6062,51.2359
4,155,12688.9742,0.0,1.6814,9.7613,9.7613,43.4968
4,156,12946.9925,0.0,4.6519,11.26,11.26,57.1779
4,157,13011.9977,0.0,0.9505,7.5445,7.5445,58.681
4,158,13696.0885,0.0,2.6071,4.2703,4.2703,52.6733
4,159,13722.5026,0.0,10.5319,17.92,17.92,73.8667
4,160,13892.8237,0.0,2.6661,9.3342,9.3342,35.0214
4,161,13924.4174,0.0,5.3646,11.5716,11.5716,39.2475
4,162,13958.8525,0.0,2.1445,5.4991,5.4991,36.2205
4,163,14093.1076,0.0,2.7038,18.0475,18.0475,74.8791
4,164,14134.4202,0.0,3.9896,8.4534,8.4534,59.4869
4,165,14286.1187,0.0,3.2638,7.4305,7.4305,43.6397
4,166,14421.5701,0.0,2.0273,4.5524,4.5524,44.8717
4,167,14529.7159,0.0,2.7568,4.66,4.66,32.1458
4,168,14524.8277,0.0,0.5535,12.7561,12.7561,69.4385
4,169,14562.6236,0.0,5.9469,14.0126,14.0126,39.6605
4,170,14605.8591,0.0,4.4167,14.9274,14.9274,41.3656
4,171,14645.4401,0.0,3.8986,11.4886,11.4886,45.5273
4,172,14719.7416,0.0,4.0045,7.8136,7.8136,28.3791
4,173,14929.2517,0.0,6.9542,11.0108,11.0108,42.5468
4,174,14943.4493,0.0,7.0713,9.5182,9.5182,46.8674
4,175,14993.1818,0.0,2.2813,6.8074,6.8074,54.5077
4,176,15055.3286,0.0,3.7689,10.5421,10.5421,77.0224
4,177,15220.9323,0.0,1.5194,5.1563,5.1563,29.6768
4,178,15258.6442,0.0,6.1018,11.7998,11.7998,47.3365
4,179,15291.3109,0.0,15.3609,19.6884,19.6884,29.7943
4,180,15319.7129,0.0,5.5132,8.9835,8.9835,83.0325
4,181,15390.9061,0.0,6.9217,13.6023,13.6023,63.079
4,182,15641.6614,0.0,4.5723,8.5933,8.5933,46.2322
4,183,15698.5136,0.0,3.0816,12.2739,12.2739,71.9125
4,184,15706.2621,0.0,2.6273,9.1187,9.1187,104.2475
4,185,15937.9341,0.0,3.8601,11.834,11.834,117.7786
4,186,16352.9253,0.0,11.0952,14.2701,14.2701,71.8284
4,187,16464.9171,0.0,5.3527,10.6416,10.6416,55.1517
4,188,16576.0072,0.0,2.6968,7.2789,7.2789,43.9623
4,189,16645.7306,0.0,6.5952,8.9834,8.9834,84.4518
4,190,16690.0924,0.0,3.7088,7.7352,7.7352,67.4253
4,191,16704.088,0.0,5.6194,8.9819,8.9819,64.8591
4,192,16697.7246,0.0,10.2697,17.1559,17.1559,127.987
4,193,16743.4865,0.0,5.7814,9.4021,9.4021,83.1551
4,194,16869.9294,0.0,4.5717,14.9245,14.9245,47.5001
4,195,16881.7338,0.0,3.4583,13.3577,13.3577,69.5599
4,196,16927.2332,0.0,4.4104,7.96,7.96,30.778
4,197,17056.8061,0.0,3.4051,7.2247,7.2247,45.3918
4,198,17117.8241,0.0,4.2704,15.0127,15.0127,73.4585
4,199,17208.2645,0.0,2.5338,11.3789,11.3789,38.932
4,200,17286.3052,0.0,1.8678,13.28,13.28,79.7639
4,201,17319.2722,0.0,3.0721,7.0931,7.0931,78.8367
4,202,17365.5384,0.0,3.108,5.1985,5.1985,43.6324
4,203,17457.793,0.0,3.8931,11.8376,11.8376,59.3399
4,204,17516.6487,0.0,9.573,17.5739,17.5739,43.0963
4,205,17542.9955,0.0,4.3854,17.609,17.609,35.4065
4,206,17559.7336,0.0,4.3475,7.2218,7.2218,56.942
4,207,17685.68,0.0,2.8722,6.3805,6.3805,41.2834
4,208,17784.5232,0.0,4.6083,11.6098,11.6098,50.0437
4,209,17785.4365,0.0,6.9877,17.1617,17.1617,62.715
4,210,17797.3568,0.0,4.6984,8.8864,8.8864,81.3166
4,211,17899.6705,0.0,6.9613,11.5162,11.5162,34.6682
4,212,17913.5919,0.0,5.8764,6.961,6.961,95.9055
4,213,17918.4752,0.0,5.7282,8.863,8.863,100.61
4,214,17978.2455,0.0,3.0562,4.236,4.236,45.6888
4,215,18004.1925,0.0,12.2118,21.3332,21.3332,70.816
4,216,18051.5373,0.0,8.9195,13.8194,13.8194,33.6219
4,217,18083.7136,0.0,6.9444,10.3021,10.3021,45.2083
4,218,18088.3354,0.0,2.6458,6.0532,6.0532,82.568
4,219,18113.0365,0.0,15.3189,18.6868,18.6868,48.5714
4,220,18119.4011,0.0,14.4735,17.063,17.063,50.9468
4,221,18206.1497,0.0,0.2015,4.0724,4.0724,47.362
4,222,18222.7461,0.0,5.8683,7.3874,7.3874,74.802
4,223,18316.3356,0.0,4.8087,7.2392,7.2392,61.1551
4,224,18359.7204,0.0,8.1854,12.9556,12.9556,57.8397
4,225,18376.9759,0.0,6.3647,15.8227,15.8227,82.3312
4,226,18417.0071,0.0,3.6207,5.6354,5.6354,52.8865
4,227,18412.4748,0.0,7.0433,11.8788,11.8788,81.3463
4,228,18475.7108,0.0,1.1974,4.3959,4.3959,42.9418
4,229,18553.5857,0.0,7.84,10.5793,10.5793,81.4298
4,230,18570.2499,0.0,12.666,15.4453,15.4453,76.1166
4,231,18618.5978,0.0,4.77,11.1936,11.1936,71.8454
4,232,18607.7401,0.0,8.2321,31.8736,31.8736,131.5319
4,233,18705.5115,0.0,4.9711,10.9265,10.9265,55.132
4,234,19119.3723,0.0,3.9731,5.9533,5.9533,67.2242
4,235,19216.4054,0.0,9.6042,12.9343,12.9343,39.9232
4,236,19234.1577,0.0,1.5194,9.3926,9.3926,35.9366
4,237,19250.9221,0.0,12.1543,13.7949,13.7949,34.4381
4,238,19292.9207,0.0,9.8179,11.9982,11.9982,61.4635
4,239,19329.1271,0.0,5.8111,16.5652,16.5652,46.4073
4,240,19427.3999,0.0,1.123,5.5951,5.5951,52.6403
4,241,19445.5663,0.0,7.256,18.3196,18.3196,53.9754
4,242,19479.5074,0.0,3.7333,17.4612,17.4612,78.1726
4,243,19493.2695,0.0,14.7431,15.7605,15.7605,84.976
4,244,19562.3749,0.0,10.5542,11.5842,11.5842,50.5432
4,245,19592.4682,0.0,1.8741,10.5622,10.5622,53.0493
4,246,19752.0349,0.0,0.7524,4.6705,4.6705,51.1285
4,247,19974.17,0.0,5.2134,10.65,10.65,42.5811
4,248,20028.0841,0.0,4.6826,7.4917,7.4917,58.0782
4,249,20126.873,0.0,6.2552,7.8304,7.8304,31.0743
4,250,20135.0821,0.0,1.2392,4.6222,4.6222,47.0555
4,251,20401.5156,0.0,4.5725,8.3343,8.3343,35.9294
4,252,20482.4974,0.0,1.3493,5.37,5.37,28.3018
4,253,20593.6896,0.0,7.2687,13.4085,13.4085,70.0526
4,254,20669.609,0.0,4.8378,18.6485,18.6485,58.6469
4,255,20844.0773,0.0,4.5578,11.5856,11.5856,55.6252
4,256,20922.0598,0.0,1.0698,18.6977,18.6977,66.4683
4,257,21039.1499,0.0,10.1551,11.4705,11.4705,57.4137
4,258,21136.7689,0.0,7.9672,13.348,13.348,49.9509
4,259,21274.9397,0.0,3.2031,7.817,7.817,45.4673
4,260,21301.7944,0.0,5.9191,11.5436,11.5436,53.4296
4,261,21393.3968,0.0,6.6991,13.6836,13.6836,66.1205
4,262,21776.7752,0.0,4.1025,8.4515,8.4515,42.9639
4,263,21887.6359,0.0,6.3159,11.4075,11.4075,55.0893
4,264,21902.5128,0.0,5.7618,15.1253,15.1253,78.0142
4,265,22002.5875,0.0,3.8986,6.9462,6.9462,70.869
4,266,22089.2928,0.0,4.0935,7.3002,7.3002,72.9308
4,267,22164.1865,0.0,12.3516,14.9853,14.9853,62.4068
4,268,22188.7168,0.0,3.7002,10.1932,10.1932,76.1595
4,269,22190.8374,0.0,7.5447,17.301,17.301,80.0708
4,270,22169.0718,0.0,3.9295,63.9295,63.9295,111.7138
4,271,22279.7513,0.0,3.6358,16.8308,16.8308,47.4781
4,272,22303.297,0.0,4.1104,7.2015,7.2015,38.5885
4,273,22315.7273,0.0,9.5313,13.5263,13.5263,52.4028
4,274,22359.3112,0.0,3.4228,6.6847,6.6847,39.4829
4,275,22376.3713,0.0,3.8144,11.3312,11.3312,68.7857
4,276,22469.689,0.0,4.6614,7.9009,7.9009,37.9772
4,277,22470.8927,0.0,12.6536,17.5301,17.5301,79.0037
4,278,22570.0374,0.0,3.2742,9.7339,9.7339,60.6602
4,279,22589.1593,0.0,7.108,12.1033,12.1033,49.6974
4,280,22656.0377,0.0,11.3232,14.9081,14.9081,71.6248
4,281,22789.0349,0.0,1.2402,3.2874,3.2874,38.1034
4,282,22850.9639,0.0,2.2108,3.6688,3.6688,45.7023
4,283,23221.6752,0.0,3.8506,7.8725,7.8725,52.4185
4,284,23369.8141,0.0,4.4321,12.492,12.492,59.0217
4,285,23522.7574,0.0,4.0157,9.4458,9.4458,76.5917
4,286,23627.0354,0.0,9.4291,11.4293,11.4293,76.0049
4,287,23703.6821,0.0,2.2656,6.0644,6.0644,34.5217
4,288,23789.0726,0.0,6.1015,13.5058,13.5058,39.7874
4,289,23803.9456,0.0,4.8527,8.4406,8.4406,58.8684
4,290,23859.3729,0.0,1.9015,5.6804,5.6804,21.7054
4,291,23934.941,0.0,3.7475,6.3079,6.3079,52.8812
4,292,23992.796,0.0,5.0417,6.2454,6.2454,39.0411
4,293,24018.9588,0.0,6.4493,11.9633,11.9633,37.4751
4,294,24025.7377,0.0,4.9544,14.077,14.077,71.8055
4,295,24124.9204,0.0,1.7178,6.7487,6.7487,27.365
4,296,24166.9373,0.0,5.7457,10.8159,10.8159,41.891
4,297,24275.3009,0.0,5.7896,7.4995,7.4995,102.0882
4,298,24299.1655,0.0,3.2853,8.2399,8.2399,133.7224
4,299,24309.4929,0.0,3.6804,8.0222,8.0222,117.0833
4,300,24385.039,0.0,3.2528,28.9807,28.9807,71.9462
4,301,24446.8434,0.0,2.1616,7.4403,7.4403,47.5083
4,302,24977.0805,0.0,4.647,5.9751,5.9751,46.8939
4,303,25070.6246,0.0,2.7117,3.9385,3.9385,55.1386
4,304,25161.7512,0.0,3.8994,18.3931,18.3931,59.0228
4,305,25195.2282,0.0,3.5974,6.0534,6.0534,33.1758
4,306,25208.0776,0.0,4.2015,10.0,10.0,47.2842
4,307,25354.56,0.0,7.5447,14.6996,14.6996,39.7032
4,308,25369.3421,0.0,3.0002,11.9028,11.9028,78.1498
4,309,25634.4374,0.0,3.1032,22.4771,22.4771,37.2171
4,310,25656.3411,0.0,1.6162,10.2975,10.2975,71.5026
4,311,25733.3289,0.0,7.4707,13.5394,13.5394,45.9861
4,312,25953.4404,0.0,1.9301,7.0465,7.0465,57.3774
4,313,26205.5169,0.0,6.5208,11.0477,11.0477,42.7698
4,314,26262.7991,0.0,2.1346,6.6021,6.6021,54.1713
4,315,26436.6046,0.0,7.9453,22.0638,22.0638,55.6064
4,316,26465.2628,0.0,8.2212,10.5461,10.5461,46.3191
4,317,26486.0696,0.0,5.4986,11.8534,11.8534,93.8255
4,318,26640.4719,0.0,3.4876,7.5231,7.5231,20.9166
4,319,26645.535,0.0,7.3797,10.255,10.255,44.7771
4,320,26657.9935,0.0,4.1403,7.0566,7.0566,44.6313
4,321,26741.7768,0.0,9.434,16.454,16.454,60.2936
4,322,26774.1334,0.0,9.4291,19.4,19.4,63.4614
4,323,26823.2,0.0,8.7062,13.4119,13.4119,35.0714
4,324,26818.0089,0.0,4.4227,18.7763,18.7763,46.4343
4,325,26900.4004,0.0,5.9086,65.9086,65.9086,130.8698
4,326,27049.1816,0.0,8.0853,9.2766,9.2766,57.6022
4,327,27232.6774,0.0,6.2686,16.7209,16.7209,55.6653
4,328,27572.4708,0.0,1.8279,6.9346,6.9346,27.9596
4,329,27805.0239,0.0,4.5998,11.1309,11.1309,60.6623
4,330,27874.3937,0.0,9.7976,32.1062,32.1062,61.0682
4,331,27921.33,0.0,14.9084,16.8869,16.8869,74.0524
4,332,27976.0087,0.0,4.0901,9.7295,9.7295,56.5401
4,333,28040.7279,0.0,4.3077,9.1373,9.1373,45.4897
4,334,28164.694,0.0,2.6968,14.5,14.5,63.1175
4,335,28327.3445,0.0,3.6008,10.199,10.199,57.1291
4,336,28396.2643,0.0,4.5518,9.1441,9.1441,60.3453
4,337,28433.5481,0.0,6.3598,11.3878,11.3878,66.0573
4,338,28405.9367,0.0,5.0035,41.2081,41.2081,46.7789
4,339,28441.4469,0.0,6.1667,9.5194,9.5194,65.4497
4,340,28461.1301,0.0,3.0366,13.9016,13.9016,44.7024
4,341,28678.8866,0.0,2.1163,11.5962,11.5962,80.851
4,342,28711.4978,0.0,6.1491,13.3168,13.3168,64.3722
4,343,28963.6675,0.0,2.4829,7.9559,7.9559,29.1838
4,344,29101.623,0.0,2.9068,8.7149,8.7149,33.2785
4,345,29170.4571,0.0,2.5881,8.8221,8.8221,61.3354
4,346,29392.5694,0.0,7.2397,11.3032,11.3032,40.1638
4,347,29416.342,0.0,3.7815,7.9118,7.9118,67.0827
4,348,29488.5629,0.0,2.2667,3.6789,3.6789,40.3584
4,349,29517.6794,0.0,4.3729,8.1971,8.1971,56.6067
4,350,29526.6152,0.0,7.6373,20.2599,20.2599,64.6852
4,351,29625.3186,0.0,1.8773,17.4174,17.4174,57.9593
4,352,29628.671,0.0,10.7475,36.402,36.402,61.7097
4,353,29703.3816,0.0,3.0331,4.3951,4.3951,60.4041
4,354,29872.2455,0.0,6.1155,14.8578,14.8578,61.6971
4,355,29909.6218,0.0,5.677,8.444,8.444,34.2659
4,356,30002.2156,0.0,4.622,8.8661,8.8661,49.3414
4,357,30049.1803,0.0,3.9449,9.6909,9.6909,34.4242
4,358,30203.9498,0.0,6.0842,10.5204,10.5204,37.5988
4,359,30384.8538,0.0,4.3754,27.203,27.203,72.3847
4,360,30671.5265,0.0,5.8987,11.8882,11.8882,64.9513
4,361,30846.1807,0.0,7.227,10.183,10.183,49.3918
4,362,30920.0798,0.0,2.5923,5.4264,5.4264,72.104
4,363,31036.1217,0.0,7.9032,13.262,13.262,72.7532
4,364,31070.6131,0.0,10.0573,15.0762,15.0762,60.1706
4,365,31125.6686,0.0,7.5399,15.1442,15.1442,65.1125
4,366,31184.9379,0.0,12.6536,18.4735,18.4735,48.9487
4,367,31357.8026,0.0,3.1995,9.045,9.045,49.3325
4,368,31396.9311,0.0,6.8166,11.4786,11.4786,63.9502
4,369,31498.0574,0.0,6.3539,12.2728,12.2728,57.556
4,370,31563.6217,0.0,2.7407,7.8938,7.8938,39.1061
4,371,31563.6891,0.0,5.5756,9.2806,9.2806,53.3336
4,372,31568.5951,0.0,4.6149,8.9799,8.9799,92.4946
4,373,31569.004,0.0,4.8627,19.0953,19.0953,89.574
4,374,31653.5084,0.0,3.8647,6.7287,6.7287,77.7602
4,375,31687.1535,0.0,4.5951,6.5081,6.5081,49.3937
4,376,31818.1341,0.0,2.9388,10.31,10.31,44.6767
4,377,31977.866,0.0,3.1857,6.8269,6.8269,34.1427
4,378,32057.4128,0.0,1.8792,7.1799,7.1799,49.8276
4,379,32234.2174,0.0,3.8219,14.3765,14.3765,58.9339
4,380,32295.9205,0.0,8.2191,11.1464,11.1464,74.1474
4,381,32312.2534,0.0,6.8964,10.7426,10.7426,107.6734
4,382,32361.2127,0.0,1.4093,4.9863,4.9863,47.4733
4,383,32361.6429,0.0,11.1137,13.9741,13.9741,66.3475
4,384,32359.0617,0.0,5.6436,24.0657,24.0657,83.1308
4,385,32422.1073,0.0,4.5402,10.4089,10.4089,55.5574
4,386,32447.8074,0.0,3.8917,8.9301,8.9301,157.7515
4,387,32469.0874,0.0,13.6335,16.9189,16.9189,152.7912
4,388,32541.2823,0.0,6.3673,17.0002,17.0002,86.9292
4,389,32572.1192,0.0,4.6238,6.3402,6.3402,62.9373
4,390,32742.1356,0.0,5.6287,10.9777,10.9777,59.0591
4,391,32869.4309,0.0,9.4561,12.8141,12.8141,45.2256
4,392,32925.6622,0.0,2.0335,7.186,7.186,39.2275
4,393,33138.4016,0.0,2.8705,5.8342,5.8342,55.7652
4,394,33196.0388,0.0,4.4196,11.481,11.481,74.9801
4,395,33278.3773,0.0,1.5285,6.9956,6.9956,45.1698
4,396,33729.5768,0.0,3.7634,4.8771,4.8771,37.0023
4,397,33746.0873,0.0,1.7175,4.7903,4.7903,79.7901
4,398,33819.8273,0.0,2.696,6.62,6.62,41.8247
4,399,33818.1862,0.0,6.4211,11.8053,11.8053,60.3981
4,400,34044.0777,0.0,4.4106,6.8555,6.8555,46.7271
4,401,34059.5132,0.0,1.2363,7.2466,7.2466,62.43
4,402,34070.3842,0.0,4.6815,10.8491,10.8491,80.219
4,403,34197.8678,0.0,2.7922,7.8966,7.8966,40.6466
4,404,34199.5567,0.0,11.4802,18.3554,18.3554,55.5545
4,405,34706.0445,0.0,0.3332,1.1094,1.1094,40.0337
4,406,34832.4672,0.0,3.3371,7.3652,7.3652,28.389
4,407,34840.2542,0.0,2.2652,14.8455,14.8455,55.7132
4,408,34911.4403,0.0,7.3909,9.9893,9.9893,35.8237
4,409,34924.97,0.0,4.0425,7.305,7.305,59.6796
4,410,34980.2948,0.0,3.0504,7.7415,7.7415,29.2579
4,411,35088.5573,0.0,1.0412,3.5977,3.5977,49.0431
4,412,35229.9172,0.0,8.1394,24.4549,24.4549,51.2495
4,413,35252.0987,0.0,1.8458,7.2965,7.2965,57.1902
4,414,35259.0974,0.0,6.3513,40.1658,40.1658,88.8275
4,415,35388.728,0.0,2.319,5.3878,5.3878,47.1005
4,416,35410.3068,0.0,3.4355,7.7401,7.7401,34.1526
4,417,35483.4446,0.0,3.4355,6.7619,6.7619,53.4701
4,418,35520.5345,0.0,5.6935,8.6381,8.6381,69.7625
4,419,35529.8181,0.0,2.7586,13.1689,13.1689,71.5121
4,420,35667.7229,0.0,4.187,21.1159,21.1159,58.5321
4,421,35685.7631,0.0,1.7303,4.6148,4.6148,72.3811
4,422,35696.6243,0.0,4.4683,5.8486,5.8486,80.7861
4,423,35704.7812,0.0,19.1006,25.372,25.372,75.3431
4,424,35855.3565,0.0,4.7732,9.3309,9.3309,59.1478
4,425,35860.8981,0.0,3.025,7.7839,7.7839,67.0742
4,426,35878.4524,0.0,0.5262,8.6777,8.6777,53.9337
4,427,35897.4794,0.0,1.6186,5.1281,5.1281,47.7769
4,428,35906.0567,0.0,14.4962,21.863,21.863,62.6775
4,429,35964.6199,0.0,2.0457,7.1584,7.1584,48.3295
4,430,36555.8717,0.0,1.2822,7.6482,7.6482,41.7812
4,431,36752.3263,0.0,4.1069,11.3172,11.3172,42.12
4,432,36829.78,0.0,6.4415,11.2123,11.2123,66.2413
4,433,36938.6114,0.0,7.0713,10.1468,10.1468,37.5353
4,434,37559.3439,0.0,2.3591,11.5992,11.5992,59.7204
4,435,37774.0384,0.0,2.4121,7.9905,7.9905,32.3423
4,436,37983.7832,0.0,8.999,12.8619,12.8619,60.3083
4,437,38057.7162,0.0,3.0681,7.2235,7.2235,93.6612
4,438,38079.108,0.0,1.8742,7.9892,7.9892,78.4654
4,439,38074.7446,0.0,1.3031,23.2789,23.2789,96.9054
4,440,38118.7724,0.0,5.58,11.7791,11.7791,57.7962
4,441,38158.0545,0.0,4.5315,5.9029,5.9029,61.2645
4,442,38380.2643,0.0,3.1361,15.0779,15.0779,64.5554
4,443,38518.2923,0.0,1.0853,5.6791,5.6791,56.9535
4,444,38638.3794,0.0,8.2426,14.404,14.404,44.278
4,445,38655.0998,0.0,4.1197,10.3426,10.3426,43.633
4,446,38748.9017,0.0,3.0501,7.5776,7.5776,52.5933
4,447,38804.6419,0.0,9.2681,12.2469,12.2469,49.6153
4,448,39032.4506,0.0,1.5169,6.8378,6.8378,34.3189
4,449,39257.4403,0.0,4.1962,6.7603,6.7603,50.3728
4,450,39267.2122,0.0,7.3499,9.9853,9.9853,85.9786
4,451,39297.6122,0.0,4.2989,13.7588,13.7588,64.4399
4,452,39380.7486,0.0,10.5542,17.276,17.276,47.2032
4,453,39403.6908,0.0,4.4055,7.346,7.346,44.2203
4,454,39477.5903,0.0,7.8072,11.2509,11.2509,65.5134
4,455,39553.2957,0.0,6.4043,6.9358,6.9358,56.4676
4,456,39550.443,0.0,4.5405,15.6387,15.6387,72.4559
4,457,39583.4605,0.0,19.7104,27.4168,27.4168,80.3449
4,458,39643.3999,0.0,6.9689,20.2275,20.2275,82.211
4,459,39687.312,0.0,9.0583,14.6831,14.6831,77.3306
4,460,39757.1756,0.0,7.5564,18.2563,18.2563,36.4891
4,461,39840.9326,0.0,13.5346,16.3364,16.3364,87.1222
4,462,39996.8246,0.0,3.0816,5.2243,5.2243,76.9157
4,463,40098.6839,0.0,4.9024,13.1098,13.1098,53.9512
4,464,40249.9797,0.0,4.012,7.1242,7.1242,45.9758
4,465,40370.0643,0.0,3.8555,7.013,7.013,30.8727
4,466,40567.1268,0.0,1.9211,7.1387,7.1387,51.1353
4,467,40862.5807,0.0,1.4679,16.2453,16.2453,58.9233
4,468,40878.0537,0.0,5.9415,10.3963,10.3963,48.2333
4,469,40901.2178,0.0,4.4828,12.1566,12.1566,49.7774
4,470,41331.998,0.0,1.9371,4.7107,4.7107,62.0615
4,471,41345.1439,0.0,8.0853,9.2154,9.2154,53.5573
4,472,41348.0607,0.0,4.25,12.8865,12.8865,77.2871
4,473,41563.4727,0.0,6.845,10.7302,10.7302,21.5869
4,474,41573.2611,0.0,3.5338,4.6042,4.6042,85.3362
4,475,42168.3694,0.0,5.4098,10.548,10.548,53.7558
4,476,42292.6947,0.0,8.4232,12.8894,12.8894,79.8342
4,477,42338.9763,0.0,10.0573,14.0397,14.0397,60.9676
4,478,42333.9207,0.0,16.6058,24.9431,24.9431,73.7068
4,479,42411.9428,0.0,5.9016,23.0265,23.0265,88.5563
4,480,42463.8319,0.0,12.7399,16.9283,16.9283,38.2075
4,481,42474.1342,0.0,3.4376,14.3124,14.3124,60.6192
4,482,42481.374,0.0,1.6084,7.1433,7.1433,53.7652
4,483,42499.1999,0.0,2.5795,10.0167,10.0167,56.5693
4,484,42551.2482,0.0,5.1316,6.4024,6.4024,63.7339
4,485,42580.4909,0.0,7.9407,15.445,15.445,72.4018
4,486,42631.8083,0.0,14.7871,17.2706,17.2706,72.0869
4,487,42664.6554,0.0,7.5541,20.3093,20.3093,63.2492
4,488,42688.4031,0.0,7.2464,19.245,19.245,117.412
4,489,42770.5892,0.0,1.675,5.042,5.042,35.4031
4,490,42880.3544,0.0,5.8747,8.2145,8.2145,49.4735
4,491,42883.4277,0.0,4.2061,8.5123,8.5123,78.9074
4,492,42988.7189,0.0,2.9184,12.342,12.342,30.4057
4,493,43020.5356,0.0,3.677,9.2854,9.2854,41.5316
4,494,43024.8808,0.0,18.6733,22.5996,22.5996,103.6659
4,495,43115.4309,0.0,4.6519,7.5096,7.5096,56.7603
4,496,43146.1801,0.0,8.2408,10.1057,10.1057,43.7559
4,497,43159.4505,0.0,3.2522,5.3483,5.3483,47.022
5,1,0.0,0.0,5.3112,8.3884,8.3884,64.5047
5,2,63.0255,0.0,1.2381,1.8639,1.8639,38.3921
5,3,90.8101,0.0,5.5567,9.7414,9.7414,73.8217
5,4,189.989,0.0,1.7716,4.367,4.367,69.488
5,5,420.132,0.0,5.5672,9.3594,9.3594,59.14
5,6,710.7061,0.0,1.9663,12.83,12.83,58.324
5,7,783.6713,0.0,4.5685,7.7758,7.7758,25.1521
5,8,745.69,0.0,1.6601,48.7469,48.7469,86.785
5,9,809.3802,0.0,6.6178,14.1734,14.1734,42.1811
5,10,858.9499,0.0,6.8032,12.5926,12.5926,48.0202
5,11,961.4986,0.0,2.5622,6.2782,6.2782,37.2508
5,12,1010.529,0.0,1.2662,5.7185,5.7185,104.6804
5,13,1023.9038,0.0,4.19,8.6683,8.6683,112.6682
5,14,1089.3274,0.0,8.66,10.4389,10.4389,51.6258
5,15,1205.9879,0.0,2.192,8.3601,8.3601,44.7665
5,16,1262.6562,0.0,0.2619,6.5898,6.5898,56.8735
5,17,1311.9196,0.0,1.1166,7.89,7.89,67.3588
5,18,1310.8447,0.0,17.0437,23.2306,23.2306,57.0055
5,19,1333.5054,0.0,10.4021,11.5977,11.5977,141.2169
5,20,1350.2648,0.0,26.2028,28.7873,28.7873,60.3203
5,21,1381.5024,0.0,0.9384,9.5768,9.5768,58.6544
5,22,1554.9362,0.0,2.8722,6.4595,6.4595,51.2374
5,23,1573.4848,0.0,10.5292,14.5557,14.5557,48.0009
5,24,1742.2919,0.0,5.007,22.1582,22.1582,34.5315
5,25,1796.3862,0.0,0.803,1.5876,1.5876,55.5957
5,26,1906.5193,0.0,0.1958,4.9528,4.9528,63.825
5,27,1961.4387,0.0,6.6393,9.6935,9.6935,58.7523
5,28,2029.3094,0.0,5.6194,10.0194,10.0194,61.8577
5,29,2104.0927,0.0,4.7598,8.2465,8.2465,53.0615
5,30,2142.8978,0.0,2.7757,8.1873,8.1873,37.0372
5,31,2147.771,0.0,3.7497,9.8928,9.8928,69.993
5,32,2256.1677,0.0,4.9943,8.7539,8.7539,56.103
5,33,2258.528,0.0,6.0364,22.7123,22.7123,91.8391
5,34,2530.3068,0.0,3.0336,8.8527,8.8527,32.2592
5,35,2684.8136,0.0,5.9191,13.6429,13.6429,63.1245
5,36,2724.1861,0.0,4.3442,8.8593,8.8593,42.1188
5,37,3310.1047,0.0,2.0757,7.9732,7.9732,34.3585
5,38,3383.5568,0.0,7.2556,9.6405,9.6405,46.2312
5,39,3546.5811,0.0,5.424,9.4148,9.4148,44.1001
5,40,3583.287,0.0,1.8419,5.0363,5.0363,76.9734
5,41,3742.5504,0.0,6.1318,13.6428,13.6428,63.8576
5,42,3769.972,0.0,4.6686,8.2491,8.2491,51.4988
5,43,3818.1406,0.0,15.1845,18.8508,18.8508,52.6951
5,44,3844.6678,0.0,1.0771,4.3665,4.3665,56.0416
5,45,3876.2533,0.0,13.9092,14.058,14.058,51.5721
5,46,3905.1952,0.0,8.0061,14.2433,14.2433,29.8591
5,47,3932.4239,0.0,3.4314,18.2408,18.2408,40.2022
5,48,4039.835,0.0,0.3379,6.1488,6.1488,36.0241
5,49,4093.7021,0.0,2.5338,6.2338,6.2338,35.2138
5,50,4113.238,0.0,8.8439,13.6022,13.6022,47.8309
5,51,4127.6858,0.0,1.2639,6.0451,6.0451,63.03
5,52,4120.3867,0.0,6.0094,18.3313,18.3313,62.3759
5,53,4160.9996,0.0,4.1919,9.8456,9.8456,36.4521
5,54,4336.646,0.0,2.7817,13.8966,13.8966,53.2643
5,55,4338.5577,0.0,8.5816,12.6625,12.6625,54.308
5,56,4527.5066,0.0,4.3278,7.4372,7.4372,44.1141
5,57,4586.0017,0.0,2.8541,8.2015,8.2015,57.7023
5,58,4808.9455,0.0,12.5833,14.7013,14.7013,62.2975
5,59,4845.8508,0.0,6.2753,20.7444,20.7444,70.8524
5,60,4960.5898,0.0,6.6673,12.1448,12.1448,61.895
5,61,4986.442,0.0,11.8328,17.6952,17.6952,49.7264
5,62,5007.8757,0.0,23.7298,32.1746,32.1746,108.9628
5,63,5072.4833,0.0,0.5169,8.335,8.335,89.0917
5,64,5126.4449,0.0,4.2909,7.8162,7.8162,39.5903
5,65,5320.4705,0.0,5.7042,10.8198,10.8198,36.3861
5,66,5347.2178,0.0,6.4012,9.694,9.694,88.2989
5,67,5481.512,0.0,3.2853,11.6412,11.6412,49.4243
5,68,5500.0691,0.0,3.2166,5.6891,5.6891,43.1945
5,69,5550.7511,0.0,2.7764,8.0813,8.0813,22.4176
5,70,5593.0247,0.0,2.9941,7.6652,7.6652,44.5816
5,71,6283.2084,0.0,5.649,17.0761,17.0761,60.769
5,72,6316.774,0.0,1.6968,15.759,15.759,60.4854
5,73,6326.0833,0.0,7.6553,14.6654,14.6654,70.0437
5,74,6332.301,0.0,6.5541,10.5844,10.5844,87.4055
5,75,6379.184,0.0,11.6116,29.0192,29.0192,79.1312
5,76,6446.8589,0.0,2.1742,4.4212,4.4212,50.2616
5,77,6438.4781,0.0,10.899,17.1135,17.1135,48.0136
5,78,6455.0866,0.0,11.3843,12.6807,12.6807,48.9928
5,79,6521.0768,0.0,5.0118,10.2632,10.2632,37.8121
5,80,6542.4974,0.0,8.0037,12.2245,12.2245,40.6577
5,81,6582.9414,0.0,5.0061,8.1156,8.1156,44.766
5,82,6582.3597,0.0,3.8352,8.9232,8.9232,50.6255
5,83,6583.5732,0.0,4.6361,10.2778,10.2778,59.8429
5,84,6688.7322,0.0,3.6037,11.7214,11.7214,58.3475
5,85,6715.388,0.0,6.6525,11.3364,11.3364,46.5354
5,86,6719.4988,0.0,4.9064,10.5293,10.5293,87.0136
5,87,6824.2867,0.0,8.3059,16.9709,16.9709,58.2415
5,88,6895.0671,0.0,6.3852,9.611,9.611,37.3031
5,89,7048.071,0.0,3.6302,21.7589,21.7589,41.4297
5,90,7209.8114,0.0,0.2877,7.9634,7.9634,40.0031
5,91,7358.3874,0.0,7.6115,16.6508,16.6508,59.9125
5,92,7525.8468,0.0,3.5763,11.0432,11.0432,83.0631
5,93,7711.2428,0.0,9.1062,11.0017,11.0017,43.3599
5,94,7727.5592,0.0,4.645,5.5933,5.5933,77.4576
5,95,7762.0183,0.0,8.8321,13.6176,13.6176,57.7932
5,96,7829.9971,0.0,2.8601,7.6608,7.6608,46.6056
5,97,7960.5328,0.0,5.4205,7.7123,7.7123,64.3347
5,98,7993.3674,0.0,6.3726,18.7526,18.7526,65.1003
5,99,8025.1614,0.0,1.4679,5.6938,5.6938,46.9419
5,100,8110.5038,0.0,5.3534,10.1806,10.1806,40.8246
5,101,8174.9851,0.0,6.9019,10.1429,10.1429,35.7762
5,102,8283.0284,0.0,7.0519,8.7058,8.7058,25.882
5,103,8306.8153,0.0,9.2877,12.8897,12.8897,41.5965
5,104,8340.3083,0.0,7.1784,11.84,11.84,70.8981
5,105,8375.5935,0.0,5.4523,8.2546,8.2546,52.3648
5,106,8410.0557,0.0,2.3004,5.293,5.293,30.5479
5,107,8410.2841,0.0,6.5334,10.5191,10.5191,49.0988
5,108,8589.1958,0.0,5.538,16.8223,16.8223,78.2997
5,109,8680.2041,0.0,6.8158,13.9695,13.9695,66.0885
5,110,8753.2613,0.0,6.338,13.2802,13.2802,51.895
5,111,8857.1422,0.0,3.4905,4.6137,4.6137,56.5932
5,112,8868.5905,0.0,8.7301,12.8449,12.8449,68.0194
5,113,8973.8437,0.0,3.5571,7.932,7.932,54.2319
5,114,9184.9097,0.0,2.1295,5.1172,5.1172,233.5747
5,115,9241.2518,0.0,5.1221,9.612,9.612,179.6903
5,116,9283.7877,0.0,3.4333,6.7691,6.7691,144.8943
5,117,9450.4366,0.0,6.5413,22.8856,22.8856,54.2009
5,118,9487.8676,0.0,4.6073,8.2423,8.2423,48.4253
5,119,9498.7804,0.0,7.1255,17.3596,17.3596,46.7466
5,120,9624.87,0.0,5.024,8.8355,8.8355,32.0524
5,121,9704.5467,0.0,1.9546,5.7018,5.7018,48.3321
5,122,9729.4219,0.0,7.4782,12.781,12.781,62.1026
5,123,9826.5313,0.0,4.6735,12.1065,12.1065,64.9547
5,124,9879.1216,0.0,1.6487,5.3527,5.3527,48.5944
5,125,9906.3862,0.0,2.3303,9.2173,9.2173,64.1136
5,126,9924.8458,0.0,3.6647,8.2711,8.2711,94.0205
5,127,10108.8067,0.0,3.6523,24.9353,24.9353,63.9404
5,128,10413.021,0.0,4.0167,10.7262,10.7262,28.6744
5,129,10460.6298,0.0,2.8232,10.2609,10.2609,57.116
5,130,10660.6761,0.0,8.3924,16.4518,16.4518,40.0405
5,131,10885.3068,0.0,2.8199,5.4985,5.4985,54.9918
5,132,10957.6491,0.0,3.0429,3.6718,3.6718,48.8048
5,133,11038.7919,0.0,6.4232,13.057,13.057,37.4179
5,134,11075.0334,0.0,2.8209,5.0285,5.0285,59.7241
5,135,11069.9132,0.0,4.2046,16.1288,16.1288,77.1107
5,136,11115.8743,0.0,2.0467,5.9602,5.9602,40.3501
5,137,11120.0719,0.0,6.5256,9.3633,9.3633,41.1985
5,138,11230.1353,0.0,6.2034,12.1985,12.1985,74.526
5,139,11459.6276,0.0,2.3995,8.3456,8.3456,85.3686
5,140,11524.93,0.0,3.3128,10.5261,10.5261,48.47
5,141,11741.5906,0.0,9.7342,14.034,14.034,61.1098
5,142,11996.5991,0.0,5.1955,11.5838,11.5838,62.1978
5,143,12094.6507,0.0,6.8948,15.122,15.122,60.5781
5,144,12172.468,0.0,2.3258,4.0432,4.0432,43.6031
5,145,12184.0779,0.0,2.7055,11.4988,11.4988,40.4794
5,146,12200.8261,0.0,0.3674,6.3191,6.3191,63.6717
5,147,12190.4088,0.0,12.0151,19.6008,19.6008,91.668
5,148,12206.095,0.0,4.4062,9.6348,9.6348,81.6456
5,149,12234.4266,0.0,15.2636,19.6245,19.6245,100.3629
5,150,12348.7329,0.0,9.1231,14.4416,14.4416,55.3451
5,151,12354.1202,0.0,26.4566,48.346,48.346,88.1879
5,152,12779.9565,0.0,3.2593,8.8874,8.8874,88.6941
5,153,12914.0325,0.0,4.8047,20.0938,20.0938,43.6005
5,154,12999.3106,0.0,1.4755,8.7228,8.7228,77.9875
5,155,13029.779,0.0,3.9472,9.5391,9.5391,52.8749
5,156,13070.38,0.0,2.2044,8.8194,8.8194,51.7416
5,157,13144.8791,0.0,2.9541,10.0988,10.0988,43.7893
5,158,13150.4209,0.0,2.9969,8.5007,8.5007,45.4172
5,159,13187.1238,0.0,4.4488,12.7747,12.7747,69.9736
5,160,13248.3523,0.0,5.2242,14.6284,14.6284,53.2329
5,161,13344.3032,0.0,4.1962,7.513,7.513,40.401
5,162,13456.2275,0.0,7.2474,11.2462,11.2462,40.0477
5,163,13531.9996,0.0,16.137,19.5933,19.5933,77.3548
5,164,13634.9361,0.0,2.7537,5.167,5.167,40.3653
5,165,13677.9323,0.0,7.3587,32.947,32.947,58.6517
5,166,13724.3141,0.0,3.0841,4.5085,4.5085,42.8135
5,167,13771.9905,0.0,5.3218,9.8918,9.8918,62.5388
5,168,13797.7663,0.0,5.5008,14.8679,14.8679,53.3995
5,169,13821.012,0.0,24.7663,29.5003,29.5003,61.362
5,170,13989.256,0.0,5.7564,25.2914,25.2914,90.9836
5,171,14247.9912,0.0,2.2558,6.6936,6.6936,61.6854
5,172,14299.2478,0.0,17.8467,25.0947,25.0947,53.177
5,173,14353.6131,0.0,1.9426,25.1834,25.1834,62.4072
5,174,14420.3643,0.0,1.0333,7.7273,7.7273,36.1746
5,175,14465.7741,0.0,2.7411,8.3095,8.3095,73.3343
5,176,14680.805,0.0,5.0356,8.3297,8.3297,61.1454
5,177,14927.4105,0.0,8.0037,16.4299,16.4299,48.5108
5,178,15017.8944,0.0,5.9275,10.5881,10.5881,37.136
5,179,15025.671,0.0,2.4964,5.8498,5.8498,65.4525
5,180,15187.8729,0.0,4.3621,21.9873,21.9873,34.9158
5,181,15209.3436,0.0,6.3052,9.1439,9.1439,63.9855
5,182,15195.8599,0.0,1.5136,36.2143,36.2143,115.1693
5,183,15244.4242,0.0,8.292,14.4622,14.4622,69.2822
5,184,15247.5773,0.0,13.244,21.4065,21.4065,118.7028
5,185,15294.2722,0.0,12.9506,17.1309,17.1309,73.9874
5,186,15848.3392,0.0,2.7096,7.5797,7.5797,31.747
5,187,15853.7456,0.0,2.6105,14.4506,14.4506,63.1199
5,188,16032.0078,0.0,4.594,14.9498,14.9498,43.7262
5,189,16041.4541,0.0,13.3551,16.4583,16.4583,56.4386
5,190,16182.3715,0.0,4.3317,8.01,8.01,46.0249
5,191,16330.333,0.0,1.5364,4.4397,4.4397,42.9524
5,192,16576.5152,0.0,5.9837,9.6191,9.6191,60.8766
5,193,16580.1571,0.0,3.3641,33.8723,33.8723,72.5028
5,194,16640.0076,0.0,8.8254,10.8461,10.8461,67.5098
5,195,16771.8996,0.0,5.4986,6.6091,6.6091,37.4374
5,196,16773.617,0.0,2.51,15.8783,15.8783,45.9881
5,197,16828.7354,0.0,3.0572,9.7983,9.7983,65.0282
5,198,16837.833,0.0,2.8808,6.2045,6.2045,57.8673
5,199,16877.0981,0.0,10.0182,14.5225,14.5225,59.1307
5,200,17022.2347,0.0,6.4227,10.4166,10.4166,61.7293
5,201,17316.0035,0.0,1.7987,6.2098,6.2098,33.0875
5,202,17356.9309,0.0,2.8364,7.7437,7.7437,40.6081
5,203,17498.3515,0.0,5.8545,26.0193,26.0193,68.2464
5,204,17828.5247,0.0,7.3261,17.0343,17.0343,40.4634
5,205,17894.6339,0.0,1.6369,8.0276,8.0276,34.3459
5,206,17963.6945,0.0,4.647,16.1014,16.1014,74.4232
5,207,18047.2324,0.0,2.7326,13.6055,13.6055,57.8177
5,208,18099.9815,0.0,6.9978,15.2498,15.2498,46.3415
5,209,18111.104,0.0,7.0473,8.3622,8.3622,48.106
5,210,18146.896,0.0,8.6401,18.7277,18.7277,85.418
5,211,18205.6927,0.0,6.6787,11.3853,11.3853,90.2774
5,212,18338.0867,0.0,2.016,5.8385,5.8385,85.8112
5,213,18592.5471,0.0,4.5706,13.4616,13.4616,57.9099
5,214,19268.4436,0.0,1.2408,3.3024,3.3024,47.057
5,215,19337.5868,0.0,1.5958,6.8211,6.8211,57.3859
5,216,19373.7792,0.0,14.0451,25.7046,25.7046,50.8578
5,217,19393.648,0.0,4.3785,17.4945,17.4945,103.3628
5,218,19416.243,0.0,12.401,20.2523,20.2523,91.3396
5,219,19447.2875,0.0,7.3797,9.3872,9.3872,118.4485
5,220,19583.1046,0.0,7.6105,26.3158,26.3158,52.6896
5,221,19640.9529,0.0,1.3828,5.5001,5.5001,61.8551
5,222,19664.4656,0.0,5.389,8.3347,8.3347,91.506
5,223,19672.1305,0.0,5.7544,10.0316,10.0316,65.1196
5,224,19704.3378,0.0,6.613,8.4774,8.4774,45.5574
5,225,19705.25,0.0,10.8795,16.7554,16.7554,64.6737
5,226,19893.1223,0.0,5.4834,10.1655,10.1655,28.0767
5,227,19918.4021,0.0,2.8176,5.1494,5.1494,34.9194
5,228,19925.445,0.0,4.0743,8.9585,8.9585,48.5685
5,229,20011.784,0.0,3.5543,9.2584,9.2584,57.3972
5,230,20026.6669,0.0,5.0999,17.9988,17.9988,47.9824
5,231,20060.8957,0.0,5.3478,11.5081,11.5081,96.2958
5,232,20204.1938,0.0,5.5036,17.0306,17.0306,67.7773
5,233,20272.125,0.0,3.8777,18.9669,18.9669,51.9215
5,234,20276.4983,0.0,5.2261,16.0518,16.0518,59.9888
5,235,20294.0022,0.0,5.9361,11.2061,11.2061,64.8761
5,236,20640.0206,0.0,7.0713,8.6858,8.6858,48.2875
5,237,20749.6299,0.0,2.3735,6.8877,6.8877,57.3343
5,238,20773.9124,0.0,6.2066,16.1379,16.1379,37.5617
5,239,20804.9167,0.0,3.141,20.9727,20.9727,82.5094
5,240,20920.0504,0.0,6.6178,29.6248,29.6248,82.4357
5,241,20968.1783,0.0,11.8819,14.9377,14.9377,68.1373
5,242,20991.6889,0.0,9.1878,10.2338,10.2338,88.9202
5,243,21024.9208,0.0,3.3157,12.2921,12.2921,63.2476
5,244,21051.3393,0.0,5.0119,11.8454,11.8454,46.0127
5,245,21147.7677,0.0,1.4696,8.7586,8.7586,33.6899
5,246,21277.5213,0.0,1.6112,3.3045,3.3045,54.8444
5,247,21381.0036,0.0,6.3447,9.5097,9.5097,34.2686
5,248,21395.5849,0.0,3.1995,11.0153,11.0153,42.5497
5,249,21603.7134,0.0,3.7139,8.8414,8.8414,57.3189
5,250,21728.9924,0.0,3.713,15.2101,15.2101,58.8083
5,251,21870.146,0.0,3.6824,11.3339,11.3339,47.1978
5,252,21905.0399,0.0,2.8308,9.6608,9.6608,41.9508
5,253,22088.0119,0.0,5.3983,9.062,9.062,37.7733
5,254,22094.218,0.0,12.401,16.1001,16.1001,68.6003
5,255,22105.023,0.0,13.8655,15.1447,15.1447,58.6667
5,256,22144.0453,0.0,4.1155,12.3843,12.3843,62.3518
5,257,22160.2897,0.0,6.6885,10.7751,10.7751,112.9668
5,258,22249.7801,0.0,9.3649,12.5041,12.5041,42.476
5,259,22321.9105,0.0,4.9473,11.0,11.0,56.3952
5,260,22387.2174,0.0,10.6026,15.7362,15.7362,47.208
5,261,22438.7819,0.0,4.2909,7.7755,7.7755,43.8637
5,262,22441.8551,0.0,5.8912,8.2848,8.2848,57.3232
5,263,22479.5949,0.0,1.9327,9.5068,9.5068,55.4403
5,264,22505.335,0.0,9.7655,15.2029,15.2029,53.4906
5,265,22590.752,0.0,3.2402,8.2253,8.2253,52.5351
5,266,22603.4097,0.0,11.1687,15.0113,15.0113,51.8026
5,267,22830.9667,0.0,3.2643,6.5968,6.5968,50.751
5,268,22828.8454,0.0,3.712,18.01,18.01,61.0974
5,269,22866.1561,0.0,4.1431,13.1929,13.1929,44.3625
5,270,22872.0839,0.0,10.0523,17.7307,17.7307,45.0873
5,271,22881.3795,0.0,14.9559,17.7234,17.7234,74.8212
5,272,23017.8826,0.0,2.9592,5.1295,5.1295,42.0251
5,273,23348.7441,0.0,2.9783,7.26,7.26,53.6125
5,274,23394.0682,0.0,1.7731,4.3271,4.3271,35.931
5,275,23415.5131,0.0,2.4903,9.0405,9.0405,39.244
5,276,23471.553,0.0,3.54,18.0459,18.0459,52.0392
5,277,23581.2837,0.0,5.2379,10.5782,10.5782,63.2873
5,278,23626.7638,0.0,4.6936,15.7103,15.7103,49.8562
5,279,23652.5858,0.0,3.5657,5.1706,5.1706,77.0334
5,280,23681.0973,0.0,3.613,9.0368,9.0368,57.6155
5,281,23690.7127,0.0,5.2831,11.6503,11.6503,55.4323
5,282,23693.3782,0.0,15.2364,16.1589,16.1589,71.2012
5,283,23736.0598,0.0,2.6432,7.7616,7.7616,38.3263
5,284,23731.368,0.0,12.6615,16.5045,16.5045,55.1809
5,285,23761.9894,0.0,3.737,6.996,6.996,39.1618
5,286,23807.2227,0.0,1.8773,6.2261,6.2261,61.2587
5,287,24014.6876,0.0,3.712,5.9634,5.9634,30.3927
5,288,24021.8626,0.0,2.573,8.1833,8.1833,50.8139
5,289,24066.0914,0.0,5.4922,8.5454,8.5454,72.1816
5,290,24167.4495,0.0,5.1843,10.0189,10.0189,54.5286
5,291,24255.7512,0.0,11.4482,16.5018,16.5018,51.256
5,292,24268.0187,0.0,5.8038,26.7673,26.7673,93.0951
5,293,24318.0463,0.0,3.9027,5.5764,5.5764,57.4783
5,294,24418.9438,0.0,2.34,12.1428,12.1428,81.2868
5,295,24545.147,0.0,5.8032,19.611,19.611,56.4043
5,296,24886.7794,0.0,4.9122,10.6004,10.6004,65.2095
5,297,25011.3339,0.0,2.2074,16.1375,16.1375,51.0102
5,298,25116.0614,0.0,4.6238,9.356,9.356,49.085
5,299,25235.3017,0.0,1.8121,4.3976,4.3976,40.8351
5,300,25241.3,0.0,10.2683,22.2839,22.2839,61.2369
5,301,25310.3468,0.0,2.8279,9.8752,9.8752,73.8951
5,302,25521.4107,0.0,3.0501,6.216,6.216,50.0787
5,303,25522.9368,0.0,4.1431,11.3247,11.3247,62.5247
5,304,25634.8932,0.0,2.0335,4.2256,4.2256,54.0278
5,305,25637.2614,0.0,7.3888,11.4557,11.4557,55.9843
5,306,25659.495,0.0,0.9961,4.4856,4.4856,84.6643
5,307,25660.6098,0.0,12.0455,13.5047,13.5047,98.4376
5,308,25683.4297,0.0,3.7233,9.3911,9.3911,104.5122
5,309,25686.5766,0.0,11.4829,18.6378,18.6378,126.0501
5,310,25726.0409,0.0,14.1866,17.1271,17.1271,103.1598
5,311,25846.9951,0.0,7.7557,8.8729,8.8729,52.7776
5,312,25980.5234,0.0,3.7725,5.9537,5.9537,40.3573
5,313,25998.5824,0.0,9.2777,10.8245,10.8245,113.6724
5,314,26267.6347,0.0,5.0441,9.4431,9.4431,93.2084
5,315,26269.9506,0.0,4.4183,9.2417,9.2417,106.9443
5,316,26315.7757,0.0,6.9052,9.5643,9.5643,73.6783
5,317,26369.6966,0.0,7.748,11.17,11.17,38.5569
5,318,26380.7957,0.0,1.9483,10.6686,10.6686,69.4944
5,319,26423.7612,0.0,5.3677,7.544,7.544,59.1805
5,320,26445.9158,0.0,3.4447,11.0943,11.0943,90.8469
5,321,26461.2431,0.0,9.4738,21.6583,21.6583,80.1609
5,322,26565.236,0.0,2.5475,5.7071,5.7071,59.5724
5,323,26699.4135,0.0,3.0681,7.2722,7.2722,48.3882
5,324,26713.8731,0.0,1.9329,19.1856,19.1856,48.2378
5,325,26857.4421,0.0,5.5654,11.5767,11.5767,70.6135
5,326,26951.6426,0.0,2.2152,15.4533,15.4533,83.1119
5,327,27207.2784,0.0,3.1947,9.1304,9.1304,41.7256
5,328,27250.7276,0.0,3.0634,7.0876,7.0876,29.4433
5,329,27275.3389,0.0,5.6685,8.8945,8.8945,42.0039
5,330,27306.99,0.0,3.726,8.4092,8.4092,27.9098
5,331,27317.4919,0.0,5.8747,7.6716,7.6716,71.8334
5,332,27385.6161,0.0,8.4206,19.7691,19.7691,27.59
5,333,27410.045,0.0,2.1362,6.0537,6.0537,68.0235
5,334,27414.456,0.0,4.6785,8.7075,8.7075,48.7787
5,335,27498.852,0.0,3.9848,7.0015,7.0015,49.2653
5,336,27563.9125,0.0,4.232,8.6532,8.6532,45.745
5,337,27606.1309,0.0,1.5494,4.7905,4.7905,41.6837
5,338,27633.4102,0.0,1.8502,7.6793,7.6793,74.1637
5,339,27768.3953,0.0,1.0132,4.5579,4.5579,44.2171
5,340,27848.6811,0.0,2.4319,5.91,5.91,62.1095
5,341,27952.4337,0.0,8.205,15.3024,15.3024,43.9958
5,342,27961.6086,0.0,9.1266,17.2781,17.2781,40.0186
5,343,27943.0326,0.0,2.9815,41.2359,41.2359,86.3639
5,344,27975.7383,0.0,3.4811,14.2354,14.2354,69.5083
5,345,27983.8166,0.0,28.7462,31.1187,31.1187,82.9643
5,346,28035.8898,0.0,6.2892,7.1184,7.1184,41.8785
5,347,28196.3921,0.0,3.6255,8.9868,8.9868,24.9375
5,348,28248.3349,0.0,2.3247,6.0098,6.0098,41.8759
5,349,28428.2427,0.0,2.8018,10.2495,10.2495,27.4159
5,350,28435.6379,0.0,8.802,17.0262,17.0262,61.9346
5,351,28455.7956,0.0,2.4046,4.7254,4.7254,61.2771
5,352,28542.5527,0.0,4.1197,10.9087,10.9087,59.2487
5,353,28581.8246,0.0,8.8867,12.4341,12.4341,45.8306
5,354,28628.1749,0.0,13.549,21.4125,21.4125,66.9482
5,355,28683.0396,0.0,6.2481,8.0779,8.0779,73.351
5,356,28960.4993,0.0,1.7252,5.1521,5.1521,38.1378
5,357,29165.4283,0.0,4.8062,14.1289,14.1289,71.3747
5,358,29262.813,0.0,5.899,7.5136,7.5136,46.6628
5,359,29290.505,0.0,4.2307,10.8443,10.8443,58.0471
5,360,29303.76,0.0,3.4789,5.8772,5.8772,48.0837
5,361,29472.1312,0.0,2.3572,5.081,5.081,30.7648
5,362,29474.2851,0.0,3.0331,17.6258,17.6258,36.2437
5,363,29495.271,0.0,4.2469,7.3072,7.3072,56.0932
5,364,29516.8441,0.0,8.2988,17.4901,17.4901,63.9473
5,365,29528.8078,0.0,16.74,17.7032,17.7032,68.9627
5,366,29572.2249,0.0,8.5719,11.1576,11.1576,45.2752
5,367,29648.08,0.0,6.0945,10.1611,10.1611,67.1158
5,368,29667.5474,0.0,9.1212,12.6978,12.6978,70.0916
5,369,29692.1844,0.0,20.481,31.0883,31.0883,92.5225
5,370,30073.0136,0.0,4.569,8.856,8.856,48.7493
5,371,30096.2983,0.0,2.2088,7.5687,7.5687,115.8456
5,372,30137.7598,0.0,10.2377,19.3279,19.3279,81.8375
5,373,30259.3059,0.0,0.774,1.754,1.754,49.5252
5,374,30421.5546,0.0,1.2921,4.1023,4.1023,42.3471
5,375,30451.7363,0.0,4.4811,9.1898,9.1898,53.0661
5,376,30667.7276,0.0,1.712,4.6697,4.6697,51.1728
5,377,30700.0288,0.0,5.9753,15.85,15.85,48.8774
5,378,30720.9811,0.0,15.4709,21.868,21.868,72.282
5,379,30785.7016,0.0,0.7008,4.449,4.449,37.625
5,380,30800.4324,0.0,6.1098,7.3464,7.3464,39.7724
5,381,30920.0438,0.0,7.041,10.3308,10.3308,47.6943
5,382,31063.7154,0.0,4.0919,9.6739,9.6739,36.0579
5,383,31074.8285,0.0,2.3828,5.1616,5.1616,82.1662
5,384,31076.5639,0.0,7.7704,16.15,16.15,73.3402
5,385,31161.0337,0.0,8.8321,12.059,12.059,66.4622
5,386,31216.5839,0.0,5.2414,15.7866,15.7866,80.0828
5,387,31322.1093,0.0,4.0894,9.7844,9.7844,72.9609
5,388,31381.402,0.0,4.945,7.0165,7.0165,40.2558
5,389,31387.8201,0.0,8.0122,13.0384,13.0384,44.9396
5,390,31475.5465,0.0,6.8212,9.2726,9.2726,31.5405
5,391,31482.3563,0.0,6.9368,21.1077,21.1077,56.3821
5,392,31544.9081,0.0,9.2399,14.997,14.997,63.0821
5,393,31737.5453,0.0,3.3932,7.4788,7.4788,59.8153
5,394,32011.1501,0.0,2.1209,21.1497,21.1497,71.0583
5,395,32088.4935,0.0,4.8587,12.1187,12.1187,30.3959
5,396,32125.9954,0.0,11.2979,15.323,15.323,54.0963
5,397,32303.703,0.0,1.9285,6.5793,6.5793,47.4625
5,398,32337.18,0.0,6.897,19.8577,19.8577,58.4194
5,399,32352.8026,0.0,4.6976,7.0321,7.0321,51.4674
5,400,32386.7045,0.0,10.3378,13.3451,13.3451,37.6057
5,401,32695.9572,0.0,9.8295,29.5279,29.5279,95.7069
5,402,32898.329,0.0,4.8007,21.1388,21.1388,61.2099
5,403,32969.9545,0.0,5.3781,8.4744,8.4744,48.5687
5,404,33219.7003,0.0,5.7337,9.3246,9.3246,48.1599
5,405,33706.6328,0.0,4.7303,9.5367,9.5367,44.2177
5,406,33707.0816,0.0,7.8017,12.6437,12.6437,62.8375
5,407,33765.2485,0.0,1.8109,5.5532,5.5532,39.1157
5,408,33805.4784,0.0,3.5785,6.89,6.89,44.1803
5,409,33861.6855,0.0,5.0224,7.52,7.52,50.7247
5,410,33879.5524,0.0,1.3238,4.4802,4.4802,70.736
5,411,34021.1143,0.0,2.3336,10.1097,10.1097,80.0732
5,412,34181.4953,0.0,6.3883,9.7485,9.7485,39.9677
5,413,34189.062,0.0,0.6656,4.7218,4.7218,41.5246
5,414,34308.4607,0.0,5.8084,9.2175,9.2175,55.0436
5,415,34341.0359,0.0,6.8231,8.1164,8.1164,36.9341
5,416,34348.8665,0.0,2.9417,4.4051,4.4051,59.3781
5,417,34356.1397,0.0,2.5275,7.8691,7.8691,71.1338
5,418,34399.7665,0.0,14.4772,25.5463,25.5463,87.0559
5,419,34468.2465,0.0,5.6079,12.0929,12.0929,61.7959
5,420,34572.2902,0.0,5.0358,16.3973,16.3973,53.4954
5,421,34860.8339,0.0,4.5215,9.2306,9.2306,40.4974
5,422,35088.2919,0.0,3.3857,8.4705,8.4705,40.3807
5,423,35141.0568,0.0,4.8762,6.8725,6.8725,39.1382
5,424,35204.9216,0.0,5.9094,9.9318,9.9318,45.6853
5,425,35216.3864,0.0,3.0725,8.347,8.347,80.9371
5,426,35202.5995,0.0,7.3032,25.0328,25.0328,100.6507
5,427,35270.7646,0.0,7.1027,17.2764,17.2764,77.3852
5,428,35308.8385,0.0,13.8015,17.7657,17.7657,56.5213
5,429,35343.0029,0.0,6.4415,15.5996,15.5996,59.0609
5,430,35355.9251,0.0,12.8146,14.8555,14.8555,65.9146
5,431,35645.9119,0.0,4.794,6.7696,6.7696,55.7642
5,432,35681.7805,0.0,4.5336,27.277,27.277,85.1584
5,433,35795.9966,0.0,5.2201,12.2629,12.2629,68.3172
5,434,35817.9135,0.0,2.9825,5.7153,5.7153,59.8941
5,435,35916.2008,0.0,8.2426,12.1976,12.1976,44.0244
5,436,35937.9749,0.0,7.5067,10.3301,10.3301,33.3939
5,437,36274.6756,0.0,1.1601,12.8144,12.8144,55.4031
5,438,36413.7655,0.0,5.9933,16.9829,16.9829,55.1537
5,439,36536.7565,0.0,6.2961,11.1905,11.1905,75.5016
5,440,36639.0102,0.0,10.2519,11.518,11.518,39.5064
5,441,36646.9843,0.0,9.0557,15.3923,15.3923,86.1702
5,442,36670.2976,0.0,6.337,9.7095,9.7095,80.1622
5,443,36737.4663,0.0,5.56,13.3997,13.3997,84.2517
5,444,36799.544,0.0,2.3981,3.7313,3.7313,72.1128
5,445,36965.6004,0.0,4.4089,11.8705,11.8705,46.2459
5,446,36970.6095,0.0,2.3725,12.445,12.445,43.013
5,447,36971.1104,0.0,16.4532,19.409,19.409,53.3888
5,448,37371.4314,0.0,7.6895,12.2941,12.2941,40.1841
5,449,37520.6977,0.0,4.2564,11.3557,11.3557,60.4277
5,450,37529.269,0.0,4.9672,9.2442,9.2442,55.7063
5,451,37604.5926,0.0,3.7806,7.3596,7.3596,66.0707
5,452,38006.7628,0.0,9.3593,16.0276,16.0276,106.4922
5,453,38033.0559,0.0,4.2798,9.1844,9.1844,85.0306
5,454,38119.1373,0.0,4.152,14.3352,14.3352,67.2475
5,455,38172.808,0.0,5.3241,8.6237,8.6237,42.4215
5,456,38241.9709,0.0,5.5467,8.7133,8.7133,28.3657
5,457,38300.0883,0.0,5.1494,14.3141,14.3141,50.8233
5,458,38300.5685,0.0,6.9002,14.6553,14.6553,61.8353
5,459,38311.476,0.0,0.8078,4.9704,4.9704,54.2722
5,460,38442.6982,0.0,8.3664,11.5487,11.5487,52.6935
5,461,38674.5257,0.0,4.4802,11.5268,11.5268,53.7423
5,462,38679.9721,0.0,5.4757,7.4777,7.4777,70.6516
5,463,38712.6867,0.0,3.8931,8.9041,8.9041,54.5456
5,464,38813.0297,0.0,7.2024,28.663,28.663,67.3324
5,465,38926.6829,0.0,4.4811,10.0864,10.0864,43.2005
5,466,39043.5949,0.0,4.3986,9.1528,9.1528,33.941
5,467,39121.6388,0.0,2.9396,7.3329,7.3329,57.489
5,468,39190.409,0.0,3.8796,12.6211,12.6211,100.6978
5,469,39236.3259,0.0,3.0006,6.2075,6.2075,64.8527
5,470,39395.804,0.0,3.8144,9.0301,9.0301,43.8046
5,471,39469.8203,0.0,0.4966,9.9391,9.9391,32.6614
5,472,39477.7858,0.0,3.6545,7.4544,7.4544,68.7086
5,473,39556.1186,0.0,6.6787,23.7731,23.7731,73.2242
5,474,39591.3273,0.0,6.0232,8.9103,8.9103,42.3829
5,475,39635.7544,0.0,5.834,11.4833,11.4833,39.9393
5,476,39705.1507,0.0,2.9477,10.0025,10.0025,61.5503
5,477,39714.9063,0.0,1.408,11.3817,11.3817,97.0129
5,478,39755.019,0.0,4.9654,9.3523,9.3523,59.6292
5,479,39762.609,0.0,1.9327,11.5806,11.5806,77.0516
5,480,39809.6721,0.0,5.0911,11.2518,11.2518,26.9048
5,481,39844.7625,0.0,4.5075,6.6977,6.6977,74.2996
5,482,39861.4259,0.0,2.3091,33.0936,33.0936,64.8845
5,483,39961.9493,0.0,4.6428,13.9135,13.9135,51.785
5,484,39985.8199,0.0,3.1664,22.0343,22.0343,51.4268
5,485,40045.2793,0.0,4.7104,6.9238,6.9238,46.6356
5,486,40071.8709,0.0,3.375,6.9387,6.9387,27.9831
5,487,40391.6478,0.0,3.981,12.6346,12.6346,77.7608
5,488,40403.9516,0.0,5.9231,9.7629,9.7629,86.4087
5,489,40455.5127,0.0,9.2484,15.2241,15.2241,73.0354
5,490,40629.4516,0.0,4.8995,7.53,7.53,25.7854
5,491,40729.5355,0.0,5.7471,8.5499,8.5499,41.2141
5,492,40855.0507,0.0,4.3856,20.8719,20.8719,56.6517
5,493,40970.9488,0.0,8.29,10.7786,10.7786,34.5633
5,494,40983.5774,0.0,0.3674,2.8063,2.8063,116.8948
5,495,41009.8542,0.0,3.311,8.7853,8.7853,97.5371
5,496,41027.962,0.0,10.2938,13.446,13.446,90.4068
5,497,41182.9317,0.0,6.3764,17.8606,17.8606,66.9224
5,498,41195.1375,0.0,5.3821,8.6766,8.6766,92.2541
5,499,41259.7069,0.0,7.2946,21.4932,21.4932,66.8638
5,500,41274.3632,0.0,4.8726,10.2011,10.2011,66.158
5,501,41344.668,0.0,3.8691,10.3357,10.3357,75.1734
5,502,41537.9157,0.0,9.1099,13.4826,13.4826,40.1104
5,503,41562.6657,0.0,4.4984,8.2013,8.2013,68.6817
5,504,41591.8055,0.0,14.6024,17.8122,17.8122,89.3183
5,505,41655.2723,0.0,9.1064,16.1028,16.1028,65.9515
5,506,41843.4995,0.0,1.4755,8.934,8.934,57.3877
5,507,41916.918,0.0,0.915,9.1017,9.1017,51.7879
5,508,42111.7116,0.0,5.7849,11.9718,11.9718,52.058
5,509,42144.5064,0.0,3.0179,9.0618,9.0618,35.3236
5,510,42235.7988,0.0,5.4098,8.6037,8.6037,33.7362
5,511,42264.1288,0.0,3.5253,7.645,7.645,70.8462
5,512,42287.9134,0.0,3.4075,19.9172,19.9172,66.4184
5,513,42343.65,0.0,4.4326,8.26,8.26,51.3809
5,514,42346.7743,0.0,10.5348,13.4616,13.4616,66.0346
5,515,42375.5522,0.0,14.8068,17.9894,17.9894,62.6231
5,516,42381.7316,0.0,3.0725,13.5384,13.5384,59.6437
5,517,42419.2969,0.0,6.8427,12.4508,12.4508,56.0663
5,518,42567.6089,0.0,6.7362,10.6916,10.6916,62.7322
5,519,42577.5957,0.0,6.5713,30.3295,30.3295,67.9911
5,520,42691.0708,0.0,3.3247,9.1153,9.1153,45.9201
5,521,42767.7397,0.0,3.4178,7.9096,7.9096,63.1943
5,522,43112.328,0.0,4.0876,8.8228,8.8228,68.7044
5,523,43180.0171,0.0,6.1014,10.3304,10.3304,57.4121
6,1,0.0,0.0,4.4183,7.9992,7.9992,58.063
6,2,307.2255,0.0,6.4889,8.225,8.225,37.1394
6,3,432.9848,0.0,4.5886,9.9708,9.9708,38.5869
6,4,436.7268,0.0,7.3325,18.0572,18.0572,81.6537
6,5,584.9674,0.0,7.9775,19.726,19.726,76.8073
6,6,666.6034,0.0,4.5564,11.2627,11.2627,49.9157
6,7,689.6859,0.0,6.9079,10.6126,10.6126,65.2616
6,8,752.9549,0.0,8.0101,11.4335,11.4335,44.174
6,9,753.5909,0.0,3.0113,12.5566,12.5566,47.2324
6,10,811.7841,0.0,3.7333,10.8864,10.8864,46.3907
6,11,815.4536,0.0,7.5564,20.2916,20.2916,54.369
6,12,1125.8917,0.0,4.1406,8.3568,8.3568,36.6571
6,13,1166.4272,0.0,2.2515,5.408,5.408,42.5415
6,14,1201.1076,0.0,1.4574,4.4194,4.4194,46.5252
6,15,1207.0209,0.0,3.8691,12.8211,12.8211,70.7883
6,16,1442.0909,0.0,3.022,5.5817,5.5817,39.6141
6,17,1453.8696,0.0,3.6307,8.3564,8.3564,65.2561
6,18,1593.6649,0.0,3.7567,6.9092,6.9092,44.0721
6,19,1918.1893,0.0,7.041,12.3766,12.3766,51.5627
6,20,2024.2491,0.0,4.8081,11.9742,11.9742,57.1929
6,21,2093.7783,0.0,5.4817,8.4906,8.4906,58.0414
6,22,2125.2925,0.0,7.0954,8.8917,8.8917,67.2868
6,23,2177.7705,0.0,20.7936,24.9991,24.9991,102.8734
6,24,2230.2967,0.0,6.1727,8.3133,8.3133,53.6484
6,25,2234.5325,0.0,6.3726,20.4379,20.4379,58.4065
6,26,2256.5885,0.0,1.6916,6.2526,6.2526,91.0461
6,27,2312.5216,0.0,2.234,12.2653,12.2653,76.2414
6,28,2390.1542,0.0,1.5479,9.066,9.066,33.3059
6,29,2571.5277,0.0,4.5608,12.8612,12.8612,58.0232
6,30,2616.7288,0.0,6.592,9.1465,9.1465,44.133
6,31,2688.4333,0.0,2.0335,19.9241,19.9241,71.6065
6,32,2749.6152,0.0,7.7883,12.6312,12.6312,58.6627
6,33,2809.8243,0.0,5.4163,10.5891,10.5891,98.5789
6,34,3089.3924,0.0,2.1103,12.439,12.439,52.6831
6,35,3100.0577,0.0,5.0615,12.1184,12.1184,79.7881
6,36,3172.3094,0.0,4.036,12.0919,12.0919,66.4951
6,37,3267.7032,0.0,8.2025,18.9842,18.9842,79.9771
6,38,3461.6382,0.0,5.6915,9.3422,9.3422,56.4217
6,39,3499.8204,0.0,16.0278,19.2712,19.2712,114.4645
6,40,3530.0558,0.0,9.7167,11.2685,11.2685,90.7893
6,41,3617.8316,0.0,1.8458,12.8881,12.8881,52.0811
6,42,3681.4341,0.0,4.6804,12.1419,12.1419,57.7985
6,43,3709.515,0.0,6.8549,11.9696,11.9696,115.0146
6,44,3771.8802,0.0,2.1295,5.524,5.524,79.6257
6,45,3858.4291,0.0,7.1702,12.3883,12.3883,43.0116
6,46,4022.4516,0.0,1.2881,11.3821,11.3821,84.6412
6,47,4172.3493,0.0,3.4437,5.8595,5.8595,38.7948
6,48,4213.4209,0.0,2.7552,5.2926,5.2926,54.7643
6,49,4230.6279,0.0,3.2662,7.8937,7.8937,50.2951
6,50,4453.6403,0.0,3.907,5.3865,5.3865,45.4455
6,51,4478.912,0.0,4.7555,11.8722,11.8722,49.945
6,52,4790.7853,0.0,13.1486,20.3695,20.3695,72.6072
6,53,4815.3737,0.0,4.6613,7.8485,7.8485,63.682
6,54,4842.1758,0.0,4.0314,12.4716,12.4716,72.8397
6,55,4903.0076,0.0,3.7198,11.9875,11.9875,40.877
6,56,4945.9137,0.0,4.75,11.3823,11.3823,44.5459
6,57,4953.9151,0.0,8.8221,14.5208,14.5208,57.0957
6,58,4996.664,0.0,13.2493,18.6934,18.6934,36.6121
6,59,5007.6226,0.0,11.1457,13.6132,13.6132,37.4571
6,60,5030.3151,0.0,1.7553,6.3939,6.3939,82.4854
6,61,5030.1065,0.0,7.368,41.1496,41.1496,96.4321
6,62,5257.6164,0.0,1.9663,5.6305,5.6305,40.9404
6,63,5267.6818,0.0,3.8639,11.5163,11.5163,54.0749
6,64,5282.1999,0.0,3.6973,20.756,20.756,59.3556
6,65,5314.7204,0.0,2.9739,10.7032,10.7032,55.8287
6,66,5335.9245,0.0,3.7032,8.698,8.698,37.4892
6,67,5495.7959,0.0,5.9558,19.2607,19.2607,54.5031
6,68,5593.7569,0.0,4.1587,10.6744,10.6744,45.238
6,69,5691.7083,0.0,0.9883,8.0632,8.0632,32.8075
6,70,5721.4076,0.0,8.4733,13.0861,13.0861,52.1563
6,71,5798.1166,0.0,2.8009,6.669,6.669,71.7827
6,72,5869.1424,0.0,0.8717,3.9973,3.9973,37.4561
6,73,6125.4582,0.0,2.6717,20.388,20.388,73.5267
6,74,6274.187,0.0,4.4804,13.179,13.179,34.2952
6,75,6280.6359,0.0,1.7434,8.7807,8.7807,49.4872
6,76,6296.334,0.0,10.6937,15.0373,15.0373,56.2434
6,77,6337.7696,0.0,3.0812,8.4142,8.4142,63.6845
6,78,6379.5913,0.0,5.0539,13.1651,13.1651,85.1662
6,79,6473.6192,0.0,4.385,9.3103,9.3103,49.6796
6,80,6495.7149,0.0,6.5896,10.5564,10.5564,48.3454
6,81,6490.729,0.0,13.5864,22.2416,22.2416,82.0498
6,82,6597.6448,0.0,4.9037,17.6076,17.6076,91.2097
6,83,6945.6568,0.0,6.3229,9.513,9.513,42.3598
6,84,7037.9237,0.0,4.9867,11.8497,11.8497,39.0445
6,85,7067.4281,0.0,4.6499,10.4422,10.4422,69.7627
6,86,7167.9457,0.0,5.919,10.4141,10.4141,56.2124
6,87,7195.9486,0.0,4.2334,10.1678,10.1678,80.7558
6,88,7739.2474,0.0,2.7474,11.9406,11.9406,40.3894
6,89,7755.737,0.0,7.8072,14.4626,14.4626,49.3605
6,90,7924.0866,0.0,0.9856,8.8337,8.8337,24.137
6,91,8028.3774,0.0,6.9215,11.9261,11.9261,36.4605
6,92,8043.5388,0.0,2.2405,5.4064,5.4064,75.0624
6,93,8055.2251,0.0,5.5977,14.318,14.318,70.1616
6,94,8090.7673,0.0,7.5899,19.8442,19.8442,50.6793
6,95,8100.5617,0.0,31.3819,35.6228,35.6228,89.4559
6,96,8158.4498,0.0,5.6032,11.4416,11.4416,54.3806
6,97,8181.5306,0.0,5.6465,12.0737,12.0737,51.8331
6,98,8184.4166,0.0,6.9368,16.4306,16.4306,55.9835
6,99,8200.871,0.0,20.7854,25.4966,25.4966,73.2024
6,100,8239.4701,0.0,12.9369,15.0029,15.0029,56.3844
6,101,8303.008,0.0,3.1125,15.2539,15.2539,57.2195
6,102,8405.0449,0.0,5.7042,8.5915,8.5915,50.3341
6,103,8562.0467,0.0,4.933,14.1939,14.1939,63.9833
6,104,8609.2141,0.0,4.945,11.7995,11.7995,47.9306
6,105,8638.7506,0.0,4.7362,9.2822,9.2822,76.5515
6,106,8649.4576,0.0,1.8413,4.6658,4.6658,94.1101
6,107,8694.0216,0.0,7.9315,13.9671,13.9671,55.1016
6,108,8754.8873,0.0,3.45,14.3495,14.3495,58.6967
6,109,8773.708,0.0,5.5898,13.9614,13.9614,47.6092
6,110,8817.3485,0.0,7.8256,14.3001,14.3001,63.4195
6,111,8819.7533,0.0,8.4167,16.3993,16.3993,68.9597
6,112,8962.401,0.0,3.9419,38.1324,38.1324,79.3801
6,113,9078.024,0.0,2.5543,8.4975,8.4975,89.6909
6,114,9273.5932,0.0,6.4254,15.0534,15.0534,60.2045
6,115,9273.541,0.0,5.9264,16.1319,16.1319,80.1718
6,116,9297.8468,0.0,4.0935,7.2815,7.2815,59.0119
6,117,9332.8431,0.0,2.3247,36.8249,36.8249,85.6956
6,118,9397.1024,0.0,6.3142,9.1572,9.1572,63.1815
6,119,9496.9255,0.0,1.3828,15.5886,15.5886,42.1258
6,120,9633.9152,0.0,5.6104,17.7209,17.7209,49.4962
6,121,9792.1983,0.0,0.785,8.3568,8.3568,84.179
6,122,9857.73,0.0,1.9149,6.7915,6.7915,56.52
6,123,9923.8908,0.0,6.6346,11.9414,11.9414,61.6347
6,124,9930.5593,0.0,4.5158,12.4074,12.4074,70.8839
6,125,10470.1932,0.0,1.4418,8.1835,8.1835,103.9976
6,126,10500.4303,0.0,1.9394,8.556,8.556,102.6414
6,127,10544.9683,0.0,2.7217,8.9772,8.9772,64.9526
6,128,10753.0738,0.0,1.4855,2.9709,2.9709,60.313
6,129,10869.355,0.0,7.1884,8.9631,8.9631,113.7354
6,130,10902.4782,0.0,2.2673,6.5854,6.5854,92.3187
6,131,11018.2186,0.0,6.3817,7.117,7.117,50.9809
6,132,11144.9556,0.0,4.4191,11.5323,11.5323,49.0319
6,133,11153.1538,0.0,5.5727,14.2707,14.2707,47.9045
6,134,11214.1188,0.0,3.2822,15.435,15.435,53.4441
6,135,11717.7996,0.0,2.8724,7.7839,7.7839,63.6218
6,136,11999.7582,0.0,4.8746,10.0231,10.0231,58.1094
6,137,12032.2867,0.0,6.6601,15.1304,15.1304,41.9392
6,138,12207.3515,0.0,5.127,6.1065,6.1065,35.0538
6,139,12216.7638,0.0,2.8247,7.3633,7.3633,48.5785
6,140,12295.2944,0.0,2.6851,5.7915,5.7915,55.2942
6,141,12450.7778,0.0,0.5981,5.1642,5.1642,17.9518
6,142,12607.1435,0.0,3.6008,7.365,7.365,25.8017
6,143,12798.0922,0.0,6.3863,17.8609,17.8609,59.7099
6,144,12904.3684,0.0,2.9886,8.9395,8.9395,34.6826
6,145,12934.6737,0.0,6.5937,10.8718,10.8718,50.509
6,146,13054.9337,0.0,2.9606,12.3398,12.3398,62.9704
6,147,13291.2246,0.0,4.8289,6.7511,6.7511,43.2593
6,148,13434.025,0.0,3.9695,5.9205,5.9205,32.9044
6,149,13455.7498,0.0,4.3917,6.1896,6.1896,35.3172
6,150,13671.6012,0.0,2.319,6.6519,6.6519,38.8845
6,151,13808.7603,0.0,3.0841,6.8894,6.8894,62.6874
6,152,13862.0031,0.0,9.3081,12.6655,12.6655,56.0939
6,153,13895.8975,0.0,8.4392,14.3298,14.3298,52.9563
6,154,13925.0773,0.0,4.1107,7.1639,7.1639,63.4232
6,155,14037.3791,0.0,6.0596,25.7371,25.7371,55.5017
6,156,14068.1203,0.0,7.6752,11.9979,11.9979,49.4485
6,157,14168.5773,0.0,2.1968,5.4815,5.4815,62.5071
6,158,14213.9576,0.0,4.4523,6.4216,6.4216,34.4262
6,159,14469.3955,0.0,0.6092,4.3201,4.3201,49.3777
6,160,14500.4189,0.0,1.8527,9.4072,9.4072,50.1884
6,161,14535.6541,0.0,5.4481,10.8918,10.8918,39.3272
6,162,14548.8241,0.0,5.7698,14.929,14.929,42.1317
6,163,14601.1,0.0,2.8242,6.5563,6.5563,20.9594
6,164,14664.9558,0.0,0.3225,21.6955,21.6955,57.7362
6,165,14742.3175,0.0,11.8984,19.7087,19.7087,61.6466
6,166,14972.4208,0.0,6.8196,18.9684,18.9684,43.4936
6,167,15067.8472,0.0,2.3247,8.1154,8.1154,46.5858
6,168,15071.146,0.0,8.1269,18.3767,18.3767,58.5499
6,169,15223.5625,0.0,1.7419,6.1999,6.1999,117.6834
6,170,15237.1005,0.0,3.1221,7.9159,7.9159,128.9743
6,171,15228.8034,0.0,13.3598,16.8314,16.8314,145.1355
6,172,15250.245,0.0,8.5075,11.4853,11.4853,133.7465
6,173,15302.2618,0.0,2.3071,8.1832,8.1832,84.2816
6,174,15332.9162,0.0,29.8768,54.1642,54.1642,76.6746
6,175,15385.3821,0.0,6.0674,15.9125,15.9125,70.2012
6,176,15462.5731,0.0,6.6293,13.6853,13.6853,31.6356
6,177,15558.23,0.0,3.7047,7.2785,7.2785,28.9315
6,178,15567.2145,0.0,4.1545,37.7993,37.7993,64.5265
6,179,15603.5968,0.0,3.4666,12.7552,12.7552,46.8345
6,180,15679.0311,0.0,2.8767,6.8459,6.8459,36.0197
6,181,15721.937,0.0,5.2679,7.797,7.797,85.5459
6,182,15759.4018,0.0,6.0241,15.8043,15.8043,53.6961
6,183,16013.4725,0.0,3.8193,12.5908,12.5908,34.9124
6,184,16035.4843,0.0,7.0879,15.2677,15.2677,47.5202
6,185,16153.2114,0.0,5.4,11.5082,11.5082,36.5508
6,186,16339.6493,0.0,6.6105,12.667,12.667,41.7383
6,187,16533.8492,0.0,6.7263,14.5869,14.5869,54.6436
6,188,16591.455,0.0,1.2808,7.2809,7.2809,46.8048
6,189,16601.6572,0.0,2.286,5.7266,5.7266,119.2372
6,190,16606.7339,0.0,2.9102,7.6707,7.6707,131.9576
6,191,16841.1746,0.0,4.7314,8.6023,8.6023,65.2861
6,192,16904.2286,0.0,6.4253,11.3517,11.3517,41.799
6,193,16998.8327,0.0,4.8996,10.9967,10.9967,54.0305
6,194,17108.1178,0.0,1.958,6.5592,6.5592,56.8491
6,195,17357.173,0.0,3.8601,7.8769,7.8769,41.7778
6,196,17808.5395,0.0,1.8604,4.3119,4.3119,27.8146
6,197,17832.8536,0.0,5.4543,11.0491,11.0491,85.7239
6,198,17834.1183,0.0,11.6933,16.127,16.127,96.6835
6,199,17895.473,0.0,4.9605,7.9019,7.9019,61.3645
6,200,18012.4846,0.0,9.2289,13.0072,13.0072,56.423
6,201,18047.1738,0.0,5.8111,8.2682,8.2682,94.1336
6,202,18285.2263,0.0,5.8686,8.4531,8.4531,40.6763
6,203,18338.8134,0.0,3.5338,9.2901,9.2901,38.6067
6,204,18376.8088,0.0,6.6525,10.8888,10.8888,63.0039
6,205,18389.2935,0.0,7.2575,13.9682,13.9682,63.1888
6,206,18470.2387,0.0,4.5663,6.8166,6.8166,61.7018
6,207,18539.1023,0.0,13.305,14.0239,14.0239,48.389
6,208,18559.9083,0.0,1.9133,7.7343,7.7343,37.3518
6,209,18590.8227,0.0,5.0783,9.4024,9.4024,71.9623
6,210,18763.6031,0.0,6.6707,11.8787,11.8787,62.5792
6,211,18777.5178,0.0,6.3117,10.0623,10.0623,74.8665
6,212,18797.8473,0.0,2.2265,9.4557,9.4557,128.7993
6,213,18991.4231,0.0,2.1366,6.329,6.329,33.5789
6,214,19304.8416,0.0,7.2474,17.0413,17.0413,49.879
6,215,19461.9026,0.0,5.3821,11.1741,11.1741,73.4571
6,216,19462.6228,0.0,5.786,18.8266,18.8266,78.9092
6,217,19495.0521,0.0,5.7101,10.1797,10.1797,59.6923
6,218,19486.7785,0.0,5.9264,28.9456,28.9456,88.4496
6,219,19582.1227,0.0,17.5557,43.918,43.918,81.8871
6,220,19614.2998,0.0,10.1902,16.7452,16.7452,71.4828
6,221,19678.7268,0.0,3.6023,9.0962,9.0962,71.7818
6,222,19792.3005,0.0,4.3536,9.0536,9.0536,58.0798
6,223,19843.4133,0.0,6.4944,9.0047,9.0047,62.4772
6,224,19887.149,0.0,5.0528,10.6852,10.6852,52.0167
6,225,19977.9701,0.0,2.329,6.5248,6.5248,19.6485
6,226,19985.3127,0.0,2.4701,8.341,8.341,45.1354
6,227,20055.1329,0.0,1.6388,7.8488,7.8488,68.4289
6,228,20179.4656,0.0,3.0099,10.7135,10.7135,45.5497
6,229,20509.8114,0.0,5.624,10.6276,10.6276,103.5115
6,230,20616.0735,0.0,0.3332,6.9938,6.9938,54.0475
6,231,20787.1986,0.0,3.2011,4.8449,4.8449,57.2491
6,232,20850.4667,0.0,7.6553,17.8678,17.8678,80.6381
6,233,20910.8231,0.0,4.9542,13.2066,13.2066,48.8464
6,234,21031.5535,0.0,8.1889,11.3525,11.3525,33.0712
6,235,21059.9907,0.0,4.708,10.809,10.809,113.6594
6,236,21276.2367,0.0,6.7115,11.577,11.577,46.2797
6,237,21391.0077,0.0,6.2314,22.5828,22.5828,61.0693
6,238,21444.665,0.0,5.1862,5.9212,5.9212,32.2958
6,239,21509.8882,0.0,4.152,10.3695,10.3695,51.9627
6,240,21576.8126,0.0,1.7488,2.6691,2.6691,43.4224
6,241,21677.4051,0.0,5.6286,7.5087,7.5087,27.032
6,242,22020.1327,0.0,4.3278,6.9939,6.9939,36.2655
6,243,22059.6254,0.0,5.0085,7.7713,7.7713,48.0801
6,244,22102.7979,0.0,6.8602,14.639,14.639,55.5169
6,245,22214.7767,0.0,4.8206,7.4613,7.4613,43.0445
6,246,22238.0325,0.0,5.4182,8.1037,8.1037,54.9893
6,247,22254.705,0.0,9.4963,14.6305,14.6305,116.4758
6,248,22281.6082,0.0,8.2119,12.3243,12.3243,91.8629
6,249,22359.785,0.0,4.7847,7.2518,7.2518,55.1248
6,250,22397.617,0.0,8.208,13.1095,13.1095,45.2788
6,251,22422.7178,0.0,4.9882,8.3569,8.3569,45.2149
6,252,22436.9331,0.0,6.9689,11.1986,11.1986,98.0949
6,253,22502.8458,0.0,1.9107,6.9394,6.9394,90.2488
6,254,22654.8761,0.0,5.1064,10.7768,10.7768,31.6562
6,255,22769.738,0.0,5.2165,8.2889,8.2889,62.411
6,256,22878.4094,0.0,1.0195,3.3206,3.3206,60.8391
6,257,23501.8006,0.0,2.4937,7.0282,7.0282,40.3704
6,258,23650.0291,0.0,2.7326,9.0474,9.0474,50.2113
6,259,23691.6079,0.0,8.3335,15.063,15.063,33.7437
6,260,23756.3902,0.0,6.9495,13.8023,13.8023,42.9036
6,261,23762.9952,0.0,4.6299,10.3441,10.3441,53.8651
6,262,23827.0113,0.0,3.3779,9.0631,9.0631,47.0207
6,263,23815.0343,0.0,5.4187,22.9504,22.9504,79.9621
6,264,23837.4239,0.0,14.8851,24.8047,24.8047,76.1673
6,265,23868.4403,0.0,1.1546,24.239,24.239,70.6646
6,266,23875.8486,0.0,3.0605,54.1327,54.1327,92.2623
6,267,23997.4846,0.0,5.624,17.6321,17.6321,86.9953
6,268,24057.6501,0.0,1.525,22.0378,22.0378,72.6498
6,269,24090.6912,0.0,4.2879,12.6587,12.6587,45.5413
6,270,24170.3945,0.0,2.9737,7.9833,7.9833,54.797
6,271,24338.1398,0.0,3.6395,6.1328,6.1328,52.4024
6,272,24594.1102,0.0,4.5348,13.0141,13.0141,54.3947
6,273,24663.3732,0.0,5.6722,11.8722,11.8722,70.0709
6,274,24942.7898,0.0,1.8203,4.1054,4.1054,27.1487
6,275,25144.4294,0.0,3.6957,5.6818,5.6818,46.3995
6,276,25145.646,0.0,1.1492,14.5642,14.5642,61.4073
6,277,25170.9119,0.0,6.8172,7.7968,7.7968,40.0008
6,278,25189.5907,0.0,8.3555,10.4448,10.4448,39.8179
6,279,25186.1055,0.0,15.0662,18.2243,18.2243,44.8478
6,280,25193.8953,0.0,3.7629,10.9279,10.9279,66.0093
6,281,25194.5971,0.0,10.9123,12.5594,12.5594,87.4817
6,282,25195.1837,0.0,41.3918,60.0523,60.0523,108.374
6,283,25376.3672,0.0,4.9873,10.6877,10.6877,45.3401
6,284,25604.937,0.0,0.5317,3.6555,3.6555,41.8429
6,285,25676.3036,0.0,4.7462,9.403,9.403,45.818
6,286,25710.9984,0.0,3.014,14.0023,14.0023,51.8006
6,287,25802.5674,0.0,3.8828,8.4886,8.4886,45.8873
6,288,26118.4891,0.0,4.0311,15.1907,15.1907,65.6223
6,289,26181.0438,0.0,8.8979,11.6654,11.6654,61.5083
6,290,26411.606,0.0,5.1725,7.2571,7.2571,44.9818
6,291,26410.5105,0.0,5.0061,29.3631,29.3631,55.7659
6,292,26466.7537,0.0,6.1362,7.7705,7.7705,34.656
6,293,26485.4559,0.0,8.1198,11.5218,11.5218,54.3798
6,294,26496.2168,0.0,3.2009,4.6965,4.6965,61.04
6,295,26495.3365,0.0,6.8974,8.5443,8.5443,96.5635
6,296,26587.6548,0.0,9.0159,16.2808,16.2808,49.499
6,297,26651.624,0.0,3.7088,10.3113,10.3113,47.212
6,298,26661.0126,0.0,8.0519,11.8447,11.8447,56.3117
6,299,26782.2051,0.0,3.9393,12.5351,12.5351,31.7246
6,300,26783.2664,0.0,6.0945,14.3715,14.3715,57.8585
6,301,26805.9949,0.0,10.191,13.6186,13.6186,36.5948
6,302,26844.6012,0.0,5.7283,13.1585,13.1585,45.761
6,303,26905.9121,0.0,3.3183,10.7886,10.7886,33.9152
6,304,26947.9674,0.0,7.7723,10.841,10.841,64.4994
6,305,27102.2994,0.0,3.2705,9.9048,9.9048,38.9958
6,306,27105.3441,0.0,8.3582,14.4866,14.4866,40.3343
6,307,27119.0529,0.0,6.3256,8.7662,8.7662,68.2022
6,308,27148.8888,0.0,13.1632,17.8981,17.8981,57.6175
6,309,27252.1116,0.0,6.1683,9.5839,9.5839,32.5384
6,310,27322.1996,0.0,9.4014,14.2806,14.2806,56.1052
6,311,27362.5374,0.0,3.3534,8.0477,8.0477,76.7896
6,312,27412.7072,0.0,2.6083,6.3928,6.3928,33.6124
6,313,27845.114,0.0,4.9882,12.5541,12.5541,43.1436
6,314,27868.2654,0.0,3.0812,11.7724,11.7724,73.5751
6,315,27967.4191,0.0,1.3031,5.1791,5.1791,59.8571
6,316,27993.474,0.0,9.938,13.4313,13.4313,49.2312
6,317,28012.8342,0.0,1.4082,4.7898,4.7898,87.1461
6,318,28025.3389,0.0,5.3135,6.4197,6.4197,62.4582
6,319,28163.9636,0.0,5.5053,9.7572,9.7572,80.1336
6,320,28213.1862,0.0,6.0397,9.7641,9.7641,46.5559
6,321,28261.2575,0.0,5.6667,8.4219,8.4219,34.469
6,322,28277.8357,0.0,3.1568,11.8373,11.8373,47.2959
6,323,28335.7099,0.0,3.1491,6.4558,6.4558,39.3739
6,324,28374.4423,0.0,3.2643,5.5563,5.5563,56.5022
6,325,28418.233,0.0,3.776,9.1221,9.1221,73.899
6,326,28501.5258,0.0,2.6932,4.4152,4.4152,44.9883
6,327,28523.8168,0.0,2.5551,3.6008,3.6008,33.885
6,328,28524.0348,0.0,2.0475,9.9998,9.9998,48.8493
6,329,28905.2763,0.0,3.7982,7.911,7.911,35.9128
6,330,29154.5327,0.0,3.6103,9.9309,9.9309,44.3232
6,331,29260.2834,0.0,2.9068,18.4465,18.4465,41.4132
6,332,29281.6196,0.0,5.8363,11.4667,11.4667,49.0993
6,333,29366.9241,0.0,5.4468,12.1214,12.1214,50.7199
6,334,29434.9233,0.0,1.4389,5.8786,5.8786,35.1109
6,335,29438.912,0.0,4.2916,8.5827,8.5827,62.876
6,336,29437.8764,0.0,4.7902,28.4201,28.4201,54.8074
6,337,29459.387,0.0,2.7196,10.5595,10.5595,77.7513
6,338,29500.6797,0.0,2.6671,6.0249,6.0249,40.9847
6,339,29514.4751,0.0,2.1421,6.781,6.781,42.3479
6,340,29602.3226,0.0,6.1276,12.16,12.16,46.6824
6,341,29653.7478,0.0,3.1494,6.2496,6.2496,41.7723
6,342,29748.9831,0.0,7.3287,16.9333,16.9333,59.4902
6,343,29832.1098,0.0,1.4946,3.6507,3.6507,54.0376
6,344,29835.0815,0.0,6.0757,11.8731,11.8731,81.5125
6,345,29889.9977,0.0,6.5551,13.4234,13.4234,45.4841
6,346,30038.8463,0.0,2.9604,11.0885,11.0885,38.0567
6,347,30071.2608,0.0,5.7361,11.0722,11.0722,102.1039
6,348,30105.8439,0.0,4.4419,8.655,8.655,70.2687
6,349,30136.3738,0.0,4.8811,14.8587,14.8587,83.6586
6,350,30330.6927,0.0,4.7718,13.2617,13.2617,52.6585
6,351,30747.8785,0.0,6.3061,10.6324,10.6324,47.0687
6,352,31046.7552,0.0,5.9863,9.9247,9.9247,32.2442
6,353,31131.5958,0.0,3.2951,11.7021,11.7021,73.8057
6,354,31246.1402,0.0,6.249,14.3951,14.3951,84.8874
6,355,31565.6379,0.0,3.9212,6.0952,6.0952,56.8037
6,356,31672.8446,0.0,5.1654,13.5932,13.5932,87.6089
6,357,31722.3613,0.0,4.9342,8.315,8.315,51.5244
6,358,31927.0215,0.0,7.1199,10.2027,10.2027,36.692
6,359,32059.4933,0.0,4.0214,12.9586,12.9586,44.4105
6,360,32117.5091,0.0,8.4208,11.9687,11.9687,44.1151
6,361,32141.5288,0.0,2.3825,10.2584,10.2584,64.2823
6,362,32167.5386,0.0,3.0114,7.997,7.997,80.069
6,363,32254.8619,0.0,6.1103,10.2678,10.2678,51.2681
6,364,32333.6376,0.0,7.3603,9.6422,9.6422,24.8656
6,365,32379.8686,0.0,6.3093,17.9424,17.9424,54.0464
6,366,32524.9765,0.0,0.9856,8.5296,8.5296,36.9588
6,367,32660.6926,0.0,8.8475,21.2317,21.2317,74.5548
6,368,32711.3197,0.0,2.2643,5.999,5.999,40.9355
6,369,32791.514,0.0,3.5818,8.2314,8.2314,43.9945
6,370,32933.3554,0.0,6.5519,9.5066,9.5066,26.1415
6,371,32978.8234,0.0,3.523,8.8232,8.8232,54.8566
6,372,33089.3236,0.0,5.1287,9.4266,9.4266,39.8639
6,373,33644.4653,0.0,2.5899,6.0131,6.0131,49.1215
6,374,33666.6854,0.0,3.8827,6.1708,6.1708,35.9393
6,375,33699.8523,0.0,5.0644,8.6894,8.6894,39.6612
6,376,33850.0772,0.0,3.1807,5.9849,5.9849,28.0574
6,377,33979.6126,0.0,3.4447,8.7235,8.7235,57.2616
6,378,33987.4861,0.0,7.4693,12.5866,12.5866,75.2043
6,379,33995.9883,0.0,7.7238,10.1936,10.1936,65.061
6,380,34116.0854,0.0,1.6733,4.755,4.755,36.064
6,381,34117.9952,0.0,6.6359,12.0271,12.0271,84.918
6,382,34433.5204,0.0,6.9505,7.6725,7.6725,76.576
6,383,34466.7574,0.0,5.2337,17.585,17.585,73.0912
6,384,35044.175,0.0,9.434,15.478,15.478,73.9691
6,385,35101.1888,0.0,12.0803,14.2677,14.2677,54.5759
6,386,35133.1471,0.0,7.2464,10.8713,10.8713,48.3229
6,387,35291.0578,0.0,4.2082,21.9203,21.9203,65.3271
6,388,35348.7066,0.0,4.9668,7.8679,7.8679,55.9635
6,389,35498.5476,0.0,4.3236,12.5392,12.5392,78.544
6,390,35643.2456,0.0,2.882,10.3017,10.3017,36.4673
6,391,35666.1694,0.0,5.7564,9.2577,9.2577,83.424
6,392,36038.2356,0.0,6.1312,17.9346,17.9346,77.4461
6,393,36277.0124,0.0,1.8461,8.2619,8.2619,50.0971
6,394,36361.0419,0.0,1.9776,12.3444,12.3444,38.4855
6,395,36384.783,0.0,3.5536,42.5688,42.5688,91.0688
6,396,36484.8661,0.0,1.0698,9.9621,9.9621,78.2304
6,397,36549.1666,0.0,12.1177,14.6871,14.6871,39.543
6,398,36579.8737,0.0,4.4586,47.8012,47.8012,95.847
6,399,36765.4954,0.0,4.5605,26.8122,26.8122,73.7993
6,400,36881.6905,0.0,5.0417,9.5376,9.5376,62.347
6,401,36935.8801,0.0,6.1255,12.3809,12.3809,46.8298
6,402,37261.5679,0.0,5.3923,10.3037,10.3037,38.1463
6,403,37260.101,0.0,5.6032,13.6153,13.6153,43.9505
6,404,37668.2345,0.0,3.2302,9.5988,9.5988,73.9048
6,405,37715.1138,0.0,7.9615,10.8186,10.8186,49.5094
6,406,38107.6477,0.0,7.3967,13.1131,13.1131,53.7119
6,407,38120.5617,0.0,2.9035,5.1354,5.1354,46.199
6,408,38162.4927,0.0,3.8167,5.4029,5.4029,34.4182
6,409,38207.0433,0.0,1.3855,2.746,2.746,47.0436
6,410,38250.3549,0.0,4.9301,9.0067,9.0067,50.568
6,411,38241.1663,0.0,14.3557,18.9614,18.9614,62.4695
6,412,38273.97,0.0,5.6489,8.4297,8.4297,91.0552
6,413,38313.2583,0.0,3.7633,13.0446,13.0446,58.1441
6,414,38317.4891,0.0,5.0143,16.0681,16.0681,71.9978
6,415,38355.234,0.0,3.466,9.0439,9.0439,50.9323
6,416,38399.6431,0.0,5.6543,37.587,37.587,72.3854
6,417,38502.4069,0.0,4.9064,11.326,11.326,44.5356
6,418,38996.2867,0.0,6.8995,10.7592,10.7592,79.8684
6,419,39203.9851,0.0,0.7564,6.6353,6.6353,56.2409
6,420,39220.2737,0.0,6.3177,9.1679,9.1679,59.11
6,421,39295.2389,0.0,5.4327,12.3638,12.3638,55.947
6,422,39634.6987,0.0,8.4345,13.8381,13.8381,72.0847
6,423,39708.1864,0.0,3.6067,8.6252,8.6252,44.6629
6,424,39821.1141,0.0,5.2119,7.3997,7.3997,61.9394
6,425,39874.6978,0.0,2.7114,8.5644,8.5644,44.3935
6,426,39962.7946,0.0,0.7268,11.3495,11.3495,61.7567
6,427,40070.0292,0.0,3.0055,10.4213,10.4213,51.2318
6,428,40146.1114,0.0,1.958,5.5295,5.5295,27.2244
6,429,40476.9637,0.0,2.8291,6.2571,6.2571,44.1945
6,430,41026.956,0.0,5.8489,8.5167,8.5167,56.025
6,431,41017.7377,0.0,8.148,32.0728,32.0728,60.5055
6,432,41165.4065,0.0,7.2024,12.8844,12.8844,42.1473
6,433,41176.9167,0.0,5.2012,32.94,32.94,74.7213
6,434,41202.172,0.0,1.9448,14.4112,14.4112,50.0946
6,435,41269.7107,0.0,6.4504,9.3681,9.3681,69.807
6,436,41279.8259,0.0,3.4169,6.8849,6.8849,66.5196
6,437,41274.8888,0.0,7.2204,14.9337,14.9337,82.8004
6,438,41344.2277,0.0,7.6223,12.4886,12.4886,36.821
6,439,41440.7979,0.0,6.6346,9.2434,9.2434,25.6326
6,440,41462.8877,0.0,2.6159,11.8666,11.8666,60.9134
6,441,41533.9381,0.0,5.6032,16.0184,16.0184,61.8977
6,442,41621.3915,0.0,4.1689,9.5446,9.5446,36.2651
6,443,41627.7434,0.0,3.2084,11.098,11.098,48.8452
6,444,41625.6317,0.0,4.6068,13.4317,13.4317,50.2537
6,445,41803.7318,0.0,2.6656,5.3404,5.3404,42.1212
6,446,41859.0371,0.0,6.3177,11.4743,11.4743,62.5201
6,447,42065.9186,0.0,4.2549,8.2962,8.2962,59.1767
6,448,42245.1705,0.0,5.6381,9.5018,9.5018,27.0887
6,449,42385.2753,0.0,4.231,6.944,6.944,50.9069
6,450,42401.8809,0.0,2.7326,4.8451,4.8451,38.6054
6,451,42443.1154,0.0,15.3029,21.4307,21.4307,57.686
6,452,42499.7243,0.0,2.769,9.6888,9.6888,74.845
6,453,42531.1571,0.0,7.0713,15.0141,15.0141,76.8602
6,454,42553.1603,0.0,2.6197,13.0489,13.0489,68.5174
6,455,42582.6683,0.0,4.1075,10.5038,10.5038,53.4066
6,456,42650.5157,0.0,2.3455,7.4668,7.4668,39.9757
6,457,42726.7166,0.0,5.396,9.8953,9.8953,52.0086
6,458,42808.137,0.0,3.1589,27.8451,27.8451,56.5287
6,459,42836.157,0.0,3.9851,9.2163,9.2163,83.2437
6,460,42963.7148,0.0,2.2418,4.0144,4.0144,30.477
6,461,42973.5022,0.0,3.5338,5.4446,5.4446,48.5295
6,462,43090.6646,0.0,4.5968,6.4761,6.4761,26.7871
7,1,0.0,0.0,2.2386,4.8445,4.8445,55.433
7,2,181.0363,0.0,3.015,5.8715,5.8715,26.5849
7,3,236.5254,0.0,4.8226,64.8226,64.8226,125.3191
7,4,461.8642,0.0,4.5968,7.9527,7.9527,36.3446
7,5,493.028,0.0,4.8025,7.5733,7.5733,72.6245
7,6,580.7988,0.0,5.1499,8.0661,8.0661,42.2084
7,7,634.7055,0.0,4.7733,44.1526,44.1526,48.6661
7,8,691.4405,0.0,8.5603,19.3706,19.3706,117.8494
7,9,763.9323,0.0,5.4553,12.0237,12.0237,53.4316
7,10,780.4392,0.0,5.4012,13.655,13.655,56.0085
7,11,805.6107,0.0,4.3153,8.4061,8.4061,47.8182
7,12,798.5082,0.0,3.6358,41.3087,41.3087,109.3716
7,13,825.5883,0.0,16.7367,31.4953,31.4953,91.2355
7,14,984.9485,0.0,4.0743,9.3369,9.3369,53.4722
7,15,1087.2593,0.0,5.0239,8.7084,8.7084,30.7688
7,16,1134.583,0.0,4.7932,10.7282,10.7282,38.992
7,17,1609.9752,0.0,2.1747,3.7636,3.7636,24.468
7,18,1944.0521,0.0,8.5603,9.8856,9.8856,61.8438
7,19,2067.7801,0.0,7.0713,11.3448,11.3448,61.3952
7,20,2101.8577,0.0,6.3056,8.1896,8.1896,74.5239
7,21,2169.38,0.0,8.7806,10.7262,10.7262,40.0793
7,22,2181.5823,0.0,8.0024,12.6074,12.6074,39.6935
7,23,2216.3455,0.0,6.1553,13.0339,13.0339,51.7896
7,24,2274.7304,0.0,3.4024,5.5857,5.5857,52.0358
7,25,2314.4345,0.0,3.8807,7.8562,7.8562,42.2312
7,26,2399.9997,0.0,7.6065,11.7989,11.7989,47.019
7,27,2471.0574,0.0,3.1995,4.0771,4.0771,28.537
7,28,3255.934,0.0,2.0757,7.7468,7.7468,43.1398
7,29,3268.711,0.0,8.0341,14.1513,14.1513,66.2684
7,30,3665.6695,0.0,1.1021,8.6842,8.6842,47.5314
7,31,3672.786,0.0,16.4959,19.0229,19.0229,69.1831
7,32,3729.2459,0.0,7.8926,13.534,13.534,63.2349
7,33,3787.5176,0.0,6.7313,15.974,15.974,54.981
7,34,3811.5297,0.0,5.7752,7.8539,7.8539,58.1819
7,35,4074.3445,0.0,2.7265,5.6959,5.6959,44.0419
7,36,4160.6278,0.0,6.7512,15.2597,15.2597,49.2326
7,37,4165.6421,0.0,13.5022,25.9249,25.9249,71.2771
7,38,4164.1495,0.0,7.4232,27.5814,27.5814,87.8369
7,39,4407.455,0.0,6.295,9.7406,9.7406,61.41
7,40,4760.9807,0.0,4.8104,8.2045,8.2045,28.4148
7,41,4851.2005,0.0,7.9193,9.9833,9.9833,43.322
7,42,4991.2195,0.0,4.2202,7.0046,7.0046,80.3785
7,43,5029.8178,0.0,4.0657,6.4802,6.4802,54.8194
7,44,5124.2104,0.0,9.1878,12.885,12.885,48.6565
7,45,5154.6616,0.0,6.2386,12.4394,12.4394,45.2926
7,46,5273.033,0.0,3.6545,9.9037,9.9037,44.0638
7,47,5295.8438,0.0,6.8838,36.5757,36.5757,106.9054
7,48,5409.0987,0.0,6.1334,12.5968,12.5968,45.1482
7,49,5477.0792,0.0,4.0508,22.6366,22.6366,53.5961
7,50,5578.8965,0.0,4.102,9.3449,9.3449,53.5701
7,51,5601.0075,0.0,6.0735,11.4802,11.4802,40.841
7,52,5644.4922,0.0,5.8498,11.939,11.939,41.8046
7,53,5658.8524,0.0,1.9084,8.3184,8.3184,42.4538
7,54,5884.265,0.0,2.5182,10.0045,10.0045,61.3591
7,55,6144.0266,0.0,6.0131,10.5749,10.5749,44.9006
7,56,6125.0358,0.0,4.5348,64.5348,64.5348,127.1829
7,57,6597.9146,0.0,4.2711,30.32,30.32,78.091
7,58,6619.1362,0.0,2.6141,11.2032,11.2032,61.244
7,59,6687.6915,0.0,8.4392,21.0999,21.0999,59.7604
7,60,6765.0201,0.0,4.2728,8.5574,8.5574,32.2188
7,61,6838.8375,0.0,0.913,6.3439,6.3439,32.0599
7,62,6898.6687,0.0,1.5947,6.6928,6.6928,40.6035
7,63,6964.059,0.0,1.0265,13.2805,13.2805,48.0498
7,64,6994.5585,0.0,3.8108,6.8649,6.8649,86.2872
7,65,7011.1044,0.0,7.6665,13.659,13.659,45.5278
7,66,7083.5735,0.0,7.9191,17.1408,17.1408,60.2673
7,67,7176.7345,0.0,3.3825,10.0699,10.0699,59.5232
7,68,7198.0906,0.0,5.3829,24.374,24.374,49.0603
7,69,7698.7943,0.0,1.9796,4.8563,4.8563,41.8175
7,70,7795.4737,0.0,4.8772,26.4341,26.4341,54.6368
7,71,7892.2428,0.0,3.2477,6.2618,6.2618,38.8919
7,72,7897.7632,0.0,5.4599,28.0557,28.0557,58.5575
7,73,8009.9251,0.0,6.1098,8.462,8.462,45.9178
7,74,8070.4867,0.0,5.8379,14.7999,14.7999,81.0445
7,75,8095.5173,0.0,4.2793,8.033,8.033,57.3358
7,76,8143.7439,0.0,2.3455,5.3383,5.3383,47.8286
7,77,8190.1029,0.0,5.3998,7.1154,7.1154,51.506
7,78,8295.6671,0.0,7.9574,15.2027,15.2027,54.1217
7,79,8324.4694,0.0,8.0767,28.2491,28.2491,62.8735
7,80,8332.9383,0.0,4.0957,21.7408,21.7408,61.5914
7,81,8301.8358,0.0,6.2228,66.2228,66.2228,103.2558
7,82,8503.405,0.0,2.3487,5.2261,5.2261,36.2686
7,83,8539.7337,0.0,4.9133,25.7958,25.7958,56.7026
7,84,8601.2939,0.0,8.9555,61.2671,61.2671,129.5498
7,85,8671.5536,0.0,5.7618,17.3099,17.3099,64.6104
7,86,8698.6479,0.0,5.7919,10.3385,10.3385,101.4572
7,87,8767.55,0.0,8.8893,12.1815,12.1815,53.8815
7,88,8830.6174,0.0,4.6984,8.8859,8.8859,60.806
7,89,9036.0165,0.0,4.9839,8.6994,8.6994,29.0835
7,90,9184.1046,0.0,7.0709,10.5676,10.5676,45.6061
7,91,9190.2859,0.0,3.112,11.5676,11.5676,73.7906
7,92,9248.3879,0.0,5.6138,12.5948,12.5948,68.824
7,93,9276.6475,0.0,3.1343,19.703,19.703,48.7774
7,94,9285.7715,0.0,8.2394,24.86,24.86,63.2317
7,95,9441.056,0.0,4.6186,9.544,9.544,92.8311
7,96,9536.9899,0.0,4.3137,6.8972,6.8972,65.8572
7,97,9577.2301,0.0,6.2161,13.8074,13.8074,41.2816
7,98,9609.1319,0.0,2.6237,5.0291,5.0291,42.8414
7,99,9649.1625,0.0,2.0116,7.1273,7.1273,47.5174
7,100,9861.6962,0.0,3.8233,8.0672,8.0672,33.1119
7,101,9897.0427,0.0,2.1432,4.1946,4.1946,85.7325
7,102,10012.1205,0.0,2.3153,9.1417,9.1417,60.0904
7,103,10030.598,0.0,7.4456,10.3148,10.3148,73.5347
7,104,10069.7107,0.0,7.1335,10.6111,10.6111,62.6568
7,105,10182.9956,0.0,2.2386,22.7976,22.7976,62.4157
7,106,10290.4989,0.0,4.9113,14.1016,14.1016,49.9938
7,107,10513.4337,0.0,2.6083,4.733,4.733,52.75
7,108,10560.7701,0.0,6.1826,8.6369,8.6369,44.3823
7,109,10598.1109,0.0,6.5663,25.49,25.49,40.6145
7,110,10745.3102,0.0,5.0046,6.7633,6.7633,41.974
7,111,10823.7317,0.0,4.183,8.2715,8.2715,41.8194
7,112,10986.7001,0.0,2.7117,7.216,7.216,30.8631
7,113,11027.2527,0.0,6.6863,8.2903,8.2903,39.0209
7,114,11106.9083,0.0,4.6671,8.3706,8.3706,52.153
7,115,11238.2668,0.0,6.8212,14.7307,14.7307,57.3069
7,116,11293.7009,0.0,4.2912,7.5785,7.5785,85.1557
7,117,11600.1821,0.0,11.603,27.8323,27.8323,81.5467
7,118,11656.0735,0.0,2.8769,8.1526,8.1526,67.3102
7,119,11847.8992,0.0,1.7411,9.2957,9.2957,57.3931
7,120,11956.3873,0.0,6.3175,9.8506,9.8506,50.3415
7,121,12085.3691,0.0,6.616,7.7152,7.7152,49.9848
7,122,12358.3216,0.0,6.5045,12.7164,12.7164,29.8455
7,123,12385.7875,0.0,4.6579,6.701,6.701,75.5344
7,124,12552.825,0.0,4.5939,8.9328,8.9328,56.2823
7,125,12564.8086,0.0,5.9191,12.5984,12.5984,56.9948
7,126,12606.2804,0.0,8.8504,20.6803,20.6803,49.3052
7,127,12727.6612,0.0,4.486,10.0387,10.0387,51.5196
7,128,13167.7474,0.0,1.7127,3.5075,3.5075,34.043
7,129,13491.1761,0.0,3.0016,6.3521,6.3521,29.7812
7,130,13565.2887,0.0,3.6938,10.025,10.025,47.075
7,131,13664.4912,0.0,9.3505,17.6046,17.6046,65.6454
7,132,13765.9448,0.0,4.8772,10.3084,10.3084,43.8306
7,133,13792.6095,0.0,9.3486,15.1138,15.1138,69.3067
7,134,13841.6842,0.0,2.2487,11.4959,11.4959,50.1693
7,135,13933.9833,0.0,2.1273,34.3692,34.3692,67.3775
7,136,14039.2813,0.0,9.0216,10.3035,10.3035,60.7473
7,137,14052.7573,0.0,15.446,24.3245,24.3245,87.7441
7,138,14112.2292,0.0,5.2401,12.5644,12.5644,35.4554
7,139,14127.3053,0.0,3.3566,5.2552,5.2552,100.8733
7,140,14340.7397,0.0,3.2166,7.4188,7.4188,56.5128
7,141,14450.3198,0.0,6.4763,8.0083,8.0083,47.9794
7,142,14802.5212,0.0,0.774,5.5532,5.5532,37.896
7,143,14850.4937,0.0,2.6659,8.2339,8.2339,41.0705
7,144,14864.1825,0.0,4.7488,5.9478,5.9478,66.8975
7,145,14898.621,0.0,10.6681,13.8215,13.8215,57.8605
7,146,14925.3452,0.0,3.9974,8.101,8.101,38.5386
7,147,14917.4028,0.0,7.9453,20.2433,20.2433,59.1337
7,148,15029.2652,0.0,5.6519,9.5138,9.5138,61.1867
7,149,15163.9684,0.0,5.4689,18.2998,18.2998,72.8752
7,150,15175.7253,0.0,5.567,8.6967,8.6967,88.2778
7,151,15221.3003,0.0,5.7087,9.0251,9.0251,61.0128
7,152,15286.5207,0.0,6.4272,11.9926,11.9926,61.0445
7,153,15416.0054,0.0,7.0184,13.4918,13.4918,52.2917
7,154,15520.2304,0.0,7.4576,13.6745,13.6745,41.9253
7,155,16433.6157,0.0,0.3958,5.3705,5.3705,53.4173
7,156,16463.6678,0.0,3.7432,7.0765,7.0765,34.2579
7,157,16506.9848,0.0,3.3795,8.8389,8.8389,28.1889
7,158,16529.858,0.0,4.5875,5.7272,5.7272,55.1883
7,159,16517.2942,0.0,13.9826,18.3168,18.3168,76.0103
7,160,16603.5418,0.0,9.269,12.2265,12.2265,46.1437
7,161,16605.1361,0.0,7.2946,15.1571,15.1571,72.0013
7,162,16695.4093,0.0,3.4789,7.5154,7.5154,38.7247
7,163,16716.3358,0.0,5.2826,11.7806,11.7806,56.3013
7,164,16920.5707,0.0,4.2548,14.551,14.551,52.3592
7,165,17188.4963,0.0,1.8391,4.4591,4.4591,28.9892
7,166,17309.5506,0.0,0.9505,6.0818,6.0818,51.2266
7,167,17378.6672,0.0,4.9784,10.5152,10.5152,54.1527
7,168,17493.4109,0.0,8.705,18.9822,18.9822,59.2117
7,169,17689.225,0.0,4.1009,10.2712,10.2712,105.436
7,170,17732.7627,0.0,2.9396,4.6959,4.6959,98.8576
7,171,17851.0168,0.0,15.0765,18.1609,18.1609,67.699
7,172,17897.407,0.0,3.694,27.5483,27.5483,65.7996
7,173,17923.6797,0.0,7.1819,25.1707,25.1707,92.1843
7,174,18048.8394,0.0,0.0,4.9288,4.9288,42.546
7,175,18046.1066,0.0,4.2082,20.1193,20.1193,67.6058
7,176,18117.4551,0.0,1.3353,22.9262,22.9262,54.0456
7,177,18112.2083,0.0,15.0499,49.715,49.715,42.4953
7,178,18182.9138,0.0,4.9296,12.6994,12.6994,133.6655
7,179,18265.9913,0.0,6.5519,9.4142,9.4142,67.2797
7,180,18279.6793,0.0,5.2901,8.7934,8.7934,90.1373
7,181,18305.3873,0.0,13.3286,18.5417,18.5417,80.9254
7,182,18361.8958,0.0,6.9855,9.7045,9.7045,50.7261
7,183,18396.3694,0.0,3.2702,7.6303,7.6303,28.8627
7,184,18480.4751,0.0,6.7812,10.3891,10.3891,40.3104
7,185,18543.6103,0.0,4.1688,13.8646,13.8646,43.6953
7,186,18640.423,0.0,4.4054,7.127,7.127,58.1722
7,187,18919.4277,0.0,2.8735,5.8991,5.8991,36.4068
7,188,19171.7185,0.0,1.5296,5.6231,5.6231,29.6072
7,189,19186.7837,0.0,2.7673,7.4762,7.4762,67.9932
7,190,19231.2993,0.0,7.6553,10.7024,10.7024,30.4487
7,191,19269.9389,0.0,4.2163,10.6661,10.6661,57.8264
7,192,19287.528,0.0,3.05,13.0203,13.0203,44.9091
7,193,19350.2648,0.0,7.7461,17.6977,17.6977,70.3335
7,194,19358.8585,0.0,7.4382,12.0564,12.0564,70.5101
7,195,19467.2224,0.0,6.8615,13.1575,13.1575,33.9241
7,196,19513.0356,0.0,3.392,8.6371,8.6371,41.732
7,197,19524.6583,0.0,6.0961,36.2708,36.2708,114.7122
7,198,19617.1105,0.0,3.8695,7.9515,7.9515,59.6944
7,199,19655.9514,0.0,12.8514,13.9715,13.9715,65.9878
7,200,19663.7331,0.0,14.6905,20.6263,20.6263,76.5115
7,201,19820.2478,0.0,3.4314,7.4207,7.4207,37.6629
7,202,20068.4892,0.0,9.5017,15.685,15.685,53.3874
7,203,20154.2188,0.0,7.0401,13.0894,13.0894,56.0143
7,204,20193.031,0.0,3.7982,10.1606,10.1606,36.23
7,205,20227.121,0.0,4.8995,6.8061,6.8061,20.9476
7,206,20291.1639,0.0,4.0167,10.142,10.142,49.2586
7,207,20590.734,0.0,4.8513,7.1323,7.1323,55.9757
7,208,20595.5186,0.0,5.3403,6.9428,6.9428,60.5599
7,209,20603.1444,0.0,2.2707,47.7815,47.7815,49.4561
7,210,20654.6794,0.0,6.669,12.7344,12.7344,108.8168
7,211,20873.6594,0.0,1.6369,9.8009,9.8009,34.8912
7,212,21071.0619,0.0,2.1783,10.8004,10.8004,72.4897
7,213,21105.1828,0.0,9.1878,12.9052,12.9052,81.112
7,214,21130.1028,0.0,3.0509,8.7757,8.7757,64.0105
7,215,21217.7861,0.0,6.2228,17.209,17.209,49.7081
7,216,21218.1784,0.0,6.3258,21.9463,21.9463,72.7616
7,217,21290.4627,0.0,6.4493,16.6015,16.6015,67.3382
7,218,21333.2822,0.0,3.6216,22.6175,22.6175,71.5124
7,219,21380.8084,0.0,11.9991,23.3035,23.3035,73.5338
7,220,21391.7587,0.0,4.6554,33.2514,33.2514,123.9045
7,221,21485.8104,0.0,6.7007,12.9055,12.9055,42.1614
7,222,21493.593,0.0,8.2321,12.7405,12.7405,63.4524
7,223,21506.4891,0.0,8.3018,12.3613,12.3613,91.6128
7,224,21773.5247,0.0,4.9788,9.7773,9.7773,93.0306
7,225,22125.8149,0.0,2.6828,7.0092,7.0092,78.1422
7,226,22156.2573,0.0,2.3071,6.5505,6.5505,70.6334
7,227,22158.4128,0.0,8.3844,13.9298,13.9298,75.8983
7,228,22199.5723,0.0,6.2119,10.8193,10.8193,40.0896
7,229,22204.1841,0.0,4.1334,9.2989,9.2989,64.6082
7,230,22283.487,0.0,5.3067,13.8013,13.8013,65.7886
7,231,22291.0415,0.0,7.0687,16.7919,16.7919,110.5518
7,232,22361.5791,0.0,0.2976,7.4147,7.4147,44.291
7,233,22358.015,0.0,14.9311,19.0625,19.0625,45.8558
7,234,22439.7216,0.0,7.0713,11.9004,11.9004,54.6035
7,235,22456.3022,0.0,3.3792,8.199,8.199,50.94
7,236,22505.8559,0.0,4.5103,10.3834,10.3834,72.8748
7,237,22630.081,0.0,0.7548,14.7503,14.7503,57.0666
7,238,22911.8331,0.0,0.913,9.6675,9.6675,60.5962
7,239,23095.2113,0.0,3.0279,4.619,4.619,24.3641
7,240,23120.1601,0.0,7.4407,8.4573,8.4573,34.5514
7,241,23286.8359,0.0,4.3043,13.5286,13.5286,72.7795
7,242,23560.2643,0.0,4.5193,13.2254,13.2254,48.1947
7,243,23581.5215,0.0,8.2961,19.3565,19.3565,74.767
7,244,23623.2794,0.0,1.3595,6.763,6.763,54.7168
7,245,23673.1901,0.0,2.415,7.2157,7.2157,48.0044
7,246,23721.1298,0.0,3.4756,7.8009,7.8009,54.4555
7,247,23772.6212,0.0,3.1537,10.9578,10.9578,34.9697
7,248,23777.1442,0.0,13.235,22.7833,22.7833,52.5715
7,249,23808.1494,0.0,2.5003,7.5187,7.5187,73.5185
7,250,23793.9767,0.0,15.3673,21.9318,21.9318,95.095
7,251,23906.1613,0.0,6.4994,13.611,13.611,52.8354
7,252,23949.9938,0.0,3.029,8.1852,8.1852,44.0464
7,253,23966.2248,0.0,4.3304,14.8861,14.8861,49.6396
7,254,24173.0176,0.0,1.5223,2.3914,2.3914,65.165
7,255,24213.7159,0.0,7.2562,9.6085,9.6085,47.4026
7,256,24247.3,0.0,3.7777,7.0954,7.0954,82.4496
7,257,24343.7304,0.0,6.9919,10.0004,10.0004,34.7608
7,258,24341.3583,0.0,5.7666,13.5569,13.5569,46.2889
7,259,24357.711,0.0,11.7976,14.5164,14.5164,64.4059
7,260,24559.6531,0.0,2.097,4.9412,4.9412,51.6502
7,261,25031.1424,0.0,2.7108,4.2431,4.2431,36.9501
7,262,25055.1102,0.0,2.5899,7.4744,7.4744,39.2594
7,263,25069.2082,0.0,6.941,13.7101,13.7101,39.7699
7,264,25074.9231,0.0,7.0713,16.5351,16.5351,92.6377
7,265,25131.1013,0.0,4.2711,8.9192,8.9192,40.5472
7,266,25168.5252,0.0,5.8276,8.2479,8.2479,24.8099
7,267,25182.5921,0.0,1.9101,4.6556,4.6556,52.1077
7,268,25190.2326,0.0,8.4745,12.6655,12.6655,75.9458
7,269,25189.969,0.0,6.2229,12.9568,12.9568,74.5056
7,270,25201.9427,0.0,1.8278,7.2629,7.2629,74.9936
7,271,25212.2188,0.0,41.3655,46.734,46.734,87.6172
7,272,25433.2417,0.0,2.5336,31.6772,31.6772,79.173
7,273,25467.2515,0.0,6.7986,15.0888,15.0888,53.8078
7,274,25512.5867,0.0,10.7232,19.4681,19.4681,76.9536
7,275,25557.5292,0.0,7.0156,10.4338,10.4338,38.0964
7,276,25571.2292,0.0,4.8268,7.201,7.201,34.2158
7,277,25645.089,0.0,3.648,14.0029,14.0029,47.4703
7,278,25665.7322,0.0,4.19,11.67,11.67,49.7476
7,279,25668.143,0.0,10.6851,12.675,12.675,73.2411
7,280,25773.7979,0.0,3.6177,34.8321,34.8321,73.2493
7,281,25887.5265,0.0,0.9414,12.4701,12.4701,47.6998
7,282,25974.2264,0.0,5.8907,13.3333,13.3333,72.4414
7,283,26104.9927,0.0,9.7502,15.606,15.606,64.6622
7,284,26282.0124,0.0,3.5931,8.7538,8.7538,34.4897
7,285,26402.0877,0.0,1.5194,11.4395,11.4395,45.4718
7,286,26533.8541,0.0,2.1197,7.1347,7.1347,43.2781
7,287,26559.7155,0.0,6.651,14.406,14.406,67.1206
7,288,26639.7692,0.0,7.8527,17.8889,17.8889,65.7572
7,289,26686.1632,0.0,1.4093,22.6187,22.6187,60.8301
7,290,26710.312,0.0,4.6299,8.1632,8.1632,100.8174
7,291,26750.2181,0.0,7.4506,14.7515,14.7515,53.2575
7,292,26770.0067,0.0,8.5998,12.2482,12.2482,39.6679
7,293,26823.203,0.0,8.4865,38.9115,38.9115,73.2015
7,294,26874.5676,0.0,1.9328,5.3237,5.3237,38.6199
7,295,26907.6633,0.0,2.4177,8.6022,8.6022,40.4399
7,296,26911.0955,0.0,5.1307,9.7935,9.7935,61.7728
7,297,27085.0847,0.0,0.9414,13.8439,13.8439,37.0696
7,298,27126.7891,0.0,8.739,23.0567,23.0567,75.9305
7,299,27138.9109,0.0,10.1571,12.8028,12.8028,76.8312
7,300,27394.028,0.0,1.2895,8.6818,8.6818,42.4425
7,301,27427.2522,0.0,2.9068,12.9952,12.9952,48.4058
7,302,27868.6152,0.0,5.4205,9.4542,9.4542,40.5136
7,303,27900.1002,0.0,6.8278,14.801,14.801,64.1488
7,304,27965.8399,0.0,8.7323,23.6527,23.6527,56.5826
7,305,27965.0152,0.0,7.3797,29.7904,29.7904,78.1477
7,306,28110.4136,0.0,3.0285,7.9007,7.9007,37.3502
7,307,28123.8101,0.0,13.2013,18.2206,18.2206,56.883
7,308,28197.1483,0.0,2.1734,5.8171,5.8171,54.0638
7,309,28204.1654,0.0,4.7974,11.6137,11.6137,55.3231
7,310,28441.2354,0.0,3.2805,6.2735,6.2735,55.6743
7,311,28462.4314,0.0,3.6675,11.0211,11.0211,55.7672
7,312,28470.1465,0.0,8.9273,11.4588,11.4588,61.6629
7,313,28556.0552,0.0,2.0946,4.9405,4.9405,47.9102
7,314,28639.2248,0.0,1.016,3.3147,3.3147,34.7807
7,315,28757.6318,0.0,7.8814,15.3542,15.3542,105.2783
7,316,28884.9646,0.0,0.6163,3.6954,3.6954,74.5992
7,317,28990.8157,0.0,4.7028,6.4179,6.4179,34.7947
7,318,29106.5592,0.0,2.2044,9.3936,9.3936,32.0015
7,319,29254.2319,0.0,4.0961,8.355,8.355,65.365
7,320,29367.6655,0.0,3.2811,18.9418,18.9418,56.3402
7,321,29404.4042,0.0,3.6077,10.6366,10.6366,58.4628
7,322,29468.1749,0.0,6.6635,12.0816,12.0816,58.8059
7,323,29562.4198,0.0,2.2487,6.4064,6.4064,67.3031
7,324,29592.666,0.0,3.7775,7.6245,7.6245,68.9745
7,325,29658.6776,0.0,8.4258,16.7791,16.7791,49.0777
7,326,29668.2124,0.0,6.7828,8.0629,8.0629,61.6191
7,327,29635.2802,0.0,4.9654,63.8537,63.8537,103.1425
7,328,29727.8106,0.0,5.4821,6.9502,6.9502,71.4197
7,329,29739.8768,0.0,10.0604,12.5565,12.5565,76.8823
7,330,29804.0084,0.0,8.1228,13.2695,13.2695,54.4833
7,331,29882.9803,0.0,5.3696,6.5102,6.5102,49.7124
7,332,29964.7054,0.0,4.7292,6.4756,6.4756,37.675
7,333,30097.475,0.0,4.7235,5.8962,5.8962,40.6321
7,334,30108.236,0.0,8.6481,16.209,16.209,58.2221
7,335,30187.386,0.0,4.1058,8.6546,8.6546,57.225
7,336,30263.9668,0.0,2.7621,16.0422,16.0422,37.5434
7,337,30531.1145,0.0,5.2559,11.0795,11.0795,36.4078
7,338,30594.467,0.0,5.4534,10.5355,10.5355,66.1199
7,339,30734.3229,0.0,3.4952,6.7683,6.7683,55.3916
7,340,30892.0329,0.0,7.6543,11.7291,11.7291,60.8771
7,341,30912.4042,0.0,6.163,9.6295,9.6295,51.0852
7,342,30976.7093,0.0,3.3917,11.4238,11.4238,34.0804
7,343,30982.7203,0.0,3.5228,9.1276,9.1276,45.0616
7,344,30983.1626,0.0,8.3841,12.7556,12.7556,69.002
7,345,31142.991,0.0,5.0417,6.6246,6.6246,65.7259
7,346,31260.3668,0.0,1.6738,4.8759,4.8759,48.8558
7,347,31257.6554,0.0,4.5882,9.8714,9.8714,83.12
7,348,31267.1,0.0,4.6222,8.4947,8.4947,104.8563
7,349,31265.7688,0.0,4.1897,15.0749,15.0749,115.6845
7,350,31293.1969,0.0,15.6676,21.9079,21.9079,91.1327
7,351,31497.5614,0.0,3.7907,12.1548,12.1548,24.4153
7,352,31509.5636,0.0,4.2572,9.5212,9.5212,61.9692
7,353,31755.2177,0.0,5.2808,11.2586,11.2586,40.9758
7,354,31768.3956,0.0,7.4864,16.698,16.698,46.7223
7,355,31777.9193,0.0,2.0702,8.3902,8.3902,61.0064
7,356,32029.3384,0.0,1.7709,6.7272,6.7272,44.6437
7,357,32131.3913,0.0,5.5462,9.5788,9.5788,43.4413
7,358,32205.5648,0.0,4.1129,6.8247,6.8247,32.9058
7,359,32226.804,0.0,3.8352,11.7468,11.7468,101.8315
7,360,32265.6657,0.0,9.4979,14.8872,14.8872,90.262
7,361,32368.3382,0.0,1.9327,4.407,4.407,34.9256
7,362,32408.5422,0.0,1.2363,4.8746,4.8746,77.2565
7,363,32457.024,0.0,3.2951,11.6634,11.6634,45.3577
7,364,32494.7147,0.0,3.7087,10.1002,10.1002,40.5565
7,365,32531.2691,0.0,8.5493,14.1421,14.1421,59.4256
7,366,32847.8101,0.0,1.0943,11.8407,11.8407,35.1589
7,367,33048.098,0.0,7.4938,33.2141,33.2141,76.8533
7,368,33122.4956,0.0,2.7673,6.7897,6.7897,62.8728
7,369,33263.4237,0.0,5.7618,7.9347,7.9347,49.0912
7,370,33272.0423,0.0,2.3473,12.9161,12.9161,51.5941
7,371,33373.3403,0.0,4.9122,12.2298,12.2298,52.5908
7,372,33494.3962,0.0,3.3128,6.5626,6.5626,70.2413
7,373,33809.3037,0.0,1.4736,5.7259,5.7259,36.6856
7,374,33851.5749,0.0,6.5789,29.1278,29.1278,86.2066
7,375,33935.3749,0.0,4.4062,22.5258,22.5258,43.4981
7,376,34084.2305,0.0,3.2916,6.7971,6.7971,38.1082
7,377,34334.3413,0.0,2.7586,6.728,6.728,96.498
7,378,34464.2821,0.0,1.2662,19.7619,19.7619,61.1635
7,379,34844.1047,0.0,4.8317,8.0402,8.0402,66.9303
7,380,34888.8431,0.0,2.0015,7.7782,7.7782,33.3245
7,381,35007.7307,0.0,1.4119,3.7199,3.7199,31.6617
7,382,35017.1528,0.0,1.2333,5.317,5.317,32.1876
7,383,35130.8092,0.0,2.4175,9.7087,9.7087,37.5848
7,384,35196.8248,0.0,4.8746,14.5408,14.5408,49.6778
7,385,35230.6843,0.0,3.7002,10.2754,10.2754,53.4259
7,386,35249.913,0.0,2.5831,6.7323,6.7323,91.08
7,387,35267.1015,0.0,8.0558,12.6407,12.6407,91.1856
7,388,35278.5957,0.0,4.6208,8.4378,8.4378,95.3127
7,389,35288.9944,0.0,3.8917,22.2481,22.2481,95.7885
7,390,35438.3664,0.0,3.8382,7.3284,7.3284,57.0081
7,391,35437.7605,0.0,4.708,16.7156,16.7156,66.4153
7,392,35510.3991,0.0,2.3806,5.4972,5.4972,58.3372
7,393,35672.8433,0.0,5.9026,15.1356,15.1356,108.9747
7,394,35725.9322,0.0,6.6002,11.4453,11.4453,54.3019
7,395,35747.7582,0.0,4.9737,7.0038,7.0038,99.328
7,396,35839.6329,0.0,5.2615,12.9922,12.9922,63.698
7,397,35858.1363,0.0,5.2915,7.6331,7.6331,67.0111
7,398,36031.2143,0.0,1.4766,5.6418,5.6418,20.7112
7,399,36030.4703,0.0,2.6576,13.2597,13.2597,48.7161
7,400,36169.6796,0.0,6.0174,8.7281,8.7281,86.3536
7,401,36266.9423,0.0,0.3225,2.9668,2.9668,35.6007
7,402,36335.4417,0.0,4.5292,7.2738,7.2738,41.3464
7,403,36413.6294,0.0,2.7054,4.7562,4.7562,54.6506
7,404,36540.6823,0.0,5.3298,8.7139,8.7139,56.8571
7,405,36568.0938,0.0,12.5193,21.0834,21.0834,101.1567
7,406,36814.8525,0.0,2.9611,5.0318,5.0318,37.6134
7,407,36794.8395,0.0,7.1855,31.1266,31.1266,61.0158
7,408,37026.6079,0.0,4.5969,42.7595,42.7595,92.9557
7,409,37281.0244,0.0,4.267,8.1378,8.1378,60.5172
7,410,37327.9804,0.0,6.5565,10.7832,10.7832,78.2295
7,411,37424.732,0.0,1.7488,7.3654,7.3654,66.2283
7,412,37600.5331,0.0,6.3555,11.3293,11.3293,44.9078
7,413,37662.3914,0.0,4.0512,13.7084,13.7084,43.911
7,414,38095.0624,0.0,7.3988,10.3892,10.3892,50.3962
7,415,38105.289,0.0,0.9562,5.2478,5.2478,55.5072
7,416,38108.8584,0.0,17.7824,21.2928,21.2928,57.7272
7,417,38120.5161,0.0,4.9862,14.6795,14.6795,57.1475
7,418,38202.7274,0.0,4.3553,9.2896,9.2896,63.9753
7,419,38397.2606,0.0,4.2572,11.3093,11.3093,45.6847
7,420,38445.7851,0.0,3.7183,31.8812,31.8812,82.3934
7,421,38475.8214,0.0,4.3111,7.2064,7.2064,57.5205
7,422,38552.3673,0.0,2.7305,8.9871,8.9871,73.7796
7,423,38628.9587,0.0,3.3439,8.5418,8.5418,46.2881
7,424,38827.5761,0.0,3.0501,4.599,4.599,65.1551
7,425,38848.1828,0.0,4.6782,10.2833,10.2833,52.8407
7,426,39193.3825,0.0,2.7908,11.9727,11.9727,34.0101
7,427,39493.3999,0.0,4.0701,8.9979,8.9979,56.1575
7,428,39545.298,0.0,8.8221,16.5827,16.5827,58.7763
7,429,39548.9974,0.0,17.8041,21.3459,21.3459,64.5302
7,430,39590.5287,0.0,1.4238,8.1494,8.1494,29.1102
7,431,39630.5006,0.0,1.1546,5.3303,5.3303,41.0451
7,432,39656.8964,0.0,2.509,4.3782,4.3782,80.5036
7,433,39850.3056,0.0,4.7326,9.9669,9.9669,71.7112
7,434,39971.389,0.0,4.7811,9.7112,9.7112,42.8028
7,435,40085.054,0.0,4.4978,7.2809,7.2809,26.6092
7,436,40094.2066,0.0,5.6685,8.7203,8.7203,57.0847
7,437,40158.0579,0.0,2.8193,17.8198,17.8198,54.4506
7,438,40195.49,0.0,5.3091,7.1629,7.1629,49.0096
7,439,40388.4411,0.0,5.6687,11.215,11.215,52.4613
7,440,40426.9062,0.0,4.5436,7.6046,7.6046,36.4127
7,441,40633.6669,0.0,2.6655,7.1804,7.1804,67.3906
7,442,40647.4195,0.0,3.3497,18.0434,18.0434,71.8499
7,443,40742.1275,0.0,6.2368,7.9271,7.9271,54.7032
7,444,40787.4417,0.0,5.9244,12.2167,12.2167,63.924
7,445,40822.0942,0.0,5.2236,7.9132,7.9132,36.5692
7,446,40922.5394,0.0,5.6258,9.1626,9.1626,39.9188
7,447,40975.1456,0.0,4.6614,22.2693,22.2693,55.2349
7,448,41187.042,0.0,1.2681,15.5363,15.5363,61.1039
7,449,41226.9694,0.0,1.6601,11.293,11.293,50.098
7,450,41260.3577,0.0,5.9086,8.3642,8.3642,49.5529
7,451,41266.5553,0.0,8.0037,17.4985,17.4985,65.8576
7,452,41396.2398,0.0,6.3853,11.8723,11.8723,26.3724
7,453,41412.0347,0.0,3.8233,6.8058,6.8058,31.5428
7,454,41448.9707,0.0,2.9726,11.7158,11.7158,61.3106
7,455,41502.9346,0.0,3.3197,7.229,7.229,92.2115
7,456,41521.3895,0.0,4.4741,9.0448,9.0448,83.7266
7,457,41607.1726,0.0,1.8418,4.7016,4.7016,27.361
7,458,42193.8153,0.0,1.2333,12.4351,12.4351,65.9146
7,459,42394.7771,0.0,6.671,9.8014,9.8014,38.5557
7,460,42444.0142,0.0,6.651,25.0121,25.0121,55.802
7,461,42608.6324,0.0,4.385,6.7083,6.7083,71.6917
7,462,42668.6031,0.0,1.8094,5.5976,5.5976,32.3713
7,463,42884.5106,0.0,1.5936,3.9041,3.9041,59.0118
7,464,42889.326,0.0,3.8233,14.1795,14.1795,58.7612
8,1,0.0,0.0,6.1391,9.8829,9.8829,147.702
8,2,133.9294,0.0,4.8536,14.3883,14.3883,52.6383
8,3,221.888,0.0,7.3325,9.5888,9.5888,92.7963
8,4,251.4057,0.0,3.0113,6.2684,6.2684,73.0965
8,5,255.812,0.0,5.595,10.5352,10.5352,71.6911
8,6,353.6204,0.0,1.5878,4.8569,4.8569,71.7459
8,7,379.6984,0.0,7.5698,12.4662,12.4662,57.4405
8,8,415.4338,0.0,3.089,6.3096,6.3096,49.0844
8,9,507.7642,0.0,5.2638,8.6515,8.6515,38.2501
8,10,583.8494,0.0,8.2572,12.4065,12.4065,55.2227
8,11,629.4425,0.0,11.1636,18.2758,18.2758,55.2887
8,12,644.7382,0.0,3.974,6.8901,6.8901,58.375
8,13,643.9835,0.0,1.8109,8.3709,8.3709,63.3982
8,14,720.2337,0.0,5.5288,12.8156,12.8156,61.9799
8,15,745.2113,0.0,7.4149,16.8305,16.8305,55.8183
8,16,865.6232,0.0,5.9863,8.5025,8.5025,33.3035
8,17,966.2062,0.0,3.1022,9.4466,9.4466,48.1592
8,18,1072.6935,0.0,6.3598,9.4039,9.4039,43.8702
8,19,1081.9285,0.0,2.7586,9.9616,9.9616,59.5518
8,20,1189.0079,0.0,2.8873,4.7153,4.7153,45.692
8,21,1359.4109,0.0,2.8281,5.5589,5.5589,44.52
8,22,1379.9104,0.0,5.312,10.386,10.386,35.6222
8,23,1378.0543,0.0,5.7542,14.9476,14.9476,53.0692
8,24,1623.5778,0.0,7.0189,10.5797,10.5797,48.6614
8,25,1619.2678,0.0,12.1917,25.7384,25.7384,76.5964
8,26,2029.8446,0.0,3.6616,19.2481,19.2481,24.2688
8,27,2052.1155,0.0,6.905,11.8642,11.8642,49.8843
8,28,2202.5886,0.0,6.8196,8.2974,8.2974,46.6476
8,29,2214.1992,0.0,3.6077,8.5604,8.5604,49.8888
8,30,2238.1065,0.0,14.5341,16.4722,16.4722,38.6365
8,31,2283.7111,0.0,7.3011,10.7475,10.7475,39.6579
8,32,2380.0475,0.0,3.3254,6.9023,6.9023,46.1863
8,33,2576.1035,0.0,3.6172,8.4996,8.4996,47.4693
8,34,2679.6184,0.0,4.4802,11.1957,11.1957,78.2729
8,35,2694.5881,0.0,8.1369,10.3485,10.3485,112.8133
8,36,2940.6776,0.0,3.236,17.8367,17.8367,65.9726
8,37,3111.9153,0.0,4.2899,13.9223,13.9223,74.0346
8,38,3167.8848,0.0,1.1961,8.8558,8.8558,33.6684
8,39,3253.0032,0.0,4.7506,12.5857,12.5857,57.6958
8,40,3285.0849,0.0,7.55,11.8812,11.8812,27.2706
8,41,3305.1038,0.0,6.0219,11.0164,11.0164,63.2104
8,42,3450.9718,0.0,2.9754,10.9843,10.9843,57.2597
8,43,3697.7936,0.0,5.1858,8.4587,8.4587,55.3529
8,44,3709.4221,0.0,10.1738,14.9892,14.9892,57.4978
8,45,3724.5991,0.0,13.3598,15.7555,15.7555,51.3401
8,46,3792.2169,0.0,3.9715,10.2395,10.2395,51.9179
8,47,3838.3818,0.0,5.5406,17.1627,17.1627,51.8457
8,48,3847.7174,0.0,20.8493,33.4204,33.4204,70.0017
8,49,3975.3765,0.0,0.8919,3.0659,3.0659,48.6085
8,50,4012.2383,0.0,5.0822,7.7064,7.7064,63.223
8,51,4037.9888,0.0,7.6617,13.0425,13.0425,43.1644
8,52,4045.2084,0.0,8.5201,13.5041,13.5041,54.4261
8,53,4091.1712,0.0,6.674,10.0284,10.0284,28.9567
8,54,4097.2215,0.0,4.0062,11.7886,11.7886,45.1064
8,55,4132.6361,0.0,5.3998,19.5039,19.5039,58.0493
8,56,4158.2926,0.0,1.652,10.705,10.705,41.0469
8,57,4185.7694,0.0,9.1482,14.9536,14.9536,36.1737
8,58,4228.5378,0.0,1.399,5.4969,5.4969,43.6068
8,59,4275.4574,0.0,6.7431,11.1767,11.1767,48.3114
8,60,4729.2682,0.0,3.2445,8.1669,8.1669,34.6203
8,61,4963.213,0.0,1.9663,5.476,5.476,30.6986
8,62,4969.3928,0.0,11.7472,19.573,19.573,93.8676
8,63,5001.5413,0.0,4.2371,6.0728,6.0728,83.195
8,64,5085.4769,0.0,1.2471,6.0152,6.0152,33.5154
8,65,5120.9512,0.0,5.2831,6.9187,6.9187,36.4001
8,66,5209.2503,0.0,3.029,10.0334,10.0334,65.7281
8,67,5324.8517,0.0,5.312,14.911,14.911,43.0875
8,68,5494.3807,0.0,1.1037,4.173,4.173,29.1086
8,69,5637.1519,0.0,2.2003,12.2454,12.2454,48.7777
8,70,5733.412,0.0,5.8373,14.7534,14.7534,66.1387
8,71,5811.4127,0.0,6.4669,13.043,13.043,55.4533
8,72,5935.0096,0.0,6.67,16.7388,16.7388,39.1076
8,73,6258.6857,0.0,3.9598,5.5383,5.5383,44.3478
8,74,6273.5837,0.0,5.5586,11.4364,11.4364,30.1809
8,75,6304.9317,0.0,5.4417,7.0422,7.0422,37.2601
8,76,6305.2926,0.0,2.1686,7.6622,7.6622,88.2759
8,77,6447.6895,0.0,5.3772,12.465,12.465,69.4704
8,78,6478.7628,0.0,8.2415,17.2385,17.2385,57.2603
8,79,6505.6864,0.0,3.1701,10.2953,10.2953,57.0673
8,80,6658.6005,0.0,7.2741,11.1173,11.1173,30.6222
8,81,6736.4402,0.0,7.4377,8.2026,8.2026,65.4167
8,82,6788.749,0.0,5.134,12.1359,12.1359,52.599
8,83,6808.6535,0.0,2.4838,4.3535,4.3535,67.4093
8,84,7019.4892,0.0,7.5197,23.3528,23.3528,59.0435
8,85,7086.6319,0.0,1.5229,25.1349,25.1349,55.9563
8,86,7300.6004,0.0,1.954,6.1844,6.1844,75.3077
8,87,7643.7226,0.0,3.4905,17.9864,17.9864,60.1182
8,88,7650.6802,0.0,9.2397,20.3522,20.3522,76.3597
8,89,7749.1387,0.0,1.4093,13.42,13.42,94.9856
8,90,7781.6378,0.0,13.2117,18.3703,18.3703,71.8456
8,91,7783.659,0.0,11.3841,22.8608,22.8608,76.1501
8,92,7885.1095,0.0,7.9463,10.227,10.227,63.9768
8,93,7967.3725,0.0,1.0135,5.8204,5.8204,72.9608
8,94,8054.683,0.0,7.9193,12.7621,12.7621,40.9576
8,95,8094.4261,0.0,5.6857,9.7182,9.7182,36.3379
8,96,8142.2843,0.0,2.78,4.0231,4.0231,35.9474
8,97,8252.4995,0.0,3.2702,9.6395,9.6395,82.5243
8,98,8339.8919,0.0,6.3852,11.8792,11.8792,43.9293
8,99,8397.7089,0.0,7.0433,14.6946,14.6946,39.9095
8,100,8423.4662,0.0,0.9414,9.3039,9.3039,20.9696
8,101,8428.1344,0.0,4.2666,7.7406,7.7406,68.701
8,102,8489.738,0.0,5.7817,11.9224,11.9224,48.625
8,103,9068.9711,0.0,0.1417,2.489,2.489,29.3583
8,104,9108.5922,0.0,5.1132,10.8125,10.8125,32.4724
8,105,9229.962,0.0,3.5027,7.8759,7.8759,35.6372
8,106,9249.6523,0.0,3.5528,8.4696,8.4696,44.1694
8,107,9252.5403,0.0,4.0157,10.2923,10.2923,124.099
8,108,9300.2805,0.0,6.652,8.2444,8.2444,81.5934
8,109,9310.5338,0.0,5.709,13.0671,13.0671,73.4713
8,110,9480.4447,0.0,1.6011,6.1131,6.1131,45.2478
8,111,9631.4749,0.0,2.6122,4.0683,4.0683,51.5678
8,112,9620.0124,0.0,9.0175,16.0934,16.0934,51.0422
8,113,9637.5094,0.0,2.0335,5.418,5.418,86.6307
8,114,9721.7047,0.0,3.5818,8.3203,8.3203,38.7146
8,115,9754.076,0.0,5.6112,8.1293,8.1293,119.9819
8,116,9808.9006,0.0,2.6409,15.4885,15.4885,69.9207
8,117,9889.4693,0.0,4.0062,10.5726,10.5726,31.6626
8,118,9927.0796,0.0,5.8038,12.5608,12.5608,38.269
8,119,10151.2668,0.0,6.6056,7.0264,7.0264,23.8581
8,120,10171.3712,0.0,6.9052,10.6636,10.6636,44.4198
8,121,10169.2953,0.0,3.1932,13.287,13.287,67.1281
8,122,10306.0574,0.0,2.6565,6.2163,6.2163,56.4591
8,123,10621.4463,0.0,5.9272,9.7934,9.7934,60.6258
8,124,10688.4855,0.0,3.8144,13.9539,13.9539,41.0195
8,125,10723.9224,0.0,6.2753,36.6452,36.6452,31.9178
8,126,10761.9047,0.0,3.4333,7.5446,7.5446,92.3866
8,127,10814.8229,0.0,5.4041,8.069,8.069,41.5416
8,128,10975.8799,0.0,3.3818,12.6266,12.6266,42.091
8,129,11070.075,0.0,5.4235,11.1206,11.1206,63.0584
8,130,11146.3403,0.0,6.969,28.2661,28.2661,57.5595
8,131,11353.0587,0.0,1.7303,8.2715,8.2715,37.5531
8,132,11383.4876,0.0,8.566,17.5921,17.5921,48.4232
8,133,11503.4773,0.0,4.711,7.4815,7.4815,30.5663
8,134,11581.2469,0.0,4.3214,7.6365,7.6365,54.1329
8,135,11591.4493,0.0,3.042,8.4312,8.4312,69.7963
8,136,11718.6623,0.0,6.7187,8.9223,8.9223,36.3032
8,137,11905.4102,0.0,2.0303,6.0552,6.0552,32.6357
8,138,12068.647,0.0,1.9634,6.5556,6.5556,46.7942
8,139,12317.5158,0.0,0.8259,4.412,4.412,56.1316
8,140,12375.9575,0.0,1.8109,6.4649,6.4649,49.0969
8,141,12413.5426,0.0,4.2909,10.1952,10.1952,47.5851
8,142,12606.5595,0.0,3.2032,11.8604,11.8604,40.0417
8,143,12720.2687,0.0,2.0296,7.4981,7.4981,30.6962
8,144,13099.1335,0.0,2.936,6.3593,6.3593,34.4286
8,145,13100.2866,0.0,0.8124,24.8101,24.8101,72.1026
8,146,13326.9583,0.0,1.3607,5.1022,5.1022,64.4777
8,147,13501.5904,0.0,7.4938,14.342,14.342,62.8229
8,148,13558.3585,0.0,3.3833,6.9323,6.9323,58.819
8,149,13742.6429,0.0,5.1381,11.8123,11.8123,63.3186
8,150,13760.8216,0.0,1.8192,6.2511,6.2511,53.5784
8,151,13800.4878,0.0,1.5858,4.1968,4.1968,47.7165
8,152,13815.7033,0.0,2.5003,4.2722,4.2722,39.7257
8,153,13974.6118,0.0,4.3045,9.7735,9.7735,64.4309
8,154,14094.6497,0.0,2.2652,4.0358,4.0358,49.5464
8,155,14095.613,0.0,5.4989,8.7341,8.7341,61.1735
8,156,14153.5457,0.0,8.4517,10.9972,10.9972,43.3282
8,157,14155.3903,0.0,5.489,11.0736,11.0736,56.1194
8,158,14232.3161,0.0,2.2003,16.7519,16.7519,46.9787
8,159,14274.4877,0.0,2.5958,5.8446,5.8446,39.1338
8,160,14316.8586,0.0,6.7875,11.9988,11.9988,57.3286
8,161,14353.2253,0.0,7.7483,11.0195,11.0195,64.7433
8,162,14355.2254,0.0,8.0759,10.2918,10.2918,75.986
8,163,14434.6637,0.0,3.9698,10.9743,10.9743,47.0285
8,164,14593.2043,0.0,7.9445,14.8281,14.8281,77.7656
8,165,14695.5689,0.0,3.2721,6.9289,6.9289,40.4671
8,166,14951.2451,0.0,9.434,12.4677,12.4677,74.382
8,167,14961.889,0.0,14.9026,24.8946,24.8946,102.3604
8,168,15042.8271,0.0,3.7712,7.2199,7.2199,52.0597
8,169,15106.9627,0.0,11.3201,15.8827,15.8827,84.8395
8,170,15149.8863,0.0,2.3525,9.1739,9.1739,45.1005
8,171,15151.5458,0.0,6.1872,7.731,7.731,33.0858
8,172,15169.0035,0.0,2.624,6.4689,6.4689,72.3462
8,173,15250.8984,0.0,6.1469,11.365,11.365,73.3716
8,174,15315.4764,0.0,3.109,10.3033,10.3033,59.7669
8,175,15325.6768,0.0,3.5344,28.6504,28.6504,65.4238
8,176,16023.2386,0.0,5.7575,16.0098,16.0098,50.418
8,177,16060.8177,0.0,5.0217,13.3869,13.3869,36.5531
8,178,16117.839,0.0,1.7532,3.9269,3.9269,44.3167
8,179,16238.0286,0.0,5.5184,10.0173,10.0173,48.2836
8,180,16365.7873,0.0,5.8363,10.5791,10.5791,64.3231
8,181,16594.353,0.0,6.1553,10.2608,10.2608,31.0738
8,182,16644.7957,0.0,6.8859,7.9082,7.9082,58.7397
8,183,16765.639,0.0,3.3892,8.8857,8.8857,64.1716
8,184,16767.2892,0.0,5.7925,22.7844,22.7844,83.3697
8,185,16852.2535,0.0,6.0688,11.6326,11.6326,54.2955
8,186,16902.3456,0.0,4.8847,11.0793,11.0793,34.2894
8,187,16969.1346,0.0,2.4511,6.3526,6.3526,44.2976
8,188,17037.8102,0.0,10.7088,14.2759,14.2759,70.133
8,189,17048.7459,0.0,6.2386,11.2139,11.2139,73.5515
8,190,17038.6343,0.0,19.0424,24.3063,24.3063,66.8287
8,191,17096.4504,0.0,11.2142,14.7704,14.7704,50.7057
8,192,17111.1647,0.0,3.1001,4.3871,4.3871,46.4065
8,193,17212.3101,0.0,1.7282,5.6677,5.6677,99.1925
8,194,17575.8341,0.0,4.9446,10.6336,10.6336,43.6364
8,195,17614.2524,0.0,3.0179,5.8207,5.8207,53.1393
8,196,17773.3831,0.0,7.628,11.4871,11.4871,81.4121
8,197,17852.3056,0.0,4.2611,8.842,8.842,56.2011
8,198,17865.0836,0.0,11.8858,14.4227,14.4227,68.8479
8,199,17946.8492,0.0,7.8465,10.7472,10.7472,65.2727
8,200,17975.0873,0.0,5.932,9.374,9.374,58.2169
8,201,17991.6507,0.0,6.1098,10.8505,10.8505,50.351
8,202,18029.3038,0.0,0.8137,9.4564,9.4564,84.2463
8,203,18027.9605,0.0,11.0628,15.9572,15.9572,92.6832
8,204,18181.7761,0.0,3.6077,5.443,5.443,26.0169
8,205,18318.4204,0.0,4.102,5.0785,5.0785,46.2509
8,206,18389.2644,0.0,2.8169,7.4424,7.4424,32.3494
8,207,18523.8985,0.0,6.9019,11.0717,11.0717,71.1419
8,208,18695.1244,0.0,1.9529,11.1933,11.1933,71.0534
8,209,19001.8005,0.0,2.4035,4.797,4.797,54.2535
8,210,19158.2419,0.0,5.8545,8.5166,8.5166,59.354
8,211,19217.797,0.0,4.0659,10.1043,10.1043,47.5177
8,212,19314.4026,0.0,7.3276,12.0048,12.0048,100.1311
8,213,19374.8316,0.0,12.9438,19.9698,19.9698,47.5112
8,214,19662.1647,0.0,7.2233,31.8189,31.8189,63.3046
8,215,19711.8494,0.0,3.6141,5.6982,5.6982,60.9187
8,216,19722.6465,0.0,7.6549,17.1314,17.1314,68.8773
8,217,19804.6628,0.0,4.0894,8.1465,8.1465,36.5021
8,218,19813.3765,0.0,9.2877,13.2075,13.2075,55.0784
8,219,19833.7781,0.0,5.7571,10.6949,10.6949,62.0025
8,220,19892.8965,0.0,1.2489,5.7914,5.7914,38.8498
8,221,19970.7826,0.0,6.2979,8.0568,8.0568,48.8086
8,222,19975.9965,0.0,8.378,10.6414,10.6414,50.6991
8,223,20151.1469,0.0,4.8627,8.8318,8.8318,53.6421
8,224,20330.078,0.0,5.3648,12.5342,12.5342,70.2054
8,225,20673.1585,0.0,1.9796,14.0345,14.0345,60.0441
8,226,20724.963,0.0,5.3035,8.9266,8.9266,122.6336
8,227,20794.0298,0.0,10.8723,16.1519,16.1519,67.2462
8,228,20827.0742,0.0,16.5212,21.1044,21.1044,93.2778
8,229,20872.8061,0.0,3.2889,12.8966,12.8966,54.1256
8,230,20907.3577,0.0,9.8183,14.4752,14.4752,28.8922
8,231,20919.1841,0.0,14.5292,22.814,22.814,70.8334
8,232,20929.7172,0.0,12.6802,15.8614,15.8614,93.8882
8,233,20995.3391,0.0,7.0815,25.2441,25.2441,52.8577
8,234,21257.0156,0.0,4.2572,13.7342,13.7342,64.2179
8,235,21285.512,0.0,3.3179,14.266,14.266,47.1174
8,236,21420.8666,0.0,1.2662,6.737,6.737,36.7431
8,237,21433.7844,0.0,6.0085,18.8125,18.8125,56.1661
8,238,21490.4522,0.0,5.8608,10.1122,10.1122,79.9564
8,239,21552.8097,0.0,2.858,5.6588,5.6588,51.4767
8,240,21589.2809,0.0,5.4834,6.5684,6.5684,35.5972
8,241,21593.0933,0.0,9.2192,11.4433,11.4433,66.6647
8,242,21737.3605,0.0,0.3189,3.4402,3.4402,32.0985
8,243,21920.6764,0.0,2.821,6.6193,6.6193,45.8678
8,244,22114.0494,0.0,4.721,10.7909,10.7909,50.1959
8,245,22154.8341,0.0,5.3821,7.6748,7.6748,32.2839
8,246,22189.14,0.0,6.8905,20.0998,20.0998,85.8082
8,247,22322.6346,0.0,7.2203,10.0002,10.0002,33.3438
8,248,22346.1471,0.0,1.224,11.1418,11.1418,37.7706
8,249,22404.2283,0.0,4.3603,21.4819,21.4819,67.945
8,250,22493.177,0.0,4.0871,5.8187,5.8187,44.8486
8,251,22513.4417,0.0,7.4453,10.8441,10.8441,40.5794
8,252,22538.1105,0.0,5.2517,9.3238,9.3238,45.6593
8,253,22544.0043,0.0,6.6928,10.9628,10.9628,89.8022
8,254,22578.2856,0.0,9.3169,28.4543,28.4543,62.1987
8,255,22722.5919,0.0,0.3843,7.5516,7.5516,38.7998
8,256,22832.0061,0.0,1.1283,23.6221,23.6221,62.9951
8,257,22906.2514,0.0,6.2228,13.4211,13.4211,105.3642
8,258,22986.8535,0.0,4.72,8.2889,8.2889,41.3084
8,259,23085.1588,0.0,2.7568,6.7217,6.7217,40.7362
8,260,23220.9162,0.0,3.8796,8.3682,8.3682,51.5194
8,261,23430.0752,0.0,5.9226,11.2923,11.2923,58.4582
8,262,23478.492,0.0,3.0006,6.8917,6.8917,51.6324
8,263,23497.7502,0.0,5.0441,10.3643,10.3643,52.7985
8,264,23607.5152,0.0,1.4025,6.4438,6.4438,69.8129
8,265,23618.4861,0.0,7.6125,13.7954,13.7954,80.1704
8,266,23665.7406,0.0,16.4108,22.985,22.985,52.8494
8,267,23748.5143,0.0,3.7755,8.2701,8.2701,35.8194
8,268,23848.1213,0.0,2.1686,7.526,7.526,41.0333
8,269,23866.4844,0.0,5.7545,9.4669,9.4669,38.1461
8,270,23903.3751,0.0,3.883,12.2229,12.2229,40.5402
8,271,24049.411,0.0,7.6033,20.1562,20.1562,74.3523
8,272,24113.8267,0.0,10.1428,15.4201,15.4201,47.4584
8,273,24130.2006,0.0,1.6814,6.3079,6.3079,71.3951
8,274,24229.2361,0.0,4.3472,12.388,12.388,46.5519
8,275,24354.1106,0.0,2.4177,6.3073,6.3073,55.2972
8,276,24383.5327,0.0,1.1283,10.9401,10.9401,64.166
8,277,24419.7932,0.0,13.2651,17.203,17.203,56.8402
8,278,24473.8019,0.0,3.1995,5.2681,5.2681,32.3601
8,279,24493.737,0.0,2.162,9.3579,9.3579,67.9775
8,280,24551.8911,0.0,9.6889,16.9934,16.9934,62.2011
8,281,24700.703,0.0,7.4864,11.4354,11.4354,52.5723
8,282,24998.239,0.0,4.1378,14.5824,14.5824,47.087
8,283,25155.2293,0.0,4.5194,7.9175,7.9175,43.4834
8,284,25326.177,0.0,3.24,6.4837,6.4837,47.6256
8,285,25448.6874,0.0,1.6383,16.8783,16.8783,61.746
8,286,25471.5435,0.0,2.8285,7.441,7.441,115.2221
8,287,25464.8901,0.0,5.274,15.0845,15.0845,110.7452
8,288,25502.0652,0.0,1.0865,5.215,5.215,88.642
8,289,25515.9736,0.0,4.5314,13.5736,13.5736,77.8612
8,290,25592.5469,0.0,3.2944,9.173,9.173,34.9908
8,291,25708.4878,0.0,1.2925,7.0261,7.0261,66.202
8,292,25740.8961,0.0,5.4817,9.7687,9.7687,57.0194
8,293,25778.2506,0.0,14.6131,26.0777,26.0777,98.6155
8,294,25802.6094,0.0,6.1185,12.9613,12.9613,90.3609
8,295,25842.9072,0.0,10.6522,20.7326,20.7326,59.0566
8,296,25883.1747,0.0,5.0528,8.6829,8.6829,106.4963
8,297,25932.9366,0.0,13.8307,29.5873,29.5873,101.7833
8,298,26051.8433,0.0,6.3286,8.1206,8.1206,50.5394
8,299,26203.3638,0.0,5.181,7.3316,7.3316,27.4769
8,300,26404.7614,0.0,7.8239,20.0465,20.0465,66.9333
8,301,26460.6586,0.0,4.8746,7.4724,7.4724,39.9807
8,302,26494.3361,0.0,12.3443,15.6971,15.6971,49.2707
8,303,26509.5053,0.0,5.3114,9.7894,9.7894,38.0895
8,304,26555.1031,0.0,2.4319,6.0216,6.0216,50.8972
8,305,26659.9824,0.0,2.234,14.3757,14.3757,52.4109
8,306,26667.1951,0.0,10.191,14.6346,14.6346,66.9447
8,307,26733.5553,0.0,4.708,8.2979,8.2979,47.8904
8,308,26812.1576,0.0,3.7164,7.8951,7.8951,46.0278
8,309,26855.8662,0.0,4.9146,9.8421,9.8421,50.4703
8,310,27023.2168,0.0,7.5978,12.548,12.548,32.3771
8,311,27041.972,0.0,5.172,9.9195,9.9195,75.7465
8,312,27054.4,0.0,4.8975,9.8408,9.8408,68.0184
8,313,27114.6445,0.0,7.2301,11.9822,11.9822,53.4916
8,314,27222.6196,0.0,6.3852,8.8488,8.8488,82.1232
8,315,27610.1262,0.0,6.3527,9.2366,9.2366,70.7648
8,316,27702.5047,0.0,2.0447,7.3796,7.3796,54.0292
8,317,27746.237,0.0,5.5074,8.6375,8.6375,45.7544
8,318,27812.9254,0.0,0.8534,6.2767,6.2767,24.7951
8,319,27842.869,0.0,9.0204,13.6532,13.6532,50.0397
8,320,27905.0377,0.0,8.3649,19.1402,19.1402,70.5291
8,321,27935.9872,0.0,4.4969,7.1075,7.1075,50.5111
8,322,27956.5791,0.0,2.5716,6.7292,6.7292,42.9948
8,323,28066.1001,0.0,3.7119,7.8086,7.8086,65.0241
8,324,28102.3213,0.0,9.1878,20.5841,20.5841,28.5928
8,325,28136.2379,0.0,2.7027,6.9473,6.9473,73.8191
8,326,28218.8924,0.0,4.6397,7.9192,7.9192,47.2509
8,327,28341.3118,0.0,4.3642,7.2897,7.2897,37.9495
8,328,28345.1221,0.0,8.6488,11.8946,11.8946,41.7664
8,329,28362.3966,0.0,4.4367,8.8247,8.8247,52.5931
8,330,28479.3263,0.0,4.267,9.0457,9.0457,56.1002
8,331,28610.9152,0.0,0.9414,3.9547,3.9547,42.2238
8,332,28709.1676,0.0,6.117,9.4156,9.4156,52.087
8,333,28722.8115,0.0,9.0373,28.9587,28.9587,49.1823
8,334,28767.8338,0.0,3.3566,9.4377,9.4377,41.088
8,335,28932.8919,0.0,3.2162,6.2173,6.2173,50.8198
8,336,28962.3922,0.0,2.0296,8.3828,8.3828,64.3788
8,337,29021.802,0.0,4.4152,10.3273,10.3273,37.2422
8,338,29029.5006,0.0,11.6125,13.7038,13.7038,55.7483
8,339,29281.7819,0.0,5.0214,10.9997,10.9997,48.6011
8,340,29480.0616,0.0,5.0746,9.8617,9.8617,60.0793
8,341,29492.6648,0.0,6.9542,13.515,13.515,55.6215
8,342,29542.3063,0.0,10.3006,12.8478,12.8478,58.2092
8,343,29560.3894,0.0,7.2929,14.3854,14.3854,85.8926
8,344,29594.2001,0.0,5.2236,10.8023,10.8023,54.4588
8,345,29687.5454,0.0,6.9495,10.4168,10.4168,42.6343
8,346,29844.6936,0.0,1.0195,6.011,6.011,61.3092
8,347,29919.6951,0.0,3.0055,5.8533,5.8533,55.1172
8,348,30084.3817,0.0,7.2186,10.5714,10.5714,37.541
8,349,30179.4019,0.0,4.7363,10.556,10.556,32.4602
8,350,30180.1064,0.0,9.0449,13.1827,13.1827,40.4139
8,351,30341.3431,0.0,3.5023,5.2225,5.2225,34.2247
8,352,30480.4379,0.0,6.1386,7.0723,7.0723,41.4496
8,353,30729.4807,0.0,4.1785,9.707,9.707,48.2452
8,354,30841.7264,0.0,1.5194,10.154,10.154,66.9506
8,355,30856.5345,0.0,5.3231,9.1477,9.1477,81.6444
8,356,30936.4272,0.0,8.8321,10.738,10.738,74.4263
8,357,31179.9634,0.0,5.0217,8.3456,8.3456,54.5274
8,358,31327.4047,0.0,6.3852,9.3324,9.3324,55.5808
8,359,31364.8587,0.0,3.2528,10.9904,10.9904,56.0774
8,360,31376.5843,0.0,7.7555,16.6004,16.6004,92.676
8,361,31434.0803,0.0,2.8277,10.7726,10.7726,50.094
8,362,31513.1197,0.0,3.239,15.8624,15.8624,65.8365
8,363,31541.5214,0.0,7.1517,13.3662,13.3662,42.804
8,364,31545.7016,0.0,3.2406,10.0617,10.0617,59.0935
8,365,31564.2671,0.0,6.2979,11.1015,11.1015,95.1371
8,366,31732.8325,0.0,5.2486,19.5814,19.5814,65.1183
8,367,31992.6717,0.0,5.9122,9.7609,9.7609,62.4148
8,368,32103.0749,0.0,5.0467,9.5408,9.5408,59.5057
8,369,32369.6012,0.0,8.1845,17.7144,17.7144,53.8058
8,370,32381.2142,0.0,4.7949,9.0879,9.0879,81.8705
8,371,32398.9431,0.0,14.84,18.3886,18.3886,59.1624
8,372,32408.4191,0.0,22.3903,25.4773,25.4773,64.0138
8,373,32434.7264,0.0,13.1013,33.9311,33.9311,73.6622
8,374,32468.0259,0.0,22.753,26.105,26.105,69.8158
8,375,32515.4793,0.0,2.5461,8.7213,8.7213,33.3463
8,376,32519.5162,0.0,3.9471,11.1667,11.1667,64.3645
8,377,32545.0235,0.0,9.4652,12.0927,12.0927,64.9798
8,378,32645.7107,0.0,4.6746,6.7771,6.7771,37.4055
8,379,32734.9392,0.0,2.9773,9.8353,9.8353,62.7917
8,380,32856.2907,0.0,4.9064,11.4352,11.4352,60.9587
8,381,33091.2511,0.0,5.7981,12.2987,12.2987,33.9292
8,382,33122.509,0.0,2.2134,6.4545,6.4545,73.399
8,383,33323.9869,0.0,1.6974,4.6964,4.6964,41.591
8,384,33339.4655,0.0,4.1537,11.2889,11.2889,73.4421
8,385,33372.2591,0.0,4.047,17.7568,17.7568,78.7152
8,386,33394.0891,0.0,6.762,25.5783,25.5783,114.8281
8,387,33663.9087,0.0,4.7797,7.762,7.762,39.2262
8,388,33763.2062,0.0,5.0746,11.1238,11.1238,63.6387
8,389,33786.8367,0.0,7.5373,19.8266,19.8266,70.6568
8,390,33824.4406,0.0,4.9716,12.5722,12.5722,50.24
8,391,33850.2836,0.0,4.6238,6.1933,6.1933,38.062
8,392,33957.4732,0.0,4.6504,11.7881,11.7881,46.4637
8,393,34123.6844,0.0,4.7117,10.8167,10.8167,60.2379
8,394,34139.0166,0.0,12.0049,15.2203,15.2203,94.2885
8,395,34265.2639,0.0,0.9037,3.2801,3.2801,36.0689
8,396,34316.7247,0.0,5.677,17.179,17.179,92.5
8,397,34388.4365,0.0,2.8767,8.3395,8.3395,33.8364
8,398,34447.7796,0.0,2.6409,3.3116,3.3116,31.4557
8,399,34455.5779,0.0,14.1044,16.6948,16.6948,67.8262
8,400,34476.8303,0.0,10.5467,23.3502,23.3502,57.218
8,401,34512.1611,0.0,2.7245,6.6739,6.6739,81.5727
8,402,34548.4504,0.0,3.3566,9.46,9.46,60.847
8,403,34646.5917,0.0,3.0316,9.4532,9.4532,39.4822
8,404,34715.3189,0.0,3.2721,17.2412,17.2412,68.3444
8,405,34885.7043,0.0,4.3214,12.6339,12.6339,48.4733
8,406,34991.1426,0.0,2.2713,5.147,5.147,38.414
8,407,35160.7603,0.0,6.0286,57.954,57.954,112.4133
8,408,35231.1562,0.0,5.5709,10.9937,10.9937,46.6485
8,409,35292.5721,0.0,4.7614,9.1563,9.1563,45.1504
8,410,35344.5005,0.0,8.2753,12.2659,12.2659,75.6786
8,411,35470.5037,0.0,1.5194,30.102,30.102,67.0731
8,412,35494.9431,0.0,7.5597,9.5812,9.5812,49.1032
8,413,35514.5013,0.0,12.4391,18.884,18.884,50.1651
8,414,35517.6684,0.0,14.8489,17.5514,17.5514,57.6492
8,415,35539.9273,0.0,5.9599,7.871,7.871,60.2064
8,416,35723.326,0.0,3.7032,6.7836,6.7836,55.7553
8,417,35967.0933,0.0,0.9163,11.7508,11.7508,88.3121
8,418,35974.0151,0.0,6.7366,9.5434,9.5434,93.9662
8,419,36012.5069,0.0,8.9225,17.9454,17.9454,64.9434
8,420,36128.7339,0.0,4.0512,9.9116,9.9116,35.7949
8,421,36684.1741,0.0,2.2738,7.3946,7.3946,61.7787
8,422,36709.7625,0.0,1.3828,2.6306,2.6306,46.4669
8,423,36844.8526,0.0,5.6301,14.667,14.667,55.5359
8,424,36856.8999,0.0,6.1092,10.0378,10.0378,75.4729
8,425,36874.2713,0.0,7.0713,8.5104,8.5104,74.0691
8,426,36984.5759,0.0,2.2728,6.2886,6.2886,51.8571
8,427,37131.8282,0.0,1.3371,6.6752,6.6752,53.4977
8,428,37136.569,0.0,5.7676,8.307,8.307,68.259
8,429,37447.1897,0.0,4.4964,7.118,7.118,45.4575
8,430,37714.9428,0.0,4.4451,10.5653,10.5653,51.3365
8,431,37735.3856,0.0,5.4534,13.6521,13.6521,64.1764
8,432,37987.3055,0.0,3.2713,16.3545,16.3545,39.4623
8,433,38018.6036,0.0,4.0744,7.3111,7.3111,38.0
8,434,38123.0244,0.0,2.9102,7.172,7.172,32.6488
8,435,38181.6892,0.0,2.9102,13.2091,13.2091,49.9327
8,436,38208.1737,0.0,2.2893,3.8814,3.8814,50.0774
8,437,38206.283,0.0,6.9193,9.7732,9.7732,57.4107
8,438,38263.1175,0.0,5.4816,15.6924,15.6924,44.8866
8,439,38283.1437,0.0,7.3797,11.2201,11.2201,70.2827
8,440,38442.9537,0.0,4.4145,9.8798,9.8798,28.129
8,441,38449.3472,0.0,4.6735,8.7317,8.7317,62.2272
8,442,38554.2468,0.0,4.2217,7.4939,7.4939,43.4598
8,443,38611.6499,0.0,13.2971,15.003,15.003,92.4391
8,444,38681.404,0.0,3.8338,9.7514,9.7514,51.1771
8,445,38738.3074,0.0,3.2238,13.0085,13.0085,51.4984
8,446,38852.8177,0.0,3.5236,14.2843,14.2843,35.3937
8,447,38894.0962,0.0,5.6053,14.3506,14.3506,69.1609
8,448,38947.2067,0.0,1.8301,6.622,6.622,40.0835
8,449,39052.7486,0.0,6.5267,22.2002,22.2002,43.7361
8,450,39113.3431,0.0,1.2104,13.7967,13.7967,72.3867
8,451,39302.1734,0.0,3.0113,19.77,19.77,86.5996
8,452,39382.3812,0.0,7.7973,8.8033,8.8033,55.6515
8,453,39485.2906,0.0,6.9877,7.9898,7.9898,46.7775
8,454,39542.9713,0.0,1.3973,4.3413,4.3413,39.0674
8,455,39551.864,0.0,6.4415,10.309,10.309,52.9189
8,456,39751.8471,0.0,2.7702,9.2145,9.2145,49.7045
8,457,39819.2103,0.0,2.3146,6.1405,6.1405,43.9068
8,458,39848.1823,0.0,8.4517,11.9928,11.9928,57.2144
8,459,39874.05,0.0,2.4177,11.3301,11.3301,71.8628
8,460,40096.3151,0.0,0.9037,10.9188,10.9188,60.6431
8,461,40148.7664,0.0,7.2024,10.566,10.566,38.8325
8,462,40175.7949,0.0,7.3946,10.4986,10.4986,64.2954
8,463,40722.4817,0.0,4.8344,10.5385,10.5385,52.2864
8,464,40882.7952,0.0,9.1381,12.9831,12.9831,63.8034
8,465,41022.6988,0.0,2.3525,6.3891,6.3891,92.6893
8,466,41161.7198,0.0,9.198,15.6507,15.6507,62.9274
8,467,41176.5124,0.0,12.3717,20.3754,20.3754,77.4343
8,468,41297.5159,0.0,2.3626,5.7627,5.7627,67.4323
8,469,41385.4743,0.0,3.1265,8.7879,8.7879,66.2065
8,470,41399.1635,0.0,7.1275,19.4953,19.4953,59.8034
8,471,41526.2882,0.0,1.5923,7.2552,7.2552,30.1876
8,472,41672.0304,0.0,3.6302,12.4561,12.4561,51.9977
8,473,41687.6155,0.0,6.0694,22.2682,22.2682,47.638
8,474,41889.8643,0.0,4.5563,10.5315,10.5315,63.9762
8,475,42068.6441,0.0,3.8518,13.4647,13.4647,45.749
8,476,42161.566,0.0,4.4196,6.2172,6.2172,41.4714
8,477,42278.666,0.0,1.9796,3.2253,3.2253,30.5624
8,478,42371.6226,0.0,3.9915,9.1954,9.1954,44.6518
8,479,42425.8617,0.0,3.4767,8.0253,8.0253,42.0035
8,480,42506.2085,0.0,1.0375,5.2577,5.2577,37.5154
8,481,42582.7794,0.0,4.0919,8.3876,8.3876,30.762
8,482,42599.2634,0.0,9.401,13.408,13.408,35.6163
8,483,42604.3637,0.0,9.5307,16.7374,16.7374,68.0711
8,484,42639.563,0.0,2.573,11.8492,11.8492,88.9339
8,485,42734.6082,0.0,5.2162,65.2162,65.2162,107.902
8,486,43009.1703,0.0,12.4637,24.3611,24.3611,57.9609
8,487,43003.6692,0.0,4.1019,64.1019,64.1019,95.5913
8,488,43122.0348,0.0,3.0645,8.8142,8.8142,62.8161
8,489,43135.558,0.0,4.7681,7.0029,7.0029,54.7187
8,490,43139.7726,0.0,4.4054,8.8434,8.8434,73.5313
9,1,0.0,0.0,5.2787,15.5409,15.5409,58.7603
9,2,108.3337,0.0,0.915,5.6468,5.6468,32.9563
9,3,235.2126,0.0,2.7217,8.661,8.661,49.3098
9,4,290.8898,0.0,1.1289,3.8441,3.8441,55.0624
9,5,537.9746,0.0,1.1453,6.7931,6.7931,44.007
9,6,585.4648,0.0,10.3292,12.2572,12.2572,66.6461
9,7,682.1878,0.0,9.8604,13.1255,13.1255,57.0997
9,8,689.2315,0.0,4.4751,15.0785,15.0785,66.1391
9,9,905.255,0.0,3.6565,11.4835,11.4835,66.2685
9,10,916.5043,0.0,9.2349,9.7876,9.7876,59.0672
9,11,971.0681,0.0,6.0842,11.2645,11.2645,30.0944
9,12,1058.7047,0.0,4.8517,9.6288,9.6288,61.89
9,13,1072.595,0.0,8.0853,13.0223,13.0223,67.4249
9,14,1128.3962,0.0,4.1201,8.167,8.167,35.9819
9,15,1264.918,0.0,2.3995,13.5765,13.5765,99.5082
9,16,1374.271,0.0,2.5904,6.842,6.842,42.7984
9,17,1377.3319,0.0,4.7363,19.9086,19.9086,64.9372
9,18,1907.5852,0.0,4.4862,9.6218,9.6218,77.709
9,19,1953.1752,0.0,7.3261,11.181,11.181,63.4788
9,20,2003.0685,0.0,6.9838,12.0537,12.0537,86.2063
9,21,2011.7197,0.0,6.8289,9.344,9.344,99.8497
9,22,2120.2574,0.0,7.1693,12.2383,12.2383,61.3676
9,23,2140.526,0.0,14.5736,17.5729,17.5729,71.2935
9,24,2142.7685,0.0,19.5516,33.9361,33.9361,49.0332
9,25,2170.2616,0.0,23.383,26.3039,26.3039,88.3743
9,26,2202.9754,0.0,3.7634,8.0824,8.0824,53.3694
9,27,2244.8677,0.0,6.6121,13.8993,13.8993,33.6277
9,28,2259.13,0.0,7.449,10.9861,10.9861,39.777
9,29,2292.5699,0.0,4.7847,5.6209,5.6209,99.0065
9,30,2344.6403,0.0,13.3256,17.7199,17.7199,74.6023
9,31,2469.5146,0.0,6.5565,9.2208,9.2208,58.0455
9,32,2500.8326,0.0,1.918,8.5416,8.5416,38.9168
9,33,2564.7346,0.0,2.6895,6.7273,6.7273,46.6926
9,34,2561.8092,0.0,3.7637,11.5773,11.5773,53.7899
9,35,2675.4092,0.0,4.9014,9.7518,9.7518,59.6246
9,36,2699.2347,0.0,6.7512,11.225,11.225,55.8325
9,37,2710.528,0.0,3.8775,10.9073,10.9073,46.8356
9,38,2722.2262,0.0,16.7449,20.8137,20.8137,77.7327
9,39,2762.4378,0.0,0.5286,16.0082,16.0082,63.6497
9,40,2772.9369,0.0,6.4493,12.375,12.375,58.4609
9,41,2781.4997,0.0,13.1961,19.1872,19.1872,62.9821
9,42,2890.3934,0.0,5.8686,21.6204,21.6204,50.1615
9,43,3403.1348,0.0,5.163,65.163,65.163,105.2866
9,44,3466.1924,0.0,15.3966,22.033,22.033,61.2282
9,45,3595.3083,0.0,2.1742,5.7852,5.7852,56.6738
9,46,3587.7806,0.0,1.0036,13.9287,13.9287,78.3498
9,47,3626.4961,0.0,1.7553,10.721,10.721,52.776
9,48,3683.4333,0.0,6.7841,11.3933,11.3933,56.7996
9,49,3745.6798,0.0,2.5172,8.3143,8.3143,39.6506
9,50,3774.0042,0.0,3.6938,7.3216,7.3216,67.0495
9,51,3813.2628,0.0,16.1821,23.1413,23.1413,41.849
9,52,3848.4499,0.0,3.3255,8.7033,8.7033,102.9671
9,53,3931.0172,0.0,4.4089,7.2352,7.2352,33.3491
9,54,4067.1727,0.0,4.3111,6.7926,6.7926,42.0383
9,55,4391.0468,0.0,5.9035,7.4435,7.4435,45.0001
9,56,4904.544,0.0,6.9017,11.1015,11.1015,35.0961
9,57,4917.1668,0.0,4.6215,29.4888,29.4888,78.7101
9,58,5020.5668,0.0,3.1555,7.5852,7.5852,61.2151
9,59,5033.5544,0.0,6.8172,10.7842,10.7842,87.6581
9,60,5080.5095,0.0,7.3934,12.8856,12.8856,57.1966
9,61,5126.8302,0.0,5.7948,11.3661,11.3661,40.1056
9,62,5156.0328,0.0,6.3066,12.3486,12.3486,50.8588
9,63,5159.0932,0.0,5.3676,12.998,12.998,87.0309
9,64,5423.0389,0.0,1.2662,15.5434,15.5434,61.2771
9,65,5455.6709,0.0,10.2535,11.6435,11.6435,56.0242
9,66,5459.8079,0.0,4.1133,8.4892,8.4892,77.4938
9,67,5462.1733,0.0,9.5833,16.5529,16.5529,84.0227
9,68,5482.5888,0.0,2.0335,6.9628,6.9628,98.2155
9,69,5477.1032,0.0,10.9657,15.0834,15.0834,85.221
9,70,5518.1695,0.0,17.3737,21.587,21.587,66.0658
9,71,5570.1243,0.0,2.0445,4.8615,4.8615,41.6036
9,72,5609.9773,0.0,2.8808,6.6044,6.6044,77.5746
9,73,5605.5577,0.0,2.0747,28.254,28.254,94.2259
9,74,5688.6267,0.0,3.2822,6.3675,6.3675,50.7741
9,75,5840.5339,0.0,3.015,4.8155,4.8155,88.8804
9,76,5848.9973,0.0,2.8375,15.4288,15.4288,84.7589
9,77,5916.2123,0.0,4.5788,7.5154,7.5154,35.7598
9,78,5945.8497,0.0,13.2132,73.2132,73.2132,117.558
9,79,6142.3868,0.0,2.3246,29.055,29.055,86.0481
9,80,6283.0112,0.0,4.6937,9.5353,9.5353,91.0248
9,81,6317.5812,0.0,2.6828,9.201,9.201,66.3011
9,82,6501.7004,0.0,3.8352,6.0159,6.0159,34.4416
9,83,6494.0699,0.0,7.449,25.9091,25.9091,39.1987
9,84,6514.3235,0.0,9.7461,14.2342,14.2342,72.9847
9,85,6563.5003,0.0,8.3837,15.1455,15.1455,46.0227
9,86,6568.3615,0.0,13.0531,29.4273,29.4273,41.5756
9,87,6588.6677,0.0,5.3418,11.1036,11.1036,72.1241
9,88,6698.7856,0.0,4.2405,9.985,9.985,49.2132
9,89,6702.7806,0.0,3.1807,10.092,10.092,58.9538
9,90,6790.9919,0.0,4.975,13.2808,13.2808,90.6694
9,91,6808.6404,0.0,6.0789,11.9201,11.9201,82.9221
9,92,7024.4262,0.0,5.646,8.2659,8.2659,25.8441
9,93,7054.894,0.0,4.7681,6.6807,6.6807,35.3313
9,94,7415.2443,0.0,4.5384,10.7828,10.7828,69.2491
9,95,7580.0799,0.0,4.5361,11.1435,11.1435,68.0396
9,96,7844.0371,0.0,8.208,13.9267,13.9267,46.5066
9,97,7969.7277,0.0,7.5382,11.804,11.804,65.8561
9,98,8050.9435,0.0,4.0893,7.3112,7.3112,72.8009
9,99,8152.5203,0.0,8.9185,11.9227,11.9227,59.5112
9,100,8177.378,0.0,6.3852,13.3734,13.3734,48.635
9,101,8435.1647,0.0,8.5001,13.4922,13.4922,37.9351
9,102,8450.1555,0.0,6.8598,9.9498,9.9498,37.7364
9,103,8471.6131,0.0,0.0,6.0512,6.0512,45.529
9,104,8480.0988,0.0,7.8957,12.4673,12.4673,73.1957
9,105,8491.1568,0.0,0.5239,4.685,4.685,85.52
9,106,8672.6508,0.0,3.5903,11.0877,11.0877,54.1094
9,107,8710.0901,0.0,3.9174,6.2602,6.2602,62.291
9,108,8706.7781,0.0,3.6696,10.3815,10.3815,143.052
9,109,9167.825,0.0,5.3035,21.9608,21.9608,64.1616
9,110,9229.3032,0.0,3.6841,8.9754,8.9754,76.8333
9,111,9259.6203,0.0,1.9328,7.8853,7.8853,51.5427
9,112,9295.279,0.0,1.697,10.2528,10.2528,56.8496
9,113,9542.8455,0.0,0.6043,2.9782,2.9782,40.5289
9,114,9575.0683,0.0,11.4945,14.379,14.379,79.2799
9,115,9939.0609,0.0,3.7044,6.1154,6.1154,150.3229
9,116,10091.5256,0.0,8.4182,16.6625,16.6625,44.3826
9,117,10186.5497,0.0,5.0356,11.6452,11.6452,38.957
9,118,10407.7772,0.0,6.423,10.5115,10.5115,49.9192
9,119,10699.0782,0.0,1.8773,21.7447,21.7447,23.4274
9,120,10729.1048,0.0,1.0698,2.0565,2.0565,63.3023
9,121,10739.5284,0.0,5.1641,8.3562,8.3562,53.1926
9,122,10750.9951,0.0,9.7286,12.9936,12.9936,50.6543
9,123,10754.0566,0.0,6.9681,11.3525,11.3525,52.0608
9,124,10967.4352,0.0,6.9517,11.5617,11.5617,45.0392
9,125,11000.9679,0.0,5.0217,14.7446,14.7446,66.2472
9,126,11165.5494,0.0,5.9373,20.4518,20.4518,40.1
9,127,11307.8497,0.0,5.3893,18.1583,18.1583,47.5464
9,128,11317.0415,0.0,4.5075,15.5326,15.5326,52.2107
9,129,11397.5466,0.0,2.4046,9.6689,9.6689,75.0764
9,130,11418.7272,0.0,3.203,7.1455,7.1455,91.3802
9,131,11468.9668,0.0,2.1911,6.7895,6.7895,55.606
9,132,11480.6696,0.0,8.9273,19.88,19.88,65.8513
9,133,11602.4367,0.0,3.7541,9.9092,9.9092,43.7682
9,134,12201.9825,0.0,4.6299,6.7411,6.7411,39.4217
9,135,12209.9838,0.0,17.1216,20.2912,20.2912,74.4448
9,136,12298.9273,0.0,1.0269,3.7373,3.7373,41.0734
9,137,12314.1839,0.0,9.257,12.8874,12.8874,35.5078
9,138,12472.3171,0.0,0.4966,7.3582,7.3582,39.5501
9,139,12483.2448,0.0,9.2089,12.1444,12.1444,38.4079
9,140,12547.8149,0.0,5.8799,13.8974,13.8974,59.7103
9,141,12607.2574,0.0,5.2394,12.5581,12.5581,43.4852
9,142,12648.6438,0.0,4.3707,13.768,13.768,67.5647
9,143,12802.203,0.0,3.7698,5.6012,5.6012,37.7812
9,144,12976.9673,0.0,4.3814,9.454,9.454,55.8346
9,145,13321.2247,0.0,2.4294,5.7649,5.7649,75.2788
9,146,13282.9276,0.0,2.6463,44.981,44.981,86.5607
9,147,13468.9185,0.0,4.0679,9.0646,9.0646,68.5311
9,148,13491.6102,0.0,6.3142,34.3245,34.3245,78.6616
9,149,13554.4483,0.0,7.8085,31.0169,31.0169,87.8591
9,150,13649.6421,0.0,4.2711,9.639,9.639,48.0761
9,151,13706.4595,0.0,2.5094,8.3532,8.3532,41.814
9,152,13725.1483,0.0,4.708,14.0325,14.0325,164.2821
9,153,13733.3569,0.0,5.8673,13.2822,13.2822,170.1561
9,154,13789.4393,0.0,5.6048,16.6016,16.6016,119.2412
9,155,13851.1467,0.0,2.6891,10.9621,10.9621,67.2039
9,156,13955.4558,0.0,4.6331,7.2381,7.2381,30.1388
9,157,13976.1075,0.0,3.4247,21.2222,21.2222,102.7059
9,158,14014.6656,0.0,2.561,14.2786,14.2786,68.4434
9,159,14151.4716,0.0,4.8221,18.2758,18.2758,54.1757
9,160,14195.7055,0.0,6.0572,9.3224,9.3224,31.4751
9,161,14422.6556,0.0,1.1267,7.1621,7.1621,76.7787
9,162,14422.1551,0.0,6.2376,26.982,26.982,85.4609
9,163,14561.8268,0.0,4.6,15.5359,15.5359,42.9273
9,164,14561.0793,0.0,3.9509,41.8318,41.8318,76.2533
9,165,14643.3346,0.0,3.6744,7.3453,7.3453,70.1485
9,166,14928.4735,0.0,7.4453,33.6369,33.6369,90.4944
9,167,14972.8494,0.0,3.6398,9.1794,9.1794,76.3176
9,168,15036.9752,0.0,4.4751,10.2885,10.2885,57.4417
9,169,15038.5134,0.0,4.7847,10.0264,10.0264,74.5925
9,170,15052.3965,0.0,6.6027,19.6861,19.6861,63.9792
9,171,15128.5273,0.0,4.6208,26.7767,26.7767,175.1736
9,172,15161.7759,0.0,7.2101,8.5596,8.5596,159.6519
9,173,15262.1231,0.0,2.8981,7.2596,7.2596,73.102
9,174,15291.7644,0.0,1.2543,4.0056,4.0056,57.4991
9,175,15284.2233,0.0,12.2008,20.0181,20.0181,54.8659
9,176,15301.5178,0.0,2.5003,7.5713,7.5713,101.2055
9,177,15323.9683,0.0,12.7129,17.2219,17.2219,72.0452
9,178,15407.3142,0.0,2.0804,7.2246,7.2246,69.118
9,179,15421.4262,0.0,5.572,65.572,65.572,109.6243
9,180,15571.0833,0.0,6.3012,10.4253,10.4253,40.4849
9,181,15768.4324,0.0,3.0501,22.4959,22.4959,54.797
9,182,16335.0338,0.0,6.6787,10.0433,10.0433,59.8838
9,183,16377.4912,0.0,6.4706,11.3016,11.3016,54.2578
9,184,16539.7771,0.0,8.6401,16.2432,16.2432,138.8775
9,185,16698.4766,0.0,5.8275,7.2607,7.2607,46.3886
9,186,16977.2416,0.0,2.7055,5.3191,5.3191,61.8389
9,187,17045.0437,0.0,6.627,15.9303,15.9303,45.3868
9,188,17091.2981,0.0,4.3393,6.7026,6.7026,62.0483
9,189,17149.6796,0.0,4.4725,9.2712,9.2712,44.3174
9,190,17199.7255,0.0,7.489,12.5455,12.5455,62.9601
9,191,17237.5962,0.0,4.16,10.6978,10.6978,40.6241
9,192,17250.8091,0.0,3.08,6.7963,6.7963,32.0434
9,193,17277.0071,0.0,10.7347,27.2907,27.2907,52.0044
9,194,17349.6601,0.0,5.4339,16.8242,16.8242,59.8849
9,195,17459.9638,0.0,6.797,49.2762,49.2762,98.9185
9,196,17862.6302,0.0,7.3318,11.3477,11.3477,64.934
9,197,17911.2191,0.0,2.8225,19.3193,19.3193,48.1053
9,198,18057.4448,0.0,8.4345,11.7831,11.7831,36.1371
9,199,18197.6639,0.0,7.1234,34.0594,34.0594,108.3525
9,200,18284.3761,0.0,4.8928,10.2747,10.2747,39.9574
9,201,18353.7622,0.0,1.5936,6.0373,6.0373,44.8785
9,202,18413.914,0.0,3.4333,6.1413,6.1413,40.1362
9,203,18446.1255,0.0,4.4054,15.7208,15.7208,42.5561
9,204,18461.8159,0.0,6.1175,14.3087,14.3087,44.3009
9,205,18524.3962,0.0,2.4426,5.3291,5.3291,33.3734
9,206,18740.1048,0.0,1.1474,17.5958,17.5958,34.831
9,207,19313.5561,0.0,2.3455,5.4977,5.4977,79.0596
9,208,19413.3812,0.0,3.7807,8.9227,8.9227,53.5535
9,209,19439.2572,0.0,4.8798,9.6698,9.6698,61.9472
9,210,19441.3981,0.0,8.3265,12.3301,12.3301,80.6535
9,211,19494.7137,0.0,10.2833,18.6281,18.6281,40.5568
9,212,19517.5123,0.0,19.6821,49.9572,49.9572,100.9264
9,213,19699.9714,0.0,2.561,10.0349,10.0349,16.5012
9,214,19871.4664,0.0,6.5062,11.3062,11.3062,54.8854
9,215,19907.1155,0.0,4.19,20.8484,20.8484,48.6976
9,216,20181.6855,0.0,7.3258,13.9953,13.9953,51.715
9,217,20203.4465,0.0,5.7269,12.065,12.065,48.7108
9,218,20386.2817,0.0,4.9671,17.9696,17.9696,65.1239
9,219,20598.0548,0.0,0.9332,6.4,6.4,35.2945
9,220,20701.7003,0.0,5.6974,6.7902,6.7902,64.1002
9,221,20744.4046,0.0,0.3914,4.8371,4.8371,47.5128
9,222,20813.9934,0.0,1.0664,2.1922,2.1922,41.1333
9,223,20829.2975,0.0,10.2833,15.5383,15.5383,45.3107
9,224,20852.5565,0.0,8.4813,16.6681,16.6681,54.7463
9,225,20989.3809,0.0,7.6462,14.677,14.677,56.6773
9,226,21013.5,0.0,4.199,8.7306,8.7306,98.3225
9,227,20975.133,0.0,2.7875,62.7875,62.7875,74.0061
9,228,21117.6417,0.0,3.3242,9.315,9.315,109.9304
9,229,21362.2999,0.0,5.8608,8.847,8.847,33.8925
9,230,21387.0731,0.0,6.3258,8.8148,8.8148,89.9249
9,231,21516.6601,0.0,2.3024,6.1991,6.1991,49.2843
9,232,21559.7491,0.0,5.6981,8.3364,8.3364,83.5068
9,233,21566.1213,0.0,7.0019,13.6514,13.6514,85.7592
9,234,21780.8751,0.0,2.9396,8.8847,8.8847,49.6703
9,235,22079.9973,0.0,3.414,11.3441,11.3441,52.6828
9,236,22235.0477,0.0,3.2385,8.1481,8.1481,81.513
9,237,22396.8934,0.0,1.2808,7.0145,7.0145,30.5507
9,238,22590.1407,0.0,11.3727,15.4014,15.4014,67.4001
9,239,22629.6706,0.0,6.9368,12.6782,12.6782,58.1077
9,240,22672.5984,0.0,6.3526,9.7465,9.7465,58.6825
9,241,22657.5668,0.0,8.837,35.4338,35.4338,52.481
9,242,22685.3718,0.0,8.984,26.9599,26.9599,53.628
9,243,23096.2861,0.0,1.8865,2.983,2.983,38.2915
9,244,23087.0329,0.0,6.5466,14.6757,14.6757,80.3394
9,245,23227.15,0.0,0.8177,3.7077,3.7077,40.3208
9,246,23498.1559,0.0,3.022,9.089,9.089,32.7834
9,247,23754.9269,0.0,8.2457,14.6635,14.6635,54.6658
9,248,23806.9892,0.0,5.526,8.1367,8.1367,55.6857
9,249,23924.0344,0.0,6.731,11.0933,11.0933,55.2865
9,250,24060.6586,0.0,5.1713,7.9751,7.9751,61.596
9,251,24193.7106,0.0,2.9952,7.4004,7.4004,35.7841
9,252,24212.5678,0.0,4.7732,9.5891,9.5891,41.4687
9,253,24483.0908,0.0,2.7908,7.0776,7.0776,25.2536
9,254,24578.8271,0.0,4.5666,10.2501,10.2501,66.4314
9,255,24577.8359,0.0,3.5395,23.5616,23.5616,74.6648
9,256,24719.8839,0.0,6.423,11.8935,11.8935,55.2573
9,257,24728.9544,0.0,7.8937,21.2032,21.2032,73.7211
9,258,24771.2758,0.0,8.9138,12.7715,12.7715,45.1946
9,259,24964.5784,0.0,2.8793,10.0117,10.0117,43.9868
9,260,25213.7802,0.0,1.4679,3.9142,3.9142,35.3711
9,261,25302.4302,0.0,4.0913,7.406,7.406,34.3436
9,262,25311.3198,0.0,4.5409,5.8844,5.8844,97.1364
9,263,25303.2148,0.0,13.5882,22.9403,22.9403,100.263
9,264,25326.3721,0.0,7.2741,11.0982,11.0982,93.7406
9,265,25340.3883,0.0,2.4917,6.0631,6.0631,99.1462
9,266,25451.606,0.0,1.1271,3.2996,3.2996,50.5786
9,267,25458.9295,0.0,2.6778,6.7777,6.7777,66.6425
9,268,25498.5251,0.0,4.0223,7.2377,7.2377,34.2392
9,269,25540.7138,0.0,3.0251,8.3263,8.3263,58.8596
9,270,25562.2622,0.0,2.9737,6.294,6.294,66.9452
9,271,25607.4387,0.0,3.6374,5.9815,5.9815,38.6062
9,272,25824.3468,0.0,4.8975,9.7202,9.7202,55.9359
9,273,25965.5352,0.0,3.6997,6.5794,6.5794,56.3953
9,274,26062.9409,0.0,4.5361,10.3504,10.3504,87.1131
9,275,26309.7943,0.0,2.2977,10.8886,10.8886,99.3321
9,276,26650.9407,0.0,6.4504,8.6669,8.6669,75.9843
9,277,26806.5667,0.0,1.5699,13.1263,13.1263,69.8798
9,278,26927.9956,0.0,6.9368,9.7142,9.7142,32.0489
9,279,26948.9855,0.0,8.0135,10.5082,10.5082,65.9747
9,280,27045.3866,0.0,1.5995,10.0378,10.0378,36.8599
9,281,27090.6087,0.0,5.4476,16.6595,16.6595,45.4465
9,282,27205.7308,0.0,1.1719,10.6314,10.6314,46.2543
9,283,27278.6712,0.0,3.6174,6.4387,6.4387,47.4141
9,284,27324.5433,0.0,4.8518,9.4102,9.4102,23.5541
9,285,27380.4292,0.0,6.366,16.3199,16.3199,51.3478
9,286,27385.3761,0.0,4.3043,22.7357,22.7357,75.047
9,287,27436.6386,0.0,8.6414,14.1144,14.1144,80.8005
9,288,27702.0374,0.0,4.6194,10.9281,10.9281,69.4151
9,289,27909.2416,0.0,2.6466,6.8917,6.8917,45.4082
9,290,28001.5236,0.0,3.1807,10.2828,10.2828,32.8468
9,291,28029.4917,0.0,8.0037,10.8426,10.8426,70.2283
9,292,28095.0102,0.0,4.192,8.2792,8.2792,36.5782
9,293,28340.8407,0.0,0.8772,4.3666,4.3666,43.9592
9,294,28526.2789,0.0,5.5898,12.6312,12.6312,51.2124
9,295,28605.3785,0.0,3.1103,10.7281,10.7281,30.514
9,296,28974.6178,0.0,3.0219,11.3908,11.3908,60.0393
9,297,29123.0259,0.0,2.5307,6.9592,6.9592,34.3618
9,298,29294.3777,0.0,3.8144,5.6241,5.6241,52.5332
9,299,29507.0176,0.0,5.8554,11.0949,11.0949,55.1521
9,300,29602.2939,0.0,13.9478,24.4909,24.4909,57.9126
9,301,29636.1772,0.0,2.8793,17.3983,17.3983,42.3021
9,302,29639.8221,0.0,9.4549,19.6757,19.6757,50.1682
9,303,29644.9087,0.0,16.0209,19.3022,19.3022,68.0625
9,304,29869.3307,0.0,1.1283,2.9796,2.9796,57.2572
9,305,29855.9642,0.0,6.0782,24.1876,24.1876,75.0811
9,306,29920.7016,0.0,5.455,13.3196,13.3196,100.5444
9,307,30011.9686,0.0,4.7292,11.2344,11.2344,56.0024
9,308,30055.0864,0.0,1.3376,6.4643,6.4643,39.0962
9,309,30113.8837,0.0,3.5177,17.6713,17.6713,42.8118
9,310,30123.2824,0.0,6.3709,10.1777,10.1777,54.5369
9,311,30227.7039,0.0,4.8975,11.2234,11.2234,39.9891
9,312,30280.5457,0.0,2.8242,11.2702,11.2702,35.1841
9,313,30320.0865,0.0,8.5271,12.0582,12.0582,71.7696
9,314,30457.561,0.0,2.4035,5.6804,5.6804,25.5918
9,315,30558.4493,0.0,4.0628,13.1366,13.1366,50.8779
9,316,30851.0157,0.0,3.0681,7.955,7.955,47.0815
9,317,30891.5866,0.0,7.5405,18.5872,18.5872,118.0446
9,318,30929.4407,0.0,7.7138,37.5067,37.5067,82.8612
9,319,30956.7582,0.0,7.7612,20.8328,20.8328,58.469
9,320,30984.7159,0.0,9.414,17.1169,17.1169,32.5081
9,321,31016.8978,0.0,10.4009,17.9535,17.9535,46.0477
9,322,31040.7159,0.0,3.425,7.8991,7.8991,80.389
9,323,31065.1238,0.0,9.7702,17.1759,17.1759,52.3344
9,324,31152.6074,0.0,6.9138,13.2806,13.2806,40.6149
9,325,31187.1949,0.0,2.573,7.9237,7.9237,75.1087
9,326,31319.8501,0.0,1.652,11.7077,11.7077,31.0707
9,327,31330.6533,0.0,4.6215,7.3814,7.3814,36.3876
9,328,31409.584,0.0,4.037,8.862,8.862,27.9498
9,329,31423.4658,0.0,7.6411,14.223,14.223,53.3665
9,330,31455.03,0.0,7.0156,13.5233,13.5233,38.803
9,331,31475.6753,0.0,3.2944,6.0323,6.0323,50.9435
9,332,31487.5369,0.0,4.3632,8.4474,8.4474,67.9348
9,333,31486.9657,0.0,11.7053,25.1558,25.1558,79.6299
9,334,31537.319,0.0,3.1393,5.4524,5.4524,49.3371
9,335,31574.8925,0.0,5.3576,24.8974,24.8974,56.3362
9,336,31599.29,0.0,3.3277,18.7994,18.7994,72.4814
9,337,31736.1782,0.0,0.9513,8.211,8.211,44.9576
9,338,32117.8493,0.0,5.2486,18.278,18.278,38.8266
9,339,32200.0575,0.0,4.4227,12.3312,12.3312,44.6133
9,340,32287.5078,0.0,3.3962,14.5301,14.5301,44.4254
9,341,32349.2266,0.0,4.5441,12.6043,12.6043,30.1333
9,342,32353.044,0.0,6.9079,13.9977,13.9977,45.8747
9,343,32367.7703,0.0,13.6957,22.3133,22.3133,51.5098
9,344,32398.4237,0.0,1.7553,20.1705,20.1705,79.066
9,345,32492.0503,0.0,4.5513,9.3849,9.3849,56.3871
9,346,32812.6953,0.0,5.3766,8.4494,8.4494,53.8577
9,347,32856.2068,0.0,3.6493,16.1106,16.1106,49.1965
9,348,33682.3466,0.0,5.6381,12.5811,12.5811,39.6815
9,349,34053.4475,0.0,1.9327,5.628,5.628,56.5118
9,350,34273.3034,0.0,4.8629,23.2514,23.2514,46.0059
9,351,34307.4955,0.0,2.9612,11.2273,11.2273,82.1402
9,352,34404.3619,0.0,1.5114,11.0658,11.0658,68.5499
9,353,34407.3082,0.0,5.7465,16.474,16.474,74.8854
9,354,34615.3484,0.0,3.3471,6.9201,6.9201,56.0323
9,355,34653.4744,0.0,9.6285,11.2223,11.2223,27.5552
9,356,35046.112,0.0,5.6258,14.2514,14.2514,36.1434
9,357,35057.3433,0.0,3.3818,6.0755,6.0755,33.0473
9,358,35057.2135,0.0,6.3731,7.7167,7.7167,59.7956
9,359,35153.3799,0.0,5.1827,10.7308,10.7308,65.9659
9,360,35202.8437,0.0,1.4389,6.2021,6.2021,56.5031
9,361,35350.8703,0.0,5.1499,8.0526,8.0526,51.2502
9,362,35358.5595,0.0,8.1126,14.8078,14.8078,70.9642
9,363,35395.9963,0.0,3.6747,8.8747,8.8747,45.9747
9,364,35507.4177,0.0,1.9107,5.7248,5.7248,35.2963
9,365,35523.0791,0.0,2.9326,6.0113,6.0113,78.112
9,366,35566.172,0.0,3.0634,8.8308,8.8308,53.772
9,367,35742.5594,0.0,2.316,8.2213,8.2213,58.5251
9,368,35809.7742,0.0,3.1265,9.2252,9.2252,38.1937
9,369,35873.4166,0.0,0.5262,4.2472,4.2472,41.4786
9,370,35879.0497,0.0,1.9887,3.5676,3.5676,53.9931
9,371,35904.7785,0.0,1.7008,13.3932,13.3932,29.5689
9,372,36004.281,0.0,2.1187,3.34,3.34,87.619
9,373,36014.3706,0.0,3.54,6.8913,6.8913,100.6619
9,374,36349.9731,0.0,2.0974,6.6762,6.6762,34.3133
9,375,36375.8415,0.0,2.7993,6.1196,6.1196,43.5924
9,376,36462.3967,0.0,7.0942,12.6416,12.6416,40.2034
9,377,36568.6756,0.0,2.9477,6.2378,6.2378,77.4711
9,378,36688.0438,0.0,2.6758,9.8065,9.8065,48.6329
9,379,36697.9637,0.0,2.2707,5.6588,5.6588,66.3348
9,380,36688.3377,0.0,16.1772,17.9358,17.9358,81.6085
9,381,36732.5359,0.0,7.5373,14.7286,14.7286,49.8526
9,382,36766.103,0.0,6.0945,10.2862,10.2862,56.3886
9,383,36767.2801,0.0,12.5418,36.8116,36.8116,112.2695
9,384,36825.7156,0.0,8.7318,9.4942,9.4942,59.2626
9,385,36875.3827,0.0,7.8983,10.0022,10.0022,34.6511
9,386,36902.246,0.0,3.6957,5.4214,5.4214,64.5962
9,387,36952.7991,0.0,2.9741,6.056,6.056,39.1422
9,388,37202.1467,0.0,3.7372,10.3477,10.3477,47.2341
9,389,37350.4337,0.0,2.4561,14.1368,14.1368,68.2453
9,390,37388.9803,0.0,4.19,10.7216,10.7216,61.3732
9,391,37560.3528,0.0,4.2563,16.4234,16.4234,45.574
9,392,37599.6234,0.0,2.8329,22.2025,22.2025,67.3667
9,393,37695.7685,0.0,13.1486,18.0892,18.0892,64.3112
9,394,37793.3611,0.0,3.1579,7.2171,7.2171,82.9044
9,395,38064.4081,0.0,7.4506,11.0192,11.0192,49.0792
9,396,38062.7854,0.0,7.8128,20.5457,20.5457,65.6166
9,397,38101.9079,0.0,4.0955,8.0114,8.0114,33.3335
9,398,38120.8538,0.0,4.308,7.1709,7.1709,56.9028
9,399,38275.5091,0.0,2.1421,6.589,6.589,48.2233
9,400,38275.5528,0.0,4.3938,10.9429,10.9429,59.0741
9,401,38544.2028,0.0,4.6123,20.9294,20.9294,56.5964
9,402,38683.1326,0.0,0.6656,4.1495,4.1495,48.1881
9,403,38762.1957,0.0,4.5968,6.5629,6.5629,30.6416
9,404,38768.9229,0.0,6.6357,11.3161,11.3161,79.0269
9,405,38956.498,0.0,3.05,6.8588,6.8588,47.5904
9,406,39165.9981,0.0,0.7994,4.6274,4.6274,61.608
9,407,39392.944,0.0,6.1831,9.7964,9.7964,66.0024
9,408,39494.4784,0.0,6.7544,30.7106,30.7106,103.2207
9,409,39525.5641,0.0,4.6299,11.3777,11.3777,86.8371
9,410,39527.3584,0.0,6.2612,16.3294,16.3294,98.3509
9,411,39585.3732,0.0,2.2842,4.688,4.688,42.9139
9,412,39643.0743,0.0,5.5186,28.4047,28.4047,123.8785
9,413,39661.1786,0.0,9.8907,17.4215,17.4215,148.2645
9,414,39706.7465,0.0,1.8604,17.4403,17.4403,92.8054
9,415,39733.7693,0.0,5.2649,12.6441,12.6441,73.5451
9,416,39762.5802,0.0,9.7452,14.0532,14.0532,48.1604
9,417,39925.341,0.0,6.2016,9.3268,9.3268,49.3878
9,418,39953.6434,0.0,4.6953,6.6852,6.6852,48.9291
9,419,39957.197,0.0,3.1129,7.3625,7.3625,84.7174
9,420,39974.3343,0.0,6.14,20.5211,20.5211,77.9445
9,421,39985.4664,0.0,7.0891,23.0931,23.0931,88.0969
9,422,40002.2116,0.0,13.7253,16.2482,16.2482,83.4109
9,423,40077.9523,0.0,2.9464,17.07,17.07,65.9413
9,424,40252.193,0.0,7.0519,8.7986,8.7986,39.5348
9,425,40383.6215,0.0,1.3607,10.48,10.48,48.5859
9,426,40474.2676,0.0,6.4447,13.1332,13.1332,47.4072
9,427,40508.9907,0.0,4.9925,11.6343,11.6343,78.0158
9,428,40531.9418,0.0,4.3295,8.267,8.267,60.849
9,429,40631.8816,0.0,5.1054,9.2891,9.2891,39.0984
9,430,40714.5471,0.0,1.7992,4.5116,4.5116,124.9112
9,431,40886.6884,0.0,7.6301,15.2246,15.2246,47.9672
9,432,40911.5715,0.0,5.1111,7.1818,7.1818,61.9676
9,433,40966.5958,0.0,5.4873,14.0789,14.0789,66.3032
9,434,41123.0325,0.0,4.1156,6.1967,6.1967,30.8412
9,435,41279.0619,0.0,4.1587,6.0769,6.0769,51.6961
9,436,41280.1827,0.0,9.8521,11.7925,11.7925,66.4837
9,437,41368.1211,0.0,4.3653,6.3456,6.3456,29.4026
9,438,41434.6334,0.0,1.763,5.7377,5.7377,36.2531
9,439,41619.5979,0.0,6.6685,8.5515,8.5515,51.3762
9,440,41656.2467,0.0,4.7998,28.7112,28.7112,73.1588
9,441,41788.9663,0.0,6.6321,17.9028,17.9028,59.0388
9,442,41860.8569,0.0,5.9123,16.7422,16.7422,64.0225
9,443,42345.9037,0.0,7.6627,19.0903,19.0903,78.2691
9,444,42378.3598,0.0,5.1928,11.6645,11.6645,51.0399
9,445,42397.351,0.0,12.2665,16.2714,16.2714,71.3793
9,446,42494.4752,0.0,2.1693,14.675,14.675,45.0633
9,447,42614.8977,0.0,6.8602,10.9092,10.9092,66.6397
9,448,42633.6562,0.0,16.4959,19.3663,19.3663,93.3859
9,449,42728.3365,0.0,1.6162,7.7707,7.7707,36.0133
9,450,42724.1996,0.0,0.4549,14.4859,14.4859,53.8709
9,451,42812.9423,0.0,7.0519,10.9967,10.9967,52.2393
9,452,42954.1405,0.0,5.5948,19.5031,19.5031,56.7418
10,1,0.0,0.0,1.1483,4.7848,4.7848,41.6695
10,2,418.2685,0.0,1.8462,4.1954,4.1954,45.9042
10,3,442.1812,0.0,9.4898,15.7109,15.7109,68.5002
10,4,505.0227,0.0,6.235,11.5569,11.5569,52.7243
10,5,520.6468,0.0,1.6369,8.0441,8.0441,71.0655
10,6,514.5947,0.0,10.2057,20.6912,20.6912,86.9596
10,7,638.7512,0.0,6.2771,9.0149,9.0149,48.0848
10,8,752.2012,0.0,1.8192,14.8926,14.8926,68.9283
10,9,828.5739,0.0,7.0459,10.1647,10.1647,45.5082
10,10,922.9941,0.0,5.7091,18.8982,18.8982,66.7447
10,11,1226.8016,0.0,4.9039,9.1246,9.1246,55.1597
10,12,1243.7608,0.0,3.0501,12.7201,12.7201,63.7416
10,13,1258.9468,0.0,7.2066,11.7044,11.7044,64.5582
10,14,1379.6216,0.0,1.116,6.0802,6.0802,28.75
10,15,1482.1593,0.0,6.2376,38.6279,38.6279,99.9506
10,16,1593.2328,0.0,1.9169,11.7251,11.7251,64.1279
10,17,1795.9688,0.0,4.022,19.3032,19.3032,63.2349
10,18,1906.2884,0.0,1.5494,12.2888,12.2888,53.0988
10,19,2104.7222,0.0,3.1348,3.9007,3.9007,49.0753
10,20,2122.0325,0.0,6.0831,14.3401,14.3401,45.6136
10,21,2204.0583,0.0,4.4326,12.5953,12.5953,41.4174
10,22,2294.8796,0.0,7.6441,26.5817,26.5817,97.8606
10,23,2483.9464,0.0,2.3091,12.8582,12.8582,35.625
10,24,2488.0327,0.0,5.274,12.2509,12.2509,49.5481
10,25,2512.0121,0.0,5.1995,7.5898,7.5898,39.9478
10,26,2597.2961,0.0,1.3622,9.4258,9.4258,32.4784
10,27,2595.5523,0.0,7.1128,11.4722,11.4722,69.0241
10,28,2615.6325,0.0,8.9506,17.1678,17.1678,94.2742
10,29,2714.263,0.0,4.4126,6.569,6.569,59.1244
10,30,2777.89,0.0,4.4978,10.3892,10.3892,39.6317
10,31,2798.8048,0.0,5.1641,11.2425,11.2425,47.1773
10,32,2922.3719,0.0,1.6959,8.2476,8.2476,62.5211
10,33,3292.3828,0.0,4.1373,9.056,9.056,83.4612
10,34,3485.238,0.0,3.7289,9.8759,9.8759,58.469
10,35,3512.7902,0.0,9.5271,18.9137,18.9137,78.9998
10,36,3581.6138,0.0,3.9837,8.9653,8.9653,34.5771
10,37,3596.7356,0.0,3.4228,5.9662,5.9662,55.0549
10,38,3681.1786,0.0,4.1155,7.1254,7.1254,52.9109
10,39,3823.6003,0.0,2.4909,9.7513,9.7513,31.1066
10,40,4000.3934,0.0,2.8382,15.4507,15.4507,46.2481
10,41,4190.7988,0.0,2.5551,21.3851,21.3851,72.0419
10,42,4434.8072,0.0,4.9963,17.1669,17.1669,36.109
10,43,4442.197,0.0,2.2265,10.5648,10.5648,46.5913
10,44,4714.9555,0.0,3.7156,8.6986,8.6986,29.5961
10,45,4748.7306,0.0,6.6321,9.8545,9.8545,59.5965
10,46,4837.9368,0.0,3.6785,18.3559,18.3559,59.4906
10,47,4862.3121,0.0,6.74,19.82,19.82,92.4419
10,48,4958.9853,0.0,4.56,5.2873,5.2873,25.1047
10,49,5055.1556,0.0,4.8378,7.1152,7.1152,57.9798
10,50,5058.0284,0.0,7.1011,67.1011,67.1011,101.1224
10,51,5206.6263,0.0,6.5183,16.5391,16.5391,60.7232
10,52,5253.4389,0.0,8.0036,15.4598,15.4598,48.2751
10,53,5272.488,0.0,6.5556,9.8332,9.8332,44.111
10,54,5356.7004,0.0,2.3004,9.0897,9.0897,40.337
10,55,5543.9356,0.0,1.1468,5.0788,5.0788,35.5501
10,56,5564.2551,0.0,2.1273,11.1524,11.1524,33.9285
10,57,5598.9303,0.0,4.2311,5.8626,5.8626,50.6373
10,58,5607.6532,0.0,2.2652,8.8868,8.8868,74.0194
10,59,5743.4236,0.0,1.3883,5.161,5.161,43.5401
10,60,5893.7523,0.0,1.5748,5.1487,5.1487,27.3626
10,61,5946.2315,0.0,4.1958,17.9966,17.9966,62.2674
10,62,6111.4419,0.0,6.1443,17.4148,17.4148,42.3818
10,63,6178.2809,0.0,2.6849,5.9663,5.9663,38.7328
10,64,6182.954,0.0,6.2789,8.8806,8.8806,50.9834
10,65,6308.2849,0.0,2.488,14.1271,14.1271,63.9089
10,66,6358.9357,0.0,6.6027,13.8994,13.8994,41.281
10,67,6481.2995,0.0,5.0926,10.1156,10.1156,35.8492
10,68,6669.1863,0.0,3.155,10.7563,10.7563,51.0985
10,69,7001.1495,0.0,4.012,10.6624,10.6624,56.8935
10,70,7053.4991,0.0,4.7556,6.1233,6.1233,39.9675
10,71,7149.6747,0.0,1.3622,4.3408,4.3408,53.0264
10,72,7303.0506,0.0,2.9625,21.3466,21.3466,54.9719
10,73,7677.2025,0.0,2.5543,5.2714,5.2714,48.808
10,74,7758.3196,0.0,6.0131,11.669,11.669,30.1148
10,75,7791.2612,0.0,4.7797,19.1747,19.1747,45.7503
10,76,7950.9996,0.0,6.8411,10.4205,10.4205,33.0872
10,77,7993.3317,0.0,6.5282,9.6358,9.6358,115.456
10,78,8064.1128,0.0,7.4636,10.6026,10.6026,52.2977
10,79,8160.1238,0.0,0.913,4.1499,4.1499,27.1363
10,80,8163.3361,0.0,4.9545,22.9266,22.9266,71.1892
10,81,8191.4681,0.0,3.5293,7.1719,7.1719,63.7334
10,82,8236.3913,0.0,2.9178,4.8146,4.8146,45.4877
10,83,8241.802,0.0,2.4298,9.6282,9.6282,61.7614
10,84,8443.0847,0.0,3.3118,6.0417,6.0417,59.5585
10,85,8472.3157,0.0,2.1103,7.4766,7.4766,42.2907
10,86,8512.7259,0.0,7.9214,20.6652,20.6652,45.9331
10,87,8521.0289,0.0,5.4859,13.072,13.072,65.8129
10,88,8564.4194,0.0,6.3991,21.6313,21.6313,55.9905
10,89,8554.3993,0.0,1.1166,36.2126,36.2126,95.1944
10,90,8599.3658,0.0,4.0108,30.9971,30.9971,60.0536
10,91,8623.8059,0.0,11.7746,13.0645,13.0645,45.9948
10,92,8703.2997,0.0,6.9506,11.2187,11.2187,54.7947
10,93,9009.4833,0.0,5.7919,12.0894,12.0894,49.346
10,94,9087.7427,0.0,1.1087,4.3406,4.3406,32.9941
10,95,9291.6215,0.0,1.0698,9.021,9.021,61.2871
10,96,9304.6669,0.0,2.1796,9.7462,9.7462,56.9423
10,97,9316.1106,0.0,8.5109,21.0632,21.0632,50.2251
10,98,9452.3812,0.0,7.066,12.3872,12.3872,74.3718
10,99,9534.8945,0.0,8.0135,12.6442,12.6442,63.9247
10,100,9618.6351,0.0,3.3566,12.5312,12.5312,85.4358
10,101,9661.4337,0.0,1.1271,3.4185,3.4185,65.7165
10,102,9661.5004,0.0,9.7211,18.0672,18.0672,68.9186
10,103,9673.2403,0.0,10.8396,15.2706,15.2706,80.5276
10,104,9729.8766,0.0,6.5447,8.8827,8.8827,56.1093
10,105,9828.4486,0.0,2.329,3.9678,3.9678,60.0184
10,106,9883.023,0.0,7.9379,15.1798,15.1798,51.4317
10,107,9909.9232,0.0,0.8169,3.309,3.309,64.1419
10,108,10006.2644,0.0,3.4057,13.8466,13.8466,54.0948
10,109,10191.4532,0.0,5.8686,11.4095,11.4095,43.9239
10,110,10412.6654,0.0,4.9672,11.4454,11.4454,44.2512
10,111,10462.5879,0.0,6.0494,9.0905,9.0905,57.9443
10,112,10577.1518,0.0,5.8797,14.7722,14.7722,72.772
10,113,10591.665,0.0,4.6073,8.567,8.567,70.9485
10,114,10599.8558,0.0,6.0961,9.3753,9.3753,105.9253
10,115,10815.8613,0.0,6.1801,13.1246,13.1246,34.2756
10,116,10821.1184,0.0,5.9817,11.0011,11.0011,69.2119
10,117,10939.7148,0.0,1.1548,12.3826,12.3826,74.4271
10,118,10990.4807,0.0,3.4139,9.4831,9.4831,40.0737
10,119,10986.3718,0.0,1.2248,30.9427,30.9427,88.9891
10,120,11018.9799,0.0,6.2228,55.2166,55.2166,80.8418
10,121,11202.4949,0.0,2.8791,12.121,12.121,48.8877
10,122,11207.395,0.0,3.8338,10.8996,10.8996,66.2588
10,123,11213.842,0.0,2.8048,14.0272,14.0272,55.8715
10,124,11219.9682,0.0,7.8978,16.6582,16.6582,79.197
10,125,11303.2039,0.0,3.1771,7.4778,7.4778,48.5553
10,126,11572.3462,0.0,3.4472,4.9438,4.9438,25.0899
10,127,12003.0832,0.0,1.8109,6.7065,6.7065,73.2182
10,128,12137.7757,0.0,8.6679,17.1205,17.1205,53.3741
10,129,12092.766,0.0,3.7703,63.7703,63.7703,123.5749
10,130,12158.413,0.0,1.5988,7.3782,7.3782,66.7734
10,131,12187.8571,0.0,6.0275,8.7396,8.7396,47.8864
10,132,12217.9381,0.0,12.7164,16.159,16.159,43.648
10,133,12305.3823,0.0,5.8281,12.2391,12.2391,105.3085
10,134,12384.4452,0.0,12.9438,22.892,22.892,72.9146
10,135,12484.1108,0.0,2.5189,9.4135,9.4135,56.857
10,136,12510.0417,0.0,5.5494,16.2711,16.2711,67.0422
10,137,12536.0156,0.0,12.732,16.3233,16.3233,50.8028
10,138,12564.7946,0.0,7.7516,9.5667,9.5667,57.3507
10,139,12593.667,0.0,4.6478,9.0337,9.0337,72.35
10,140,12739.399,0.0,2.2003,24.5774,24.5774,60.7117
10,141,12821.5382,0.0,5.8426,7.13,7.13,40.9793
10,142,12865.1776,0.0,4.0062,8.6383,8.6383,43.1808
10,143,13001.0461,0.0,5.0467,11.1871,11.1871,44.1181
10,144,13094.0582,0.0,2.0051,7.3902,7.3902,43.9553
10,145,13197.2414,0.0,3.5543,5.029,5.029,48.9572
10,146,13241.4688,0.0,5.4936,10.8759,10.8759,38.9064
10,147,13510.1494,0.0,5.7782,16.7892,16.7892,51.5932
10,148,13590.2519,0.0,9.4979,14.4419,14.4419,45.8003
10,149,13703.6788,0.0,5.9955,14.404,14.404,61.9354
10,150,13708.3151,0.0,7.7848,10.5226,10.5226,71.6785
10,151,13705.6507,0.0,3.919,14.332,14.332,80.8308
10,152,13765.2693,0.0,15.145,19.391,19.391,60.2272
10,153,13871.6526,0.0,2.5461,4.9895,4.9895,79.6127
10,154,13920.8769,0.0,6.3258,9.1477,9.1477,76.4037
10,155,13908.6937,0.0,14.9777,23.3979,23.3979,100.3532
10,156,13955.9042,0.0,9.2056,14.7404,14.7404,79.9717
10,157,14036.5308,0.0,3.0233,12.2525,12.2525,64.8189
10,158,14391.4235,0.0,4.8517,9.3117,9.3117,39.0959
10,159,14507.8372,0.0,4.9291,8.5174,8.5174,28.8647
10,160,14710.2035,0.0,4.9963,13.5025,13.5025,35.5196
10,161,14839.8229,0.0,8.8235,15.5782,15.5782,49.8055
10,162,14924.4408,0.0,4.8381,7.4298,7.4298,32.5235
10,163,15099.2423,0.0,6.1801,9.2185,9.2185,49.3816
10,164,15231.1122,0.0,5.3995,12.6552,12.6552,63.9775
10,165,15256.9345,0.0,7.877,14.7789,14.7789,46.5889
10,166,15359.9315,0.0,5.7676,7.595,7.595,44.0218
10,167,15391.7861,0.0,4.7505,13.7106,13.7106,46.9985
10,168,15593.0712,0.0,6.3381,8.6669,8.6669,55.0694
10,169,15815.5875,0.0,6.6346,16.4951,16.4951,33.6642
10,170,15859.5384,0.0,4.4924,8.4304,8.4304,48.0975
10,171,16093.9726,0.0,5.7919,9.8067,9.8067,73.0285
10,172,16403.2,0.0,4.546,14.4868,14.4868,53.6895
10,173,16467.7389,0.0,1.9015,4.4848,4.4848,21.3105
10,174,16503.3502,0.0,0.2015,3.3386,3.3386,49.0699
10,175,16647.6802,0.0,6.8289,14.9556,14.9556,43.7749
10,176,16679.648,0.0,2.8623,17.8558,17.8558,73.4449
10,177,16741.8253,0.0,8.1269,16.1381,16.1381,50.3327
10,178,16780.3942,0.0,4.5781,7.0249,7.0249,53.4961
10,179,16837.3565,0.0,2.6598,9.8341,9.8341,36.611
10,180,16941.9084,0.0,6.4944,17.6971,17.6971,47.891
10,181,17048.8339,0.0,5.4235,8.5346,8.5346,64.8271
10,182,17146.9596,0.0,6.1155,24.7203,24.7203,97.6474
10,183,17164.7662,0.0,5.1843,9.4505,9.4505,94.5924
10,184,17286.2191,0.0,7.3301,12.3892,12.3892,57.9963
10,185,17689.0209,0.0,0.8717,3.7587,3.7587,22.8152
10,186,17863.5244,0.0,7.3603,13.7979,13.7979,72.587
10,187,17911.8973,0.0,10.1551,26.9936,26.9936,85.2588
10,188,18045.4519,0.0,4.147,6.1309,6.1309,54.5041
10,189,18051.1228,0.0,5.567,9.3635,9.3635,75.691
10,190,18107.6241,0.0,5.4986,12.7919,12.7919,48.6143
10,191,18156.5075,0.0,7.4693,12.0529,12.0529,33.0672
10,192,18426.9435,0.0,2.8012,16.8718,16.8718,58.7666
10,193,18483.9589,0.0,15.207,22.26,22.26,72.4156
10,194,18546.9776,0.0,2.1401,5.1625,5.1625,28.6719
10,195,18582.1347,0.0,3.6374,6.0862,6.0862,24.6965
10,196,18586.4889,0.0,7.1993,11.2253,11.2253,61.5935
10,197,18808.7138,0.0,4.5371,8.869,8.869,31.1295
10,198,18951.7418,0.0,1.9207,4.8177,4.8177,71.4122
10,199,18979.9306,0.0,5.0485,8.8374,8.8374,52.6716
10,200,19164.1967,0.0,5.6625,12.0542,12.0542,42.2973
10,201,19175.479,0.0,4.362,10.4504,10.4504,39.5445
10,202,19316.5131,0.0,5.3534,19.8634,19.8634,63.3718
10,203,19330.7761,0.0,5.2568,12.1594,12.1594,81.4771
10,204,19358.4097,0.0,2.6661,6.615,6.615,58.9506
10,205,19351.6796,0.0,13.2054,19.2008,19.2008,71.7807
10,206,19439.224,0.0,8.186,14.6187,14.6187,40.045
10,207,19545.1984,0.0,6.783,9.8665,9.8665,49.3136
10,208,19532.0331,0.0,1.9015,54.7382,54.7382,71.7457
10,209,19653.8916,0.0,11.6347,18.6412,18.6412,91.2025
10,210,19762.7888,0.0,6.9505,8.7435,8.7435,43.2484
10,211,19799.6499,0.0,3.5163,6.386,6.386,78.8562
10,212,19863.3881,0.0,3.3166,12.3635,12.3635,40.7484
10,213,20113.5783,0.0,3.996,8.1969,8.1969,56.371
10,214,20395.4157,0.0,2.2265,7.9219,7.9219,43.7964
10,215,20441.103,0.0,10.3414,51.7121,51.7121,172.6527
10,216,20643.5282,0.0,5.0013,11.0073,11.0073,55.7927
10,217,20703.0651,0.0,4.6215,18.6751,18.6751,67.4385
10,218,20806.9493,0.0,6.3963,36.0766,36.0766,92.8502
10,219,20895.8305,0.0,3.6807,8.4153,8.4153,50.135
10,220,20978.1894,0.0,6.1018,12.3678,12.3678,44.0458
10,221,20983.6941,0.0,2.1977,10.5394,10.5394,66.4331
10,222,21173.2731,0.0,5.6502,14.435,14.435,73.6108
10,223,21249.389,0.0,5.7689,17.3076,17.3076,52.6874
10,224,21340.6695,0.0,2.6932,62.6932,62.6932,113.6531
10,225,21606.3695,0.0,4.4451,8.7861,8.7861,52.1558
10,226,21766.6132,0.0,2.0328,6.0171,6.0171,35.3911
10,227,21790.7831,0.0,1.4096,5.5222,5.5222,44.2129
10,228,21946.4221,0.0,3.2361,6.5183,6.5183,46.6854
10,229,22173.6717,0.0,3.3403,8.7201,8.7201,58.297
10,230,22235.1878,0.0,2.234,3.0645,3.0645,42.1901
10,231,22269.5591,0.0,7.5126,12.1615,12.1615,77.967
10,232,22284.7828,0.0,1.1982,3.2262,3.2262,101.5638
10,233,22288.772,0.0,7.6126,12.0146,12.0146,87.8078
10,234,22275.1406,0.0,6.7406,27.2367,27.2367,120.7052
10,235,22336.2525,0.0,15.1516,22.1762,22.1762,81.0673
10,236,22418.5445,0.0,0.95,3.8103,3.8103,55.9013
10,237,22405.9994,0.0,10.1315,18.5662,18.5662,82.584
10,238,22607.689,0.0,1.6733,10.0218,10.0218,58.9223
10,239,22650.6711,0.0,6.7287,13.9456,13.9456,46.2086
10,240,22695.3834,0.0,6.3381,9.1313,9.1313,86.1508
10,241,22815.805,0.0,5.4092,7.1603,7.1603,61.7499
10,242,22880.27,0.0,5.5948,37.1778,37.1778,70.9615
10,243,22964.123,0.0,7.6752,22.3342,22.3342,61.2386
10,244,23105.34,0.0,6.2376,11.5284,11.5284,70.0238
10,245,23346.8861,0.0,3.125,5.2902,5.2902,29.6077
10,246,23493.7054,0.0,2.1974,4.4191,4.4191,53.8908
10,247,23493.5105,0.0,6.0509,8.8842,8.8842,66.5382
10,248,23581.4067,0.0,3.0002,10.5793,10.5793,44.4419
10,249,23587.8194,0.0,3.2038,5.9701,5.9701,46.1614
10,250,23649.4436,0.0,5.5164,20.2802,20.2802,70.8797
10,251,23681.126,0.0,8.1269,16.8935,16.8935,58.1503
10,252,23750.8125,0.0,4.3304,12.7777,12.7777,68.8112
10,253,23811.1622,0.0,4.3967,8.9405,8.9405,39.5559
10,254,23937.1465,0.0,5.4205,9.9237,9.9237,35.1496
10,255,23966.3572,0.0,4.721,11.9387,11.9387,82.0229
10,256,24030.7582,0.0,5.2849,16.5369,16.5369,65.5711
10,257,24054.8967,0.0,5.7783,10.9855,10.9855,43.834
10,258,24153.3383,0.0,3.3649,13.1173,13.1173,36.5352
10,259,24174.4885,0.0,1.6969,7.582,7.582,47.9295
10,260,24224.3476,0.0,0.3061,5.3576,5.3576,50.8971
10,261,24233.8958,0.0,3.8338,12.9252,12.9252,50.1057
10,262,24250.5223,0.0,14.5986,21.1787,21.1787,39.4814
10,263,24262.0213,0.0,9.8073,15.5694,15.5694,80.6593
10,264,24277.6155,0.0,24.4496,26.9336,26.9336,79.9151
10,265,24374.7157,0.0,3.0466,9.1838,9.1838,39.4101
10,266,24548.239,0.0,5.4534,10.5679,10.5679,30.7689
10,267,24556.0538,0.0,4.0191,6.989,6.989,53.8092
10,268,24709.124,0.0,1.528,8.3421,8.3421,78.5467
10,269,24899.5016,0.0,4.4614,9.6001,9.6001,44.1442
10,270,25045.3325,0.0,5.0995,12.3801,12.3801,46.3365
10,271,25125.1845,0.0,4.6032,7.0904,7.0904,39.9456
10,272,25154.8619,0.0,1.224,5.5993,5.5993,64.3877
10,273,25162.9125,0.0,5.8564,8.2614,8.2614,124.1405
10,274,25170.5556,0.0,8.4035,28.603,28.603,155.721
10,275,25294.2428,0.0,14.9208,20.88,20.88,61.8552
10,276,25323.1437,0.0,2.6567,5.336,5.336,37.7074
10,277,25367.1947,0.0,7.1927,21.4852,21.4852,70.5719
10,278,25405.7799,0.0,9.1878,15.0253,15.0253,59.0838
10,279,25476.1506,0.0,0.0,6.4145,6.4145,70.7808
10,280,25615.0437,0.0,3.5778,5.7627,5.7627,71.6378
10,281,25643.58,0.0,6.7898,13.4214,13.4214,55.4851
10,282,25699.5141,0.0,5.8978,8.2212,8.2212,30.4778
10,283,26395.2446,0.0,3.7164,10.0868,10.0868,60.1995
10,284,26490.2893,0.0,3.0331,3.8929,3.8929,23.0291
10,285,26520.6751,0.0,14.5094,16.9517,16.9517,52.3807
10,286,26533.9085,0.0,13.3791,24.1898,24.1898,73.2768
10,287,26598.8291,0.0,2.4703,7.4424,7.4424,26.625
10,288,26617.6071,0.0,3.4767,10.3203,10.3203,49.815
10,289,26609.6176,0.0,7.6305,29.7155,29.7155,98.082
10,290,26639.0889,0.0,6.0961,17.7148,17.7148,70.3952
10,291,26648.1939,0.0,7.2326,11.963,11.963,102.9414
10,292,26679.302,0.0,7.8828,12.8767,12.8767,166.4757
10,293,26798.759,0.0,6.1098,8.3099,8.3099,58.2246
10,294,26924.7106,0.0,4.2105,10.8361,10.8361,45.1411
10,295,27011.7538,0.0,0.836,5.4939,5.4939,27.2293
10,296,27014.0872,0.0,10.0423,12.5018,12.5018,42.3346
10,297,27061.371,0.0,3.5993,10.0287,10.0287,32.259
10,298,27375.2482,0.0,4.6675,8.9061,8.9061,51.5789
10,299,27490.2938,0.0,3.1457,4.0289,4.0289,40.9969
10,300,27490.8942,0.0,4.8756,11.6644,11.6644,44.496
10,301,27652.7077,0.0,4.8675,6.4009,6.4009,63.8723
10,302,27812.59,0.0,1.2898,6.2544,6.2544,73.0069
10,303,27929.6897,0.0,5.0061,7.5646,7.5646,36.9401
10,304,28056.2148,0.0,2.9727,6.1638,6.1638,40.9324
10,305,28067.249,0.0,4.2202,14.5801,14.5801,57.1345
10,306,28083.3499,0.0,8.3451,14.9368,14.9368,27.3268
10,307,28094.9181,0.0,4.899,6.9733,6.9733,49.4216
10,308,28113.0863,0.0,7.7854,44.4847,44.4847,93.6797
10,309,28176.4956,0.0,3.2477,8.741,8.741,63.9631
10,310,28178.1955,0.0,2.1686,7.7771,7.7771,88.8713
10,311,28421.9459,0.0,6.0674,6.9871,6.9871,24.8325
10,312,28598.5369,0.0,2.6772,7.6021,7.6021,59.9591
10,313,28684.1853,0.0,3.014,7.1601,7.1601,58.3474
10,314,28736.1871,0.0,5.6764,8.7447,8.7447,43.5914
10,315,28953.7418,0.0,4.0715,12.2845,12.2845,52.3428
10,316,29152.3829,0.0,4.1263,9.572,9.572,77.2228
10,317,29176.8392,0.0,1.3549,3.0732,3.0732,59.9994
10,318,29303.6663,0.0,7.5343,9.0971,9.0971,32.5911
10,319,29321.0477,0.0,3.6825,10.5155,10.5155,53.8294
10,320,29341.8521,0.0,6.048,8.1824,8.1824,39.6866
10,321,29338.0638,0.0,3.4232,17.0576,17.0576,44.8839
10,322,29362.1828,0.0,6.2118,11.9601,11.9601,84.5685
10,323,29360.2501,0.0,10.7643,15.8191,15.8191,115.6528
10,324,29417.7532,0.0,5.6211,8.6132,8.6132,71.9568
10,325,29418.0935,0.0,14.4293,21.6182,21.6182,74.8674
10,326,29478.9437,0.0,1.8109,7.3614,7.3614,35.4185
10,327,29535.87,0.0,4.9296,11.0285,11.0285,57.9195
10,328,29536.2529,0.0,5.3114,11.4291,11.4291,47.5192
10,329,29552.5335,0.0,0.6043,7.6248,7.6248,68.3672
10,330,29588.7909,0.0,6.7967,30.4216,30.4216,83.877
10,331,29609.898,0.0,5.1118,12.0916,12.0916,77.8053
10,332,29652.7324,0.0,8.837,12.2987,12.2987,78.2143
10,333,29773.097,0.0,1.1927,6.1941,6.1941,36.3008
10,334,29807.3746,0.0,2.7717,6.1686,6.1686,37.5065
10,335,29810.4643,0.0,4.2046,22.8385,22.8385,76.8307
10,336,29853.2504,0.0,10.2304,14.2494,14.2494,47.4615
10,337,29857.2359,0.0,9.8295,13.4159,13.4159,57.0664
10,338,30027.4063,0.0,3.5543,6.2057,6.2057,47.1417
10,339,30444.2721,0.0,2.1243,7.4195,7.4195,25.1603
10,340,30668.6239,0.0,2.1667,9.4464,9.4464,56.1644
10,341,30783.2702,0.0,5.1221,8.1349,8.1349,45.9891
10,342,30842.0997,0.0,4.014,14.4778,14.4778,46.4852
10,343,30852.2992,0.0,6.7748,13.5587,13.5587,42.4498
10,344,30996.0205,0.0,8.2717,13.8344,13.8344,91.3041
10,345,31026.8127,0.0,5.0061,15.7776,15.7776,65.3187
10,346,31033.8584,0.0,5.3302,23.4681,23.4681,76.3663
10,347,31115.391,0.0,6.7544,7.7026,7.7026,56.6068
10,348,31149.8986,0.0,13.3664,33.7717,33.7717,67.6653
10,349,31233.6047,0.0,6.7778,10.2767,10.2767,63.2362
10,350,31246.6106,0.0,5.1939,8.3496,8.3496,56.9259
10,351,31275.2374,0.0,1.4934,8.0445,8.0445,37.0259
10,352,31276.1768,0.0,4.5914,9.7587,9.7587,41.7719
10,353,31264.4411,0.0,3.3776,24.7897,24.7897,68.4949
10,354,31308.056,0.0,8.4084,12.2459,12.2459,43.4735
10,355,31456.536,0.0,1.0265,3.5644,3.5644,72.9454
10,356,31495.0397,0.0,4.2105,7.6019,7.6019,57.4018
10,357,31534.9405,0.0,1.3178,7.5212,7.5212,50.7139
10,358,31565.7108,0.0,8.0616,10.6937,10.6937,34.3892
10,359,31583.9504,0.0,13.2263,16.5337,16.5337,57.5052
10,360,31758.0078,0.0,1.4755,10.8883,10.8883,41.7798
10,361,31848.3517,0.0,3.9918,10.5204,10.5204,56.0872
10,362,31940.0112,0.0,3.0019,8.3643,8.3643,66.9096
10,363,32352.7557,0.0,4.8099,6.9359,6.9359,49.6345
10,364,32365.4814,0.0,2.669,15.6075,15.6075,60.6684
10,365,32396.7057,0.0,0.8578,2.9217,2.9217,89.8
10,366,32614.2427,0.0,2.4461,9.964,9.964,54.9567
10,367,32633.2501,0.0,3.1581,17.6031,17.6031,57.0242
10,368,32704.8335,0.0,4.8563,9.6434,9.6434,58.2884
10,369,32737.1776,0.0,1.9596,4.808,4.808,42.5141
10,370,32741.8264,0.0,4.1448,14.9304,14.9304,42.7753
10,371,33118.2196,0.0,2.2265,6.9794,6.9794,69.985
10,372,33559.2358,0.0,0.4442,4.1992,4.1992,49.9671
10,373,33606.8818,0.0,6.9877,10.2247,10.2247,72.262
10,374,33645.1285,0.0,8.4894,11.6938,11.6938,46.0358
10,375,33730.0936,0.0,5.3821,33.9165,33.9165,108.2055
10,376,33874.207,0.0,7.8801,13.1429,13.1429,71.8168
10,377,33872.6426,0.0,5.0118,20.5675,20.5675,79.7424
10,378,33954.4946,0.0,6.2419,8.0192,8.0192,61.8569
10,379,33965.4707,0.0,4.6299,8.5654,8.5654,63.6381
10,380,33983.9328,0.0,20.7584,24.5738,24.5738,86.2338
10,381,34066.1005,0.0,2.669,5.5477,5.5477,45.8643
10,382,34068.8434,0.0,3.6801,7.944,7.944,93.7522
10,383,34106.0912,0.0,3.5986,10.7687,10.7687,43.2839
10,384,34131.4698,0.0,5.451,8.0492,8.0492,72.9803
10,385,34234.847,0.0,2.577,15.3028,15.3028,41.8292
10,386,34243.7402,0.0,12.7785,19.1391,19.1391,54.3605
10,387,34600.1465,0.0,2.5554,5.1481,5.1481,40.0078
10,388,34636.3379,0.0,2.1044,7.8742,7.8742,61.3233
10,389,34990.3395,0.0,3.5285,9.0635,9.0635,39.7339
10,390,35013.3836,0.0,0.3559,6.6704,6.6704,38.5793
10,391,35164.0093,0.0,4.6819,7.3216,7.3216,27.0424
10,392,35190.3379,0.0,3.5307,9.2315,9.2315,33.4996
10,393,35200.1119,0.0,2.0101,5.8,5.8,78.3835
10,394,35273.0081,0.0,8.6889,24.8089,24.8089,42.95
10,395,35296.8216,0.0,2.6794,6.147,6.147,88.9067
10,396,35410.5425,0.0,9.6592,13.7498,13.7498,70.9271
10,397,35476.5084,0.0,6.3393,11.3484,11.3484,62.3416
10,398,35510.3408,0.0,3.8393,8.9931,8.9931,36.9827
10,399,35524.3738,0.0,2.0407,8.3476,8.3476,43.3184
10,400,35599.0849,0.0,6.969,34.2796,34.2796,70.5194
10,401,35805.2961,0.0,0.437,9.223,9.223,60.6011
10,402,35834.8447,0.0,13.6053,18.9753,18.9753,39.7092
10,403,35862.9453,0.0,2.6273,16.1438,16.1438,74.8182
10,404,36084.6817,0.0,6.0269,7.8723,7.8723,43.493
10,405,36116.5007,0.0,2.049,11.9869,11.9869,47.6554
10,406,36231.2606,0.0,1.1267,4.1468,4.1468,50.1417
10,407,36297.0259,0.0,4.5229,7.6642,7.6642,39.4106
10,408,36868.7924,0.0,0.5719,8.0205,8.0205,41.5474
10,409,36981.3611,0.0,3.6493,7.8196,7.8196,40.4536
10,410,37018.3453,0.0,2.0018,10.0959,10.0959,42.9051
10,411,37119.5187,0.0,3.8665,8.8244,8.8244,54.5416
10,412,37187.2908,0.0,4.3997,15.152,15.152,59.2228
10,413,37437.0575,0.0,4.3544,8.7275,8.7275,56.35
10,414,37545.5294,0.0,2.1943,3.405,3.405,32.0899
10,415,37586.1091,0.0,5.0858,10.2206,10.2206,48.8064
10,416,37698.4823,0.0,4.0778,10.3837,10.3837,74.317
10,417,37725.5431,0.0,8.388,13.0957,13.0957,84.5419
10,418,37737.6033,0.0,4.594,7.1974,7.1974,88.9781
10,419,37872.7504,0.0,6.5215,9.503,9.503,43.1831
10,420,38007.0569,0.0,7.0713,11.1399,11.1399,52.5896
10,421,38073.1809,0.0,5.3115,13.7494,13.7494,52.6782
10,422,38104.8132,0.0,5.5709,8.2607,8.2607,58.8142
10,423,38123.9152,0.0,2.4608,6.8157,6.8157,48.5403
10,424,38136.1392,0.0,4.4401,13.1769,13.1769,58.2815
10,425,38248.2149,0.0,4.8761,10.0839,10.0839,55.1089
10,426,38389.8106,0.0,2.0101,9.4484,9.4484,53.1805
10,427,38471.0634,0.0,6.6243,15.8166,15.8166,70.2486
10,428,38495.8342,0.0,2.16,7.9376,7.9376,49.9023
10,429,38526.172,0.0,13.5346,39.7026,39.7026,114.9741
10,430,38635.9547,0.0,8.2274,11.9513,11.9513,60.3163
10,431,38694.8695,0.0,6.2504,12.4849,12.4849,92.0734
10,432,38744.1544,0.0,7.1784,21.5567,21.5567,55.532
10,433,38953.0813,0.0,1.8323,9.3922,9.3922,51.0375
10,434,39013.6074,0.0,3.022,8.0444,8.0444,45.1225
10,435,39020.1113,0.0,0.915,9.0359,9.0359,60.381
10,436,39167.3398,0.0,1.4302,6.839,6.839,38.419
10,437,39317.1195,0.0,4.4948,14.1536,14.1536,44.8251
10,438,39325.553,0.0,2.9906,8.7485,8.7485,39.3481
10,439,39360.7329,0.0,9.9633,17.6996,17.6996,66.3891
10,440,39443.7222,0.0,0.6043,8.6236,8.6236,39.9647
10,441,39462.2666,0.0,3.7703,9.1561,9.1561,42.7407
10,442,39497.5588,0.0,7.8828,13.7888,13.7888,42.0616
10,443,39587.4901,0.0,5.558,8.3138,8.3138,51.9396
10,444,39599.1505,0.0,2.8601,4.7722,4.7722,85.0908
10,445,39728.3858,0.0,1.5958,7.3676,7.3676,46.8736
10,446,39760.2199,0.0,4.3917,10.9723,10.9723,64.295
10,447,39827.2437,0.0,7.4168,14.332,14.332,69.5073
10,448,39957.7412,0.0,4.0743,13.9245,13.9245,36.4618
10,449,40042.3886,0.0,0.8634,6.7286,6.7286,47.8285
10,450,40117.977,0.0,5.4415,8.2526,8.2526,51.1622
10,451,40204.9287,0.0,3.5818,6.1582,6.1582,38.3429
10,452,40234.8719,0.0,3.9957,9.475,9.475,51.9861
10,453,40247.6559,0.0,5.2152,21.1499,21.1499,57.5952
10,454,40253.4513,0.0,14.2082,17.6996,17.6996,110.5826
10,455,40422.5339,0.0,4.5886,11.8023,11.8023,34.26
10,456,40801.6428,0.0,3.8695,6.6284,6.6284,46.211
10,457,40907.3542,0.0,10.0542,15.6223,15.6223,100.2131
10,458,40940.8715,0.0,4.2082,7.8765,7.8765,152.2361
10,459,41008.7839,0.0,8.7431,11.6135,11.6135,55.2568
10,460,41038.4874,0.0,1.67,7.3631,7.3631,51.2728
10,461,41410.7452,0.0,5.5955,15.2936,15.2936,34.6476
10,462,41415.5323,0.0,14.1852,22.6004,22.6004,58.1835
10,463,41477.8803,0.0,5.147,10.3125,10.3125,48.3164
10,464,41538.9298,0.0,2.9824,7.1838,7.1838,25.2169
10,465,41801.5253,0.0,3.0419,6.9667,6.9667,43.2428
10,466,41844.1698,0.0,2.7908,6.2843,6.2843,33.8289
10,467,41909.6771,0.0,5.7232,7.895,7.895,40.4428
10,468,41934.5579,0.0,5.7689,12.3647,12.3647,56.0891
10,469,41965.258,0.0,3.022,7.6136,7.6136,28.8769
10,470,42074.1809,0.0,2.0303,6.9014,6.9014,41.8119
10,471,42243.749,0.0,8.0101,13.9959,13.9959,55.9596
10,472,42287.9211,0.0,9.5808,20.914,20.914,67.4409
10,473,42302.3572,0.0,5.8683,10.4428,10.4428,67.0669
10,474,42347.0317,0.0,3.3891,8.1716,8.1716,41.7779
10,475,42399.5561,0.0,3.0429,8.6464,8.6464,41.4391
10,476,42440.4201,0.0,14.9297,20.1791,20.1791,47.5444
10,477,42455.7542,0.0,5.29,8.0597,8.0597,75.7943
10,478,42497.4453,0.0,3.6379,8.7914,8.7914,60.4829
10,479,42557.9502,0.0,6.6695,11.6325,11.6325,52.0551
10,480,42648.6488,0.0,6.0286,8.6135,8.6135,49.6199
10,481,42743.3964,0.0,8.6639,18.5905,18.5905,56.2044
10,482,42779.7057,0.0,4.3111,7.6333,7.6333,59.3382
10,483,42941.3222,0.0,1.7303,8.2769,8.2769,51.4608
10,484,42956.5599,0.0,4.8989,6.7297,6.7297,66.8114
10,485,43003.2983,0.0,2.0946,11.4897,11.4897,21.7911
10,486,43013.0063,0.0,1.5995,8.4378,8.4378,57.3644
10,487,43011.1832,0.0,7.5818,15.0847,15.0847,69.0178
10,488,43113.1306,0.0,2.3183,52.0817,52.0817,82.5159
11,1,0.0,0.0,3.4428,7.5241,7.5241,47.3807
11,2,12.2795,0.0,2.6403,6.0229,6.0229,85.9786
11,3,79.8836,0.0,5.4267,5.7207,5.7207,40.1884
11,4,194.3354,0.0,7.4365,12.0417,12.0417,52.5394
11,5,200.7972,0.0,6.1037,12.8416,12.8416,58.1758
11,6,361.4373,0.0,4.9718,9.9239,9.9239,76.4596
11,7,365.1982,0.0,2.4789,9.8979,9.8979,95.6793
11,8,497.2633,0.0,7.3032,46.5965,46.5965,94.3629
11,9,568.4976,0.0,11.8819,19.4694,19.4694,52.2218
11,10,722.1118,0.0,3.7002,8.8331,8.8331,42.5115
11,11,734.7464,0.0,6.1166,13.1943,13.1943,47.0316
11,12,733.9088,0.0,10.5711,17.0882,17.0882,65.253
11,13,791.2942,0.0,2.4175,7.7551,7.7551,31.9
11,14,811.9335,0.0,2.2893,10.9586,10.9586,58.4488
11,15,911.5744,0.0,0.2731,15.6205,15.6205,51.6922
11,16,949.457,0.0,1.2058,12.8569,12.8569,55.8291
11,17,958.9881,0.0,1.9824,7.5261,7.5261,68.5686
11,18,1205.3153,0.0,5.2915,11.3941,11.3941,42.5438
11,19,1300.5454,0.0,3.823,6.2624,6.2624,40.7815
11,20,1307.935,0.0,2.9952,8.4162,8.4162,61.8896
11,21,1407.5846,0.0,2.0887,10.3936,10.3936,46.1107
11,22,1442.897,0.0,6.3599,14.9919,14.9919,53.7732
11,23,1455.2117,0.0,3.6833,5.4994,5.4994,48.9646
11,24,1467.5784,0.0,5.7856,14.0472,14.0472,33.4081
11,25,1484.6897,0.0,5.806,8.3179,8.3179,60.19
11,26,1493.1581,0.0,7.0395,14.2946,14.2946,61.9866
11,27,1708.8124,0.0,3.6468,7.635,7.635,57.2844
11,28,1778.7461,0.0,7.0942,10.7835,10.7835,49.7796
11,29,1866.131,0.0,8.2876,11.5109,11.5109,52.6248
11,30,1876.6103,0.0,10.0516,11.7961,11.7961,67.3855
11,31,2024.5966,0.0,5.5586,7.7389,7.7389,52.9886
11,32,2159.3646,0.0,2.488,4.1256,4.1256,17.98
11,33,2172.3939,0.0,6.2419,30.7382,30.7382,45.6245
11,34,2207.1277,0.0,7.8128,11.5129,11.5129,86.094
11,35,2267.3292,0.0,5.0046,6.8139,6.8139,57.3372
11,36,2348.1305,0.0,4.3446,10.5443,10.5443,53.2301
11,37,2370.4113,0.0,6.74,10.3766,10.3766,54.2861
11,38,2403.014,0.0,7.2664,10.0459,10.0459,47.7026
11,39,2421.3542,0.0,14.1044,19.5783,19.5783,72.9797
11,40,2622.6142,0.0,6.8753,8.9895,8.9895,43.3526
11,41,2762.5847,0.0,5.8529,9.9627,9.9627,64.482
11,42,2878.2692,0.0,1.4302,5.0245,5.0245,51.2322
11,43,3278.9872,0.0,5.7232,9.1591,9.1591,65.7625
11,44,3540.8305,0.0,9.0574,22.1973,22.1973,91.1099
11,45,3645.289,0.0,2.3779,9.9601,9.9601,66.0901
11,46,3671.341,0.0,11.8819,18.0421,18.0421,54.0419
11,47,3842.8056,0.0,3.2032,6.5884,6.5884,68.989
11,48,3944.8631,0.0,2.3024,10.3301,10.3301,29.5228
11,49,4073.2838,0.0,3.1709,14.8303,14.8303,36.6986
11,50,4116.437,0.0,4.6491,7.6728,7.6728,51.9859
11,51,4113.7135,0.0,3.5397,10.7581,10.7581,81.0203
11,52,4193.2777,0.0,1.512,5.9944,5.9944,38.2604
11,53,4440.5989,0.0,3.9304,35.1837,35.1837,83.4039
11,54,4537.1656,0.0,0.2877,8.1476,8.1476,30.6179
11,55,4822.9042,0.0,4.3621,11.5789,11.5789,108.9497
11,56,4889.5813,0.0,5.9977,17.0935,17.0935,52.88
11,57,5042.5474,0.0,6.0961,6.8982,6.8982,67.8406
11,58,5085.9764,0.0,9.3144,14.1709,14.1709,56.8824
11,59,5351.6891,0.0,3.5641,5.9704,5.9704,40.6056
11,60,5534.7927,0.0,5.2162,11.6389,11.6389,38.9396
11,61,5617.267,0.0,7.4841,13.135,13.135,56.9073
11,62,5629.1019,0.0,4.6331,7.9539,7.9539,51.1438
11,63,5696.614,0.0,2.0743,8.1943,8.1943,48.763
11,64,5838.7343,0.0,5.8344,13.7248,13.7248,30.6266
11,65,5860.7552,0.0,1.5298,6.9409,6.9409,39.6544
11,66,5930.077,0.0,1.4302,5.0406,5.0406,50.9366
11,67,5938.7995,0.0,2.4453,8.5401,8.5401,55.5196
11,68,6048.7189,0.0,5.1462,8.5904,8.5904,45.2975
11,69,6063.1006,0.0,3.6819,5.7717,5.7717,76.0182
11,70,6098.1746,0.0,3.2445,10.3998,10.3998,39.2856
11,71,6187.1841,0.0,6.5614,15.1271,15.1271,30.1875
11,72,6241.4143,0.0,6.1018,11.9459,11.9459,39.9402
11,73,6466.4762,0.0,1.8176,7.7537,7.7537,48.951
11,74,6476.0796,0.0,11.8235,14.5839,14.5839,59.9831
11,75,6492.1348,0.0,4.1785,7.3669,7.3669,32.668
11,76,6509.5257,0.0,5.3664,6.6875,6.6875,59.9991
11,77,6617.7249,0.0,3.8144,8.7677,8.7677,73.5134
11,78,6743.1082,0.0,3.5778,5.9821,5.9821,82.8055
11,79,6811.1456,0.0,5.455,7.2547,7.2547,32.1494
11,80,6838.6106,0.0,1.7699,4.9522,4.9522,87.6832
11,81,6907.3881,0.0,4.338,5.1988,5.1988,33.5787
11,82,7260.3991,0.0,3.0141,6.4407,6.4407,67.0855
11,83,7342.4138,0.0,7.3513,8.843,8.843,41.9273
11,84,7542.8037,0.0,2.4937,6.6825,6.6825,55.5434
11,85,7536.5877,0.0,5.3,15.5036,15.5036,61.0577
11,86,7690.8218,0.0,11.0351,13.0115,13.0115,41.5855
11,87,7769.619,0.0,5.4599,9.0118,9.0118,45.3303
11,88,7939.6197,0.0,3.5018,10.1001,10.1001,58.5411
11,89,8060.4708,0.0,9.7503,14.7546,14.7546,78.1257
11,90,8098.9389,0.0,4.4624,12.0112,12.0112,52.9504
11,91,8146.7703,0.0,4.4698,9.1571,9.1571,30.2721
11,92,8168.0868,0.0,5.5952,10.0306,10.0306,51.5119
11,93,8179.588,0.0,10.379,14.5087,14.5087,89.728
11,94,8198.1465,0.0,12.5588,19.1942,19.1942,86.951
11,95,8204.6738,0.0,12.1033,17.7431,17.7431,120.8663
11,96,8349.1397,0.0,3.2166,7.4459,7.4459,41.0745
11,97,8383.2615,0.0,2.1968,7.7882,7.7882,44.4015
11,98,8394.6632,0.0,3.7569,16.2864,16.2864,51.7352
11,99,8407.2482,0.0,1.6388,11.9603,11.9603,42.3314
11,100,8806.0536,0.0,5.6664,11.8859,11.8859,27.3281
11,101,8940.9889,0.0,5.7861,27.5269,27.5269,72.9338
11,102,8959.8465,0.0,5.8043,15.4382,15.4382,60.3685
11,103,9157.6064,0.0,3.0127,6.0464,6.0464,38.7514
11,104,9215.3163,0.0,3.9915,9.2481,9.2481,100.5316
11,105,9273.3751,0.0,15.1498,18.1592,18.1592,44.0777
11,106,9270.8443,0.0,14.7277,24.4295,24.4295,64.339
11,107,9290.6649,0.0,5.4538,9.434,9.434,134.0157
11,108,9419.1302,0.0,1.0698,6.4169,6.4169,47.7171
11,109,9481.0362,0.0,4.546,9.1254,9.1254,57.7074
11,110,9470.3989,0.0,3.9471,22.2344,22.2344,57.5098
11,111,9536.2502,0.0,2.0816,18.2232,18.2232,39.1692
11,112,9585.422,0.0,2.0899,6.4067,6.4067,38.9734
11,113,9701.206,0.0,3.8108,8.0643,8.0643,41.2177
11,114,9797.058,0.0,4.1787,7.8612,7.8612,59.6614
11,115,9832.2536,0.0,8.5991,13.1324,13.1324,48.1871
11,116,9864.1051,0.0,8.2243,10.3937,10.3937,34.7233
11,117,9943.4044,0.0,7.4014,11.1859,11.1859,47.3194
11,118,10044.5303,0.0,0.5538,12.4286,12.4286,50.1208
11,119,10154.926,0.0,1.6722,5.2923,5.2923,38.8346
11,120,10245.1978,0.0,8.7301,11.0931,11.0931,54.2803
11,121,10251.3916,0.0,6.5321,9.7172,9.7172,69.9898
11,122,10271.4796,0.0,6.5267,12.8137,12.8137,97.8744
11,123,10307.6858,0.0,3.1274,9.1446,9.1446,64.1934
11,124,10487.1795,0.0,3.7651,13.7968,13.7968,30.4633
11,125,10606.4175,0.0,2.669,13.0818,13.0818,45.8263
11,126,10682.9728,0.0,3.8393,8.6346,8.6346,34.3457
11,127,10703.8574,0.0,6.6178,10.888,10.888,63.3347
11,128,10746.9334,0.0,8.8595,10.6284,10.6284,54.8893
11,129,10918.6632,0.0,4.2405,5.5255,5.5255,64.0942
11,130,10945.4251,0.0,7.6144,9.627,9.627,69.9628
11,131,11011.0878,0.0,2.8793,7.9261,7.9261,52.7451
11,132,11047.0361,0.0,7.9612,16.2479,16.2479,54.8651
11,133,11139.1729,0.0,3.6203,5.6399,5.6399,79.0542
11,134,11231.45,0.0,5.0974,8.7045,8.7045,37.8444
11,135,11434.9873,0.0,3.7611,14.5506,14.5506,54.5573
11,136,11554.9206,0.0,2.7765,7.8775,7.8775,51.4849
11,137,11581.1334,0.0,4.5359,9.1223,9.1223,95.5514
11,138,11608.0488,0.0,6.1431,9.5143,9.5143,72.1515
11,139,11636.0133,0.0,1.551,8.9409,8.9409,43.6736
11,140,11642.9369,0.0,1.9211,6.4356,6.4356,57.6744
11,141,11710.9751,0.0,3.6468,18.3359,18.3359,46.8213
11,142,11793.2558,0.0,6.6065,7.2969,7.2969,45.3572
11,143,11952.741,0.0,0.9007,4.7802,4.7802,45.9818
11,144,11977.0041,0.0,4.2536,9.3365,9.3365,60.7384
11,145,12074.5685,0.0,7.8828,10.1781,10.1781,43.3677
11,146,12087.3368,0.0,2.8656,13.2881,13.2881,75.4353
11,147,12239.4409,0.0,3.4648,6.7997,6.7997,55.6583
11,148,12281.2195,0.0,1.3855,7.837,7.837,52.2492
11,149,12408.9171,0.0,7.0713,9.8359,9.8359,30.2244
11,150,12416.303,0.0,5.8303,7.7555,7.7555,65.1749
11,151,12490.0833,0.0,5.6817,8.5323,8.5323,48.1873
11,152,12501.8629,0.0,4.0663,10.3112,10.3112,63.819
11,153,12556.236,0.0,4.7811,9.9447,9.9447,111.7663
11,154,12557.8094,0.0,5.9992,9.3471,9.3471,116.2642
11,155,12571.2126,0.0,2.9858,6.5332,6.5332,107.7191
11,156,12613.8961,0.0,11.1732,20.1031,20.1031,72.064
11,157,12778.6952,0.0,5.832,16.0979,16.0979,49.2901
11,158,12737.3915,0.0,5.4817,64.9072,64.9072,39.7075
11,159,12801.1139,0.0,9.1223,16.6856,16.6856,123.9798
11,160,12830.6792,0.0,20.1376,25.082,25.082,63.9172
11,161,12907.3312,0.0,6.592,14.9097,14.9097,49.0136
11,162,13014.1167,0.0,6.5295,7.6985,7.6985,46.6786
11,163,13353.4019,0.0,5.8687,6.7697,6.7697,40.1577
11,164,13355.3724,0.0,7.1965,9.1325,9.1325,51.8631
11,165,13493.4486,0.0,4.6504,8.0128,8.0128,32.4835
11,166,13516.2036,0.0,4.9605,12.6001,12.6001,36.0043
11,167,13559.9524,0.0,2.669,5.039,5.039,40.8479
11,168,13623.1071,0.0,6.1872,10.5041,10.5041,50.1912
11,169,13633.0124,0.0,3.667,9.4322,9.4322,54.823
11,170,13642.6782,0.0,1.5458,17.9467,17.9467,91.1043
11,171,13813.8529,0.0,2.3232,6.3544,6.3544,35.237
11,172,13816.4834,0.0,5.6181,9.2849,9.2849,50.8735
11,173,13840.9101,0.0,7.0713,18.2108,18.2108,45.4244
11,174,13903.6859,0.0,6.301,8.9679,8.9679,51.623
11,175,14041.092,0.0,0.8919,4.7511,4.7511,68.0951
11,176,14165.5591,0.0,0.8634,2.6185,2.6185,60.4471
11,177,14164.7303,0.0,5.8608,10.4665,10.4665,90.0718
11,178,14387.3172,0.0,3.4981,4.4842,4.4842,34.8908
11,179,14793.1404,0.0,1.4987,3.0103,3.0103,55.5009
11,180,14841.736,0.0,4.5384,7.1024,7.1024,76.8797
11,181,14936.2511,0.0,19.0706,25.4638,25.4638,34.5558
11,182,14967.9147,0.0,6.6601,9.3196,9.3196,77.9816
11,183,15096.3797,0.0,6.301,14.0915,14.0915,57.0743
11,184,15157.7368,0.0,2.7474,13.737,13.737,45.0667
11,185,15280.8591,0.0,2.6851,24.2639,24.2639,54.8748
11,186,15373.9029,0.0,4.7505,20.9104,20.9104,67.0014
11,187,15561.9088,0.0,4.674,11.6986,11.6986,90.5666
11,188,15644.7628,0.0,3.5778,8.8998,8.8998,61.3739
11,189,15755.3471,0.0,4.8518,6.8244,6.8244,33.3852
11,190,15772.8615,0.0,1.253,5.8653,5.8653,36.1353
11,191,15839.8826,0.0,6.9845,15.4029,15.4029,44.6829
11,192,16094.205,0.0,5.9111,12.4968,12.4968,56.6121
11,193,16300.3672,0.0,1.5846,5.0048,5.0048,36.2958
11,194,16448.3187,0.0,7.0095,9.4089,9.4089,61.3221
11,195,16474.6721,0.0,2.9109,16.4699,16.4699,53.0461
11,196,16493.2307,0.0,4.3446,6.1979,6.1979,43.8786
11,197,16495.9582,0.0,1.1546,21.29,21.29,65.5749
11,198,16581.9165,0.0,9.434,25.4628,25.4628,46.784
11,199,16610.6548,0.0,6.9877,14.8615,14.8615,99.5206
11,200,16638.869,0.0,5.7515,7.8559,7.8559,45.8614
11,201,16706.6272,0.0,11.0351,18.6758,18.6758,64.5917
11,202,16758.9207,0.0,3.0605,7.1361,7.1361,72.955
11,203,16775.8257,0.0,6.6393,14.1814,14.1814,52.8674
11,204,16813.9378,0.0,2.3487,3.9316,3.9316,117.172
11,205,17046.8328,0.0,7.6895,13.3494,13.3494,55.4753
11,206,17092.2947,0.0,2.6979,7.2082,7.2082,50.2433
11,207,17110.7582,0.0,1.5333,4.4703,4.4703,39.7366
11,208,17266.7657,0.0,4.8007,12.0405,12.0405,50.3708
11,209,17425.2222,0.0,1.0447,9.5811,9.5811,55.536
11,210,17488.9331,0.0,6.0665,9.7103,9.7103,33.8727
11,211,17548.5218,0.0,5.7861,9.9529,9.9529,46.4133
11,212,17693.872,0.0,6.1113,8.548,8.548,38.363
11,213,17731.2849,0.0,2.7673,7.2612,7.2612,47.4067
11,214,17910.5221,0.0,0.7677,15.2534,15.2534,57.4411
11,215,17977.1694,0.0,2.4775,9.4915,9.4915,57.7558
11,216,18056.3291,0.0,3.6957,9.4417,9.4417,42.9896
11,217,18121.5305,0.0,6.9517,10.8269,10.8269,45.2682
11,218,18137.011,0.0,0.5063,3.6853,3.6853,40.8001
11,219,18141.6081,0.0,4.6299,5.989,5.989,39.2766
11,220,18160.1709,0.0,4.9668,8.3286,8.3286,52.9032
11,221,18199.232,0.0,6.7969,8.2284,8.2284,30.0975
11,222,18216.65,0.0,2.2071,12.3559,12.3559,65.5944
11,223,18304.6308,0.0,4.569,17.5694,17.5694,59.1904
11,224,18426.7292,0.0,4.187,8.253,8.253,71.3047
11,225,18485.8431,0.0,8.0853,13.0576,13.0576,40.829
11,226,18606.2802,0.0,6.0085,10.2648,10.2648,42.3129
11,227,18604.5005,0.0,6.1197,17.997,17.997,25.3866
11,228,18625.1296,0.0,2.3076,6.1993,6.1993,65.921
11,229,18746.7269,0.0,3.8611,33.1179,33.1179,51.019
11,230,18826.392,0.0,2.3658,6.4608,6.4608,41.6056
11,231,18935.7287,0.0,1.4755,14.1955,14.1955,87.3091
11,232,19235.9142,0.0,3.6542,14.8637,14.8637,63.9799
11,233,19426.3928,0.0,11.0448,12.9566,12.9566,62.8738
11,234,19455.1416,0.0,1.3879,4.677,4.677,46.6345
11,235,19455.7973,0.0,3.0225,5.6097,5.6097,69.8199
11,236,19477.5148,0.0,5.5627,8.609,8.609,73.4753
11,237,19504.7228,0.0,2.9102,5.5498,5.5498,70.1782
11,238,19693.4411,0.0,6.0739,28.2336,28.2336,54.2241
11,239,19751.3494,0.0,1.0195,3.7562,3.7562,36.1299
11,240,19760.0527,0.0,3.5562,7.9919,7.9919,66.5278
11,241,19794.7919,0.0,6.5729,13.8989,13.8989,42.0687
11,242,20018.1434,0.0,5.4428,10.1306,10.1306,50.055
11,243,20159.7484,0.0,2.186,6.6574,6.6574,76.067
11,244,20179.5947,0.0,11.8135,20.0556,20.0556,66.9433
11,245,20235.7545,0.0,1.1428,9.429,9.429,77.5617
11,246,20479.7735,0.0,1.2792,7.3614,7.3614,38.6576
11,247,20491.3267,0.0,1.3046,4.2715,4.2715,56.2369
11,248,20662.616,0.0,5.6504,12.1431,12.1431,53.4305
11,249,20685.8293,0.0,2.2707,6.8286,6.8286,70.751
11,250,20675.9158,0.0,5.3772,18.0758,18.0758,67.9212
11,251,20861.9741,0.0,6.1242,10.8498,10.8498,50.0308
11,252,20896.8551,0.0,11.0536,21.2221,21.2221,66.3648
11,253,20910.6036,0.0,6.5473,13.1617,13.1617,100.7004
11,254,21001.4698,0.0,2.415,5.7,5.7,42.7721
11,255,21261.822,0.0,4.25,8.5947,8.5947,54.7716
11,256,21362.9805,0.0,5.6505,19.7617,19.7617,52.3911
11,257,21424.8586,0.0,5.542,14.6671,14.6671,49.2005
11,258,21593.6492,0.0,6.2004,8.8348,8.8348,32.0293
11,259,21730.8598,0.0,1.7758,12.4647,12.4647,36.7073
11,260,22017.3827,0.0,2.7733,12.7987,12.7987,57.2991
11,261,22291.438,0.0,2.8934,5.453,5.453,58.1513
11,262,22311.735,0.0,2.2598,5.9938,5.9938,42.1221
11,263,22321.3156,0.0,4.7985,7.7793,7.7793,61.2121
11,264,22343.174,0.0,7.2788,7.7897,7.7897,51.7099
11,265,22423.9856,0.0,1.52,3.8177,3.8177,37.0762
11,266,22496.0994,0.0,7.449,11.6433,11.6433,34.2515
11,267,22546.0875,0.0,2.2813,9.4663,9.4663,79.8956
11,268,22627.6597,0.0,5.661,26.9352,26.9352,70.2876
11,269,22643.056,0.0,7.4008,15.5506,15.5506,60.5918
11,270,22681.0267,0.0,12.7654,16.264,16.264,76.9768
11,271,22745.3496,0.0,1.3815,6.2188,6.2188,49.132
11,272,22800.2204,0.0,6.3588,8.5835,8.5835,42.5619
11,273,22845.9176,0.0,5.6685,7.9068,7.9068,38.0253
11,274,22944.4721,0.0,2.0804,6.1623,6.1623,90.8762
11,275,22963.6973,0.0,1.9659,5.5792,5.5792,73.7167
11,276,22993.9815,0.0,5.1103,6.6017,6.6017,51.9012
11,277,23109.0337,0.0,1.8612,8.8126,8.8126,34.2926
11,278,23119.0052,0.0,2.0746,7.5913,7.5913,24.1671
11,279,23132.6054,0.0,7.9571,11.2505,11.2505,120.6325
11,280,23462.6336,0.0,2.1392,7.6906,7.6906,26.7254
11,281,23580.9852,0.0,3.1568,4.2396,4.2396,59.0516
11,282,23660.1265,0.0,5.1175,13.3326,13.3326,77.6553
11,283,23695.9009,0.0,2.364,4.9166,4.9166,60.6407
11,284,23736.2495,0.0,5.3039,7.2583,7.2583,54.6499
11,285,23759.2126,0.0,10.3609,14.1682,14.1682,42.272
11,286,23777.1235,0.0,11.1158,13.3175,13.3175,52.5268
11,287,23797.1598,0.0,6.9138,12.2743,12.2743,76.9595
11,288,23802.7981,0.0,4.9366,10.5619,10.5619,57.5278
11,289,23884.9235,0.0,4.5405,9.3606,9.3606,57.8808
11,290,23945.5105,0.0,9.3547,16.3961,16.3961,75.7884
11,291,24003.7131,0.0,5.3234,9.0193,9.0193,28.0398
11,292,24038.0156,0.0,2.5336,5.3173,5.3173,65.7286
11,293,24141.5093,0.0,3.6612,9.6863,9.6863,44.5207
11,294,24258.8893,0.0,2.7164,4.7512,4.7512,29.2772
11,295,24344.0441,0.0,1.7494,10.1581,10.1581,70.2433
11,296,24371.2275,0.0,11.9872,22.9248,22.9248,74.0302
11,297,24665.0447,0.0,1.8145,5.128,5.128,40.5178
11,298,25053.1458,0.0,8.4029,17.1369,17.1369,113.3379
11,299,25147.9165,0.0,7.0709,13.4261,13.4261,83.3502
11,300,25174.2599,0.0,3.9995,9.9276,9.9276,64.6261
11,301,25200.4586,0.0,11.9247,13.3028,13.3028,59.0132
11,302,25182.2046,0.0,18.8033,36.4941,36.4941,97.0024
11,303,25268.7997,0.0,5.9187,11.2637,11.2637,55.2106
11,304,25318.7376,0.0,7.0713,14.2761,14.2761,51.9462
11,305,25351.5224,0.0,12.5964,16.2016,16.2016,76.8743
11,306,25355.1333,0.0,17.2786,24.1562,24.1562,59.5871
11,307,25380.2882,0.0,3.8144,9.5835,9.5835,89.8968
11,308,25460.8128,0.0,4.2274,5.4038,5.4038,34.5634
11,309,25608.0462,0.0,4.7007,8.348,8.348,32.9579
11,310,25659.8391,0.0,1.8497,9.5306,9.5306,39.194
11,311,26008.5321,0.0,5.3565,21.1001,21.1001,54.8465
11,312,26041.2211,0.0,6.2736,9.0063,9.0063,61.0187
11,313,26174.0276,0.0,3.9918,8.8125,8.8125,55.9707
11,314,26278.0461,0.0,5.3876,13.5758,13.5758,49.6484
11,315,26437.304,0.0,3.9133,7.4404,7.4404,50.0455
11,316,26433.6619,0.0,8.4894,11.682,11.682,80.2484
11,317,26439.4311,0.0,9.1878,12.8788,12.8788,105.5649
11,318,26464.265,0.0,2.3153,5.521,5.521,100.7404
11,319,26550.9597,0.0,1.5194,29.2252,29.2252,62.7883
11,320,26632.689,0.0,1.3897,7.6772,7.6772,32.3837
11,321,26690.2769,0.0,5.2806,18.5184,18.5184,53.5051
11,322,26850.6873,0.0,6.9017,23.102,23.102,54.784
11,323,26946.1912,0.0,2.8862,5.2103,5.2103,67.2469
11,324,27055.7312,0.0,3.2853,8.4942,8.4942,57.4526
11,325,27100.5095,0.0,5.724,6.3824,6.3824,48.5194
11,326,27120.635,0.0,8.0231,16.0681,16.0681,77.6065
11,327,27157.9777,0.0,4.0132,5.6823,5.6823,45.2235
11,328,27203.2873,0.0,9.804,13.8139,13.8139,32.7573
11,329,27300.1379,0.0,1.8739,7.9754,7.9754,37.4722
11,330,27519.5192,0.0,2.1573,11.2367,11.2367,45.9028
11,331,27882.193,0.0,1.4679,8.5871,8.5871,41.4017
11,332,27887.2272,0.0,2.631,6.8537,6.8537,48.4545
11,333,27939.4898,0.0,6.5301,9.1117,9.1117,41.1835
11,334,27988.6438,0.0,6.1612,11.8243,11.8243,53.8141
11,335,28012.5916,0.0,5.8126,21.1209,21.1209,61.1193
11,336,28048.691,0.0,4.3553,8.8203,8.8203,47.8608
11,337,28118.0305,0.0,5.4823,10.5676,10.5676,51.2096
11,338,28126.9126,0.0,11.5168,14.4438,14.4438,64.8645
11,339,28134.7386,0.0,5.4225,8.1646,8.1646,48.8096
11,340,28145.0267,0.0,2.6409,9.5841,9.5841,105.8964
11,341,28178.8244,0.0,12.5912,19.9775,19.9775,81.8171
11,342,28471.2804,0.0,6.2477,9.8454,9.8454,18.9244
11,343,28494.3045,0.0,3.3087,5.3334,5.3334,49.171
11,344,28494.9512,0.0,6.0842,7.8647,7.8647,59.2337
11,345,28496.1213,0.0,5.0035,9.0261,9.0261,76.6566
11,346,28627.8289,0.0,1.4863,7.9864,7.9864,53.8341
11,347,28654.1392,0.0,4.037,9.7701,9.7701,30.5142
11,348,28663.4157,0.0,5.7085,17.0576,17.0576,43.1809
11,349,28754.2076,0.0,3.3479,8.0905,8.0905,64.2928
11,350,29130.5285,0.0,5.2202,7.1936,7.1936,45.4579
11,351,29381.6522,0.0,1.9329,11.8064,11.8064,46.1323
11,352,29391.6809,0.0,2.488,7.868,7.868,96.9159
11,353,29478.0338,0.0,5.3534,8.7401,8.7401,46.694
11,354,29469.8977,0.0,6.1114,35.265,35.265,63.4235
11,355,29482.7163,0.0,7.1221,23.5038,23.5038,65.9292
11,356,29522.1307,0.0,12.8989,14.2544,14.2544,39.2474
11,357,29538.2079,0.0,5.7708,15.6704,15.6704,66.226
11,358,29731.6319,0.0,6.5508,11.4784,11.4784,48.1571
11,359,29785.0412,0.0,1.9166,5.4826,5.4826,95.0677
11,360,29785.2683,0.0,4.0751,14.7941,14.7941,101.9034
11,361,29816.802,0.0,16.4225,20.472,20.472,86.1965
11,362,29882.8466,0.0,10.2212,15.3108,15.3108,59.3115
11,363,29957.6854,0.0,2.8997,5.5304,5.5304,45.0854
11,364,29952.6249,0.0,4.19,12.9762,12.9762,66.6586
11,365,30012.9556,0.0,6.6666,9.9087,9.9087,49.0186
11,366,30026.0461,0.0,5.0547,21.344,21.344,38.3799
11,367,30302.4997,0.0,5.4711,11.2304,11.2304,61.0711
11,368,30330.7684,0.0,3.9505,7.6906,7.6906,48.7339
11,369,30349.4653,0.0,5.4562,19.8628,19.8628,46.1312
11,370,30412.5789,0.0,1.3954,17.8601,17.8601,48.4445
11,371,30555.1182,0.0,6.4605,11.4203,11.4203,68.0221
11,372,30706.3935,0.0,3.1319,8.4282,8.4282,79.4751
11,373,30806.526,0.0,2.9477,17.8094,17.8094,75.6724
11,374,30852.8907,0.0,3.425,7.7745,7.7745,49.6585
11,375,30900.2433,0.0,2.4606,5.0231,5.0231,60.1869
11,376,30976.4704,0.0,2.7788,9.7947,9.7947,43.7881
11,377,30993.2613,0.0,16.6199,21.3062,21.3062,49.5052
11,378,31024.0632,0.0,2.2814,7.3528,7.3528,42.999
11,379,31014.0519,0.0,13.6289,18.5646,18.5646,87.9724
11,380,31100.9228,0.0,8.0037,19.459,19.459,61.3795
11,381,31245.1713,0.0,6.5729,12.7706,12.7706,59.6416
11,382,31309.6557,0.0,5.2179,11.738,11.738,45.6798
11,383,31441.1984,0.0,4.2728,15.1981,15.1981,58.9197
11,384,31552.1603,0.0,3.4297,22.3802,22.3802,83.1214
11,385,31824.9691,0.0,5.5672,32.538,32.538,76.7124
11,386,31892.7331,0.0,1.5296,5.2574,5.2574,41.9155
11,387,31970.4534,0.0,6.2736,9.0947,9.0947,44.8263
11,388,31969.3552,0.0,2.7036,11.2912,11.2912,59.2803
11,389,32136.8487,0.0,5.1147,9.2202,9.2202,41.4782
11,390,32386.8429,0.0,8.5728,16.3594,16.3594,39.0509
11,391,32568.216,0.0,2.0768,9.084,9.084,77.5248
11,392,32587.5493,0.0,2.319,6.5419,6.5419,61.763
11,393,32605.6513,0.0,7.5405,12.6005,12.6005,51.368
11,394,32613.4224,0.0,11.2549,18.872,18.872,52.8459
11,395,32626.1146,0.0,12.8394,15.7662,15.7662,53.8794
11,396,32791.0702,0.0,6.4941,15.6741,15.6741,32.781
11,397,32982.4463,0.0,4.9384,6.4797,6.4797,37.4214
11,398,33053.9365,0.0,8.4517,11.0063,11.0063,62.6662
11,399,33147.9135,0.0,5.5637,8.7326,8.7326,76.5315
11,400,33777.4399,0.0,5.7516,11.3971,11.3971,26.383
11,401,33825.3604,0.0,4.0788,7.1614,7.1614,57.3422
11,402,33904.4692,0.0,8.1573,11.6551,11.6551,42.4081
11,403,34123.3241,0.0,7.2822,18.92,18.92,57.2925
11,404,34219.9663,0.0,2.9604,7.0759,7.0759,86.0585
11,405,34317.8174,0.0,6.9368,10.0482,10.0482,91.5629
11,406,34338.7432,0.0,3.3479,11.2185,11.2185,78.8028
11,407,34343.7635,0.0,2.34,14.7516,14.7516,134.6097
11,408,34364.864,0.0,7.6895,14.9142,14.9142,116.8113
11,409,34374.0752,0.0,4.3896,11.1734,11.1734,176.5286
11,410,34480.0748,0.0,9.6879,13.9607,13.9607,69.0302
11,411,34828.0542,0.0,3.7601,6.3162,6.3162,68.9457
11,412,34995.5417,0.0,2.6735,7.8529,7.8529,44.4213
11,413,35069.9083,0.0,9.264,11.6549,11.6549,52.2849
11,414,35182.881,0.0,5.7872,7.6368,7.6368,36.6406
11,415,35177.9844,0.0,1.9327,14.6824,14.6824,59.8177
11,416,35243.5816,0.0,1.6916,6.6288,6.6288,36.1735
11,417,35351.3364,0.0,7.3797,9.5097,9.5097,43.0327
11,418,35361.1436,0.0,3.8144,6.8392,6.8392,53.5079
11,419,35349.7887,0.0,6.4426,22.9573,22.9573,58.783
11,420,35363.7962,0.0,14.2992,30.5038,30.5038,34.1669
11,421,35397.182,0.0,2.3605,3.5214,3.5214,95.8841
11,422,35432.7719,0.0,4.9296,8.4675,8.4675,51.7328
11,423,35449.6555,0.0,3.7289,7.4559,7.4559,45.1479
11,424,35479.4816,0.0,11.1409,14.7709,14.7709,82.0375
11,425,35480.7553,0.0,10.3437,17.6049,17.6049,73.2088
11,426,35612.1501,0.0,4.8268,9.3062,9.3062,25.1923
11,427,35622.9469,0.0,5.9317,12.7369,12.7369,48.495
11,428,35649.376,0.0,3.3038,10.474,10.474,79.3231
11,429,35726.7973,0.0,9.2503,16.4644,16.4644,48.035
11,430,35767.2469,0.0,6.2254,10.1543,10.1543,42.043
11,431,35961.4302,0.0,1.7008,8.5493,8.5493,28.0456
11,432,36114.8541,0.0,5.0601,12.3619,12.3619,65.1739
11,433,36189.7645,0.0,6.4208,12.5951,12.5951,55.9231
11,434,36542.6647,0.0,3.3792,12.7039,12.7039,88.1532
11,435,36577.7086,0.0,6.3052,11.7309,11.7309,65.1001
11,436,36605.9774,0.0,5.7925,9.0652,9.0652,52.0375
11,437,36637.0019,0.0,4.5564,7.3739,7.3739,31.3757
11,438,36636.7226,0.0,1.3897,9.9795,9.9795,65.9721
11,439,36693.577,0.0,13.1257,16.4127,16.4127,67.5323
11,440,36687.0071,0.0,9.5688,34.6244,34.6244,85.7594
11,441,36724.1762,0.0,8.205,11.3671,11.3671,68.838
11,442,36750.8708,0.0,11.5787,18.658,18.658,87.7401
11,443,36818.5056,0.0,7.2025,18.7555,18.7555,46.2542
11,444,36841.2634,0.0,10.4009,15.0158,15.0158,45.2239
11,445,36844.4056,0.0,7.4909,14.4614,14.4614,111.2051
11,446,36896.2681,0.0,13.9426,16.5577,16.5577,77.0467
11,447,36924.9569,0.0,3.1367,7.9705,7.9705,80.1992
11,448,36956.495,0.0,7.3223,15.3171,15.3171,56.6306
11,449,36970.8757,0.0,7.9355,39.2273,39.2273,97.7812
11,450,37040.8885,0.0,11.6003,14.6997,14.6997,88.869
11,451,37297.856,0.0,6.3757,16.6113,16.6113,74.2571
11,452,37791.0468,0.0,1.9483,5.5944,5.5944,54.273
11,453,37805.9009,0.0,9.7342,14.3636,14.3636,80.5176
11,454,37836.348,0.0,6.9298,12.0083,12.0083,136.0864
11,455,37850.5237,0.0,3.8518,19.7389,19.7389,126.8754
11,456,38006.5073,0.0,6.2846,7.321,7.321,39.5041
11,457,38011.0734,0.0,0.8578,4.5527,4.5527,57.027
11,458,38074.7194,0.0,1.7012,4.4823,4.4823,64.5222
11,459,38110.4488,0.0,7.7965,13.4416,13.4416,33.0439
11,460,38145.8015,0.0,10.2115,20.6619,20.6619,81.9838
11,461,38173.9402,0.0,16.12,18.8092,18.8092,81.8551
11,462,38266.3688,0.0,4.2408,9.2502,9.2502,50.7169
11,463,38265.1005,0.0,6.5702,14.0582,14.0582,67.2634
11,464,38316.421,0.0,2.723,17.8719,17.8719,98.3026
11,465,38433.614,0.0,0.836,4.3639,4.3639,29.8427
11,466,38433.4042,0.0,3.9027,9.5322,9.5322,45.1775
11,467,38435.0753,0.0,5.5116,8.5308,8.5308,58.772
11,468,38447.267,0.0,10.3262,17.936,17.936,53.3003
11,469,38504.0773,0.0,2.6298,7.2286,7.2286,32.5642
11,470,38543.7095,0.0,3.3117,7.2433,7.2433,62.1368
11,471,38573.6826,0.0,12.1325,15.5693,15.5693,42.385
11,472,38605.8353,0.0,12.7123,15.4681,15.4681,65.4767
11,473,38753.8243,0.0,1.6733,7.7013,7.7013,51.6683
11,474,39091.8109,0.0,1.2792,6.8871,6.8871,77.5395
11,475,39103.99,0.0,5.7618,10.1066,10.1066,68.204
11,476,39362.6612,0.0,3.8398,7.3393,7.3393,30.3234
11,477,39433.6843,0.0,7.7258,12.6513,12.6513,33.5247
11,478,39602.4221,0.0,3.8607,15.4624,15.4624,47.9599
11,479,39630.0357,0.0,7.1851,8.0131,8.0131,60.42
11,480,39632.9136,0.0,8.0474,53.0442,53.0442,96.8895
11,481,39795.1543,0.0,3.7333,19.2876,19.2876,35.4376
11,482,39814.1518,0.0,2.8071,13.8036,13.8036,68.7867
11,483,39828.6273,0.0,2.6591,5.5392,5.5392,102.8701
11,484,40069.6326,0.0,4.9749,12.2971,12.2971,64.2766
11,485,40186.9215,0.0,1.1283,6.1074,6.1074,39.9149
11,486,40355.2169,0.0,3.2928,5.1015,5.1015,48.0627
11,487,40422.4154,0.0,4.0434,13.3636,13.3636,35.4087
11,488,40438.9899,0.0,1.8942,3.6023,3.6023,38.8359
11,489,40437.5496,0.0,2.1896,8.4871,8.4871,52.8534
11,490,40677.8989,0.0,5.6584,7.0227,7.0227,66.3563
11,491,40944.6442,0.0,7.2601,11.4591,11.4591,34.8272
11,492,40954.4771,0.0,2.093,3.5155,3.5155,28.3963
11,493,40963.4355,0.0,1.2681,7.3661,7.3661,55.3919
11,494,40994.7165,0.0,8.677,15.6705,15.6705,35.867
11,495,41030.9419,0.0,3.898,6.1714,6.1714,80.1124
11,496,41138.6458,0.0,6.9818,10.0486,10.0486,46.7557
11,497,41226.0242,0.0,3.6398,7.9628,7.9628,44.7927
11,498,41277.3965,0.0,6.616,8.7095,8.7095,48.6618
11,499,41268.0014,0.0,9.5313,20.1878,20.1878,69.8758
11,500,41361.7912,0.0,4.1107,7.5289,7.5289,45.4038
11,501,41390.9993,0.0,2.9941,7.7676,7.7676,47.6577
11,502,41514.7139,0.0,6.5251,10.3872,10.3872,37.2029
11,503,41675.873,0.0,3.227,5.8122,5.8122,47.5176
11,504,41876.5433,0.0,6.0861,12.9419,12.9419,93.8028
11,505,42340.8549,0.0,1.6628,7.2293,7.2293,68.4048
11,506,42393.0881,0.0,5.1827,8.008,8.008,30.1194
11,507,42553.4963,0.0,1.7419,3.9868,3.9868,38.6874
11,508,42566.6684,0.0,4.0157,7.5535,7.5535,61.6219
11,509,42587.7609,0.0,5.3035,8.4716,8.4716,58.136
11,510,42677.9633,0.0,3.4907,13.7515,13.7515,72.0805
11,511,42737.0968,0.0,2.5105,12.0799,12.0799,61.8907
11,512,42836.1934,0.0,2.0587,5.1557,5.1557,34.6717
11,513,42821.1982,0.0,6.6302,22.7371,22.7371,68.4401
11,514,42991.5891,0.0,3.4003,5.0379,5.0379,44.2107
11,515,42996.329,0.0,3.1215,7.5317,7.5317,56.2237
11,516,43058.588,0.0,5.2628,28.0408,28.0408,93.096
11,517,43142.5988,0.0,4.945,10.3011,10.3011,42.0511
11,518,43183.0447,0.0,1.7008,11.9665,11.9665,77.1676
11,519,43186.4502,0.0,5.0104,13.0631,13.0631,38.0792
12,1,0.0,0.0,6.1436,10.5633,10.5633,42.3269
12,2,156.9846,0.0,5.6198,43.5713,43.5713,91.6486
12,3,198.934,0.0,2.3825,4.6425,4.6425,79.4088
12,4,519.3677,0.0,3.0605,12.1693,12.1693,29.75
12,5,570.3939,0.0,4.9997,8.2598,8.2598,48.0142
12,6,619.6728,0.0,7.8828,11.4267,11.4267,120.535
12,7,625.3922,0.0,6.4784,14.8028,14.8028,146.2165
12,8,633.5303,0.0,7.0483,11.8345,11.8345,185.1714
12,9,695.9428,0.0,8.6401,17.5807,17.5807,117.3529
12,10,650.7975,0.0,13.2233,67.0241,67.0241,106.8094
12,11,719.2454,0.0,11.8563,18.3991,18.3991,181.7044
12,12,738.8385,0.0,4.4707,6.0169,6.0169,100.5052
12,13,787.2191,0.0,15.4498,45.3098,45.3098,36.7515
12,14,809.7816,0.0,37.9359,47.8106,47.8106,95.3818
12,15,842.9304,0.0,6.7985,18.1334,18.1334,75.8666
12,16,947.3984,0.0,6.8196,10.1058,10.1058,51.4669
12,17,1035.1566,0.0,4.8975,12.5687,12.5687,50.2247
12,18,1082.115,0.0,2.0407,6.7549,6.7549,92.6191
12,19,1078.4078,0.0,6.4087,11.9812,11.9812,91.076
12,20,1358.582,0.0,1.0441,6.5049,6.5049,41.7146
12,21,1441.0415,0.0,3.0504,8.4235,8.4235,40.9429
12,22,1523.3027,0.0,3.6329,12.5431,12.5431,69.2315
12,23,1677.4604,0.0,5.4936,6.9935,6.9935,52.6313
12,24,1924.0333,0.0,7.5175,10.0513,10.0513,27.4385
12,25,2011.751,0.0,4.8094,6.6268,6.6268,32.9319
12,26,2007.4796,0.0,7.7965,12.8437,12.8437,71.8188
12,27,2046.6359,0.0,2.1796,5.4023,5.4023,49.5857
12,28,2044.6428,0.0,5.1111,12.2241,12.2241,70.9525
12,29,2202.9948,0.0,1.3606,6.7046,6.7046,49.6089
12,30,2575.3538,0.0,2.9627,6.5887,6.5887,60.3308
12,31,2675.2925,0.0,6.8166,9.8314,9.8314,44.3559
12,32,2681.0504,0.0,11.3906,13.804,13.804,47.2978
12,33,2690.3579,0.0,7.5433,11.3176,11.3176,73.1508
12,34,2736.635,0.0,3.5298,11.1024,11.1024,62.5767
12,35,2911.3485,0.0,4.7718,14.9554,14.9554,54.3828
12,36,3308.1341,0.0,7.6174,48.9122,48.9122,98.6064
12,37,3471.124,0.0,1.7695,5.4007,5.4007,53.4997
12,38,3494.1951,0.0,6.8948,13.2342,13.2342,44.3903
12,39,3533.0424,0.0,6.2805,14.5195,14.5195,34.212
12,40,3541.574,0.0,3.7039,6.4792,6.4792,79.5228
12,41,3531.2476,0.0,17.0428,35.5156,35.5156,88.4301
12,42,3573.7529,0.0,8.1,11.3929,11.3929,54.4914
12,43,3617.6524,0.0,13.6789,18.8243,18.8243,138.8752
12,44,3649.1491,0.0,17.7236,20.9592,20.9592,126.7042
12,45,3650.8276,0.0,3.8917,25.4435,25.4435,139.3777
12,46,3697.5598,0.0,3.6957,6.4038,6.4038,97.2956
12,47,3690.8051,0.0,1.5136,18.1231,18.1231,152.9213
12,48,3739.7691,0.0,12.2651,16.7569,16.7569,121.6079
12,49,4042.3028,0.0,6.5917,14.2882,14.2882,78.91
12,50,4103.794,0.0,11.9066,15.1314,15.1314,63.8766
12,51,4397.1716,0.0,3.1484,7.8185,7.8185,50.3033
12,52,4471.2603,0.0,3.2804,10.6287,10.6287,38.898
12,53,4504.3491,0.0,3.9934,8.3738,8.3738,47.6318
12,54,4858.0442,0.0,6.1854,13.486,13.486,53.3628
12,55,4886.6755,0.0,5.6519,9.5305,9.5305,79.9611
12,56,4986.7668,0.0,2.1936,8.8969,8.8969,47.7375
12,57,5060.8673,0.0,4.4305,10.4607,10.4607,46.7771
12,58,5102.5808,0.0,7.2559,8.9817,8.9817,62.0913
12,59,5146.9707,0.0,7.6719,14.3193,14.3193,39.0355
12,60,5172.1152,0.0,13.8852,16.9838,16.9838,62.7652
12,61,5365.4432,0.0,13.4291,73.4291,73.4291,113.462
12,62,5429.6477,0.0,11.7868,32.8301,32.8301,71.6678
12,63,5568.6244,0.0,1.675,21.6545,21.6545,62.9058
12,64,5598.6034,0.0,2.8499,5.9228,5.9228,52.7187
12,65,5589.631,0.0,4.7703,18.6285,18.6285,60.5505
12,66,5678.9612,0.0,3.1001,24.1284,24.1284,46.8916
12,67,5812.2337,0.0,3.3959,6.0604,6.0604,54.8512
12,68,6160.541,0.0,3.4475,7.689,7.689,54.448
12,69,6404.7614,0.0,9.3486,15.3241,15.3241,51.1012
12,70,6546.2726,0.0,6.7838,16.2022,16.2022,62.8531
12,71,6654.8425,0.0,9.6058,14.8151,14.8151,59.5394
12,72,6672.226,0.0,4.4326,8.1768,8.1768,86.0899
12,73,6747.7919,0.0,1.7689,5.0216,5.0216,51.6595
12,74,6750.4848,0.0,4.3085,11.5718,11.5718,66.0906
12,75,6800.2923,0.0,17.2499,26.846,26.846,114.5709
12,76,6873.4501,0.0,14.2203,21.4235,21.4235,65.1591
12,77,6892.0111,0.0,2.6799,8.6159,8.6159,63.0048
12,78,6899.276,0.0,1.7554,5.8688,5.8688,59.0004
12,79,6902.3319,0.0,6.7366,10.6301,10.6301,61.9329
12,80,6931.9013,0.0,3.4052,9.6095,9.6095,49.6276
12,81,7143.401,0.0,4.2879,7.9571,7.9571,48.3905
12,82,7241.377,0.0,4.3422,20.784,20.784,44.7414
12,83,7359.2449,0.0,2.4453,4.8838,4.8838,84.4744
12,84,7587.8397,0.0,2.8701,9.175,9.175,64.9346
12,85,7686.6497,0.0,0.9562,7.9208,7.9208,47.2014
12,86,7706.6321,0.0,6.5244,8.0726,8.0726,46.392
12,87,7781.7079,0.0,3.7279,11.8112,11.8112,65.2913
12,88,7838.4742,0.0,3.3211,6.4387,6.4387,36.2373
12,89,7876.4391,0.0,7.2483,10.6036,10.6036,61.4355
12,90,8059.7996,0.0,5.7409,9.2698,9.2698,36.2294
12,91,8195.6083,0.0,11.0368,12.742,12.742,63.2385
12,92,8202.5624,0.0,3.2522,6.2036,6.2036,79.4444
12,93,8214.3288,0.0,1.8276,7.2672,7.2672,80.2258
12,94,8318.3054,0.0,4.0663,11.649,11.649,44.9971
12,95,8399.3772,0.0,4.5939,14.9558,14.9558,75.587
12,96,8599.8137,0.0,2.5245,5.5499,5.5499,43.371
12,97,8623.1533,0.0,2.6264,7.4101,7.4101,39.7094
12,98,8656.6077,0.0,3.4077,8.7594,8.7594,59.0916
12,99,8704.9937,0.0,4.2258,8.9416,8.9416,45.818
12,100,8994.135,0.0,3.5903,6.6673,6.6673,38.8066
12,101,9023.4187,0.0,0.9377,4.1716,4.1716,35.0242
12,102,9165.6536,0.0,1.4192,6.9172,6.9172,37.057
12,103,9227.2833,0.0,1.4362,4.6061,4.6061,52.5797
12,104,9295.3268,0.0,3.4333,6.3722,6.3722,34.8029
12,105,9293.9555,0.0,4.1402,11.8215,11.8215,62.1012
12,106,9476.5493,0.0,3.646,4.6936,4.6936,31.2307
12,107,9517.4718,0.0,1.9327,5.7928,5.7928,29.8381
12,108,9509.9038,0.0,6.74,13.403,13.403,48.0741
12,109,9523.5896,0.0,15.0789,22.9899,22.9899,40.9969
12,110,9536.9001,0.0,2.3981,13.2221,13.2221,71.8581
12,111,9836.4507,0.0,3.3791,6.9266,6.9266,27.3958
12,112,9845.7927,0.0,3.4709,8.3964,8.3964,44.9704
12,113,9902.8028,0.0,7.0703,9.8333,9.8333,59.2511
12,114,9946.5577,0.0,2.3855,5.8309,5.8309,63.9557
12,115,9990.7348,0.0,2.9394,5.4685,5.4685,72.3177
12,116,10069.68,0.0,5.0974,11.245,11.245,49.4436
12,117,10200.5834,0.0,1.3046,21.1779,21.1779,63.86
12,118,10264.849,0.0,2.5979,6.6745,6.6745,27.746
12,119,10282.5069,0.0,5.9494,9.3265,9.3265,37.7001
12,120,10470.3703,0.0,4.0703,8.2898,8.2898,49.1374
12,121,10808.3522,0.0,1.3828,5.1194,5.1194,59.4341
12,122,11005.8321,0.0,2.1295,2.9139,2.9139,39.5573
12,123,11052.9591,0.0,3.5472,6.0043,6.0043,51.8807
12,124,11225.5253,0.0,6.249,10.3284,10.3284,49.2769
12,125,11250.5565,0.0,6.2979,12.2131,12.2131,41.7548
12,126,11280.7461,0.0,5.1766,14.7109,14.7109,40.3233
12,127,11597.8128,0.0,1.4755,9.9158,9.9158,55.7912
12,128,11627.5097,0.0,6.5853,9.2365,9.2365,55.6466
12,129,11833.3723,0.0,7.7621,67.7621,67.7621,95.0281
12,130,12018.2794,0.0,1.8458,11.2982,11.2982,46.233
12,131,12158.6733,0.0,6.3061,12.0077,12.0077,39.2636
12,132,12194.4369,0.0,1.6369,2.9435,2.9435,33.2202
12,133,12206.9347,0.0,3.5785,13.725,13.725,58.8102
12,134,12219.6613,0.0,10.8981,13.5146,13.5146,76.0698
12,135,12235.1122,0.0,11.6183,16.0435,16.0435,90.5979
12,136,12325.8906,0.0,4.9184,7.9703,7.9703,32.219
12,137,12343.6859,0.0,4.199,6.2697,6.2697,100.8377
12,138,12364.5803,0.0,0.892,5.8002,5.8002,83.7659
12,139,12463.0491,0.0,5.1118,9.5339,9.5339,45.631
12,140,12615.7539,0.0,4.3282,18.0389,18.0389,48.5871
12,141,12689.992,0.0,3.7349,7.1155,7.1155,68.1148
12,142,12720.486,0.0,1.5329,5.7017,5.7017,45.4356
12,143,12831.4833,0.0,5.0849,10.1424,10.1424,53.3409
12,144,12875.5807,0.0,13.2087,17.1912,17.1912,50.5592
12,145,12949.3412,0.0,6.2439,11.9263,11.9263,58.4239
12,146,13351.6619,0.0,2.1444,6.5203,6.5203,47.3187
12,147,13442.6585,0.0,9.198,15.2682,15.2682,58.1289
12,148,13475.2611,0.0,1.813,4.8284,4.8284,78.533
12,149,13484.1971,0.0,6.0684,10.211,10.211,74.6047
12,150,13563.3323,0.0,4.6651,10.2281,10.2281,52.8324
12,151,13610.3208,0.0,8.6714,14.8554,14.8554,42.6677
12,152,13611.3087,0.0,5.3291,14.5527,14.5527,67.4336
12,153,13667.8286,0.0,8.1544,28.9536,28.9536,96.9259
12,154,13716.2009,0.0,5.5881,13.8761,13.8761,75.5076
12,155,13750.8538,0.0,2.9815,6.5237,6.5237,37.8526
12,156,13764.7097,0.0,1.8109,4.3435,4.3435,58.5448
12,157,13898.2485,0.0,4.4055,8.3098,8.3098,64.389
12,158,14098.8307,0.0,7.652,9.9974,9.9974,95.4918
12,159,14401.7745,0.0,5.6108,15.0589,15.0589,54.8993
12,160,14420.8149,0.0,2.2218,15.0849,15.0849,53.7399
12,161,14447.3849,0.0,3.4276,6.296,6.296,48.9066
12,162,14606.4592,0.0,4.4692,18.9878,18.9878,59.974
12,163,14819.5461,0.0,3.7137,6.1432,6.1432,35.9211
12,164,15086.0487,0.0,7.134,20.8986,20.8986,81.8332
12,165,15203.3011,0.0,5.1195,9.571,9.571,47.9873
12,166,15230.5341,0.0,4.4193,8.8456,8.8456,57.2746
12,167,15262.8705,0.0,6.5473,9.7567,9.7567,56.8085
12,168,15316.3485,0.0,4.8301,12.5936,12.5936,55.4413
12,169,15352.3068,0.0,3.8338,16.4697,16.4697,50.8736
12,170,15435.1776,0.0,6.7969,10.5168,10.5168,31.4775
12,171,15479.0872,0.0,1.2639,6.1552,6.1552,53.057
12,172,15525.9537,0.0,4.7732,8.3777,8.3777,32.3807
12,173,15551.0132,0.0,4.4984,10.2628,10.2628,46.6085
12,174,15695.6089,0.0,1.9425,9.7873,9.7873,36.2476
12,175,15794.7496,0.0,13.8859,18.6286,18.6286,85.1153
12,176,15939.2323,0.0,8.2556,13.37,13.37,45.7525
12,177,16005.2537,0.0,1.954,5.6043,5.6043,51.4119
12,178,16116.6213,0.0,1.8906,4.511,4.511,30.9786
12,179,16134.1422,0.0,5.8545,11.1114,11.1114,57.8815
12,180,16297.8562,0.0,3.7601,10.766,10.766,41.6537
12,181,16335.7519,0.0,4.4264,9.1296,9.1296,91.4974
12,182,16411.6911,0.0,3.3229,12.2106,12.2106,43.5714
12,183,16430.5064,0.0,4.308,6.4744,6.4744,47.611
12,184,16532.3255,0.0,2.6318,7.8384,7.8384,50.3963
12,185,16532.7286,0.0,3.8144,11.3859,11.3859,67.131
12,186,16585.8468,0.0,3.1134,4.1693,4.1693,50.0079
12,187,16762.1727,0.0,2.8585,9.9224,9.9224,70.2939
12,188,16759.8993,0.0,4.4972,13.5164,13.5164,77.0645
12,189,16893.022,0.0,5.9862,10.9427,10.9427,65.1678
12,190,16942.0409,0.0,3.7534,11.4179,11.4179,46.4473
12,191,16948.1867,0.0,6.4849,12.5112,12.5112,76.2942
12,192,16991.5659,0.0,2.2022,10.4041,10.4041,80.5969
12,193,17004.6709,0.0,11.9563,20.286,20.286,79.9986
12,194,17122.5786,0.0,2.2731,15.034,15.034,32.7683
12,195,17600.3445,0.0,4.036,9.131,9.131,50.5394
12,196,17619.2995,0.0,5.4276,8.2586,8.2586,39.0595
12,197,17622.2288,0.0,7.9247,10.1588,10.1588,59.452
12,198,17771.9004,0.0,7.0743,17.4351,17.4351,57.088
12,199,17795.6136,0.0,2.3675,8.7949,8.7949,43.5598
12,200,17838.023,0.0,5.3289,18.6559,18.6559,85.7714
12,201,17907.4774,0.0,3.4811,18.1527,18.1527,54.088
12,202,18040.7129,0.0,3.5386,16.264,16.264,66.0744
12,203,18067.8822,0.0,2.1601,13.8282,13.8282,42.1238
12,204,18083.3621,0.0,7.8801,15.4266,15.4266,66.2825
12,205,18111.5553,0.0,17.9391,40.8033,40.8033,87.5117
12,206,18229.4498,0.0,8.0853,24.0935,24.0935,64.4966
12,207,18361.662,0.0,1.9824,8.5658,8.5658,49.9696
12,208,18367.5529,0.0,1.8739,14.7241,14.7241,65.7996
12,209,18738.2832,0.0,2.8769,7.5299,7.5299,33.3395
12,210,18754.1193,0.0,4.4862,22.001,22.001,87.385
12,211,19114.6641,0.0,2.0954,18.5182,18.5182,63.2742
12,212,19166.835,0.0,2.2977,7.0423,7.0423,49.3375
12,213,19461.6696,0.0,10.5542,15.1883,15.1883,41.8728
12,214,19516.4898,0.0,2.3981,10.3738,10.3738,38.5655
12,215,19522.8888,0.0,6.584,10.2148,10.2148,53.3435
12,216,19537.0286,0.0,9.9067,14.666,14.666,53.3231
12,217,19688.2016,0.0,5.2166,17.7317,17.7317,67.6655
12,218,19747.0824,0.0,8.9416,10.2385,10.2385,38.9908
12,219,19747.0635,0.0,6.447,10.8337,10.8337,52.764
12,220,19751.4883,0.0,3.1137,7.2476,7.2476,67.4882
12,221,19783.5433,0.0,2.3004,5.8212,5.8212,35.8648
12,222,19813.609,0.0,13.5161,15.9103,15.9103,60.19
12,223,19999.7669,0.0,2.0747,8.7967,8.7967,55.1147
12,224,20168.8803,0.0,1.238,15.082,15.082,49.4354
12,225,20238.2264,0.0,4.6326,8.1308,8.1308,39.5331
12,226,20261.1755,0.0,4.5393,64.5393,64.5393,94.5159
12,227,20608.2317,0.0,2.8242,6.1618,6.1618,38.5475
12,228,20612.3434,0.0,1.5168,7.6393,7.6393,59.0578
12,229,20648.9602,0.0,1.8192,4.7081,4.7081,55.7033
12,230,20686.3054,0.0,7.1425,12.2793,12.2793,72.4897
12,231,20755.5625,0.0,3.2737,12.6907,12.6907,60.2022
12,232,20841.5344,0.0,3.3933,4.4532,4.4532,38.1689
12,233,20889.3638,0.0,5.63,8.533,8.533,56.2236
12,234,20898.4936,0.0,7.9265,19.4158,19.4158,68.6834
12,235,21022.6775,0.0,5.63,11.355,11.355,65.4754
12,236,21057.724,0.0,2.8031,6.5253,6.5253,62.4859
12,237,21161.0866,0.0,0.4797,7.7431,7.7431,64.1011
12,238,21179.1423,0.0,7.3018,10.0306,10.0306,48.0755
12,239,21196.854,0.0,9.0538,14.3118,14.3118,58.4728
12,240,21213.272,0.0,11.6957,14.7743,14.7743,47.8842
12,241,21293.9524,0.0,2.1274,7.228,7.228,62.0502
12,242,21398.1798,0.0,4.4307,6.1228,6.1228,56.4382
12,243,21445.1989,0.0,6.2304,9.6067,9.6067,45.3308
12,244,21458.3556,0.0,4.9917,19.6435,19.6435,65.3334
12,245,21624.2865,0.0,6.3195,11.2521,11.2521,67.9502
12,246,21704.2488,0.0,1.0892,9.2481,9.2481,43.4314
12,247,21758.3621,0.0,3.804,8.9659,8.9659,36.9549
12,248,22223.4423,0.0,2.3153,8.6917,8.6917,50.3895
12,249,22294.3474,0.0,4.5095,8.3556,8.3556,78.5895
12,250,22342.9204,0.0,6.0742,10.9916,10.9916,76.4893
12,251,22344.9881,0.0,7.0713,10.7726,10.7726,92.513
12,252,22416.857,0.0,9.4738,11.0288,11.0288,38.9454
12,253,22469.4461,0.0,2.2673,13.6596,13.6596,53.5322
12,254,22476.7994,0.0,7.2452,8.3606,8.3606,76.819
12,255,22718.4879,0.0,10.0483,14.7103,14.7103,70.4977
12,256,22788.9851,0.0,8.229,15.0893,15.0893,55.8197
12,257,22887.6488,0.0,1.0779,9.7633,9.7633,45.6565
12,258,22950.3518,0.0,6.3766,13.4549,13.4549,50.3123
12,259,23081.3506,0.0,3.7601,8.5108,8.5108,78.7503
12,260,23182.4781,0.0,3.39,24.48,24.48,75.5536
12,261,23534.7863,0.0,5.7091,7.0196,7.0196,59.4384
12,262,23689.1648,0.0,4.7485,13.1051,13.1051,43.5753
12,263,23701.3164,0.0,9.4384,24.4049,24.4049,86.9321
12,264,23967.1203,0.0,4.4349,10.8163,10.8163,36.747
12,265,23980.0011,0.0,8.6308,11.8671,11.8671,59.3368
12,266,24023.0312,0.0,6.3706,18.7372,18.7372,54.6221
12,267,24093.5012,0.0,5.6264,8.8192,8.8192,66.1685
12,268,24257.1671,0.0,2.1359,5.97,5.97,28.7224
12,269,24356.1692,0.0,4.9616,16.1386,16.1386,41.3228
12,270,24433.5543,0.0,7.0519,20.6192,20.6192,67.6987
12,271,24705.1786,0.0,10.8427,16.8621,16.8621,55.2016
12,272,24914.841,0.0,4.1664,8.8599,8.8599,65.8379
12,273,25137.4878,0.0,0.3958,7.5105,7.5105,59.9408
12,274,25255.0115,0.0,4.1501,10.5889,10.5889,28.5046
12,275,25263.0862,0.0,0.1739,3.1226,3.1226,65.3344
12,276,25308.5851,0.0,8.8207,43.807,43.807,113.9977
12,277,25356.6302,0.0,6.9465,14.9583,14.9583,79.0748
12,278,25421.2636,0.0,6.831,12.4744,12.4744,54.0593
12,279,25432.2947,0.0,5.6381,11.8691,11.8691,67.862
12,280,25461.1661,0.0,16.7051,24.2336,24.2336,60.676
12,281,25496.1957,0.0,15.2523,19.8137,19.8137,43.2661
12,282,25524.4781,0.0,3.8304,9.2787,9.2787,28.4879
12,283,25547.6965,0.0,14.2005,17.7265,17.7265,68.1439
12,284,25704.4461,0.0,2.4298,6.4965,6.4965,59.9124
12,285,25735.5529,0.0,6.1376,9.5877,9.5877,69.859
12,286,25771.6008,0.0,0.8673,3.1044,3.1044,58.6748
12,287,25817.5217,0.0,6.0572,9.4212,9.4212,47.4753
12,288,25857.595,0.0,6.4145,9.9376,9.9376,52.3052
12,289,26009.7991,0.0,2.8977,6.8504,6.8504,51.8166
12,290,26220.0331,0.0,4.764,12.25,12.25,65.9757
12,291,26299.1885,0.0,6.8531,17.5637,17.5637,41.0688
12,292,26310.9736,0.0,6.0861,13.3571,13.3571,92.0788
12,293,26453.5032,0.0,4.2455,8.048,8.048,41.6362
12,294,26460.5226,0.0,7.5553,11.8414,11.8414,90.5614
12,295,26518.7705,0.0,6.6335,9.1104,9.1104,79.4171
12,296,26684.3605,0.0,7.4453,14.4674,14.4674,40.5345
12,297,26834.8077,0.0,2.702,31.1217,31.1217,56.7774
12,298,26862.6858,0.0,3.2951,10.4307,10.4307,53.2784
12,299,26926.9126,0.0,2.5462,4.9896,4.9896,61.0548
12,300,26942.3242,0.0,2.4046,11.2568,11.2568,54.1866
12,301,27020.1714,0.0,1.6383,5.9339,5.9339,53.5862
12,302,27033.7723,0.0,7.3986,20.6003,20.6003,82.8072
12,303,27070.3958,0.0,12.9865,15.7659,15.7659,85.2022
12,304,27173.1455,0.0,1.6208,3.4411,3.4411,30.0119
12,305,27582.9056,0.0,6.1415,18.4233,18.4233,52.0129
12,306,27806.2822,0.0,1.3521,5.0538,5.0538,68.4746
12,307,27878.319,0.0,10.5587,18.4688,18.4688,47.917
12,308,27904.164,0.0,15.679,19.9815,19.9815,43.46
12,309,27927.023,0.0,1.2756,9.1794,9.1794,71.601
12,310,27941.041,0.0,17.2526,19.3625,19.3625,71.277
12,311,27974.7318,0.0,1.8579,4.406,4.406,59.7041
12,312,28015.7401,0.0,5.4468,8.6218,8.6218,55.3187
12,313,28112.7912,0.0,2.9102,17.6169,17.6169,47.3184
12,314,28121.8733,0.0,4.7317,9.0325,9.0325,71.4168
12,315,28285.7776,0.0,6.5442,13.1812,13.1812,62.8715
12,316,28418.8401,0.0,6.4053,9.7224,9.7224,89.2502
12,317,28564.5347,0.0,1.9822,6.4838,6.4838,71.4515
12,318,28609.3071,0.0,9.384,13.8221,13.8221,59.0633
12,319,28634.9842,0.0,18.6905,28.6094,28.6094,82.1401
12,320,28716.9118,0.0,0.2115,9.5926,9.5926,57.7839
12,321,28738.2382,0.0,3.9053,7.3702,7.3702,40.8001
12,322,28759.2809,0.0,0.153,5.1198,5.1198,82.079
12,323,29142.8458,0.0,2.5246,25.1214,25.1214,55.6431
12,324,29192.2809,0.0,4.7483,14.1508,14.1508,47.91
12,325,29226.0515,0.0,4.2254,7.1005,7.1005,59.3703
12,326,29228.5779,0.0,7.9413,12.1319,12.1319,84.0846
12,327,29368.9986,0.0,6.0286,9.7791,9.7791,90.4438
12,328,29445.7237,0.0,5.9331,13.1381,13.1381,59.0773
12,329,29558.1906,0.0,8.9907,10.5925,10.5925,56.351
12,330,29614.3582,0.0,8.7935,10.6811,10.6811,44.7567
12,331,29627.1768,0.0,2.1436,4.3178,4.3178,78.5646
12,332,29697.9401,0.0,4.3416,10.1103,10.1103,48.5494
12,333,29777.9884,0.0,6.2686,10.6933,10.6933,61.6575
12,334,30024.7509,0.0,4.2061,5.0014,5.0014,51.2975
12,335,30049.6277,0.0,9.1449,18.5914,18.5914,50.39
12,336,30024.3176,0.0,4.3248,53.0914,53.0914,84.4422
12,337,30224.425,0.0,2.1359,9.2144,9.2144,67.8527
12,338,30248.5493,0.0,5.4344,7.8275,7.8275,52.2002
12,339,30511.7739,0.0,3.9991,7.4204,7.4204,29.7189
12,340,30791.7818,0.0,8.2457,10.8873,10.8873,35.8384
12,341,30850.9124,0.0,3.2764,5.7735,5.7735,50.9117
12,342,30908.655,0.0,3.5982,15.1106,15.1106,50.198
12,343,30916.7059,0.0,3.8437,25.621,25.621,76.0348
12,344,30996.057,0.0,10.0449,21.9622,21.9622,65.0614
12,345,31053.4523,0.0,5.9883,12.7285,12.7285,78.8044
12,346,31129.3924,0.0,5.3637,12.2813,12.2813,34.8211
12,347,31188.119,0.0,1.1021,5.2675,5.2675,56.7415
12,348,31245.6331,0.0,2.3725,13.1862,13.1862,61.6879
12,349,31279.1363,0.0,2.561,7.2242,7.2242,33.0904
12,350,31486.5939,0.0,4.2217,7.3879,7.3879,48.1899
12,351,31576.3716,0.0,5.11,9.1427,9.1427,70.1414
12,352,31619.7862,0.0,7.1482,10.7511,10.7511,40.6586
12,353,31786.2019,0.0,1.4755,6.0084,6.0084,42.6804
12,354,32118.8396,0.0,4.5025,7.9785,7.9785,125.3496
12,355,32174.7538,0.0,5.9019,12.8918,12.8918,100.629
12,356,32346.3025,0.0,2.2878,4.4191,4.4191,63.3543
12,357,32397.068,0.0,7.4243,8.2371,8.2371,56.6829
12,358,32529.139,0.0,5.3766,11.4451,11.4451,115.3492
12,359,32548.9509,0.0,13.1534,19.7621,19.7621,107.8976
12,360,32583.6559,0.0,7.2565,11.6521,11.6521,83.3345
12,361,32713.3684,0.0,4.0743,6.7254,6.7254,43.6372
12,362,32851.0043,0.0,7.3738,10.7092,10.7092,70.7738
12,363,32892.4998,0.0,4.8509,15.1677,15.1677,59.508
12,364,32943.1209,0.0,8.7293,11.7227,11.7227,39.2359
12,365,32964.8247,0.0,2.8521,6.2458,6.2458,90.4727
12,366,33032.1735,0.0,11.7875,19.0031,19.0031,60.11
12,367,33281.9108,0.0,4.7537,7.689,7.689,60.5621
12,368,33649.9162,0.0,3.4952,9.5986,9.5986,62.7023
12,369,33811.4606,0.0,2.3394,3.9216,3.9216,36.6191
12,370,33863.78,0.0,6.8281,17.4861,17.4861,48.4635
12,371,33890.6897,0.0,3.7116,4.9832,4.9832,56.5712
12,372,33859.5858,0.0,7.1884,50.7421,50.7421,122.7863
12,373,34024.1126,0.0,4.4804,6.7874,6.7874,49.9159
12,374,34147.9159,0.0,3.5041,8.6195,8.6195,28.663
12,375,34279.2017,0.0,6.2224,18.1056,18.1056,46.466
12,376,34389.0466,0.0,4.3465,18.8435,18.8435,68.5739
12,377,34519.0738,0.0,4.9087,8.9608,8.9608,35.732
12,378,34637.312,0.0,6.4467,7.4114,7.4114,43.5355
12,379,34724.5619,0.0,2.4248,6.0145,6.0145,102.1038
12,380,34777.8808,0.0,11.0757,47.977,47.977,79.4511
12,381,34944.9303,0.0,5.8418,9.6484,9.6484,48.4244
12,382,34972.9129,0.0,3.236,6.354,6.354,87.9724
12,383,35113.953,0.0,5.6785,9.2392,9.2392,50.6449
12,384,35126.3816,0.0,0.5169,7.8073,7.8073,71.9511
12,385,35301.9175,0.0,8.1269,10.9642,10.9642,41.0695
12,386,35323.0592,0.0,4.546,9.4871,9.4871,89.2775
12,387,35397.3025,0.0,2.7326,22.1289,22.1289,72.4231
12,388,35401.4336,0.0,9.5038,19.7247,19.7247,94.2046
12,389,35415.4786,0.0,4.0955,9.7928,9.7928,82.8818
12,390,35478.368,0.0,2.723,9.3572,9.3572,39.8792
12,391,35505.9689,0.0,3.0331,8.2049,8.2049,72.0375
12,392,35505.1874,0.0,12.0158,13.2421,13.2421,63.3907
12,393,35711.1496,0.0,4.4662,16.2688,16.2688,46.658
12,394,35829.9366,0.0,5.8772,13.9517,13.9517,46.6027
12,395,36000.051,0.0,1.4787,4.3207,4.3207,48.551
12,396,36196.4597,0.0,5.9972,12.4516,12.4516,38.7471
12,397,36259.2679,0.0,4.4321,7.661,7.661,48.4243
12,398,36470.9914,0.0,3.675,7.9865,7.9865,54.6939
12,399,36501.9209,0.0,7.8031,14.8312,14.8312,36.5685
12,400,36545.1458,0.0,2.6477,4.8033,4.8033,43.3895
12,401,36639.8926,0.0,2.7326,5.205,5.205,31.95
12,402,36697.3859,0.0,0.6927,5.5998,5.5998,58.2687
12,403,36722.7565,0.0,6.4727,17.7376,17.7376,46.8734
12,404,36749.4746,0.0,5.1499,13.3152,13.3152,32.2198
12,405,36732.369,0.0,10.7133,30.6274,30.6274,94.56
12,406,36830.255,0.0,5.4394,9.2838,9.2838,45.4245
12,407,36847.6203,0.0,3.1348,10.7007,10.7007,40.7912
12,408,36877.7597,0.0,9.627,14.8531,14.8531,75.309
12,409,36906.2563,0.0,5.0752,8.149,8.149,63.4948
12,410,36958.4779,0.0,21.9474,26.9589,26.9589,85.4737
12,411,37062.4825,0.0,15.1008,17.1535,17.1535,62.7733
12,412,37094.195,0.0,5.4999,11.4247,11.4247,55.3332
12,413,37205.1242,0.0,1.5995,3.7771,3.7771,34.1882
12,414,37266.636,0.0,2.6772,7.7714,7.7714,32.5241
12,415,37419.5299,0.0,2.5336,18.5417,18.5417,109.8674
12,416,37604.8822,0.0,10.4876,23.2737,23.2737,78.7231
12,417,37643.6372,0.0,6.3177,18.5426,18.5426,54.3519
12,418,37976.8033,0.0,6.8452,32.4033,32.4033,86.0346
12,419,38041.9851,0.0,1.6601,4.9876,4.9876,59.8029
12,420,38114.1252,0.0,2.5741,40.2083,40.2083,66.758
12,421,38238.7877,0.0,1.1865,5.4538,5.4538,63.3844
12,422,38231.9457,0.0,9.2198,23.0561,23.0561,67.6473
12,423,38429.1623,0.0,3.4638,7.5523,7.5523,20.0544
12,424,38417.1477,0.0,0.9728,40.5476,40.5476,74.2986
12,425,38524.3059,0.0,5.9191,6.6583,6.6583,39.2314
12,426,38548.6655,0.0,5.0822,9.9048,9.9048,38.252
12,427,38600.0807,0.0,5.4757,10.9014,10.9014,41.0468
12,428,38624.2161,0.0,1.7178,6.609,6.609,89.4696
12,429,38690.0201,0.0,7.9602,20.2194,20.2194,47.6929
12,430,38700.1545,0.0,13.2054,22.4002,22.4002,60.6139
12,431,38754.7413,0.0,3.795,11.433,11.433,49.5306
12,432,38777.6336,0.0,4.3431,8.9256,8.9256,123.1319
12,433,38806.3884,0.0,0.7161,2.4764,2.4764,100.6933
12,434,38857.2132,0.0,17.9616,24.4353,24.4353,71.2542
12,435,38980.2627,0.0,4.3317,8.8578,8.8578,45.6221
12,436,39030.7815,0.0,4.6598,8.6562,8.6562,97.6801
12,437,39311.5413,0.0,4.2334,5.2556,5.2556,24.5554
12,438,39550.8484,0.0,5.8564,11.9185,11.9185,62.0623
12,439,39615.4345,0.0,3.7404,5.9836,5.9836,52.2513
12,440,39690.549,0.0,3.3891,6.5264,6.5264,36.3375
12,441,39733.0006,0.0,5.6258,8.2184,8.2184,32.2429
12,442,39728.9915,0.0,1.7424,16.7947,16.7947,61.4968
12,443,39766.4195,0.0,1.548,15.9657,15.9657,62.4604
12,444,39862.915,0.0,1.7488,7.4993,7.4993,47.7956
12,445,39873.1931,0.0,4.5532,15.7856,15.7856,47.381
12,446,40015.4147,0.0,6.0791,9.9831,9.9831,54.3043
12,447,40052.3062,0.0,9.7211,13.6661,13.6661,91.6953
12,448,40088.3131,0.0,4.429,9.5256,9.5256,93.2842
12,449,40333.592,0.0,1.2472,5.4081,5.4081,42.2277
12,450,40340.3784,0.0,4.8671,5.9795,5.9795,63.2933
12,451,40375.285,0.0,5.1017,7.064,7.064,44.2397
12,452,40426.5794,0.0,6.9387,12.7073,12.7073,58.552
12,453,40643.8919,0.0,2.8232,4.7404,4.7404,46.2182
12,454,40860.3108,0.0,2.4319,5.6027,5.6027,40.3716
12,455,40983.7752,0.0,1.8109,12.4586,12.4586,76.363
12,456,41057.2326,0.0,3.6303,6.7406,6.7406,45.5956
12,457,41125.0042,0.0,6.163,10.3067,10.3067,45.4902
12,458,41206.1561,0.0,1.2808,4.8934,4.8934,50.4293
12,459,41306.3969,0.0,3.2166,9.0973,9.0973,32.1954
12,460,41375.8266,0.0,3.4221,6.091,6.091,29.2886
12,461,41444.6054,0.0,4.8243,8.2315,8.2315,58.398
12,462,41592.7306,0.0,6.5036,7.6956,7.6956,62.0085
12,463,41669.3274,0.0,4.1188,7.7587,7.7587,37.9433
12,464,41823.9451,0.0,2.7282,6.4154,6.4154,41.3107
12,465,41836.1254,0.0,5.9127,24.8079,24.8079,77.5436
12,466,42066.343,0.0,1.776,5.335,5.335,56.4343
12,467,42458.4645,0.0,2.8247,8.7798,8.7798,47.6679
12,468,42533.9081,0.0,6.897,11.6004,11.6004,66.716
12,469,42541.5324,0.0,3.414,6.6664,6.6664,83.0887
12,470,42570.7015,0.0,3.538,17.0136,17.0136,75.0788
12,471,42781.525,0.0,0.8832,5.3696,5.3696,51.3566
12,472,42807.211,0.0,3.5778,11.4903,11.4903,52.0757
12,473,42866.4529,0.0,4.098,46.4775,46.4775,144.6693
12,474,43013.335,0.0,3.4051,6.102,6.102,54.6338
