replicate,call,t_call_min,queue_wait,travel_time,response_time,response_time_from_assignment,total_service_time
1,1,0.0,0,3.1635,20.3705,20.3705,62.511
1,2,243.8822,0,8.8734,12.7618,12.7618,38.9533
1,3,252.7643,0,7.8154,19.1604,19.1604,75.5377
1,4,325.4103,0,6.8017,14.8082,14.8082,128.6818
1,5,379.7425,0,9.2861,14.0698,14.0698,78.7808
1,6,445.8566,0,12.8887,21.5353,21.5353,65.0524
1,7,680.7852,0,5.498,15.0457,15.0457,66.9736
1,8,688.66,0,10.0483,15.9485,15.9485,63.53
1,9,850.127,0,1.7617,3.1378,3.1378,48.9009
1,10,836.4542,0,7.9265,20.161,20.161,70.2916
1,11,985.7123,0,2.322,6.2687,6.2687,80.5991
1,12,1011.1726,0,3.986,10.4988,10.4988,78.1485
1,13,1027.1986,0,1.2715,4.4606,4.4606,103.8251
1,14,1169.0289,0,6.8246,15.7198,15.7198,52.5423
1,15,1252.3162,0,8.7921,11.0821,11.0821,73.5693
1,16,1320.4256,0,15.4606,19.9188,19.9188,60.497
1,17,1396.6762,0,3.095,5.31,5.31,56.7932
1,18,1409.7782,0,1.4901,4.0273,4.0273,59.549
1,19,1654.7027,0,5.3199,11.5537,11.5537,78.5576
1,20,1879.7008,0,5.9184,9.2249,9.2249,41.324
1,21,2167.3723,0,7.6995,11.5339,11.5339,27.0747
1,22,2255.0724,0,3.1995,12.7864,12.7864,35.8614
1,23,2433.4196,0,2.7813,5.4987,5.4987,60.5895
1,24,2466.2649,0,12.2587,19.2114,19.2114,64.3368
1,25,2512.0234,0,2.5655,11.2717,11.2717,49.4824
1,26,2520.0729,0,2.9604,4.1972,4.1972,64.1806
1,27,2575.5799,0,8.7831,14.4187,14.4187,50.4358
1,28,2716.3779,0,2.8711,8.2,8.2,76.7518
1,29,2746.9545,0,4.2644,13.6728,13.6728,52.8901
1,30,2880.6006,0,8.5229,15.243,15.243,76.7154
1,31,2893.0613,0,7.2316,10.6225,10.6225,93.1458
1,32,2975.0049,0,15.3494,19.1698,19.1698,56.0647
1,33,3260.3704,0,8.113,10.4816,10.4816,44.1467
1,34,3279.104,0,6.5345,12.3765,12.3765,50.6116
1,35,3319.3879,0,11.0393,17.0174,17.0174,94.6908
1,36,3359.5235,0,18.8564,26.0943,26.0943,67.7904
1,37,3513.2836,0,2.7594,8.034,8.034,43.8828
1,38,3589.2246,0,16.2984,25.5422,25.5422,57.4554
1,39,3604.1198,0,12.3657,15.4117,15.4117,73.5044
1,40,3672.3093,0,10.2848,19.4154,19.4154,43.485
1,41,3743.1453,0,10.7512,18.2442,18.2442,46.9632
1,42,3742.7762,0,16.7835,24.5082,24.5082,63.2826
1,43,3808.7264,0,3.2842,11.6624,11.6624,67.9809
1,44,3872.8669,0,4.4419,6.3875,6.3875,24.2073
1,45,3900.886,0,3.8952,6.6513,6.6513,60.397
1,46,3932.9818,0,7.6627,14.1216,14.1216,83.6658
1,47,4026.9038,0,10.757,24.0269,24.0269,73.3946
1,48,4149.8954,0,4.0987,11.7088,11.7088,52.9836
1,49,4295.2992,0,2.0457,14.39,14.39,84.6399
1,50,4831.4968,0,15.9901,24.8123,24.8123,80.4713
1,51,4890.1876,0,12.6546,23.638,23.638,58.2559
1,52,4955.6514,0,11.2133,17.7372,17.7372,50.3839
1,53,5283.1698,0,14.8173,18.309,18.309,40.4774
1,54,5417.5345,0,2.9608,3.831,3.831,49.6941
1,55,5421.1797,0,13.0534,22.5271,22.5271,59.4783
1,56,5437.1787,0,17.6382,36.7874,36.7874,85.8707
1,57,5529.384,0,18.5571,20.3487,20.3487,44.4924
1,58,5543.9432,0,4.9087,6.3278,6.3278,70.4095
1,59,5645.3241,0,2.5655,16.5866,16.5866,41.9206
1,60,5866.7562,0,9.8163,10.7431,10.7431,70.222
1,61,5989.4979,0,11.7148,16.5969,16.5969,39.5792
1,62,6103.8622,0,8.7047,16.0134,16.0134,67.4759
1,63,6152.1368,0,1.3561,9.9947,9.9947,49.6354
1,64,6191.4289,0,6.6549,17.8254,17.8254,101.3267
1,65,6226.2894,0,1.311,6.8568,6.8568,69.1446
1,66,6257.174,0,15.4109,23.4028,23.4028,56.6395
1,67,6257.6435,0,18.243,24.2401,24.2401,63.4432
1,68,6581.313,0,2.5798,6.8708,6.8708,53.9779
1,69,6710.2718,0,4.4543,11.3901,11.3901,74.9792
1,70,6766.9818,0,8.656,13.4617,13.4617,58.4452
1,71,6859.2843,0,6.7029,10.1558,10.1558,68.5057
1,72,6891.2749,0,5.8838,12.2781,12.2781,54.4778
1,73,6928.6357,0,6.5593,15.7363,15.7363,42.6923
1,74,6989.2172,0,13.6832,30.6499,30.6499,55.013
1,75,7019.4904,0,2.7586,5.5645,5.5645,54.2945
1,76,7042.6813,0,9.4164,28.4623,28.4623,64.2946
1,77,7202.2427,0,10.8818,21.1444,21.1444,109.8574
1,78,7469.2937,0,6.8731,14.2311,14.2311,68.2805
1,79,7759.4462,0,5.9605,8.5181,8.5181,88.4446
1,80,7856.9607,0,3.4387,7.7956,7.7956,43.1215
1,81,8067.5551,0,6.8196,11.0171,11.0171,73.1315
1,82,8055.377,0,11.2133,46.7818,46.7818,100.3554
1,83,8195.6574,0,4.7993,13.0544,13.0544,47.0829
1,84,8245.5695,0,7.2092,13.3498,13.3498,65.337
1,85,8295.0035,0,10.4513,16.4452,16.4452,41.5481
1,86,8311.2672,0,7.0331,14.6125,14.6125,76.6304
1,87,8381.3795,0,2.5988,9.2395,9.2395,33.9374
1,88,8517.6141,0,6.1205,13.4381,13.4381,52.9769
1,89,8589.2414,0,6.3026,10.9418,10.9418,29.7389
1,90,8663.5625,0,1.7561,12.838,12.838,51.2027
1,91,8657.9293,0,8.6584,24.3258,24.3258,62.6558
1,92,8683.6815,0,11.1258,15.9191,15.9191,39.8675
1,93,9175.3495,0,11.5443,14.8091,14.8091,47.7111
1,94,9182.5547,0,22.8721,25.5651,25.5651,73.3013
1,95,9190.3044,0,29.7783,32.4197,32.4197,81.1413
1,96,9167.9117,0,10.0681,62.1508,62.1508,125.7296
1,97,9283.6981,0,7.3552,14.9947,14.9947,57.2227
1,98,9402.5162,0,12.8343,13.5445,13.5445,52.0641
1,99,9574.5997,0,12.6918,20.1186,20.1186,35.4466
1,100,9584.2884,0,12.7801,19.9376,19.9376,70.8596
1,101,9649.378,0,4.6636,7.2372,7.2372,26.9944
1,102,9689.8797,0,8.5946,13.3578,13.3578,45.0004
1,103,9699.4082,0,1.9484,10.8399,10.8399,59.7105
1,104,9799.4114,0,15.7978,19.04,19.04,70.4638
1,105,9924.9843,0,1.1217,2.521,2.521,22.5077
1,106,9917.7864,0,3.313,14.2301,14.2301,36.91
1,107,10074.9106,0,5.9933,13.9435,13.9435,32.3602
1,108,10093.2961,0,3.6096,10.6556,10.6556,54.5579
1,109,10170.78,0,9.2802,9.8682,9.8682,33.823
1,110,10403.8787,0,7.6069,9.6531,9.6531,59.3562
1,111,10436.8412,0,5.6288,16.2483,16.2483,60.7219
1,112,10570.6737,0,2.5831,31.9781,31.9781,73.196
1,113,10692.4902,0,8.1069,9.9685,9.9685,32.9477
1,114,10692.7574,0,2.1817,14.4591,14.4591,55.3759
1,115,10766.6724,0,6.401,12.9345,12.9345,50.0653
1,116,10775.355,0,5.2923,7.7843,7.7843,52.9831
1,117,10784.7452,0,9.9479,21.6679,21.6679,54.3487
1,118,10901.9317,0,2.225,15.1119,15.1119,72.3255
1,119,10954.1624,0,2.1731,11.0966,11.0966,62.182
1,120,11120.04,0,6.4404,12.9184,12.9184,61.3046
1,121,11120.7057,0,17.5785,25.4781,25.4781,70.564
1,122,11153.5758,0,9.0997,14.792,14.792,69.2882
1,123,11176.6891,0,18.4932,23.3149,23.3149,69.4057
1,124,11320.8174,0,8.4834,18.7069,18.7069,61.6493
1,125,11301.6451,0,7.0599,67.0599,67.0599,98.8363
1,126,11425.5255,0,5.3701,8.3368,8.3368,38.4637
1,127,11426.8531,0,10.6308,16.404,16.404,53.4301
1,128,11685.7717,0,2.3755,10.0922,10.0922,43.2084
1,129,12102.1266,0,13.1104,17.7704,17.7704,58.1301
1,130,12193.7262,0,6.7899,9.0177,9.0177,45.2519
1,131,12201.756,0,6.0861,14.6863,14.6863,40.6832
1,132,12284.5764,0,8.8995,11.4277,11.4277,36.8875
1,133,12432.6444,0,2.2677,4.9404,4.9404,74.0641
1,134,12568.2294,0,2.8997,11.9841,11.9841,53.178
1,135,12774.3091,0,2.569,5.2901,5.2901,41.9825
1,136,12810.4818,0,10.1122,18.0737,18.0737,81.5997
1,137,12916.3329,0,3.5798,7.6264,7.6264,42.4974
1,138,12926.1827,0,14.7886,45.7598,45.7598,87.3072
1,139,13245.0904,0,4.763,8.8461,8.8461,76.1701
1,140,13292.1361,0,9.6342,18.0453,18.0453,56.4456
1,141,13323.8591,0,1.4755,8.2728,8.2728,41.083
1,142,13361.3759,0,6.4492,10.7905,10.7905,62.6335
1,143,13421.207,0,11.0271,20.5701,20.5701,42.7954
1,144,13492.7245,0,5.7961,9.8584,9.8584,39.7603
1,145,13518.4446,0,8.2984,19.4402,19.4402,35.1619
1,146,13572.0756,0,1.1546,7.364,7.364,56.5385
1,147,13555.0157,0,1.6594,32.2786,32.2786,79.5445
1,148,13583.3173,0,7.9208,27.6751,27.6751,67.3097
1,149,13622.1996,0,16.0615,19.1168,19.1168,82.2794
1,150,13736.9507,0,4.2406,13.9314,13.9314,106.894
1,151,13785.6429,0,16.9774,23.8855,23.8855,69.7156
1,152,13840.9394,0,1.7553,4.5935,4.5935,48.8305
1,153,13999.6259,0,0.2036,12.7496,12.7496,87.2319
1,154,14109.6689,0,5.2343,19.9434,19.9434,55.0309
1,155,14114.3834,0,12.7035,24.1785,24.1785,56.8652
1,156,14174.5908,0,4.3431,11.0148,11.0148,47.5896
1,157,14262.0621,0,3.1135,7.9793,7.9793,52.1146
1,158,14365.3921,0,2.008,4.1332,4.1332,53.0351
1,159,14958.7501,0,4.4973,15.4648,15.4648,52.1214
1,160,15000.7726,0,1.2814,7.6415,7.6415,47.0708
1,161,15008.1138,0,3.5099,9.8573,9.8573,65.7329
1,162,14994.2437,0,18.6131,26.1926,26.1926,79.5391
1,163,15019.9661,0,11.5243,15.0209,15.0209,68.3271
1,164,15092.3134,0,11.2201,13.0875,13.0875,79.1819
1,165,15222.4346,0,11.1994,17.4116,17.4116,82.3598
1,166,15237.9605,0,20.0907,24.1374,24.1374,98.8599
1,167,15341.0238,0,12.3967,16.492,16.492,43.5932
1,168,15351.7594,0,13.4115,21.0622,21.0622,76.6557
1,169,15507.1733,0,14.0713,17.042,17.042,65.4428
1,170,15579.8355,0,9.6525,11.5773,11.5773,71.0514
1,171,15608.1306,0,7.3106,12.9351,12.9351,44.5794
1,172,16101.7139,0,6.2676,12.5722,12.5722,55.2894
1,173,16295.711,0,7.8245,14.0394,14.0394,51.315
1,174,16323.242,0,1.9495,3.2765,3.2765,54.9048
1,175,16357.1262,0,17.0434,18.9203,18.9203,52.8037
1,176,16445.6366,0,6.9199,9.6069,9.6069,35.0086
1,177,16450.4181,0,3.395,5.3385,5.3385,55.0383
1,178,16503.3719,0,10.8551,13.891,13.891,55.3296
1,179,16584.1355,0,5.1809,11.2478,11.2478,67.7306
1,180,16618.6298,0,7.0352,8.6754,8.6754,53.7098
1,181,16790.6449,0,3.8647,14.9692,14.9692,88.0257
1,182,16743.2796,0,3.986,63.986,63.986,48.6326
1,183,16838.3589,0,1.3127,6.2615,6.2615,54.3323
1,184,16851.5616,0,5.2165,12.4597,12.4597,64.8546
1,185,16881.5977,0,8.4932,20.3041,20.3041,47.3542
1,186,16914.3369,0,8.2365,11.1463,11.1463,51.3333
1,187,16973.4626,0,8.4013,11.118,11.118,119.7078
1,188,17046.5395,0,4.8115,13.1744,13.1744,65.0128
1,189,17100.4725,0,6.1322,10.3631,10.3631,31.4112
1,190,17107.0186,0,7.7057,12.8631,12.8631,65.3064
1,191,17182.6879,0,5.0635,10.0663,10.0663,24.7742
1,192,17286.8914,0,9.4253,13.6155,13.6155,55.9191
1,193,17394.9797,0,7.6083,12.8208,12.8208,88.2722
1,194,17551.5722,0,13.9196,23.3194,23.3194,82.4521
1,195,17668.882,0,7.125,10.0955,10.0955,43.2585
1,196,17726.3573,0,2.9705,6.7562,6.7562,31.7947
1,197,17831.3562,0,4.5303,10.0519,10.0519,94.0093
1,198,17920.4118,0,15.5556,17.3369,17.3369,53.4242
1,199,17964.1283,0,20.6063,21.7012,21.7012,72.7796
1,200,17978.8687,0,14.9845,18.7679,18.7679,61.9292
1,201,18038.6152,0,5.0682,7.2798,7.2798,56.3665
1,202,18391.4783,0,2.8025,5.685,5.685,41.7595
1,203,18517.2005,0,10.7438,16.6377,16.6377,56.5994
1,204,18569.7354,0,2.5988,12.4011,12.4011,49.3141
1,205,18640.3568,0,14.342,20.0112,20.0112,69.5676
1,206,19051.1815,0,3.4276,9.0828,9.0828,46.4527
1,207,19089.6861,0,8.1821,14.8772,14.8772,46.1031
1,208,19334.7285,0,9.1318,14.5642,14.5642,43.0492
1,209,19352.247,0,19.0333,22.9894,22.9894,55.9992
1,210,19358.3764,0,22.1472,26.2177,26.2177,68.2239
1,211,19404.3365,0,12.2087,16.4285,16.4285,106.0914
1,212,19414.6137,0,28.1439,32.6042,32.6042,98.4627
1,213,19438.3777,0,7.8472,13.2636,13.2636,79.4837
1,214,19459.0966,0,1.9495,4.8613,4.8613,62.6016
1,215,19517.523,0,4.6827,15.002,15.002,71.6736
1,216,19557.1388,0,6.0861,8.4895,8.4895,85.6567
1,217,19575.2767,0,7.9461,23.1006,23.1006,71.5032
1,218,19710.6102,0,5.4642,11.2971,11.2971,45.1685
1,219,19737.619,0,10.5554,12.619,12.619,41.4289
1,220,20004.1257,0,1.789,5.8885,5.8885,63.4593
1,221,20063.1444,0,5.2227,10.0059,10.0059,41.439
1,222,20090.73,0,8.2809,11.5937,11.5937,58.9082
1,223,20077.6023,0,5.9945,61.1587,61.1587,120.1647
1,224,20156.3622,0,2.3755,8.2148,8.2148,43.3096
1,225,20161.489,0,2.6375,13.5971,13.5971,55.5137
1,226,20211.265,0,3.7231,6.8545,6.8545,50.9024
1,227,20344.7575,0,4.6328,7.9935,7.9935,46.2274
1,228,20467.639,0,4.9572,10.3633,10.3633,44.7027
1,229,20644.6135,0,2.5356,7.8861,7.8861,33.7309
1,230,20704.6851,0,2.0416,8.1773,8.1773,50.2016
1,231,20787.5828,0,3.6388,9.9233,9.9233,90.3859
1,232,20833.8749,0,7.4453,9.8084,9.8084,73.1834
1,233,20893.1362,0,12.0719,16.0939,16.0939,46.3771
1,234,20919.4554,0,10.0054,11.0896,11.0896,59.1439
1,235,20960.2112,0,8.6563,12.1672,12.1672,43.6717
1,236,20970.098,0,7.0368,11.7985,11.7985,68.8247
1,237,21003.574,0,2.2003,11.4015,11.4015,44.7019
1,238,21025.0408,0,4.0218,12.9374,12.9374,64.1065
1,239,21100.8363,0,3.0884,11.6178,11.6178,79.3774
1,240,21194.0473,0,1.1591,4.9565,4.9565,36.4779
1,241,21255.6188,0,4.7409,7.029,7.029,52.0707
1,242,21346.4124,0,6.1849,9.4766,9.4766,40.9078
1,243,21454.3716,0,9.3203,15.297,15.297,38.8054
1,244,21475.4896,0,5.286,7.8802,7.8802,53.3522
1,245,21469.0059,0,16.3017,20.3534,20.3534,81.2776
1,246,21531.9913,0,7.9943,14.6485,14.6485,55.0338
1,247,21590.4649,0,0.5474,5.4233,5.4233,42.6863
1,248,21729.333,0,1.7054,4.0092,4.0092,100.1849
1,249,21662.9862,0,10.4576,70.4576,70.4576,68.7224
1,250,22193.7549,0,1.3245,4.7821,4.7821,32.4897
1,251,22271.6312,0,9.1219,21.6136,21.6136,63.9632
1,252,22311.1226,0,16.8271,19.6102,19.6102,69.8648
1,253,22310.3624,0,16.276,22.3573,22.3573,87.854
1,254,22328.3174,0,10.3299,15.7117,15.7117,87.1735
1,255,22346.3942,0,7.7998,16.7446,16.7446,70.3315
1,256,22360.3724,0,17.1525,19.9272,19.9272,97.5683
1,257,22376.4127,0,22.4326,25.1371,25.1371,82.8213
1,258,22440.6401,0,8.2643,23.6202,23.6202,61.2102
1,259,22482.6006,0,1.6916,4.031,4.031,57.7825
1,260,22462.079,0,18.993,25.3329,25.3329,106.8462
1,261,22466.3463,0,15.7151,21.9868,21.9868,117.7957
1,262,22809.8337,0,11.5063,14.8099,14.8099,61.6141
1,263,22815.4565,0,16.8625,21.6512,21.6512,61.8936
1,264,22820.5647,0,15.9998,18.8301,18.8301,73.4953
1,265,22824.3086,0,10.9659,15.8999,15.8999,113.501
1,266,22830.4983,0,17.4524,19.8779,19.8779,108.48
1,267,22859.3556,0,18.2713,29.1633,29.1633,74.9843
1,268,22890.9461,0,16.2929,19.9392,19.9392,68.8709
1,269,23615.7729,0,11.9062,16.3153,16.3153,53.0953
1,270,23632.6572,0,9.4197,15.4807,15.4807,75.0466
1,271,23684.8706,0,8.8949,16.8369,16.8369,52.5688
1,272,23719.4038,0,3.5942,11.4558,11.4558,44.6055
1,273,23847.0263,0,8.1678,21.0158,21.0158,47.7444
1,274,23895.9663,0,3.0176,9.544,9.544,77.3269
1,275,23918.4441,0,4.1494,16.564,16.564,66.6715
1,276,23977.709,0,16.4433,19.2327,19.2327,47.0026
1,277,24033.7564,0,10.4448,11.6734,11.6734,44.7284
1,278,24059.3806,0,16.5737,26.824,26.824,59.1147
1,279,24117.7862,0,2.4174,19.0648,19.0648,41.6282
1,280,24119.2013,0,15.9288,19.4296,19.4296,56.2267
1,281,24125.0832,0,8.2809,15.3078,15.3078,74.7224
1,282,24470.6771,0,3.417,8.1319,8.1319,48.2612
1,283,24502.8717,0,10.5962,14.7653,14.7653,32.426
1,284,24530.2938,0,7.6597,11.6998,11.6998,44.6691
1,285,24538.5438,0,7.5036,11.9223,11.9223,39.4104
1,286,24591.0327,0,6.4763,26.8748,26.8748,59.3063
1,287,24646.9055,0,4.3278,7.362,7.362,47.9286
1,288,24979.3355,0,9.1271,15.6124,15.6124,53.8139
1,289,24996.4349,0,3.6822,7.9571,7.9571,42.4889
1,290,25013.8568,0,10.8037,15.2236,15.2236,33.5185
1,291,25024.4352,0,14.8002,19.1626,19.1626,55.0561
1,292,25049.422,0,11.6055,15.0785,15.0785,83.2782
1,293,25097.5168,0,10.7188,16.757,16.757,73.241
1,294,25143.6401,0,10.944,15.7587,15.7587,72.699
1,295,25212.2744,0,3.4872,7.1317,7.1317,62.8636
1,296,25196.7478,0,9.5345,48.4663,48.4663,91.1894
1,297,25221.9553,0,10.3451,30.3953,30.3953,92.1238
1,298,25252.3625,0,16.9617,20.3925,20.3925,64.6677
1,299,25350.5119,0,6.4887,10.3241,10.3241,28.5896
1,300,25356.8876,0,4.3502,14.3728,14.3728,62.9179
1,301,25399.0443,0,3.4757,12.3372,12.3372,50.3794
1,302,25548.9371,0,15.2769,20.4437,20.4437,67.8559
1,303,25603.959,0,13.7275,15.3204,15.3204,79.7027
1,304,25612.4866,0,2.0407,9.6725,9.6725,75.8331
1,305,25683.6717,0,17.43,21.9223,21.9223,56.2207
1,306,26138.5432,0,7.3432,18.4295,18.4295,68.6558
1,307,26414.2257,0,8.3335,12.9392,12.9392,49.6732
1,308,26614.3496,0,5.9436,11.3394,11.3394,45.6832
1,309,26691.6946,0,3.5761,10.8537,10.8537,53.1153
1,310,26713.1275,0,17.6055,19.1996,19.1996,59.9029
1,311,26743.5411,0,3.1807,5.616,5.616,49.0901
1,312,26764.2113,0,10.3571,13.2086,13.2086,109.6393
1,313,26826.4269,0,1.3499,4.5387,4.5387,57.8365
1,314,26950.5065,0,9.6022,15.0739,15.0739,55.7143
1,315,27038.8572,0,15.6787,31.6552,31.6552,105.6394
1,316,27091.9011,0,5.2992,9.0273,9.0273,81.2692
1,317,27089.9877,0,15.7814,22.3171,22.3171,88.0063
1,318,27121.0548,0,15.5861,19.9989,19.9989,60.5996
1,319,27137.95,0,21.149,26.2725,26.2725,63.616
1,320,27219.3474,0,9.4186,12.6119,12.6119,61.9418
1,321,27240.7515,0,9.5833,15.8939,15.8939,44.9921
1,322,27276.1106,0,15.3625,17.3778,17.3778,63.9878
1,323,27550.143,0,7.3429,13.4414,13.4414,72.6585
1,324,27812.9281,0,3.8523,12.1874,12.1874,111.1361
1,325,27858.2736,0,1.6388,5.9915,5.9915,66.4104
1,326,27866.2254,0,4.7374,9.4136,9.4136,81.6399
1,327,28014.5214,0,1.6388,5.563,5.563,27.0135
1,328,28131.9336,0,7.9567,11.4176,11.4176,51.0748
1,329,28253.016,0,1.1168,4.3161,4.3161,34.8136
1,330,28286.8046,0,21.2197,24.2548,24.2548,58.2778
1,331,28284.6559,0,18.9982,27.2703,27.2703,64.7354
1,332,28347.4883,0,12.9115,16.309,16.309,105.731
1,333,28401.8285,0,17.9878,25.3841,25.3841,85.515
1,334,28465.2621,0,11.6241,14.1291,14.1291,55.3474
1,335,28472.1367,0,15.0942,25.1117,25.1117,71.8011
1,336,28562.9958,0,6.9427,20.2803,20.2803,61.1474
1,337,28576.8458,0,5.8686,7.8157,7.8157,89.1508
1,338,28615.519,0,8.9704,13.5707,13.5707,84.0602
1,339,28966.2011,0,2.3116,5.0566,5.0566,56.9315
1,340,28994.2091,0,5.2648,12.2588,12.2588,64.0657
1,341,29133.854,0,7.8377,19.3001,19.3001,111.2841
1,342,29196.9858,0,4.8255,8.1275,8.1275,66.1106
1,343,29344.3827,0,1.5709,5.9934,5.9934,64.2279
1,344,29410.7003,0,6.8325,10.9978,10.9978,67.0235
1,345,29534.5049,0,3.1846,6.1252,6.1252,60.0405
1,346,29561.1398,0,12.6552,20.4311,20.4311,59.4884
1,347,29561.8619,0,14.7307,25.2964,25.2964,111.1468
1,348,29764.5243,0,4.7431,7.9552,7.9552,44.3932
1,349,29915.5377,0,1.7307,3.9052,3.9052,46.6768
1,350,29904.0509,0,10.6232,15.9096,15.9096,38.6492
1,351,29974.7975,0,2.6159,6.4492,6.4492,51.37
1,352,29999.1141,0,2.1906,52.9268,52.9268,104.5261
1,353,30069.0635,0,1.6202,8.1545,8.1545,59.1201
1,354,30203.8071,0,9.0545,30.3426,30.3426,49.6863
1,355,30259.1684,0,2.3337,4.6954,4.6954,60.7778
1,356,30728.6351,0,19.6564,22.561,22.561,66.791
1,357,30827.6103,0,13.5333,18.5023,18.5023,40.0952
1,358,30916.7373,0,6.482,11.3557,11.3557,31.531
1,359,30949.9614,0,10.3118,12.9343,12.9343,47.6895
1,360,30981.2969,0,15.4109,16.5976,16.5976,57.7123
1,361,31139.3629,0,10.7006,15.5721,15.5721,74.1232
1,362,31289.5949,0,12.3006,15.9726,15.9726,53.7233
1,363,31327.8839,0,12.0158,17.031,17.031,85.0734
1,364,31444.8985,0,3.8992,6.7479,6.7479,36.0743
1,365,31832.8079,0,8.5366,12.9318,12.9318,36.6029
1,366,32133.0648,0,6.2057,23.0036,23.0036,75.5545
1,367,32400.6807,0,3.9223,9.9863,9.9863,69.705
1,368,32397.6322,0,9.3374,13.0878,13.0878,73.2682
1,369,32463.8008,0,6.6105,9.5976,9.5976,59.7572
1,370,32498.8956,0,4.1129,6.7878,6.7878,62.5413
1,371,32516.7397,0,2.1501,6.6838,6.6838,84.7965
1,372,32527.234,0,11.6555,13.8489,13.8489,62.6657
1,373,32547.4007,0,4.2323,9.9632,9.9632,48.3366
1,374,32883.2909,0,1.9819,10.0047,10.0047,55.5275
1,375,32896.6809,0,5.6122,10.8251,10.8251,82.3205
1,376,32934.6072,0,4.8809,9.0462,9.0462,83.6758
1,377,32983.0363,0,14.706,18.1145,18.1145,65.2999
1,378,33008.9395,0,17.0103,23.1397,23.1397,58.13
1,379,33079.1243,0,3.7169,13.5531,13.5531,55.9672
1,380,33115.7635,0,11.6633,13.6499,13.6499,54.195
1,381,33141.4716,0,4.6345,7.2252,7.2252,45.8316
1,382,33148.6608,0,7.9113,9.5095,9.5095,55.0133
1,383,33205.8199,0,4.7154,7.776,7.776,53.1164
1,384,33195.9746,0,4.328,19.4075,19.4075,67.7401
1,385,33353.071,0,10.8236,13.6766,13.6766,53.3442
1,386,33669.5004,0,6.8897,10.4149,10.4149,51.5607
1,387,33663.7205,0,17.0726,20.8869,20.8869,51.7603
1,388,33789.8292,0,14.6198,20.456,20.456,58.3221
1,389,33795.8555,0,6.6862,14.8296,14.8296,78.6578
1,390,33860.3332,0,7.6416,15.1038,15.1038,96.8878
1,391,33986.7225,0,8.1099,12.0839,12.0839,48.7743
1,392,34184.9758,0,1.2229,9.0848,9.0848,40.5227
1,393,34308.4316,0,13.8293,19.1773,19.1773,65.5446
1,394,34539.3513,0,17.3217,23.5716,23.5716,84.5255
1,395,34590.9004,0,4.9368,17.019,17.019,42.3186
1,396,35053.8519,0,3.7648,7.8743,7.8743,29.7483
1,397,35174.2519,0,12.0025,16.6289,16.6289,62.8002
1,398,35296.2036,0,7.8739,12.536,12.536,66.252
1,399,35317.0345,0,2.9265,6.651,6.651,72.2749
1,400,35348.7199,0,20.3456,25.4782,25.4782,51.549
1,401,35368.9816,0,5.0512,20.2504,20.2504,50.3224
1,402,35565.8328,0,9.3159,13.3415,13.3415,68.3718
1,403,35625.1729,0,3.1905,4.4861,4.4861,24.4825
1,404,35637.3977,0,11.213,23.5529,23.5529,66.0965
1,405,35726.0931,0,8.5363,15.8983,15.8983,47.089
1,406,35808.7216,0,15.2769,18.0737,18.0737,69.3853
1,407,35860.8991,0,9.8148,18.4178,18.4178,54.0926
1,408,36324.0798,0,10.2277,18.2021,18.2021,39.7139
1,409,36535.6473,0,5.6272,8.2699,8.2699,36.5435
1,410,36703.0464,0,2.9543,4.3864,4.3864,77.7352
1,411,36690.7219,0,16.7114,31.5566,31.5566,75.1094
1,412,36724.6867,0,19.446,22.9701,22.9701,55.2546
1,413,36778.5101,0,4.7614,16.1347,16.1347,49.6727
1,414,36841.0002,0,7.009,11.8599,11.8599,62.74
1,415,36857.1595,0,3.6388,9.1779,9.1779,66.8682
1,416,36950.6405,0,9.7589,14.252,14.252,47.1924
1,417,36967.065,0,5.9729,28.976,28.976,59.67
1,418,37016.2547,0,5.4003,9.8242,9.8242,61.7958
1,419,37019.0532,0,9.0216,11.3499,11.3499,72.093
1,420,37132.9554,0,4.3696,10.3326,10.3326,51.4122
1,421,37267.4197,0,8.2243,10.9965,10.9965,41.1503
1,422,37331.5927,0,4.4754,9.1294,9.1294,31.4959
1,423,37405.1012,0,0.9436,6.4033,6.4033,61.5326
1,424,37605.7433,0,1.4054,3.8483,3.8483,32.2229
1,425,37682.1406,0,7.6611,11.8616,11.8616,42.0748
1,426,38013.5178,0,8.1216,13.9133,13.9133,55.9633
1,427,38026.1961,0,1.7376,4.9544,4.9544,63.2046
1,428,38072.4008,0,4.0657,8.3889,8.3889,44.8255
1,429,38066.4179,0,9.4993,15.1972,15.1972,64.4143
1,430,38090.3835,0,6.953,15.0972,15.0972,48.901
1,431,38179.9859,0,2.8492,11.374,11.374,69.0812
1,432,38228.921,0,4.6497,12.2386,12.2386,48.7425
1,433,38227.3359,0,10.7367,15.4968,15.4968,96.8325
1,434,38382.59,0,4.4025,29.5384,29.5384,64.3364
1,435,38584.788,0,6.1894,11.8741,11.8741,48.8966
1,436,38588.5183,0,3.4421,10.7664,10.7664,48.6114
1,437,38708.2544,0,2.2314,12.032,12.032,25.6343
1,438,38706.9319,0,12.6485,22.5948,22.5948,53.2779
1,439,38756.7064,0,7.664,12.8303,12.8303,61.1704
1,440,38784.4319,0,9.3679,12.0511,12.0511,84.1792
1,441,38812.3357,0,9.9304,15.7165,15.7165,69.7805
1,442,38833.4984,0,7.1019,13.6563,13.6563,60.3868
1,443,39046.9913,0,2.4222,6.3788,6.3788,35.6311
1,444,39241.7713,0,2.9869,3.9706,3.9706,57.9875
1,445,39245.0185,0,4.4488,10.2126,10.2126,83.5587
1,446,39518.1018,0,6.2077,12.1873,12.1873,45.5975
1,447,39540.3108,0,7.6702,13.7792,13.7792,60.8773
1,448,39565.0451,0,5.3116,7.652,7.652,55.4972
1,449,39605.5435,0,3.6358,7.1052,7.1052,47.2548
1,450,39601.552,0,7.8103,16.8877,16.8877,59.9618
1,451,39613.7758,0,10.8627,13.4659,13.4659,78.9322
1,452,39684.048,0,3.2948,12.5889,12.5889,52.5762
1,453,39693.0607,0,6.4887,10.4336,10.4336,68.2393
1,454,39703.9455,0,16.137,21.1692,21.1692,62.6031
1,455,39722.7736,0,6.2953,10.8647,10.8647,87.9594
1,456,39887.0482,0,13.9282,17.4071,17.4071,55.4694
1,457,39932.882,0,8.3446,10.1276,10.1276,42.6927
1,458,40011.931,0,9.1761,12.1488,12.1488,44.591
1,459,40076.8584,0,14.3228,17.8114,17.8114,54.0665
1,460,40101.0497,0,3.5267,5.2937,5.2937,128.9405
1,461,40099.7223,0,2.0887,7.1238,7.1238,119.4671
1,462,40176.1782,0,16.416,20.2599,20.2599,57.1914
1,463,40569.2629,0,9.5875,16.7183,16.7183,118.996
1,464,40625.069,0,1.3561,7.3358,7.3358,74.2873
1,465,41106.7071,0,8.8857,14.8876,14.8876,60.5026
1,466,41116.6869,0,22.1048,24.361,24.361,112.0918
1,467,41198.5259,0,4.4779,11.2048,11.2048,62.1672
1,468,41459.3073,0,4.7276,17.1375,17.1375,48.9
1,469,41495.8653,0,2.8711,4.921,4.921,25.0894
1,470,41520.8866,0,3.6429,8.294,8.294,51.8743
1,471,41554.6216,0,15.994,24.3773,24.3773,60.0756
1,472,41548.0843,0,17.0478,48.6691,48.6691,82.1941
1,473,41716.2755,0,6.7366,21.191,21.191,55.9957
1,474,41788.9668,0,7.2773,11.6269,11.6269,41.8387
1,475,42266.786,0,9.4397,20.7581,20.7581,62.2847
1,476,42352.7912,0,12.0213,22.2868,22.2868,65.9063
1,477,42499.8533,0,11.4709,14.0121,14.0121,40.3241
1,478,42531.2094,0,18.0735,23.5259,23.5259,48.9814
1,479,42541.576,0,12.1255,15.0895,15.0895,58.5454
1,480,42578.5173,0,19.8302,24.5374,24.5374,79.0793
1,481,42594.1193,0,5.7886,16.1614,16.1614,71.0102
1,482,42776.2477,0,5.4235,8.4144,8.4144,66.5611
1,483,42839.8507,0,11.2122,15.2445,15.2445,64.4857
1,484,42858.1189,0,5.8173,10.9572,10.9572,48.9301
1,485,43068.6131,0,8.5551,11.1523,11.1523,34.3469
1,486,43071.357,0,8.2725,16.8835,16.8835,39.3224
1,487,43087.735,0,15.8707,19.4432,19.4432,41.9654
1,488,43110.726,0,8.485,12.3535,12.3535,63.0661
1,489,43184.7014,0,4.9087,14.1335,14.1335,53.4061
2,1,0.0,0,4.0841,11.1382,11.1382,44.5262
2,2,41.1589,0,7.6246,21.6004,21.6004,71.103
2,3,51.4694,0,8.6441,17.2949,17.2949,76.4597
2,4,67.3975,0,9.1753,13.8461,13.8461,67.9319
2,5,411.3262,0,6.6532,12.7395,12.7395,27.632
2,6,482.1712,0,3.053,7.7095,7.7095,39.1407
2,7,558.848,0,6.5334,13.8623,13.8623,44.6191
2,8,609.6419,0,9.7417,12.3398,12.3398,47.3504
2,9,651.8338,0,12.4983,16.412,16.412,50.4315
2,10,690.4411,0,14.8351,18.1293,18.1293,50.7596
2,11,703.992,0,9.8183,17.0209,17.0209,41.0952
2,12,711.326,0,8.2988,11.278,11.278,39.653
2,13,720.2756,0,14.1637,18.5809,18.5809,49.8342
2,14,727.0321,0,12.3051,23.1852,23.1852,55.2913
2,15,838.6273,0,3.3917,8.6496,8.6496,40.7051
2,16,901.333,0,4.6541,5.3257,5.3257,42.2875
2,17,896.9186,0,6.3153,15.8378,15.8378,53.321
2,18,901.3744,0,17.7112,23.6295,23.6295,62.5426
2,19,928.4036,0,2.1244,9.4925,9.4925,56.0441
2,20,930.7605,0,26.3895,29.6343,29.6343,56.1997
2,21,958.5213,0,8.8331,17.7405,17.7405,54.8162
2,22,1022.4304,0,1.9869,10.5976,10.5976,57.5392
2,23,1030.6896,0,9.1143,13.7168,13.7168,67.895
2,24,1104.6995,0,11.29,23.7055,23.7055,54.112
2,25,1183.5342,0,13.8161,18.4957,18.4957,80.5593
2,26,1235.7127,0,1.1367,2.1684,2.1684,44.222
2,27,1311.7219,0,2.7114,7.6857,7.6857,31.4426
2,28,1525.7294,0,2.7296,4.3985,4.3985,38.7484
2,29,1608.6324,0,3.8796,13.5589,13.5589,48.7265
2,30,1686.1975,0,13.9712,22.2035,22.2035,52.5072
2,31,1718.6879,0,7.6189,13.8643,13.8643,56.2307
2,32,1824.8445,0,3.2596,7.84,7.84,51.162
2,33,1852.895,0,7.6322,9.8015,9.8015,81.4777
2,34,1878.7546,0,2.2518,24.6739,24.6739,103.8323
2,35,2021.2557,0,2.7039,11.9992,11.9992,70.4707
2,36,2060.2592,0,2.9532,5.5567,5.5567,54.3953
2,37,2103.6264,0,10.4786,14.4857,14.4857,57.7381
2,38,2166.7305,0,18.498,23.3993,23.3993,47.8795
2,39,2182.277,0,13.5038,19.1135,19.1135,73.8733
2,40,2241.7799,0,14.8687,20.8097,20.8097,53.6712
2,41,2285.4354,0,1.6587,4.6788,4.6788,43.5946
2,42,2283.4703,0,13.353,48.796,48.796,74.7689
2,43,2448.6308,0,14.4701,20.1837,20.1837,58.3344
2,44,2467.1967,0,16.4736,23.7032,23.7032,66.7101
2,45,2746.8522,0,11.0383,19.3175,19.3175,55.084
2,46,2977.5426,0,1.3783,4.6224,4.6224,68.2388
2,47,3381.1878,0,8.075,11.462,11.462,44.1051
2,48,3393.4344,0,4.4519,6.0701,6.0701,48.6795
2,49,3405.7657,0,12.6617,17.5964,17.5964,63.9678
2,50,3434.9789,0,8.4195,13.427,13.427,58.4825
2,51,3515.1337,0,7.5469,14.4029,14.4029,42.2315
2,52,3557.8572,0,8.9314,11.3748,11.3748,37.7206
2,53,3637.2906,0,6.0588,14.8693,14.8693,54.7881
2,54,3653.8851,0,3.3319,7.4789,7.4789,48.339
2,55,3655.1492,0,9.6573,11.2436,11.2436,66.7333
2,56,3888.344,0,1.7621,8.3031,8.3031,59.4167
2,57,4000.4883,0,1.6591,6.1928,6.1928,60.8167
2,58,4079.8743,0,4.74,7.7424,7.7424,45.4845
2,59,4105.7884,0,2.9176,6.0152,6.0152,64.1869
2,60,4137.5116,0,0.9728,5.3772,5.3772,48.9915
2,61,4430.8455,0,4.4668,8.205,8.205,79.8109
2,62,4795.5185,0,8.8857,14.8607,14.8607,82.4561
2,63,4815.6126,0,20.9749,27.8135,27.8135,83.3137
2,64,4875.6488,0,5.8751,58.2228,58.2228,87.5116
2,65,4931.3686,0,6.1092,20.6798,20.6798,53.1917
2,66,4940.6122,0,15.2581,23.7068,23.7068,68.7466
2,67,5123.4839,0,4.2157,9.7653,9.7653,59.4033
2,68,5126.8263,0,8.8254,11.5608,11.5608,60.2
2,69,5160.6095,0,13.0752,16.0482,16.0482,45.2985
2,70,5181.3096,0,14.7914,19.0382,19.0382,71.468
2,71,5301.4692,0,5.1555,17.7283,17.7283,63.9434
2,72,5372.3391,0,4.1725,6.5656,6.5656,56.0932
2,73,5346.6859,0,1.6487,40.0056,40.0056,56.9582
2,74,5378.7182,0,7.6891,11.8558,11.8558,96.1417
2,75,5489.4016,0,4.4518,18.3599,18.3599,44.37
2,76,5512.2421,0,6.9779,8.767,8.767,42.1429
2,77,5568.0208,0,3.2166,6.8434,6.8434,49.3295
2,78,5813.4324,0,1.3798,7.7539,7.7539,48.1127
2,79,5852.2212,0,3.5763,5.6723,5.6723,35.9001
2,80,6022.6596,0,3.0334,11.3371,11.3371,43.2183
2,81,6325.1031,0,1.3897,2.9284,2.9284,33.8252
2,82,6344.987,0,11.8497,15.4553,15.4553,61.6332
2,83,6488.4011,0,13.8989,24.6681,24.6681,80.3568
2,84,6794.0279,0,6.1271,26.3419,26.3419,77.2036
2,85,6923.7181,0,8.2584,15.8054,15.8054,44.2781
2,86,7101.7901,0,6.0537,10.5702,10.5702,31.0742
2,87,7325.4055,0,3.3325,5.258,5.258,46.224
2,88,7451.0006,0,10.583,19.677,19.677,45.4059
2,89,7608.9813,0,10.2485,19.2509,19.2509,47.1547
2,90,7712.5094,0,3.1359,9.058,9.058,52.8414
2,91,7714.5199,0,18.2413,32.8423,32.8423,78.29
2,92,7754.0773,0,11.3818,14.6503,14.6503,44.1693
2,93,7793.7713,0,9.1154,32.1297,32.1297,91.4707
2,94,7845.1113,0,8.1845,10.8987,10.8987,56.9851
2,95,7842.1317,0,2.7772,17.4227,17.4227,67.226
2,96,7871.6574,0,0.3914,2.5011,2.5011,68.1028
2,97,7858.8357,0,13.7823,23.7368,23.7368,114.4582
2,98,7887.7822,0,10.1666,14.1476,14.1476,76.9609
2,99,7922.7728,0,8.3722,10.6437,10.6437,61.2545
2,100,7982.7935,0,1.5364,3.888,3.888,45.7178
2,101,8015.4878,0,11.1651,16.0517,16.0517,58.8012
2,102,8281.751,0,10.2221,13.3994,13.3994,68.8932
2,103,8291.5071,0,3.0944,10.4726,10.4726,62.011
2,104,8304.8759,0,1.7279,9.1368,9.1368,59.9375
2,105,8525.9528,0,7.3803,9.6521,9.6521,40.4403
2,106,8575.4909,0,18.3008,22.1155,22.1155,67.7924
2,107,8762.323,0,7.7302,9.5919,9.5919,68.4891
2,108,9273.2804,0,17.6544,22.0156,22.0156,64.2746
2,109,9367.1512,0,8.4232,10.4181,10.4181,48.3888
2,110,9484.0089,0,15.5768,18.4057,18.4057,60.6157
2,111,9482.3229,0,18.7563,38.5359,38.5359,106.9181
2,112,9573.3413,0,0.9503,7.5828,7.5828,119.594
2,113,9603.7939,0,2.329,10.1615,10.1615,93.7828
2,114,9638.3029,0,6.6722,10.5403,10.5403,66.8129
2,115,9747.6023,0,7.8808,11.4101,11.4101,58.684
2,116,9883.2764,0,11.2942,25.1545,25.1545,101.1307
2,117,9956.8165,0,5.4235,10.1715,10.1715,44.1097
2,118,9967.8888,0,11.0712,17.8705,17.8705,78.4242
2,119,10129.7264,0,8.1005,17.7097,17.7097,41.6561
2,120,10147.4533,0,2.6212,14.2539,14.2539,62.0181
2,121,10363.9716,0,8.1554,10.6172,10.6172,32.9262
2,122,10444.2146,0,13.3036,15.337,15.337,47.1933
2,123,10543.3125,0,15.2517,17.0186,17.0186,57.7492
2,124,10691.7088,0,0.9749,6.8171,6.8171,42.9595
2,125,10769.2056,0,6.9988,11.2779,11.2779,50.0154
2,126,10805.0883,0,9.713,16.6454,16.6454,43.6976
2,127,10814.6251,0,5.9349,19.5024,19.5024,97.7832
2,128,10892.3068,0,8.4501,15.6042,15.6042,69.5677
2,129,10910.4852,0,4.4519,23.8384,23.8384,90.766
2,130,10974.8399,0,2.7635,10.5069,10.5069,74.5637
2,131,11007.3353,0,6.3122,11.4874,11.4874,58.701
2,132,11126.4553,0,5.724,11.5,11.5,56.0593
2,133,11196.404,0,3.6804,5.439,5.439,53.5852
2,134,11270.8214,0,5.0338,13.771,13.771,60.4867
2,135,11362.6748,0,17.2482,33.4195,33.4195,61.4255
2,136,11568.6998,0,7.7107,10.5291,10.5291,31.9173
2,137,11574.959,0,12.5768,17.5005,17.5005,40.2001
2,138,11654.1102,0,8.1057,12.8393,12.8393,59.2555
2,139,11675.0277,0,11.9137,15.9144,15.9144,65.4573
2,140,11975.5333,0,6.8734,13.249,13.249,36.64
2,141,12033.0334,0,5.1108,10.8083,10.8083,38.1916
2,142,12214.1285,0,9.4993,16.4495,16.4495,59.1395
2,143,12456.215,0,0.8259,5.3582,5.3582,54.4376
2,144,12469.7151,0,8.2888,11.2005,11.2005,97.3618
2,145,12493.4448,0,11.6241,15.9545,15.9545,80.4362
2,146,12506.5986,0,15.9715,30.0278,30.0278,73.9323
2,147,12537.2517,0,14.8411,20.6151,20.6151,62.6856
2,148,12586.1549,0,2.7828,9.7766,9.7766,48.7221
2,149,12605.9589,0,9.0546,10.9462,10.9462,52.0162
2,150,12835.6028,0,4.4127,6.3434,6.3434,50.7837
2,151,12854.697,0,3.5653,7.016,7.016,40.9308
2,152,12889.4368,0,11.1423,35.3955,35.3955,69.9563
2,153,12920.708,0,15.3826,21.5406,21.5406,60.0148
2,154,13026.8349,0,5.2816,18.2203,18.2203,49.7141
2,155,13458.0489,0,7.0651,13.5841,13.5841,60.3778
2,156,13538.3651,0,15.8945,17.1985,17.1985,56.7144
2,157,13556.8679,0,9.5887,15.651,15.651,48.8259
2,158,13617.4177,0,10.144,18.2165,18.2165,73.5183
2,159,13636.0213,0,9.4488,14.5589,14.5589,60.3308
2,160,13656.8209,0,11.1269,12.6325,12.6325,50.9199
2,161,13772.7858,0,8.8341,13.4418,13.4418,53.9685
2,162,13859.8051,0,4.4055,8.6854,8.6854,71.9897
2,163,13864.7914,0,9.9735,25.4485,25.4485,70.5354
2,164,14009.4378,0,7.6992,23.3599,23.3599,72.7922
2,165,14062.6172,0,9.7916,12.7795,12.7795,32.6653
2,166,14235.1548,0,2.3905,25.8994,25.8994,57.8462
2,167,14308.684,0,6.8831,9.6615,9.6615,120.8576
2,168,14406.8817,0,4.1783,7.3502,7.3502,70.2699
2,169,14436.2042,0,3.7038,7.7857,7.7857,55.8595
2,170,14568.9897,0,7.2064,11.6357,11.6357,51.3589
2,171,14816.5281,0,4.4457,8.7627,8.7627,30.8373
2,172,14836.9737,0,4.6956,15.6068,15.6068,79.6718
2,173,14896.3435,0,6.5292,15.5382,15.5382,75.0857
2,174,14919.2641,0,3.7228,7.088,7.088,64.1013
2,175,14952.5257,0,23.6133,28.2739,28.2739,73.3342
2,176,15009.5285,0,2.4893,11.3749,11.3749,77.5918
2,177,15083.5666,0,5.6193,15.4354,15.4354,46.9697
2,178,15274.6333,0,7.5164,14.9356,14.9356,77.6851
2,179,15336.3483,0,11.6691,18.5888,18.5888,70.5098
2,180,15427.7954,0,8.7447,16.3516,16.3516,77.9797
2,181,15803.3169,0,2.7873,13.7769,13.7769,58.0292
2,182,15898.7082,0,5.9869,11.0984,11.0984,36.6804
2,183,16160.195,0,5.4643,12.716,12.716,30.2303
2,184,16432.6073,0,1.4637,3.1372,3.1372,61.7231
2,185,16497.0171,0,4.9312,10.277,10.277,84.0098
2,186,16543.382,0,4.1737,21.8438,21.8438,77.2737
2,187,16599.9508,0,10.9688,16.0459,16.0459,39.6888
2,188,16610.813,0,1.5735,26.3247,26.3247,102.1976
2,189,16648.6985,0,7.3649,9.5583,9.5583,43.6762
2,190,16681.2053,0,4.2602,8.9743,8.9743,83.3745
2,191,16727.6503,0,6.6288,13.0454,13.0454,43.0589
2,192,16779.7322,0,11.7155,17.6527,17.6527,71.5101
2,193,16925.0141,0,8.7541,11.4679,11.4679,60.3008
2,194,16966.3379,0,12.2587,45.8364,45.8364,82.2889
2,195,17111.5015,0,2.0804,14.8539,14.8539,41.4934
2,196,17183.4771,0,2.3382,7.9953,7.9953,39.5006
2,197,17442.9916,0,4.6991,10.9205,10.9205,34.0378
2,198,17765.7616,0,11.9635,14.9162,14.9162,31.6079
2,199,17846.1371,0,3.883,7.7844,7.7844,53.5126
2,200,17962.4158,0,9.1153,11.7073,11.7073,48.0663
2,201,17972.6085,0,12.9889,19.8393,19.8393,64.3775
2,202,18006.8818,0,4.9863,8.2634,8.2634,63.5501
2,203,18054.365,0,6.1565,9.9484,9.9484,35.495
2,204,18060.4586,0,8.1394,9.5912,9.5912,87.5786
2,205,18067.4632,0,6.0838,12.0105,12.0105,96.6274
2,206,18280.5801,0,1.5142,5.1488,5.1488,43.0615
2,207,18319.416,0,2.6935,5.2923,5.2923,40.475
2,208,18437.7211,0,6.7106,11.5655,11.5655,50.9578
2,209,18508.9202,0,10.029,13.8818,13.8818,53.5191
2,210,18509.0945,0,18.5512,25.8041,25.8041,62.9111
2,211,18644.4523,0,9.7495,13.6255,13.6255,53.9872
2,212,18670.4368,0,7.8872,11.4165,11.4165,50.8105
2,213,18636.7548,0,3.0687,63.0687,63.0687,126.7534
2,214,18872.9118,0,11.8829,17.9723,17.9723,84.2171
2,215,18865.1492,0,0.6443,43.8073,43.8073,106.8555
2,216,19217.7466,0,5.3114,12.4914,12.4914,56.0845
2,217,19437.7669,0,1.8306,18.6686,18.6686,107.4342
2,218,19504.6777,0,2.8627,7.168,7.168,62.8032
2,219,19493.1302,0,9.5943,27.0172,27.0172,69.1283
2,220,19532.5405,0,6.3338,10.5217,10.5217,47.6133
2,221,19614.7254,0,9.3645,9.8954,9.8954,54.1861
2,222,19620.2182,0,11.4204,17.5671,17.5671,75.1788
2,223,19699.9311,0,4.4564,10.9128,10.9128,122.8309
2,224,19750.6629,0,2.4155,10.0243,10.0243,87.1288
2,225,19740.0491,0,13.3543,23.3203,23.3203,107.8217
2,226,19808.8605,0,8.7541,26.5926,26.5926,85.7399
2,227,19930.9516,0,2.6116,7.5934,7.5934,42.7208
2,228,19946.7986,0,5.9327,29.4318,29.4318,76.2085
2,229,20133.7955,0,13.8796,18.9021,18.9021,45.8153
2,230,20792.8923,0,16.3207,18.68,18.68,50.0707
2,231,20903.2881,0,3.0903,31.676,31.676,110.3194
2,232,20966.5601,0,1.2917,6.4358,6.4358,65.871
2,233,20985.1907,0,5.5781,13.62,13.62,65.8805
2,234,21033.8213,0,6.9991,15.4222,15.4222,41.2552
2,235,21030.6582,0,15.6621,20.4395,20.4395,65.9716
2,236,21113.519,0,8.2643,14.1471,14.1471,41.484
2,237,21115.6338,0,9.3444,19.6824,19.6824,43.3374
2,238,21120.8992,0,12.4351,16.5881,16.5881,59.6594
2,239,21282.9399,0,9.3516,11.79,11.79,39.314
2,240,21288.7456,0,1.352,10.9093,10.9093,57.5656
2,241,21324.5548,0,9.8381,12.1062,12.1062,57.089
2,242,21345.6209,0,3.2064,6.9395,6.9395,49.208
2,243,21395.446,0,5.7651,13.4574,13.4574,43.849
2,244,21497.9304,0,7.6064,16.2081,16.2081,69.1021
2,245,21766.4533,0,13.8206,21.0853,21.0853,25.1139
2,246,21788.9503,0,4.122,8.1783,8.1783,62.981
2,247,22019.9594,0,13.911,15.965,15.965,64.534
2,248,22211.9054,0,8.3867,17.4063,17.4063,66.7972
2,249,22298.5877,0,6.0757,13.0268,13.0268,73.6904
2,250,22308.4434,0,20.4826,26.589,26.589,69.9378
2,251,22343.7144,0,11.0024,25.1227,25.1227,71.3511
2,252,22362.2677,0,2.4206,10.5368,10.5368,55.9065
2,253,22384.3646,0,4.8332,6.8615,6.8615,56.9932
2,254,22467.3193,0,7.5,16.9656,16.9656,59.1686
2,255,22498.3688,0,17.8166,26.3639,26.3639,69.4366
2,256,22533.6169,0,1.7662,5.3315,5.3315,42.831
2,257,22607.7672,0,10.7052,12.7417,12.7417,44.6779
2,258,22638.7905,0,6.4974,9.1339,9.1339,82.1722
2,259,22655.2963,0,3.469,9.8927,9.8927,38.962
2,260,22669.9976,0,20.5627,22.9213,22.9213,49.3231
2,261,22704.5868,0,7.6277,10.1588,10.1588,63.3048
2,262,22738.6302,0,1.5995,3.5175,3.5175,42.957
2,263,22880.1955,0,8.9498,12.7902,12.7902,29.0614
2,264,23000.0498,0,5.9191,14.8264,14.8264,35.7678
2,265,23120.9241,0,14.193,16.4506,16.4506,68.543
2,266,23217.399,0,5.0594,13.5418,13.5418,72.0437
2,267,23262.0869,0,9.837,16.7679,16.7679,88.75
2,268,23340.3733,0,13.0837,15.6244,15.6244,30.0152
2,269,23365.0118,0,7.2971,20.2729,20.2729,58.465
2,270,23529.9785,0,5.5134,19.3394,19.3394,41.5505
2,271,23604.3556,0,10.8807,14.1897,14.1897,37.8041
2,272,23612.5295,0,6.1728,10.6311,10.6311,49.1167
2,273,23589.3525,0,2.7542,40.8562,40.8562,94.7022
2,274,23663.8097,0,2.9514,10.4702,10.4702,44.1141
2,275,23670.6122,0,1.9634,6.8639,6.8639,50.0579
2,276,23668.0306,0,16.1396,20.1211,20.1211,74.9961
2,277,23762.9307,0,3.6658,4.9016,4.9016,47.7708
2,278,23792.6999,0,8.2988,15.2555,15.2555,64.9236
2,279,23865.7719,0,6.0078,9.1426,9.1426,37.3065
2,280,23991.2307,0,16.0615,18.7688,18.7688,56.6137
2,281,24104.0928,0,4.829,11.385,11.385,81.6935
2,282,24225.1356,0,8.6842,14.5435,14.5435,45.4884
2,283,24299.2898,0,1.3256,12.1788,12.1788,82.8481
2,284,24433.2956,0,9.8407,13.0206,13.0206,61.3696
2,285,24622.4571,0,1.819,4.0059,4.0059,44.6626
2,286,24838.49,0,0.879,3.7072,3.7072,35.2542
2,287,24961.6999,0,9.6403,14.9153,14.9153,78.7462
2,288,25064.5508,0,10.959,12.9137,12.9137,44.4894
2,289,25220.6104,0,4.7889,9.5576,9.5576,50.1403
2,290,25234.6738,0,10.0803,22.7238,22.7238,51.765
2,291,25297.4647,0,8.8791,10.9663,10.9663,38.98
2,292,25501.3547,0,6.4403,9.8131,9.8131,76.9157
2,293,25563.8462,0,2.6788,6.8632,6.8632,36.8046
2,294,25680.7935,0,2.9608,12.3549,12.3549,68.2029
2,295,25719.682,0,0.8579,15.0864,15.0864,51.2291
2,296,25725.3622,0,12.932,17.3543,17.3543,76.306
2,297,25752.9734,0,11.7695,13.5935,13.5935,52.084
2,298,25790.5382,0,8.8493,11.7039,11.7039,75.4995
2,299,26362.1489,0,3.0676,10.8539,10.8539,62.6245
2,300,26411.191,0,6.8196,9.8256,9.8256,55.7515
2,301,26497.5267,0,1.759,3.997,3.997,56.6181
2,302,26545.0103,0,5.3591,13.7139,13.7139,55.2074
2,303,26601.7885,0,2.7449,11.602,11.602,80.9964
2,304,26679.4766,0,5.1112,10.4197,10.4197,66.3089
2,305,26672.6618,0,2.7702,40.6862,40.6862,80.8468
2,306,26759.4671,0,7.2635,14.6557,14.6557,42.0558
2,307,26769.7333,0,12.7804,26.3379,26.3379,64.8802
2,308,26916.0692,0,8.2069,15.1965,15.1965,32.2152
2,309,26924.1841,0,12.1804,15.7551,15.7551,49.777
2,310,27052.6513,0,2.8156,5.8859,5.8859,61.0422
2,311,27097.4257,0,14.8389,19.8843,19.8843,51.0561
2,312,27266.8687,0,4.0672,11.9753,11.9753,58.3117
2,313,27262.3872,0,19.2922,21.165,21.165,77.7971
2,314,27755.7456,0,0.6443,9.3684,9.3684,74.5522
2,315,27961.6993,0,5.5488,9.8522,9.8522,41.4251
2,316,27955.8545,0,13.3069,19.6979,19.6979,53.4678
2,317,27993.9755,0,11.2606,14.6082,14.6082,61.4605
2,318,28122.6648,0,9.4023,24.9755,24.9755,69.2275
2,319,28132.056,0,19.2526,30.35,30.35,86.4431
2,320,28189.1836,0,19.1889,21.7632,21.7632,72.0991
2,321,28205.115,0,10.1935,15.7819,15.7819,80.1901
2,322,28247.6925,0,24.0909,26.8833,26.8833,62.7316
2,323,28663.6491,0,7.5316,13.1191,13.1191,33.3229
2,324,28715.8192,0,16.6335,19.3467,19.3467,52.7993
2,325,28713.4587,0,3.1563,59.3057,59.3057,92.2391
2,326,28857.9847,0,2.7587,12.4818,12.4818,79.1042
2,327,28980.8753,0,7.904,11.7576,11.7576,56.5849
2,328,28990.4575,0,3.5285,14.1235,14.1235,71.8532
2,329,29023.8613,0,14.3261,19.5925,19.5925,53.2857
2,330,29134.3875,0,7.3643,9.9516,9.9516,34.1145
2,331,29372.6996,0,10.0185,13.458,13.458,53.3035
2,332,29468.9216,0,11.6691,14.3571,14.3571,43.2265
2,333,29548.0472,0,6.6348,9.0461,9.0461,31.4699
2,334,29558.6357,0,3.3651,5.907,5.907,53.0805
2,335,29906.3453,0,2.3131,5.266,5.266,81.5736
2,336,29936.6311,0,3.8417,10.6431,10.6431,68.369
2,337,30041.3739,0,7.0184,13.5265,13.5265,40.6151
2,338,30358.238,0,3.5938,7.2835,7.2835,58.0671
2,339,30739.6458,0,4.3556,9.7211,9.7211,37.0474
2,340,30737.2635,0,15.0278,17.2304,17.2304,63.6655
2,341,30745.1628,0,12.163,13.966,13.966,71.0801
2,342,30775.9924,0,8.783,11.7329,11.7329,49.8711
2,343,30779.0201,0,6.482,11.0661,11.0661,64.9808
2,344,30817.6944,0,4.9325,12.1051,12.1051,49.522
2,345,30825.3853,0,8.5877,16.9221,16.9221,64.2393
2,346,30829.5551,0,14.5669,18.5894,18.5894,70.3132
2,347,30842.8555,0,10.7006,17.7218,17.7218,60.4298
2,348,30934.5897,0,2.5589,3.1011,3.1011,65.3222
2,349,30949.7278,0,8.8809,15.8501,15.8501,53.1908
2,350,31040.8997,0,7.84,18.7716,18.7716,51.2782
2,351,31144.5146,0,5.5781,7.3439,7.3439,69.3763
2,352,31151.8598,0,9.2845,14.9742,14.9742,78.8132
2,353,31172.83,0,3.3254,14.6205,14.6205,69.5951
2,354,31240.9211,0,9.0317,16.5279,16.5279,61.6023
2,355,31254.4096,0,9.3356,14.6052,14.6052,60.1504
2,356,31526.2805,0,9.7608,15.3453,15.3453,33.079
2,357,31545.7403,0,16.0539,21.8582,21.8582,50.5676
2,358,31656.3389,0,10.2688,13.8365,13.8365,63.7374
2,359,31860.1898,0,5.6316,31.0273,31.0273,60.7254
2,360,31978.2152,0,12.2449,15.2905,15.2905,31.4902
2,361,32220.8534,0,12.4161,16.3706,16.3706,53.5989
2,362,32229.9957,0,16.4089,25.5068,25.5068,82.93
2,363,32403.9502,0,7.1867,13.7097,13.7097,70.1065
2,364,32468.9168,0,16.8321,28.2972,28.2972,61.9521
2,365,32650.3333,0,9.1024,11.1614,11.1614,38.5879
2,366,32684.1306,0,9.6525,15.3837,15.3837,34.9977
2,367,32846.2227,0,7.4892,11.7078,11.7078,56.7538
2,368,32923.1501,0,1.5947,5.3308,5.3308,44.944
2,369,33000.7811,0,2.2963,5.5688,5.5688,43.2715
2,370,33658.5325,0,3.6349,10.3266,10.3266,70.744
2,371,33674.4679,0,3.4325,7.4921,7.4921,61.0701
2,372,33664.5376,0,13.5849,31.6579,31.6579,81.4579
2,373,33765.9103,0,10.5532,17.401,17.401,56.1201
2,374,33790.8039,0,1.6878,12.303,12.303,88.3516
2,375,33835.3042,0,6.4154,9.9399,9.9399,55.0899
2,376,33905.1702,0,6.7309,9.6716,9.6716,34.1639
2,377,33895.7569,0,15.7808,20.9098,20.9098,51.704
2,378,34116.3034,0,5.8854,12.2072,12.2072,35.71
2,379,34217.5685,0,11.1114,18.98,18.98,46.4563
2,380,34303.1689,0,3.0003,8.6298,8.6298,46.76
2,381,34346.9574,0,9.2848,17.9776,17.9776,53.5617
2,382,34422.711,0,14.4865,20.1153,20.1153,65.1694
2,383,34463.6584,0,6.2356,15.0525,15.0525,52.4299
2,384,34505.2687,0,1.9346,8.6965,8.6965,66.3472
2,385,34825.2078,0,2.4817,7.6875,7.6875,36.18
2,386,35021.9225,0,1.1773,10.423,10.423,53.3839
2,387,35080.3038,0,5.5885,7.7871,7.7871,55.4348
2,388,35143.6087,0,1.153,14.1092,14.1092,61.4629
2,389,35235.6226,0,6.2556,13.4648,13.4648,65.4812
2,390,35340.6786,0,0.8259,9.1086,9.1086,54.0593
2,391,35389.2425,0,3.4601,5.1578,5.1578,49.9841
2,392,35532.7172,0,11.1687,16.837,16.837,44.8183
2,393,35728.123,0,2.0018,9.4889,9.4889,73.5237
2,394,35968.2636,0,9.5901,11.5355,11.5355,68.6398
2,395,35968.0107,0,8.4212,36.415,36.415,96.7875
2,396,36020.8316,0,17.7536,22.5931,22.5931,78.0004
2,397,36058.546,0,16.1088,18.9399,18.9399,69.806
2,398,36219.1223,0,1.6409,3.7734,3.7734,63.1661
2,399,36298.7324,0,13.1675,22.3888,22.3888,53.1637
2,400,36348.107,0,12.7988,14.8968,14.8968,43.4651
2,401,36350.144,0,7.168,18.9396,18.9396,49.4886
2,402,36595.0652,0,8.075,30.7425,30.7425,54.9658
2,403,36806.3961,0,3.9377,6.6708,6.6708,70.7326
2,404,36992.6738,0,10.7332,14.5814,14.5814,41.1805
2,405,37074.3913,0,8.6477,12.1334,12.1334,27.3825
2,406,37389.4847,0,4.9659,7.0373,7.0373,41.6044
2,407,37863.5582,0,2.0343,9.1153,9.1153,51.2636
2,408,37873.7526,0,7.7078,15.5866,15.5866,76.063
2,409,37981.2299,0,6.5334,10.2184,10.2184,47.4991
2,410,38027.1231,0,10.4455,13.1576,13.1576,51.0031
2,411,38111.9818,0,11.0687,18.523,18.523,88.9518
2,412,38149.6222,0,2.1242,7.4741,7.4741,47.0957
2,413,38173.5324,0,9.1318,12.8796,12.8796,74.8246
2,414,38252.9598,0,7.845,11.0174,11.0174,69.9239
2,415,38465.6822,0,4.6742,14.2452,14.2452,41.2045
2,416,38625.4744,0,5.82,15.8892,15.8892,71.1947
2,417,38638.2081,0,4.6288,7.9211,7.9211,77.5481
2,418,38674.8486,0,9.8981,15.9338,15.9338,53.934
2,419,38788.0967,0,5.9157,45.0279,45.0279,77.295
2,420,38868.6202,0,7.101,11.8372,11.8372,45.2027
2,421,38884.6248,0,2.2572,9.279,9.279,38.2803
2,422,38979.0619,0,10.7727,16.4785,16.4785,57.3576
2,423,39375.5045,0,5.8007,25.6586,25.6586,64.1418
2,424,39489.0414,0,7.3476,15.5719,15.5719,79.7123
2,425,39506.824,0,2.0082,4.1613,4.1613,107.5775
2,426,39694.7339,0,5.4676,11.1415,11.1415,49.7019
2,427,39768.9318,0,7.2,8.1453,8.1453,50.7281
2,428,39782.2234,0,15.2707,18.4346,18.4346,75.7938
2,429,39794.0736,0,5.8455,9.2485,9.2485,77.0231
2,430,39895.8114,0,3.3964,5.3396,5.3396,47.744
2,431,39996.5412,0,5.5238,8.5714,8.5714,50.7944
2,432,40021.8813,0,6.8992,14.3369,14.3369,47.1134
2,433,40024.4946,0,9.3203,13.9578,13.9578,58.8397
2,434,40040.8726,0,11.2658,18.7625,18.7625,49.7559
2,435,40065.8744,0,18.5696,23.5384,23.5384,78.1162
2,436,40641.9936,0,1.9263,6.9333,6.9333,90.5574
2,437,40761.8827,0,6.359,15.249,15.249,39.6864
2,438,40909.3688,0,0.9906,6.9043,6.9043,59.7623
2,439,40996.1009,0,10.1303,12.7988,12.7988,90.0361
2,440,41063.6428,0,7.1332,15.9482,15.9482,68.6463
2,441,41147.8767,0,3.5785,16.7849,16.7849,54.754
2,442,41208.8196,0,7.5835,10.9566,10.9566,44.8372
2,443,41225.384,0,8.4352,16.3088,16.3088,37.1858
2,444,41242.9291,0,13.0981,18.8948,18.8948,76.3541
2,445,41262.2711,0,21.6675,26.5543,26.5543,61.4465
2,446,41369.9614,0,6.076,11.1105,11.1105,29.0098
2,447,41468.2762,0,14.6548,40.9532,40.9532,96.7988
2,448,41500.307,0,11.7507,14.6125,14.6125,69.3518
2,449,41504.9364,0,15.9047,18.5021,18.5021,121.4533
2,450,41575.9347,0,9.1841,10.657,10.657,57.8003
2,451,41738.2051,0,8.2243,16.315,16.315,36.4421
2,452,41754.9131,0,16.5792,17.1678,17.1678,51.6511
2,453,41953.0929,0,7.8417,11.8559,11.8559,49.0463
2,454,42176.6035,0,6.0724,15.0168,15.0168,56.9718
2,455,42218.6368,0,11.5758,19.6641,19.6641,44.9777
2,456,42362.6721,0,5.0589,8.1688,8.1688,30.4452
2,457,42363.6212,0,11.508,16.1067,16.1067,48.5186
2,458,42378.5734,0,14.6506,23.1899,23.1899,45.3413
2,459,42626.9265,0,8.3924,11.2981,11.2981,38.7004
2,460,42849.3379,0,6.9582,18.2146,18.2146,78.0362
2,461,42972.8116,0,2.9167,17.3574,17.3574,68.8572
2,462,43090.0986,0,13.8087,18.9999,18.9999,56.0234
2,463,43130.5138,0,3.3155,13.8963,13.8963,27.6913
3,1,0.0,0,6.6696,9.9546,9.9546,69.1359
3,2,54.5775,0,10.0474,10.4737,10.4737,38.449
3,3,48.8446,0,9.912,16.6584,16.6584,61.7619
3,4,89.8132,0,17.4138,21.5133,21.5133,50.9873
3,5,148.8522,0,7.7355,9.8863,9.8863,48.1915
3,6,289.0878,0,9.3467,13.946,13.946,65.8984
3,7,358.3245,0,6.2265,9.9752,9.9752,61.2602
3,8,510.294,0,9.71,12.6029,12.6029,72.1962
3,9,528.3335,0,2.7788,9.2069,9.2069,70.9568
3,10,569.5802,0,11.9189,21.7316,21.7316,70.6196
3,11,575.3976,0,16.3774,19.385,19.385,38.6374
3,12,624.7661,0,4.5341,7.4781,7.4781,108.2652
3,13,612.0007,0,9.9372,23.7286,23.7286,55.0624
3,14,648.5908,0,18.2639,22.2038,22.2038,43.5875
3,15,694.8723,0,7.8096,11.5348,11.5348,41.5778
3,16,862.8129,0,10.1894,14.5546,14.5546,46.0742
3,17,1074.3849,0,10.703,13.3292,13.3292,54.3448
3,18,1220.582,0,6.4387,13.6612,13.6612,93.8131
3,19,1274.6811,0,6.1181,9.8382,9.8382,77.1809
3,20,1386.6773,0,11.3024,18.1396,18.1396,78.7951
3,21,1396.6417,0,3.2703,8.6539,8.6539,105.3018
3,22,1480.9912,0,16.944,29.4632,29.4632,78.199
3,23,1695.349,0,4.4152,21.2642,21.2642,52.6079
3,24,1764.8991,0,11.0312,27.5758,27.5758,62.7677
3,25,1806.9565,0,5.8258,9.697,9.697,29.1288
3,26,1839.3018,0,1.8666,20.5985,20.5985,63.475
3,27,1861.2633,0,6.5393,14.4105,14.4105,58.3506
3,28,1871.2337,0,8.685,10.5029,10.5029,52.8984
3,29,1879.8551,0,10.5671,15.7188,15.7188,56.1717
3,30,1899.3225,0,1.5828,20.8634,20.8634,47.4421
3,31,1934.3565,0,5.3116,14.9526,14.9526,57.6161
3,32,1979.3708,0,5.8007,8.9824,8.9824,47.9888
3,33,1992.009,0,16.3207,22.3745,22.3745,75.8167
3,34,2054.6728,0,5.4875,21.9347,21.9347,68.8059
3,35,2107.5727,0,12.1625,15.998,15.998,53.0077
3,36,2120.1551,0,18.9167,23.9235,23.9235,51.1694
3,37,2137.807,0,8.9576,11.3029,11.3029,78.4521
3,38,2184.3453,0,5.0144,8.5685,8.5685,35.9701
3,39,2295.7119,0,12.2025,20.5615,20.5615,54.6607
3,40,2306.0987,0,7.0405,11.0038,11.0038,83.6947
3,41,2315.0055,0,21.3918,27.8401,27.8401,91.3934
3,42,2410.6515,0,0.7205,7.5802,7.5802,57.2354
3,43,2494.4603,0,7.4147,13.5283,13.5283,34.902
3,44,2502.6003,0,10.7363,14.353,14.353,52.311
3,45,2569.8103,0,14.874,17.7157,17.7157,66.6126
3,46,2604.8102,0,1.7966,9.312,9.312,65.028
3,47,2676.8911,0,1.3127,7.0069,7.0069,57.043
3,48,2709.7567,0,2.1906,3.1856,3.1856,69.2754
3,49,2717.7181,0,12.9034,17.3126,17.3126,89.5459
3,50,2756.9602,0,5.1339,9.4603,9.4603,61.1693
3,51,2874.747,0,7.423,12.5486,12.5486,42.3304
3,52,3131.5167,0,7.632,11.9724,11.9724,39.9548
3,53,3139.1216,0,0.3189,7.9086,7.9086,55.3518
3,54,3283.0091,0,4.9591,9.4185,9.4185,59.9509
3,55,3454.2691,0,9.9415,14.8944,14.8944,53.0254
3,56,3617.812,0,7.1249,15.9239,15.9239,66.7651
3,57,3631.3331,0,11.3332,16.8881,16.8881,62.2336
3,58,3754.9578,0,11.4582,30.5901,30.5901,57.3889
3,59,3775.4192,0,8.2988,26.8347,26.8347,101.2976
3,60,3862.2042,0,10.705,15.63,15.63,62.1002
3,61,3935.9655,0,9.1775,16.4266,16.4266,61.6992
3,62,4119.4758,0,11.6555,20.3479,20.3479,58.7486
3,63,4118.2527,0,14.8173,27.1125,27.1125,95.8641
3,64,4143.6875,0,15.2897,17.0279,17.0279,79.7694
3,65,4210.3561,0,0.9666,5.6465,5.6465,41.4765
3,66,4235.3267,0,2.964,7.0861,7.0861,44.4519
3,67,4404.4539,0,6.9531,9.3546,9.3546,49.5048
3,68,4458.0572,0,5.6384,11.0411,11.0411,43.0387
3,69,4987.3347,0,3.4765,7.8232,7.8232,68.1584
3,70,5061.1261,0,3.2811,18.9519,18.9519,48.8117
3,71,5086.3546,0,10.2068,12.2512,12.2512,58.3439
3,72,5174.4666,0,11.4582,13.5186,13.5186,64.5132
3,73,5228.9678,0,2.5509,6.6467,6.6467,102.1776
3,74,5244.4004,0,14.1794,15.6606,15.6606,100.1231
3,75,5335.1572,0,6.5972,23.4116,23.4116,58.5423
3,76,5392.9213,0,9.5072,14.2046,14.2046,60.3961
3,77,5552.1287,0,5.7042,10.7879,10.7879,49.2502
3,78,5570.3466,0,7.1296,9.1609,9.1609,71.2295
3,79,5614.429,0,5.8386,16.3656,16.3656,58.4077
3,80,5694.298,0,6.8123,18.2357,18.2357,71.821
3,81,5836.4664,0,1.2772,3.8008,3.8008,35.1997
3,82,6292.2087,0,0.9399,6.9945,6.9945,56.2495
3,83,6300.9728,0,8.4858,16.6274,16.6274,60.5945
3,84,6492.7582,0,0.7614,2.5898,2.5898,53.8348
3,85,6508.1338,0,12.5726,17.6933,17.6933,56.2806
3,86,6582.755,0,6.0068,14.7647,14.7647,35.9068
3,87,6631.7194,0,1.5699,4.7036,4.7036,43.0276
3,88,6922.5077,0,1.0202,25.5509,25.5509,64.9032
3,89,7097.2083,0,8.3304,11.2655,11.2655,47.8714
3,90,7132.6411,0,10.514,14.6377,14.6377,125.5381
3,91,7228.904,0,6.4832,13.3542,13.3542,46.0453
3,92,7627.3184,0,6.4574,10.2687,10.2687,71.261
3,93,7716.1161,0,3.1568,10.1747,10.1747,79.746
3,94,7823.4529,0,4.0289,10.9801,10.9801,47.2853
3,95,7854.2711,0,15.9571,22.9245,22.9245,68.1148
3,96,7850.6817,0,5.2649,65.2649,65.2649,101.5062
3,97,8047.7381,0,1.6878,2.7442,2.7442,39.4444
3,98,8078.3315,0,5.3116,11.004,11.004,35.5824
3,99,8088.2325,0,5.2331,14.5211,14.5211,39.407
3,100,8183.6019,0,14.472,18.443,18.443,64.3057
3,101,8231.4144,0,8.5311,21.9024,21.9024,84.7743
3,102,8290.8314,0,2.0407,7.0051,7.0051,56.8418
3,103,8416.9108,0,5.6559,14.6643,14.6643,67.358
3,104,8872.6601,0,8.4256,14.6105,14.6105,67.0089
3,105,9070.8469,0,4.1419,5.9116,5.9116,22.3469
3,106,9147.4316,0,4.5295,10.304,10.304,66.1048
3,107,9143.2956,0,18.1862,20.5109,20.5109,85.8731
3,108,9158.7666,0,15.5787,19.5555,19.5555,75.2501
3,109,9278.5849,0,1.123,17.9383,17.9383,73.6628
3,110,9319.3656,0,7.9634,13.4674,13.4674,56.1668
3,111,9321.8972,0,5.4004,12.6965,12.6965,79.9179
3,112,9369.6332,0,13.8219,15.7914,15.7914,74.6869
3,113,9612.8091,0,3.0338,16.0324,16.0324,45.4711
3,114,9636.197,0,2.9608,6.1578,6.1578,82.0329
3,115,9669.1437,0,8.0033,17.1067,17.1067,68.5317
3,116,9760.6945,0,11.0736,15.0301,15.0301,43.086
3,117,9918.3862,0,5.724,33.2724,33.2724,60.069
3,118,9960.8728,0,9.3371,17.6533,17.6533,88.9166
3,119,10031.5917,0,1.647,4.9003,4.9003,70.1195
3,120,10029.3307,0,6.7675,11.5169,11.5169,82.8195
3,121,10311.1337,0,3.1893,6.6698,6.6698,37.1967
3,122,10398.8326,0,4.232,10.4636,10.4636,61.4794
3,123,10643.9236,0,1.0646,8.1928,8.1928,46.3205
3,124,10649.9547,0,6.301,13.371,13.371,46.368
3,125,10842.5353,0,9.4384,12.3994,12.3994,50.4788
3,126,10860.8653,0,3.898,6.5484,6.5484,99.8036
3,127,10877.4156,0,10.8807,14.9153,14.9153,94.8388
3,128,10899.6652,0,4.2106,13.0115,13.0115,87.8085
3,129,10913.9217,0,2.6364,6.8056,6.8056,78.5105
3,130,10971.9922,0,16.8052,21.0505,21.0505,69.9683
3,131,11025.8237,0,15.4073,27.4871,27.4871,52.6272
3,132,11185.1213,0,10.5622,15.5984,15.5984,46.0511
3,133,11197.1534,0,10.1656,19.6256,19.6256,99.3225
3,134,11239.4354,0,6.1638,11.1752,11.1752,74.0892
3,135,11316.0265,0,5.4691,6.4948,6.4948,34.6928
3,136,11363.9255,0,3.1742,8.7345,8.7345,39.0537
3,137,11387.3921,0,2.3008,13.8455,13.8455,47.6799
3,138,11388.1517,0,10.8649,16.8919,16.8919,86.2307
3,139,11477.3562,0,6.7675,22.875,22.875,81.3373
3,140,11509.3608,0,4.1754,14.4059,14.4059,56.121
3,141,11557.7432,0,21.2165,27.8049,27.8049,69.7907
3,142,11689.2212,0,5.0581,10.2697,10.2697,42.4692
3,143,11857.3442,0,7.0336,17.6445,17.6445,80.0195
3,144,12023.0761,0,10.0089,11.3069,11.3069,45.9331
3,145,12104.6169,0,4.5712,6.5672,6.5672,51.8839
3,146,12127.5142,0,0.6961,4.0746,4.0746,61.123
3,147,12164.9077,0,10.3822,14.1703,14.1703,85.7051
3,148,12259.5791,0,5.9861,11.8948,11.8948,24.3364
3,149,12272.8846,0,10.8608,13.7757,13.7757,38.2884
3,150,12353.2136,0,9.2938,16.1649,16.1649,45.6203
3,151,12391.5762,0,17.3897,25.5068,25.5068,76.4599
3,152,12483.3826,0,6.7213,7.9702,7.9702,45.0973
3,153,12481.3743,0,17.2778,19.8649,19.8649,58.7768
3,154,12528.5188,0,15.4713,17.7657,17.7657,51.955
3,155,12664.1913,0,6.2074,10.1072,10.1072,52.9526
3,156,12662.0586,0,10.6054,18.8031,18.8031,60.8284
3,157,12673.669,0,15.2701,17.4515,17.4515,70.7471
3,158,12686.1567,0,7.1038,26.6161,26.6161,62.0197
3,159,12709.3398,0,6.6487,15.7649,15.7649,63.0473
3,160,12719.8789,0,10.9638,16.0665,16.0665,110.805
3,161,12787.4744,0,13.2924,20.1308,20.1308,72.7112
3,162,13016.1131,0,3.1037,10.9825,10.9825,57.8407
3,163,13190.6956,0,5.1341,13.343,13.343,34.9673
3,164,13235.0908,0,4.8334,9.9638,9.9638,36.1548
3,165,13636.1158,0,7.9622,11.0625,11.0625,60.0691
3,166,13733.3605,0,8.683,10.2068,10.2068,64.1592
3,167,13771.4891,0,2.0138,6.355,6.355,33.1197
3,168,13778.509,0,6.1885,9.752,9.752,63.1102
3,169,13855.098,0,12.8762,21.8078,21.8078,59.6231
3,170,14050.2655,0,7.3299,9.5006,9.5006,50.9655
3,171,14061.8453,0,8.3904,26.22,26.22,62.0098
3,172,14125.3047,0,7.9186,10.6874,10.6874,54.0369
3,173,14103.555,0,16.8655,47.7898,47.7898,103.0496
3,174,14258.8248,0,8.1704,10.9428,10.9428,40.109
3,175,14256.5166,0,10.8589,17.6462,17.6462,60.3856
3,176,14313.3174,0,7.5963,12.2415,12.2415,65.6567
3,177,14338.0818,0,3.4963,9.2567,9.2567,49.1977
3,178,14404.9391,0,7.2056,13.754,13.754,40.6547
3,179,14445.3645,0,8.7478,16.9921,16.9921,61.5415
3,180,14798.3678,0,6.2057,12.9193,12.9193,40.6452
3,181,14836.5056,0,13.7417,15.7539,15.7539,44.4312
3,182,14889.9645,0,17.251,24.3077,24.3077,69.09
3,183,14926.9435,0,2.0666,11.2407,11.2407,84.8059
3,184,15064.8383,0,7.7552,8.5244,8.5244,40.9525
3,185,15093.428,0,8.1845,10.7768,10.7768,46.1218
3,186,15106.758,0,3.6658,11.7114,11.7114,54.9346
3,187,15146.3531,0,11.885,16.3525,16.3525,61.2534
3,188,15162.1722,0,6.4976,9.4846,9.4846,81.6322
3,189,15251.9034,0,3.3304,8.8976,8.8976,31.4892
3,190,15285.7049,0,13.8989,17.9247,17.9247,49.7916
3,191,15285.6277,0,3.2063,19.6966,19.6966,55.7003
3,192,15302.5033,0,7.0147,30.9913,30.9913,76.8076
3,193,15367.1438,0,4.9383,7.4131,7.4131,67.2993
3,194,15416.0946,0,0.3444,4.5029,4.5029,30.0376
3,195,15424.0361,0,8.7485,12.0992,12.0992,28.7755
3,196,15517.0578,0,9.2205,15.6665,15.6665,54.5643
3,197,15544.5949,0,10.5173,29.9465,29.9465,69.2857
3,198,15613.81,0,0.7056,3.5219,3.5219,32.8654
3,199,15655.0192,0,5.0035,8.6,8.6,75.2328
3,200,15768.6724,0,4.6697,9.0825,9.0825,32.9254
3,201,15951.2045,0,6.0596,17.1161,17.1161,56.7086
3,202,15991.9898,0,3.0772,6.161,6.161,57.6649
3,203,16052.303,0,4.6598,9.3119,9.3119,48.0456
3,204,16054.4686,0,6.0136,10.2261,10.2261,67.1054
3,205,16234.6928,0,16.0973,26.1181,26.1181,60.8826
3,206,16256.3345,0,4.2154,7.6025,7.6025,49.2869
3,207,16581.13,0,6.5207,10.6909,10.6909,35.7041
3,208,16583.9354,0,5.754,18.0823,18.0823,54.4259
3,209,16688.2138,0,13.1604,16.0947,16.0947,43.1816
3,210,16691.0025,0,8.8441,20.3874,20.3874,50.622
3,211,16689.659,0,9.8326,22.3047,22.3047,80.1842
3,212,16734.9417,0,11.6116,13.9198,13.9198,53.9269
3,213,16724.4455,0,18.5358,26.301,26.301,58.3099
3,214,16756.5028,0,1.5675,8.805,8.805,72.8291
3,215,16890.1444,0,1.4853,10.4356,10.4356,55.9305
3,216,17016.2218,0,3.8159,8.6906,8.6906,48.8301
3,217,17042.7621,0,10.5588,19.8861,19.8861,71.3125
3,218,17114.6526,0,14.8411,19.3058,19.3058,58.754
3,219,17181.3108,0,2.1109,4.2673,4.2673,44.4391
3,220,17214.8526,0,15.7554,18.1501,18.1501,47.2864
3,221,17722.0526,0,2.8118,6.1271,6.1271,77.355
3,222,17933.0425,0,1.2393,4.0443,4.0443,31.3965
3,223,17976.2203,0,7.9289,15.9935,15.9935,72.4492
3,224,17993.0496,0,3.399,8.3491,8.3491,57.6696
3,225,18007.2985,0,6.74,15.5299,15.5299,62.8786
3,226,18027.0881,0,8.7091,16.39,16.39,70.8191
3,227,18032.0491,0,17.834,19.7013,19.7013,84.5849
3,228,18227.2712,0,4.3596,9.29,9.29,69.3656
3,229,18223.7659,0,18.3881,19.5742,19.5742,68.4488
3,230,18260.8767,0,12.8868,18.122,18.122,51.8025
3,231,18253.8968,0,12.8243,40.1639,40.1639,81.7442
3,232,18343.8563,0,3.9449,10.1936,10.1936,27.4506
3,233,18537.9378,0,8.8803,24.2485,24.2485,101.6587
3,234,18655.1467,0,8.7921,10.8493,10.8493,49.4352
3,235,18735.3903,0,1.8666,4.8147,4.8147,31.4151
3,236,18780.9047,0,6.6752,12.2795,12.2795,79.3903
3,237,18893.8935,0,3.7951,7.3864,7.3864,54.3551
3,238,18926.8375,0,7.2408,11.5703,11.5703,65.0493
3,239,18941.6101,0,4.038,12.7043,12.7043,80.4535
3,240,19160.9426,0,5.8805,11.8522,11.8522,57.8876
3,241,19259.6563,0,6.0861,8.7594,8.7594,61.2337
3,242,19275.8261,0,7.6126,10.1096,10.1096,57.4556
3,243,19408.3376,0,1.5627,5.5124,5.5124,30.6035
3,244,19470.3051,0,3.5733,15.1274,15.1274,95.5597
3,245,19429.777,0,11.3678,71.3678,71.3678,157.7455
3,246,19582.1233,0,9.5124,13.575,13.575,41.0839
3,247,19779.9691,0,8.8867,17.0175,17.0175,43.3476
3,248,19811.9019,0,2.6977,10.359,10.359,54.912
3,249,19920.9575,0,7.0417,11.7662,11.7662,52.2404
3,250,19995.3798,0,7.106,12.1807,12.1807,60.792
3,251,20007.3992,0,2.7178,5.3057,5.3057,96.3752
3,252,20057.5734,0,8.2152,20.9093,20.9093,54.4043
3,253,20114.37,0,6.0437,10.5744,10.5744,37.3059
3,254,20249.6778,0,10.1168,14.3784,14.3784,60.2855
3,255,20427.3784,0,9.5385,13.889,13.889,44.1798
3,256,20531.1131,0,6.7215,36.7138,36.7138,72.8601
3,257,20692.3377,0,3.6399,6.6984,6.6984,56.3541
3,258,20707.5796,0,1.9143,10.6787,10.6787,65.5603
3,259,20796.027,0,4.3866,8.533,8.533,44.4469
3,260,20902.7962,0,5.213,9.3455,9.3455,73.3845
3,261,20969.7805,0,5.2806,5.7438,5.7438,38.6613
3,262,21070.3397,0,10.9116,15.0333,15.0333,42.2068
3,263,21097.3553,0,16.0702,20.2538,20.2538,69.9308
3,264,21156.1906,0,4.3431,11.4689,11.4689,68.0524
3,265,21234.8457,0,3.5267,9.4256,9.4256,67.1051
3,266,21239.7002,0,6.0013,11.5015,11.5015,79.3615
3,267,21240.5673,0,9.1444,12.2317,12.2317,89.2949
3,268,21264.2904,0,7.423,13.6924,13.6924,62.6748
3,269,21290.0354,0,14.1418,17.4365,17.4365,67.2862
3,270,21421.7324,0,14.4035,19.5104,19.5104,47.0959
3,271,21437.4613,0,3.0368,7.3313,7.3313,41.9734
3,272,21471.4983,0,2.9847,17.7616,17.7616,55.6105
3,273,21546.472,0,4.6697,8.8604,8.8604,44.5691
3,274,21551.8629,0,6.0088,23.9209,23.9209,55.7338
3,275,21570.7859,0,11.3738,14.2927,14.2927,62.6124
3,276,21571.8709,0,17.6352,39.8457,39.8457,72.7996
3,277,21608.1862,0,11.0388,17.7477,17.7477,55.0794
3,278,21871.7607,0,4.9368,7.3491,7.3491,31.6184
3,279,22061.4454,0,2.4454,5.0657,5.0657,37.8551
3,280,22107.8862,0,4.6827,9.4214,9.4214,48.1434
3,281,22106.0155,0,10.2091,13.2992,13.2992,73.4215
3,282,22240.9725,0,7.1891,11.4207,11.4207,42.4266
3,283,22247.3937,0,3.3145,9.9367,9.9367,53.4507
3,284,22252.0789,0,14.4599,20.6205,20.6205,84.295
3,285,22295.3799,0,16.4281,17.6618,17.6618,57.9034
3,286,22356.3137,0,8.3049,14.505,14.505,40.2203
3,287,22376.6739,0,7.7681,15.4371,15.4371,46.0763
3,288,22581.3957,0,12.9062,22.346,22.346,63.3657
3,289,22606.7173,0,3.4618,5.1067,5.1067,62.7328
3,290,22578.8949,0,6.6185,48.6095,48.6095,110.7416
3,291,22625.5779,0,10.7363,20.7092,20.7092,78.7395
3,292,22661.299,0,5.8978,10.618,10.618,53.7636
3,293,22673.6254,0,6.0861,9.82,9.82,52.3905
3,294,22796.9412,0,9.2432,18.2289,18.2289,56.7385
3,295,22855.9437,0,3.8581,8.8512,8.8512,54.6596
3,296,22967.4705,0,3.3866,12.5495,12.5495,42.9603
3,297,23614.9201,0,1.2435,14.3481,14.3481,74.8537
3,298,23663.5336,0,0.3531,2.3553,2.3553,50.3742
3,299,23646.2801,0,4.7443,20.7568,20.7568,44.9089
3,300,23647.0157,0,12.4768,24.85,24.85,69.5635
3,301,23882.6507,0,1.0723,10.6158,10.6158,57.3094
3,302,23881.2852,0,15.2001,18.328,18.328,70.1705
3,303,23907.399,0,10.7006,18.8292,18.8292,71.1372
3,304,24014.3617,0,4.7339,7.1883,7.1883,27.9215
3,305,24023.1598,0,4.0045,7.8008,7.8008,43.1835
3,306,24065.7996,0,0.4396,15.8432,15.8432,83.637
3,307,24194.4848,0,4.5592,16.7997,16.7997,106.5849
3,308,24229.183,0,11.7167,16.5825,16.5825,107.5002
3,309,24300.5222,0,9.3159,24.7811,24.7811,53.4249
3,310,24327.728,0,5.0528,7.2678,7.2678,42.6703
3,311,24582.7807,0,2.7411,5.3459,5.3459,55.1203
3,312,24556.4417,0,1.1918,32.868,32.868,89.0127
3,313,24696.6359,0,7.6427,15.0925,15.0925,64.7405
3,314,24702.161,0,12.8579,18.1111,18.1111,83.9
3,315,25033.5867,0,3.8825,11.5705,11.5705,46.596
3,316,25118.1291,0,3.2951,7.0908,7.0908,55.5418
3,317,25165.7925,0,2.7449,4.4447,4.4447,38.7714
3,318,25192.3719,0,11.7063,23.5081,23.5081,70.0543
3,319,25315.2725,0,6.3501,11.1208,11.1208,44.8063
3,320,25386.0627,0,6.2846,9.8039,9.8039,56.4913
3,321,25416.5519,0,5.1893,6.9137,6.9137,37.1863
3,322,25426.9787,0,4.9843,12.0719,12.0719,51.3243
3,323,25497.3372,0,12.8654,17.1899,17.1899,61.6254
3,324,25653.9181,0,3.0358,22.9669,22.9669,70.0166
3,325,25667.0994,0,11.1687,18.0065,18.0065,61.663
3,326,25693.4458,0,11.7374,19.8716,19.8716,64.7627
3,327,25743.0378,0,12.474,13.7794,13.7794,50.7967
3,328,25843.9618,0,4.7279,6.109,6.109,65.541
3,329,25842.9599,0,4.6852,8.2937,8.2937,65.3624
3,330,26207.0831,0,7.0282,15.9679,15.9679,56.0216
3,331,26280.239,0,2.3645,10.0749,10.0749,63.433
3,332,26347.6043,0,9.0875,11.5214,11.5214,53.8652
3,333,26416.4697,0,4.0899,16.8083,16.8083,41.4034
3,334,26538.4137,0,7.7346,13.3034,13.3034,50.0659
3,335,26646.4189,0,1.4665,5.5271,5.5271,36.0765
3,336,26778.6663,0,3.8091,4.3545,4.3545,33.4866
3,337,26772.3392,0,4.6576,19.4052,19.4052,52.2359
3,338,27019.8123,0,13.9011,17.5653,17.5653,86.8653
3,339,27107.5414,0,14.9838,18.0986,18.0986,39.0587
3,340,27147.1674,0,8.1809,13.9842,13.9842,81.1214
3,341,27207.6548,0,16.2988,21.1277,21.1277,83.3235
3,342,27234.1729,0,4.694,8.542,8.542,69.8884
3,343,27284.0869,0,6.6652,14.4234,14.4234,69.8671
3,344,27355.4825,0,6.0917,11.6101,11.6101,53.4629
3,345,27467.1057,0,13.7724,22.8893,22.8893,45.0067
3,346,27505.1443,0,5.904,9.4385,9.4385,62.2107
3,347,27516.316,0,2.3495,13.2863,13.2863,78.5937
3,348,27760.9932,0,13.9582,23.1807,23.1807,54.8724
3,349,27857.0998,0,1.2756,8.9391,8.9391,68.5387
3,350,27915.7188,0,3.973,12.3831,12.3831,61.5175
3,351,27953.4807,0,5.5259,14.5148,14.5148,108.2366
3,352,28070.373,0,5.889,9.7902,9.7902,39.6488
3,353,28081.9229,0,17.5773,26.5559,26.5559,83.6007
3,354,28155.1516,0,5.4047,13.3991,13.3991,38.5406
3,355,28208.9898,0,5.6193,12.086,12.086,37.9455
3,356,28236.2654,0,4.0076,53.5326,53.5326,135.6043
3,357,28282.6249,0,1.5291,42.9037,42.9037,122.8357
3,358,28354.1481,0,14.0931,23.9123,23.9123,59.6064
3,359,28456.2923,0,3.9901,9.7239,9.7239,53.1677
3,360,28558.2276,0,7.4205,9.1987,9.1987,48.3989
3,361,28605.9414,0,4.3975,19.2844,19.2844,55.2481
3,362,28674.8761,0,7.1485,9.9209,9.9209,59.4579
3,363,28864.5926,0,3.9796,5.4121,5.4121,45.3832
3,364,29279.7055,0,1.6388,8.5544,8.5544,58.9947
3,365,29479.7119,0,4.061,5.5502,5.5502,37.3285
3,366,29510.5348,0,10.7841,15.3058,15.3058,44.1873
3,367,29508.5906,0,15.2678,19.574,19.574,56.1425
3,368,29960.3504,0,2.0911,9.0995,9.0995,62.7526
3,369,30170.5661,0,7.6175,13.3728,13.3728,51.5091
3,370,30477.1973,0,8.1651,41.9882,41.9882,72.5857
3,371,30663.1676,0,5.2813,11.1628,11.1628,39.6578
3,372,30788.2993,0,7.4791,13.036,13.036,41.848
3,373,30893.54,0,2.9727,5.5141,5.5141,43.0078
3,374,30921.4564,0,4.2934,9.4913,9.4913,44.9109
3,375,30962.4036,0,6.2397,10.7462,10.7462,46.0685
3,376,31011.4454,0,11.383,14.2827,14.2827,56.1709
3,377,31071.2419,0,20.8485,23.6013,23.6013,71.3039
3,378,31071.1323,0,10.2755,58.0326,58.0326,83.5573
3,379,31189.1087,0,7.7513,12.1584,12.1584,58.3118
3,380,31444.5593,0,0.8368,4.7531,4.7531,66.7766
3,381,31582.922,0,5.4263,8.1657,8.1657,36.5624
3,382,31638.2994,0,3.2166,10.7193,10.7193,62.7451
3,383,31646.8752,0,12.2523,19.907,19.907,80.0315
3,384,31710.4733,0,10.1945,38.3699,38.3699,60.9016
3,385,31790.0483,0,10.027,20.5756,20.5756,63.4945
3,386,31872.8811,0,5.9972,11.0666,11.0666,50.8318
3,387,32056.0919,0,7.9143,10.2351,10.2351,66.1081
3,388,32238.6742,0,16.5765,76.5765,76.5765,95.7697
3,389,32339.9214,0,8.4492,65.0461,65.0461,100.4195
3,390,32450.3748,0,9.001,17.6523,17.6523,54.8717
3,391,32547.735,0,1.6559,5.9582,5.9582,46.5153
3,392,32572.7269,0,2.2659,7.9777,7.9777,85.2684
3,393,32802.1976,0,9.0545,14.0501,14.0501,65.7538
3,394,32864.9961,0,6.8891,14.5475,14.5475,49.6964
3,395,33008.8498,0,9.5833,13.2589,13.2589,37.4302
3,396,33018.0859,0,0.9368,5.8409,5.8409,51.4803
3,397,33011.2306,0,12.8186,16.3753,16.3753,61.8408
3,398,33231.8009,0,9.5385,12.4841,12.4841,45.3794
3,399,33369.8946,0,10.2444,16.3944,16.3944,60.9883
3,400,33676.4006,0,8.7733,10.5438,10.5438,39.564
3,401,33722.5356,0,3.4757,6.3209,6.3209,67.74
3,402,33784.3123,0,12.0719,14.8818,14.8818,78.1061
3,403,33801.5067,0,5.7956,12.4916,12.4916,71.1984
3,404,33970.0654,0,11.0299,15.281,15.281,46.9152
3,405,34017.0929,0,3.0812,15.9151,15.9151,44.4675
3,406,34110.4068,0,5.54,15.3635,15.3635,64.6762
3,407,34156.7135,0,1.5503,5.8005,5.8005,54.4572
3,408,34320.5197,0,17.2482,25.638,25.638,57.5045
3,409,34384.3442,0,3.6742,6.9348,6.9348,62.9795
3,410,34372.7195,0,14.3219,24.6479,24.6479,78.4059
3,411,34465.342,0,1.5936,5.7026,5.7026,49.6464
3,412,34494.9353,0,10.8649,18.8462,18.8462,92.2018
3,413,35037.0647,0,2.8089,4.0286,4.0286,50.4352
3,414,35252.1549,0,5.2649,8.4112,8.4112,38.0323
3,415,35295.231,0,7.8667,13.919,13.919,55.8485
3,416,35400.0096,0,12.1609,14.3933,14.3933,44.6682
3,417,35416.6019,0,4.2237,12.0398,12.0398,61.2304
3,418,35706.7317,0,8.7541,14.1852,14.1852,49.3769
3,419,35851.692,0,2.5369,5.8449,5.8449,36.8257
3,420,35957.7613,0,8.2408,15.7247,15.7247,39.1076
3,421,36119.8259,0,8.0243,17.3301,17.3301,51.945
3,422,36686.5841,0,4.75,8.8297,8.8297,44.9206
3,423,36685.6008,0,14.3355,21.387,21.387,54.6722
3,424,36796.7717,0,7.8739,32.7283,32.7283,75.8707
3,425,36892.3702,0,4.3705,23.014,23.014,61.8846
3,426,36920.1978,0,8.2988,13.612,13.612,51.0107
3,427,37043.492,0,0.6701,6.0759,6.0759,80.3304
3,428,37223.2938,0,5.4533,18.163,18.163,57.9194
3,429,37261.0429,0,3.3082,7.8431,7.8431,46.4504
3,430,37303.0245,0,4.5125,10.3797,10.3797,60.708
3,431,37315.3783,0,4.2809,12.6672,12.6672,79.72
3,432,37490.5408,0,2.02,3.6453,3.6453,60.6253
3,433,37609.3124,0,7.1478,11.0746,11.0746,43.6244
3,434,37628.5689,0,16.1802,20.491,20.491,54.2804
3,435,37713.6859,0,1.4357,11.6686,11.6686,64.0743
3,436,37716.0555,0,7.4767,11.0735,11.0735,73.1431
3,437,37915.6246,0,13.3508,21.7681,21.7681,62.7462
3,438,37944.5812,0,6.5301,10.0279,10.0279,57.0894
3,439,38080.5117,0,2.4008,6.7441,6.7441,46.6457
3,440,38118.0833,0,3.3594,17.8102,17.8102,49.5115
3,441,38129.7463,0,6.6995,8.893,8.893,66.5352
3,442,38165.2918,0,12.7272,15.0014,15.0014,54.3414
3,443,38190.5089,0,9.9399,15.0061,15.0061,37.2108
3,444,38196.7078,0,8.1914,12.6856,12.6856,53.7596
3,445,38211.229,0,20.3225,25.1842,25.1842,50.5829
3,446,38229.3583,0,11.9515,16.743,16.743,78.4761
3,447,38445.4864,0,1.1004,5.029,5.029,24.9085
3,448,38570.1468,0,10.7438,17.3329,17.3329,70.9894
3,449,38731.4774,0,9.7702,14.4793,14.4793,40.8728
3,450,38836.6111,0,10.9261,17.2353,17.2353,55.1851
3,451,38893.1812,0,7.9732,10.7335,10.7335,33.8849
3,452,39336.3676,0,7.6641,10.4825,10.4825,66.1787
3,453,39469.0955,0,15.8097,17.8947,17.8947,65.3562
3,454,39527.66,0,8.4492,12.1439,12.1439,37.1077
3,455,39533.1783,0,5.2046,7.1968,7.1968,76.7403
3,456,39651.3122,0,6.5301,11.211,11.211,50.123
3,457,39725.8458,0,11.1827,15.7198,15.7198,33.4426
3,458,39761.9359,0,0.2976,3.2381,3.2381,76.5509
3,459,39951.7326,0,9.2311,13.1557,13.1557,34.1206
3,460,39991.4946,0,5.7719,9.0566,9.0566,60.7258
3,461,39965.1112,0,12.0612,37.5672,37.5672,99.3428
3,462,40059.398,0,15.6567,18.6052,18.6052,45.2487
3,463,40082.0797,0,4.8596,10.4892,10.4892,62.0426
3,464,40117.6763,0,13.4413,19.3597,19.3597,79.1435
3,465,40089.7131,0,3.8571,63.8571,63.8571,62.3476
3,466,40160.3463,0,16.3627,24.2184,24.2184,77.4847
3,467,40202.7285,0,9.5083,18.3952,18.3952,143.3116
3,468,40352.6544,0,8.719,11.9407,11.9407,54.9084
3,469,40366.431,0,19.18,22.3712,22.3712,59.7056
3,470,40391.8509,0,6.3159,10.5195,10.5195,98.0589
3,471,40556.4493,0,0.7743,13.0297,13.0297,54.4959
3,472,40707.3873,0,11.1975,14.9639,14.9639,40.0345
3,473,40853.3437,0,3.093,13.8037,13.8037,63.2651
3,474,40897.1032,0,8.1394,11.3606,11.3606,64.836
3,475,40925.7431,0,7.5639,11.0052,11.0052,56.4848
3,476,40930.5665,0,3.5968,10.8025,10.8025,68.0915
3,477,40994.0557,0,11.9316,18.5915,18.5915,59.6091
3,478,40997.5509,0,15.4979,24.2668,24.2668,60.0405
3,479,41002.7413,0,21.2616,26.654,26.654,68.0366
3,480,41048.4981,0,2.9377,5.9057,5.9057,91.2496
3,481,41081.2323,0,3.0903,8.3301,8.3301,72.7413
3,482,41089.0808,0,20.7151,24.6164,24.6164,70.6375
3,483,41227.9881,0,10.0416,19.8773,19.8773,62.3085
3,484,41460.8189,0,10.5278,11.4231,11.4231,36.0906
3,485,41490.1382,0,2.1971,18.5308,18.5308,55.3686
3,486,41556.8856,0,8.3489,13.3529,13.3529,56.8585
3,487,41567.4145,0,8.7163,23.1003,23.1003,57.7755
3,488,41633.2241,0,3.4376,7.1042,7.1042,37.6992
3,489,41792.3155,0,8.8909,13.9616,13.9616,57.0294
3,490,41785.8139,0,9.7735,25.2261,25.2261,70.503
3,491,42071.0602,0,1.776,6.6751,6.6751,50.7931
3,492,42113.2516,0,5.4226,8.2347,8.2347,46.777
3,493,42373.4577,0,15.751,25.2874,25.2874,59.4055
3,494,42523.1571,0,5.0942,7.5182,7.5182,28.8283
3,495,42552.5308,0,14.6198,18.4883,18.4883,55.3103
3,496,42558.0766,0,17.2054,22.303,22.303,60.4731
3,497,42684.7865,0,6.2839,9.2374,9.2374,37.5653
3,498,42695.7588,0,12.0502,17.6766,17.6766,68.703
3,499,42823.243,0,6.7106,11.5821,11.5821,78.0424
3,500,42845.3638,0,14.4971,17.8067,17.8067,65.5292
3,501,42877.1918,0,20.9396,26.0795,26.0795,88.0049
3,502,42964.6053,0,9.8073,31.3936,31.3936,42.3611
3,503,42997.6341,0,16.0214,20.147,20.147,51.9328
3,504,42997.1175,0,9.113,33.6146,33.6146,70.9156
4,1,0.0,0,8.2868,16.6766,16.6766,41.6
4,2,16.763,0,7.2592,13.7759,13.7759,45.4134
4,3,90.9937,0,7.4758,21.2995,21.2995,53.6978
4,4,117.905,0,7.9331,10.2354,10.2354,84.9237
4,5,180.8003,0,5.0073,8.4506,8.4506,67.1744
4,6,213.3589,0,4.9923,11.7361,11.7361,82.3743
4,7,326.2868,0,7.5181,9.522,9.522,48.1419
4,8,758.1444,0,2.4948,4.7465,4.7465,34.6726
4,9,772.5346,0,6.9666,10.9828,10.9828,46.3643
4,10,853.1311,0,13.1786,16.5999,16.5999,30.1389
4,11,855.3389,0,15.5787,20.9928,20.9928,60.8337
4,12,866.2447,0,15.2669,24.1999,24.1999,54.5098
4,13,941.5243,0,11.0299,14.6031,14.6031,55.6126
4,14,1100.8766,0,11.7845,16.0363,16.0363,62.8332
4,15,1178.7169,0,2.5696,7.3574,7.3574,47.5605
4,16,1310.7488,0,7.068,8.6656,8.6656,39.5795
4,17,1461.9798,0,4.5212,7.1125,7.1125,25.0093
4,18,1538.0782,0,8.1788,11.8119,11.8119,63.4193
4,19,1985.2425,0,1.5627,3.9019,3.9019,46.3535
4,20,2034.6487,0,2.5579,8.4467,8.4467,36.0519
4,21,2060.8474,0,4.0076,9.8438,9.8438,50.2104
4,22,2175.5901,0,3.1682,10.7293,10.7293,91.6153
4,23,2311.3972,0,4.1059,10.3677,10.3677,69.9258
4,24,2606.8472,0,2.0133,9.931,9.931,40.9441
4,25,2644.6534,0,3.9375,7.0403,7.0403,29.5311
4,26,2683.0754,0,8.4834,11.8298,11.8298,66.8296
4,27,2678.3002,0,18.8368,22.0653,22.0653,108.3597
4,28,2750.7924,0,18.5817,22.7971,22.7971,63.6557
4,29,2802.5206,0,2.6555,8.2165,8.2165,44.9495
4,30,2791.3877,0,7.9943,22.3302,22.3302,69.7683
4,31,2841.9243,0,3.1811,7.6857,7.6857,30.0096
4,32,2907.0613,0,6.3025,11.9599,11.9599,48.5677
4,33,2946.5228,0,15.9611,19.5219,19.5219,46.067
4,34,2981.1054,0,10.4576,15.9672,15.9672,59.9253
4,35,2986.4667,0,20.3713,29.1315,29.1315,82.9384
4,36,3540.2026,0,11.8678,14.6766,14.6766,67.7447
4,37,3559.9868,0,21.7736,47.1289,47.1289,80.9889
4,38,3741.494,0,7.8017,13.6569,13.6569,47.2022
4,39,3750.2238,0,20.6265,28.6849,28.6849,54.0423
4,40,3775.8477,0,2.4791,8.7278,8.7278,95.9103
4,41,3992.3251,0,13.6832,17.2646,17.2646,51.6255
4,42,4003.0012,0,7.3803,11.4852,11.4852,45.7508
4,43,4075.0432,0,1.9484,3.9565,3.9565,60.4417
4,44,4136.948,0,2.7595,8.394,8.394,38.805
4,45,4162.6437,0,9.3444,10.4441,10.4441,41.6776
4,46,4272.9258,0,4.788,13.3597,13.3597,81.2084
4,47,4290.0753,0,19.8565,28.4125,28.4125,76.5442
4,48,4380.1207,0,2.5277,6.0769,6.0769,58.3277
4,49,4714.9429,0,2.9659,8.8191,8.8191,64.6907
4,50,4804.6398,0,6.4932,16.3353,16.3353,56.8498
4,51,4860.6574,0,13.221,16.6555,16.6555,66.4147
4,52,4945.0046,0,3.6053,6.858,6.858,33.1046
4,53,5045.8477,0,4.9532,6.3635,6.3635,32.1975
4,54,5075.7255,0,10.8807,16.5566,16.5566,51.958
4,55,5092.7746,0,7.6496,14.2087,14.2087,55.8648
4,56,5154.6851,0,8.0972,15.8886,15.8886,70.8903
4,57,5180.5057,0,13.8514,22.9064,22.9064,70.3408
4,58,5269.3159,0,5.754,15.4779,15.4779,39.8956
4,59,5243.5345,0,12.0158,62.8414,62.8414,81.8855
4,60,5319.383,0,6.1894,10.0047,10.0047,45.7662
4,61,5345.5844,0,4.9824,11.7135,11.7135,40.7341
4,62,5503.9857,0,1.9199,4.6282,4.6282,43.8
4,63,5522.9747,0,16.711,25.867,25.867,74.0083
4,64,5680.469,0,3.1761,13.4536,13.4536,32.5851
4,65,5902.1338,0,6.5859,14.002,14.002,63.1322
4,66,6403.4095,0,6.6339,16.4106,16.4106,53.9875
4,67,6487.8038,0,8.1678,11.516,11.516,59.9266
4,68,6687.0595,0,8.1277,11.4057,11.4057,53.5621
4,69,6692.0457,0,14.3458,21.2935,21.2935,55.9119
4,70,6720.0319,0,13.5994,16.8384,16.8384,61.7682
4,71,6756.9581,0,9.8189,11.9318,11.9318,43.563
4,72,6777.572,0,5.4415,11.7318,11.7318,38.7248
4,73,6815.6008,0,11.5781,21.2519,21.2519,75.3608
4,74,6939.7375,0,8.4013,28.6988,28.6988,81.1926
4,75,6989.1057,0,13.4565,15.7312,15.7312,63.0641
4,76,7189.0779,0,9.3688,17.4725,17.4725,78.9409
4,77,7148.3984,0,5.3535,65.3535,65.3535,137.5005
4,78,7321.6741,0,12.8573,15.4273,15.4273,118.698
4,79,7501.3747,0,0.6443,4.3027,4.3027,61.8834
4,80,7772.9623,0,8.0226,18.6108,18.6108,126.1359
4,81,7808.5828,0,5.2806,9.8501,9.8501,103.1584
4,82,7844.9321,0,1.5645,3.0486,3.0486,72.2801
4,83,7900.0739,0,20.5572,26.6675,26.6675,47.936
4,84,7921.0093,0,4.3362,6.0722,6.0722,87.4725
4,85,7921.5178,0,5.0029,10.2528,10.2528,117.4252
4,86,7947.8334,0,7.0539,12.6556,12.6556,77.4447
4,87,8050.1439,0,3.3651,20.866,20.866,51.9734
4,88,8104.2597,0,8.8751,15.5333,15.5333,47.4482
4,89,8150.7576,0,18.5214,25.1627,25.1627,59.1791
4,90,8425.7668,0,6.0372,23.3025,23.3025,54.7798
4,91,8448.0995,0,4.2644,11.819,11.819,69.6207
4,92,9123.4295,0,1.3897,3.0566,3.0566,35.8883
4,93,9181.7035,0,15.4162,26.7406,26.7406,65.5189
4,94,9220.5637,0,6.163,18.5784,18.5784,68.5197
4,95,9269.5437,0,13.1211,18.18,18.18,71.5796
4,96,9408.3833,0,2.9514,6.1882,6.1882,48.1054
4,97,9458.8944,0,7.3067,11.0745,11.0745,52.916
4,98,9570.6599,0,3.7228,16.3721,16.3721,55.7628
4,99,9569.0743,0,16.9584,20.937,20.937,77.9865
4,100,9865.4875,0,11.7523,17.6302,17.6302,64.0381
4,101,9897.5499,0,4.6938,7.7342,7.7342,39.8662
4,102,10583.7181,0,2.6345,6.5009,6.5009,68.4641
4,103,10724.5303,0,18.9233,24.3911,24.3911,71.4362
4,104,10758.2744,0,21.4406,26.439,26.439,69.9874
4,105,10783.1807,0,1.8391,17.9738,17.9738,80.9004
4,106,10809.9373,0,4.4055,14.6424,14.6424,84.5223
4,107,10850.7355,0,14.2142,17.7087,17.7087,50.5698
4,108,10877.1539,0,4.7228,11.5446,11.5446,44.3207
4,109,11042.7318,0,8.86,11.6037,11.6037,37.1738
4,110,11255.2519,0,5.2328,17.5607,17.5607,58.968
4,111,11290.4372,0,14.41,20.7782,20.7782,86.3409
4,112,11333.3177,0,4.7478,20.701,20.701,79.9422
4,113,11355.2739,0,4.029,13.6919,13.6919,90.6847
4,114,11367.3701,0,18.1643,20.5907,20.5907,91.1107
4,115,11388.2817,0,8.2008,9.6236,9.6236,88.5761
4,116,11516.0033,0,5.4495,10.439,10.439,67.7816
4,117,11606.0091,0,7.2773,14.5731,14.5731,61.7595
4,118,11612.5001,0,10.5284,15.3004,15.3004,60.7993
4,119,11700.9359,0,2.9172,12.1775,12.1775,77.2329
4,120,11770.619,0,5.5567,12.4567,12.4567,56.3018
4,121,11771.2447,0,4.9243,12.8201,12.8201,58.8761
4,122,11813.842,0,6.5352,10.6392,10.6392,44.0397
4,123,11989.11,0,4.1652,11.0212,11.0212,53.4732
4,124,12022.6091,0,13.57,39.2225,39.2225,78.9636
4,125,12093.4746,0,6.9138,10.3153,10.3153,57.7236
4,126,12227.4602,0,5.0373,13.7097,13.7097,47.4147
4,127,12336.0051,0,7.3287,11.1494,11.1494,48.3877
4,128,12340.6974,0,7.1863,13.8798,13.8798,71.1767
4,129,12384.4641,0,8.7537,13.0985,13.0985,89.6973
4,130,12477.1592,0,1.3847,6.1949,6.1949,64.0007
4,131,12806.8756,0,1.3256,4.2797,4.2797,32.6573
4,132,12888.1771,0,1.9514,6.9909,6.9909,47.9883
4,133,13064.4751,0,4.3672,6.1493,6.1493,32.5667
4,134,13265.8723,0,7.4369,9.7996,9.7996,56.3786
4,135,13535.0038,0,16.6089,21.4835,21.4835,53.1297
4,136,13612.6374,0,5.8095,9.0227,9.0227,45.3074
4,137,13625.3202,0,12.4983,14.565,14.565,82.5334
4,138,13643.0678,0,17.5655,25.0488,25.0488,55.6961
4,139,13677.873,0,15.9989,17.8459,17.8459,64.6694
4,140,13741.297,0,2.3735,8.8864,8.8864,68.7936
4,141,13736.9522,0,11.0707,23.4141,23.4141,81.0897
4,142,13916.1779,0,10.3188,14.7175,14.7175,38.1378
4,143,14042.5555,0,1.9956,6.7668,6.7668,30.8447
4,144,14170.1917,0,8.7163,10.1241,10.1241,85.0302
4,145,14347.0967,0,6.4597,10.7205,10.7205,74.0903
4,146,14460.5094,0,5.4061,15.4492,15.4492,85.585
4,147,14529.0951,0,8.7979,13.5553,13.5553,38.8911
4,148,14608.9082,0,8.7028,12.1259,12.1259,49.2406
4,149,14789.5879,0,4.5451,35.4514,35.4514,59.1071
4,150,14987.2994,0,2.9153,4.9755,4.9755,26.9343
4,151,15157.7106,0,2.364,6.7201,6.7201,30.188
4,152,15265.8105,0,8.9314,27.1586,27.1586,52.6902
4,153,15356.6315,0,6.7617,13.2723,13.2723,60.3381
4,154,15375.2466,0,3.0368,4.0414,4.0414,51.642
4,155,15446.8498,0,4.6823,14.5555,14.5555,70.474
4,156,15514.9297,0,6.0336,13.7668,13.7668,55.5264
4,157,15530.8355,0,12.7987,20.4414,20.4414,33.2212
4,158,15536.5496,0,11.6578,18.5921,18.5921,79.3281
4,159,15552.257,0,5.68,12.1354,12.1354,77.5184
4,160,15589.9231,0,8.1857,15.7757,15.7757,98.6686
4,161,15921.2741,0,1.7777,9.4453,9.4453,39.1091
4,162,16295.3337,0,6.4602,12.5433,12.5433,38.7683
4,163,16310.2785,0,7.6235,10.0048,10.0048,38.44
4,164,16313.4542,0,18.9017,25.9135,25.9135,62.0012
4,165,16445.4348,0,5.1542,10.7121,10.7121,72.6477
4,166,16491.5286,0,5.3067,15.4187,15.4187,90.0177
4,167,16707.781,0,3.3857,6.625,6.625,58.8539
4,168,16769.5169,0,9.99,13.4926,13.4926,45.126
4,169,16884.9127,0,4.887,11.088,11.088,32.691
4,170,16913.0238,0,0.9828,7.8087,7.8087,36.1592
4,171,17088.6454,0,0.568,9.0243,9.0243,45.4256
4,172,17192.8001,0,1.4934,5.1691,5.1691,45.4053
4,173,17210.9305,0,9.1019,10.5489,10.5489,68.1472
4,174,17276.0602,0,2.3382,5.0004,5.0004,72.9965
4,175,17380.4161,0,10.0108,13.4722,13.4722,32.8012
4,176,17388.9894,0,8.6405,30.2458,30.2458,89.0135
4,177,17492.4131,0,8.3025,22.5561,22.5561,44.7005
4,178,17568.4092,0,9.9155,20.3977,20.3977,97.8025
4,179,17613.144,0,0.9335,6.9657,6.9657,71.236
4,180,17758.4436,0,16.9025,21.8814,21.8814,49.5991
4,181,17791.6516,0,13.3377,17.6568,17.6568,63.4648
4,182,17815.0772,0,15.5446,17.9903,17.9903,54.8616
4,183,17830.0032,0,9.8364,14.7878,14.7878,93.7531
4,184,17854.3903,0,15.5842,18.238,18.238,63.1446
4,185,17937.9244,0,1.7247,4.3678,4.3678,41.5577
4,186,17959.9469,0,5.5933,15.8598,15.8598,59.123
4,187,17996.2608,0,17.3567,21.277,21.277,43.762
4,188,18234.3735,0,10.4047,22.6233,22.6233,64.4574
4,189,18276.148,0,7.4361,11.9204,11.9204,57.5944
4,190,18301.7485,0,9.1142,11.4606,11.4606,75.5626
4,191,18320.829,0,7.9734,13.5427,13.5427,61.3423
4,192,18312.8287,0,15.3237,26.0192,26.0192,86.9908
4,193,18411.6661,0,0.5048,4.424,4.424,40.5307
4,194,18480.9427,0,4.4266,10.5407,10.5407,55.443
4,195,18497.873,0,5.5727,12.6269,12.6269,49.5898
4,196,18516.5671,0,14.342,18.8643,18.8643,73.531
4,197,18891.4708,0,9.634,12.1054,12.1054,35.3317
4,198,18915.8235,0,4.6543,10.4747,10.4747,65.0931
4,199,19181.0056,0,2.5995,6.2514,6.2514,63.8407
4,200,19260.4178,0,4.3757,8.0335,8.0335,48.1344
4,201,19288.9901,0,19.3719,37.0993,37.0993,86.6969
4,202,19600.8971,0,10.3118,12.7827,12.7827,52.3087
4,203,19664.8417,0,9.1997,10.9129,10.9129,55.6206
4,204,19634.2325,0,2.1984,45.3659,45.3659,95.0483
4,205,19676.4992,0,9.0198,25.5921,25.5921,59.3889
4,206,19730.8751,0,1.6779,7.828,7.828,45.2951
4,207,19828.1197,0,1.9484,7.1858,7.1858,47.7302
4,208,19916.3512,0,2.5333,4.4776,4.4776,56.668
4,209,19929.3876,0,0.9728,5.9962,5.9962,78.9797
4,210,19940.5015,0,12.9656,21.7402,21.7402,63.6301
4,211,19978.1867,0,11.443,21.0431,21.0431,80.4729
4,212,19993.2091,0,5.7389,20.9396,20.9396,79.2877
4,213,20004.2568,0,10.4138,12.5845,12.5845,77.4333
4,214,20151.2482,0,10.2224,13.9015,13.9015,61.3332
4,215,20161.0752,0,6.7616,12.18,12.18,78.2989
4,216,20609.8774,0,6.0562,8.307,8.307,29.0012
4,217,20762.4306,0,1.8479,20.3067,20.3067,63.3045
4,218,20816.0176,0,5.8518,7.896,7.896,54.6337
4,219,20876.5583,0,12.8111,20.3394,20.3394,54.1935
4,220,20937.3829,0,2.7758,16.9245,16.9245,68.8438
4,221,21025.7079,0,1.8391,8.3765,8.3765,63.215
4,222,21059.4782,0,17.8797,19.9169,19.9169,49.2744
4,223,21079.2646,0,15.5125,18.0145,18.0145,76.5518
4,224,21195.9061,0,4.9319,6.6761,6.6761,37.4973
4,225,21269.5487,0,5.2227,10.3459,10.3459,60.5813
4,226,21399.3882,0,3.4166,7.6912,7.6912,43.1899
4,227,21437.0861,0,11.2835,30.6795,30.6795,61.4751
4,228,21514.4442,0,8.0748,12.4932,12.4932,63.7755
4,229,21573.1111,0,6.8212,8.5393,8.5393,50.2421
4,230,21603.6001,0,3.3765,8.5027,8.5027,57.9726
4,231,21643.9033,0,15.48,20.4852,20.4852,56.9562
4,232,21690.5695,0,4.9572,13.3797,13.3797,38.793
4,233,21889.9097,0,2.4072,4.0798,4.0798,47.7901
4,234,22221.7213,0,13.317,24.7168,24.7168,73.5721
4,235,22317.3639,0,2.7039,19.0238,19.0238,62.9132
4,236,22352.2962,0,8.8965,16.0943,16.0943,81.1825
4,237,22451.7123,0,10.3176,12.9042,12.9042,52.8579
4,238,22502.0856,0,3.8091,16.0824,16.0824,40.0521
4,239,22534.7682,0,6.1943,14.7288,14.7288,37.0502
4,240,22559.3592,0,12.4886,20.2559,20.2559,96.2746
4,241,22579.0542,0,1.4619,4.2882,4.2882,99.2379
4,242,22736.8029,0,4.0868,5.7326,5.7326,98.8614
4,243,22830.3342,0,4.4984,8.4461,8.4461,52.4528
4,244,22973.866,0,8.2772,15.7621,15.7621,70.9269
4,245,23074.6896,0,6.1743,7.1584,7.1584,49.2363
4,246,23119.9147,0,0.915,9.296,9.296,28.0488
4,247,23279.5412,0,0.9368,3.4311,3.4311,63.7148
4,248,23422.0762,0,0.6443,9.252,9.252,55.6771
4,249,23465.322,0,6.1662,9.6013,9.6013,52.9772
4,250,23558.2711,0,1.224,10.8579,10.8579,62.8097
4,251,23633.3705,0,7.9078,22.6254,22.6254,68.7464
4,252,23753.7682,0,10.2893,14.1832,14.1832,46.2769
4,253,23785.1755,0,16.078,19.5044,19.5044,51.4066
4,254,23820.6045,0,9.5345,12.0767,12.0767,33.5003
4,255,23898.196,0,9.8582,22.2352,22.2352,62.128
4,256,24275.8425,0,7.1785,10.3465,10.3465,36.3457
4,257,24504.559,0,11.0031,47.2206,47.2206,106.4765
4,258,24610.8246,0,2.7374,5.0621,5.0621,52.1815
4,259,24628.4392,0,3.9127,5.8233,5.8233,73.7036
4,260,24670.0024,0,6.8418,16.8944,16.8944,47.514
4,261,24823.0427,0,5.4548,9.2017,9.2017,63.3601
4,262,24835.3726,0,6.4034,9.3176,9.3176,64.3554
4,263,25126.2795,0,5.2085,7.5675,7.5675,44.4018
4,264,25132.5521,0,16.3728,26.9598,26.9598,77.4259
4,265,25152.7597,0,12.5809,19.5421,19.5421,64.0559
4,266,25223.5517,0,2.9153,8.7318,8.7318,65.3856
4,267,25303.4002,0,12.1958,15.9999,15.9999,51.5255
4,268,25372.9661,0,3.9377,8.2567,8.2567,78.566
4,269,25387.6203,0,7.2556,19.2437,19.2437,77.8804
4,270,25500.5706,0,9.8364,13.1411,13.1411,73.8571
4,271,25592.5594,0,5.9729,10.1474,10.1474,51.7749
4,272,25693.6412,0,4.823,12.1618,12.1618,46.139
4,273,25705.9253,0,14.4153,18.0592,18.0592,43.9174
4,274,25699.3628,0,8.7163,28.5725,28.5725,95.6195
4,275,26429.7049,0,8.896,12.0979,12.0979,63.8849
4,276,26481.9412,0,4.2015,13.877,13.877,76.3516
4,277,26508.3881,0,3.1361,11.4028,11.4028,64.6536
4,278,26508.2661,0,9.7003,17.305,17.305,72.4482
4,279,26565.7521,0,2.3247,3.5229,3.5229,39.1773
4,280,26592.0025,0,11.0772,13.7365,13.7365,25.3546
4,281,26601.7694,0,3.7608,6.5789,6.5789,40.8097
4,282,26615.5535,0,1.8391,5.7163,5.7163,64.7966
4,283,26614.2275,0,3.3039,7.6662,7.6662,56.1616
4,284,26672.9951,0,6.2347,9.3743,9.3743,77.1324
4,285,26679.9889,0,12.5892,16.0908,16.0908,110.5996
4,286,26675.3155,0,8.5371,28.0995,28.0995,122.3687
4,287,26719.9045,0,11.7063,16.1162,16.1162,83.9121
4,288,26729.4953,0,17.7828,21.9938,21.9938,87.0336
4,289,26815.1805,0,5.9513,17.2419,17.2419,85.3108
4,290,26857.4361,0,13.9779,21.3848,21.3848,49.5572
4,291,27028.7642,0,4.3395,8.1521,8.1521,44.5321
4,292,27172.8884,0,1.5995,5.7086,5.7086,27.2085
4,293,27232.2866,0,6.477,10.8104,10.8104,66.8332
4,294,27297.5313,0,8.2809,10.9623,10.9623,28.1547
4,295,27299.1961,0,5.3318,9.6982,9.6982,41.1369
4,296,27311.9811,0,4.0672,6.4922,6.4922,61.8431
4,297,27437.1679,0,3.4077,13.2084,13.2084,38.2053
4,298,27574.4341,0,6.0665,9.2557,9.2557,60.4697
4,299,27625.9512,0,3.5399,10.761,10.761,65.1432
4,300,28032.249,0,4.8395,8.1025,8.1025,45.6081
4,301,28071.2628,0,9.9049,13.1297,13.1297,38.473
4,302,28228.0041,0,1.1265,9.1974,9.1974,61.8866
4,303,28419.2996,0,14.1407,23.5121,23.5121,53.2657
4,304,28492.6984,0,2.9995,9.9916,9.9916,41.709
4,305,28477.0343,0,15.4857,75.4857,75.4857,110.986
4,306,28608.5708,0,5.2739,9.5396,9.5396,44.188
4,307,28668.0606,0,10.1234,18.291,18.291,44.4509
4,308,28764.786,0,3.5778,6.6128,6.6128,34.8439
4,309,28846.9773,0,14.433,18.571,18.571,46.2297
4,310,29021.844,0,0.5711,6.174,6.174,70.409
4,311,29160.7868,0,2.9307,7.6484,7.6484,47.6954
4,312,29234.5462,0,5.8388,7.0745,7.0745,40.0637
4,313,29319.4761,0,6.0588,10.7596,10.7596,54.2408
4,314,29347.209,0,7.84,16.0319,16.0319,34.4028
4,315,29357.1688,0,10.8059,16.5272,16.5272,70.4032
4,316,29450.7181,0,15.0981,18.5582,18.5582,66.7816
4,317,29472.2059,0,8.7591,11.9384,11.9384,47.6808
4,318,29494.0042,0,3.7766,7.4783,7.4783,97.419
4,319,29570.724,0,3.1359,9.0904,9.0904,38.7993
4,320,29599.1456,0,3.9133,9.5672,9.5672,35.3364
4,321,29614.9795,0,1.6682,7.112,7.112,60.9954
4,322,29603.6946,0,7.3962,19.1094,19.1094,90.1269
4,323,29727.1481,0,3.0884,18.1953,18.1953,54.7425
4,324,29923.2153,0,7.3897,13.4282,13.4282,54.365
4,325,30001.6548,0,5.4235,21.2406,21.2406,70.6896
4,326,30072.3228,0,2.3352,10.3007,10.3007,104.5411
4,327,30173.1939,0,5.9191,12.4826,12.4826,49.517
4,328,30293.7992,0,5.9536,9.2269,9.2269,61.8423
4,329,30326.8592,0,5.5882,9.4632,9.4632,87.3644
4,330,30385.3839,0,12.3074,23.3526,23.3526,42.2826
4,331,30411.4892,0,12.1515,18.2906,18.2906,39.5891
4,332,30503.1913,0,1.3593,3.0156,3.0156,52.932
4,333,30548.4749,0,4.5027,9.9335,9.9335,31.14
4,334,30828.1541,0,4.4624,8.2003,8.2003,38.9897
4,335,30894.5769,0,2.4882,8.5726,8.5726,88.8278
4,336,30938.6381,0,3.883,13.8297,13.8297,66.3374
4,337,30994.966,0,10.3037,20.9864,20.9864,66.9623
4,338,31015.465,0,6.197,11.3362,11.3362,68.3467
4,339,31031.1239,0,20.5754,23.5494,23.5494,64.4199
4,340,31169.4506,0,2.7772,11.005,11.005,46.5543
4,341,31181.8741,0,8.1497,12.5426,12.5426,55.5362
4,342,31277.1282,0,4.6852,6.2874,6.2874,54.0362
4,343,31350.1859,0,7.2942,8.8649,8.8649,58.3263
4,344,31395.4982,0,15.6819,21.5076,21.5076,50.6287
4,345,31529.0133,0,7.0417,12.3256,12.3256,65.6543
4,346,31544.2606,0,16.8587,21.8852,21.8852,72.5081
4,347,31555.8427,0,20.9875,36.2787,36.2787,80.0821
4,348,31714.3349,0,3.2565,5.681,5.681,49.4012
4,349,31717.5716,0,2.0393,9.1829,9.1829,65.6056
4,350,31757.0648,0,14.8109,20.2826,20.2826,55.4899
4,351,31787.0139,0,4.4033,7.0142,7.0142,51.0537
4,352,31782.4466,0,2.8118,16.5927,16.5927,73.4286
4,353,31857.1332,0,2.5937,11.0003,11.0003,35.0355
4,354,32209.8763,0,9.9637,19.8159,19.8159,67.3075
4,355,32217.1166,0,9.6364,17.446,17.446,64.0971
4,356,32254.8871,0,4.2602,6.9791,6.9791,42.6396
4,357,32302.8016,0,3.6874,9.7267,9.7267,74.6611
4,358,32291.9422,0,18.9017,26.6474,26.6474,95.0245
4,359,32329.6479,0,3.0035,6.2641,6.2641,60.7691
4,360,32573.8773,0,8.8751,12.3476,12.3476,84.3915
4,361,32616.532,0,9.555,12.318,12.318,49.7521
4,362,32626.0315,0,2.2295,6.9891,6.9891,51.4757
4,363,32645.382,0,17.8248,22.9436,22.9436,80.7978
4,364,32714.9153,0,0.9393,13.9302,13.9302,62.3909
4,365,32750.7343,0,5.8215,11.4493,11.4493,95.8057
4,366,32848.5939,0,10.5633,19.4645,19.4645,64.8166
4,367,32879.3561,0,13.5584,15.8342,15.8342,80.7692
4,368,32888.3559,0,10.05,23.7202,23.7202,100.7085
4,369,32922.8758,0,11.7621,15.1773,15.1773,79.2954
4,370,33002.9723,0,9.7032,16.9347,16.9347,57.3365
4,371,33628.8457,0,5.5505,11.779,11.779,99.9749
4,372,33680.8696,0,3.1348,10.797,10.797,55.0568
4,373,33690.9723,0,8.1831,11.9496,11.9496,55.3532
4,374,33694.2243,0,16.6447,27.5372,27.5372,73.2272
4,375,33790.5286,0,3.2722,6.0399,6.0399,48.016
4,376,33794.2133,0,11.0707,14.1154,14.1154,54.6161
4,377,33820.875,0,9.2089,13.3582,13.3582,52.9192
4,378,33832.003,0,23.9752,31.6739,31.6739,77.3021
4,379,33880.0483,0,9.2709,26.4803,26.4803,72.967
4,380,34020.2091,0,8.4707,14.6026,14.6026,61.5219
4,381,34090.2109,0,4.4829,6.584,6.584,56.0131
4,382,34243.9024,0,3.5776,4.5807,4.5807,65.891
4,383,34237.7504,0,9.4011,19.4648,19.4648,70.0704
4,384,34271.0357,0,12.231,19.6877,19.6877,56.4731
4,385,34363.1419,0,11.9405,13.6302,13.6302,44.8367
4,386,34474.8153,0,5.0053,9.0338,9.0338,59.6634
4,387,34657.2446,0,8.7672,19.0399,19.0399,63.5702
4,388,34769.2539,0,4.3918,8.5242,8.5242,29.693
4,389,34836.1764,0,9.1899,14.0006,14.0006,46.2142
4,390,34916.9622,0,7.4758,10.3732,10.3732,81.5277
4,391,34937.0444,0,2.518,8.28,8.28,77.415
4,392,35010.1464,0,4.1158,10.2373,10.2373,27.1705
4,393,35100.1487,0,6.5159,23.035,23.035,152.2294
4,394,35259.8374,0,2.4444,16.9694,16.9694,51.0185
4,395,35254.1022,0,21.8693,26.5799,26.5799,40.7399
4,396,35285.4226,0,3.4757,6.3474,6.3474,84.319
4,397,35309.1163,0,2.3247,4.6458,4.6458,50.3066
4,398,35528.32,0,4.341,8.2604,8.2604,46.8128
4,399,35520.4468,0,9.3356,19.5402,19.5402,72.4831
4,400,35685.2817,0,8.0033,15.0101,15.0101,64.7604
4,401,35732.2326,0,15.5735,50.3955,50.3955,86.164
4,402,35743.9327,0,18.7102,42.33,42.33,95.5873
4,403,35843.5202,0,5.8608,12.3759,12.3759,80.2419
4,404,35911.7201,0,1.3768,6.1487,6.1487,88.5768
4,405,35995.1034,0,6.9733,15.0288,15.0288,28.2196
4,406,36017.1235,0,9.1049,13.4977,13.4977,71.5639
4,407,36143.0841,0,7.5181,10.9285,10.9285,23.7774
4,408,36330.8734,0,2.9689,4.4523,4.4523,30.1211
4,409,36419.3229,0,3.6161,7.8982,7.8982,50.0328
4,410,36568.9454,0,5.6754,9.6891,9.6891,38.5335
4,411,36640.0639,0,11.2785,17.7233,17.7233,40.4987
4,412,36751.6213,0,6.4911,7.4337,7.4337,51.565
4,413,36777.3918,0,8.7491,10.3805,10.3805,55.3053
4,414,36822.6625,0,6.5301,25.5488,25.5488,75.8248
4,415,36861.865,0,4.631,9.8389,9.8389,62.5983
4,416,37061.9539,0,4.0987,9.9485,9.9485,48.7527
4,417,37117.3408,0,2.7625,5.7708,5.7708,49.9314
4,418,37159.1825,0,3.0338,8.8295,8.8295,58.9213
4,419,37176.5962,0,7.526,13.3108,13.3108,74.3093
4,420,37220.3338,0,3.9177,8.7913,8.7913,50.8821
4,421,37229.0888,0,9.7278,12.194,12.194,62.2718
4,422,37256.5545,0,3.2794,16.3006,16.3006,42.5233
4,423,37320.2106,0,6.3135,13.8233,13.8233,50.2468
4,424,37331.9174,0,5.0528,13.4917,13.4917,62.439
4,425,37356.7115,0,7.0599,11.1771,11.1771,49.1723
4,426,37599.2702,0,6.2676,11.7318,11.7318,41.7709
4,427,38127.0282,0,2.7845,4.8338,4.8338,47.1268
4,428,38134.9259,0,7.3476,9.9105,9.9105,76.1043
4,429,38194.8769,0,11.8237,23.1772,23.1772,67.5751
4,430,38206.9686,0,8.7445,25.339,25.339,67.1719
4,431,38243.2254,0,3.4757,11.9151,11.9151,55.1261
4,432,38276.0869,0,6.1087,14.609,14.609,40.0164
4,433,38278.3908,0,12.8202,14.3866,14.3866,59.9552
4,434,38307.3434,0,5.6147,9.2679,9.2679,90.1521
4,435,38333.3598,0,5.8483,12.5619,12.5619,79.4107
4,436,38336.7482,0,14.3768,29.1147,29.1147,120.361
4,437,38363.4541,0,7.7513,18.3885,18.3885,121.5179
4,438,38577.0796,0,6.6,14.9024,14.9024,68.3335
4,439,38658.0261,0,4.5994,10.6682,10.6682,85.9596
4,440,38727.0535,0,18.8404,26.5474,26.5474,99.0127
4,441,38897.4255,0,7.5507,8.6927,8.6927,59.3891
4,442,39037.527,0,1.1407,11.3226,11.3226,42.2779
4,443,39299.5408,0,4.9572,47.5852,47.5852,78.187
4,444,39444.5279,0,2.4461,7.3617,7.3617,86.8791
4,445,39497.3501,0,2.9331,5.073,5.073,39.1518
4,446,39592.4957,0,8.169,10.241,10.241,57.4762
4,447,39590.6638,0,2.818,13.4331,13.4331,82.2933
4,448,39621.1378,0,16.8673,19.2249,19.2249,59.71
4,449,39642.2396,0,1.312,11.453,11.453,87.3594
4,450,39594.8274,0,11.3409,68.9065,68.9065,142.7682
4,451,39668.3116,0,4.7964,13.4424,13.4424,76.7879
4,452,39696.856,0,4.5387,9.0161,9.0161,90.2138
4,453,39755.7038,0,11.8497,13.8165,13.8165,38.4464
4,454,39759.8388,0,6.5825,30.7893,30.7893,60.4452
4,455,39808.2001,0,3.3603,4.1126,4.1126,52.0893
4,456,39810.0304,0,7.4762,11.4369,11.4369,55.432
4,457,39855.0201,0,12.022,21.3561,21.3561,60.972
4,458,39874.2216,0,7.8596,10.0989,10.0989,63.3951
4,459,39939.9244,0,9.5246,18.5001,18.5001,69.5614
4,460,40030.7279,0,3.8604,14.7302,14.7302,60.8549
4,461,40060.6246,0,2.641,12.5207,12.5207,38.4002
4,462,40119.9126,0,7.3001,13.9243,13.9243,74.0193
4,463,40186.5181,0,16.0867,22.7236,22.7236,70.62
4,464,40333.8844,0,13.1486,16.0533,16.0533,83.7409
4,465,40412.8336,0,1.8584,8.076,8.076,40.2254
4,466,40637.0323,0,9.7027,12.1995,12.1995,36.9395
4,467,40715.4796,0,1.3353,6.1893,6.1893,32.3009
4,468,41017.3878,0,4.802,10.6345,10.6345,74.8213
4,469,41251.4106,0,10.1935,13.855,13.855,79.9859
4,470,41258.6186,0,8.3844,15.0873,15.0873,90.7309
4,471,41306.0577,0,3.2552,6.6306,6.6306,42.4886
4,472,41440.7471,0,11.3024,13.4223,13.4223,45.6585
4,473,41549.222,0,1.4043,5.6358,5.6358,39.7948
4,474,41543.7757,0,9.3141,13.364,13.364,47.4591
4,475,41587.7616,0,5.728,13.7461,13.7461,49.0631
4,476,41605.4194,0,9.3434,18.7308,18.7308,57.8405
4,477,41724.5543,0,5.4415,7.709,7.709,37.0658
4,478,41998.2648,0,2.4248,10.1232,10.1232,51.9058
4,479,42181.3904,0,7.3287,14.1808,14.1808,56.2585
4,480,42350.8766,0,3.1358,8.0371,8.0371,40.8731
4,481,42348.4049,0,4.7374,11.9445,11.9445,59.3191
4,482,42421.1964,0,11.8152,16.8014,16.8014,50.9651
4,483,42434.0244,0,2.6352,12.2526,12.2526,89.6322
4,484,42654.9853,0,8.2916,13.7474,13.7474,40.8008
4,485,42850.9428,0,9.3454,14.6739,14.6739,81.0288
4,486,42891.7028,0,5.0147,8.7563,8.7563,47.906
4,487,43003.1154,0,11.3707,17.2793,17.2793,54.2563
4,488,43134.2634,0,12.7722,16.7778,16.7778,55.2533
5,1,0.0,0,7.4758,10.5607,10.5607,56.3021
5,2,127.3824,0,9.8912,12.7348,12.7348,39.2965
5,3,144.0976,0,5.5566,14.1579,14.1579,51.1432
5,4,211.4103,0,10.2221,15.5835,15.5835,61.0847
5,5,361.3144,0,2.6809,12.6122,12.6122,42.6238
5,6,538.8861,0,4.8728,13.7952,13.7952,66.972
5,7,632.4977,0,4.9862,10.0945,10.0945,50.7776
5,8,812.1505,0,13.9227,19.0465,19.0465,61.8853
5,9,866.0077,0,20.3169,22.3005,22.3005,48.6494
5,10,899.5659,0,2.5511,7.3497,7.3497,51.2727
5,11,1010.7584,0,7.9347,15.1234,15.1234,35.3011
5,12,1856.7842,0,0.7943,12.2127,12.2127,34.3522
5,13,1861.7181,0,7.7502,14.1519,14.1519,51.5401
5,14,1994.4426,0,12.8989,18.2086,18.2086,59.4525
5,15,2011.9782,0,11.4292,13.2763,13.2763,63.8187
5,16,2117.5292,0,7.8031,8.5022,8.5022,30.9608
5,17,2289.7612,0,13.0143,20.7957,20.7957,79.5136
5,18,2589.1256,0,4.3391,7.7936,7.7936,36.845
5,19,2599.1817,0,4.6331,12.4796,12.4796,53.4768
5,20,2610.2381,0,5.0033,12.8895,12.8895,72.4762
5,21,2677.0097,0,14.248,24.3092,24.3092,41.5423
5,22,2778.2632,0,7.2182,45.7119,45.7119,94.7315
5,23,3064.3366,0,5.3201,7.6718,7.6718,47.9673
5,24,3238.7846,0,10.3885,14.2981,14.2981,59.5843
5,25,3331.0746,0,16.2766,22.9254,22.9254,92.3643
5,26,3710.8479,0,9.7589,15.1766,15.1766,48.4142
5,27,3793.4062,0,3.1995,9.6458,9.6458,39.1805
5,28,3924.8538,0,9.1775,14.6687,14.6687,34.8637
5,29,4089.421,0,1.962,5.7255,5.7255,56.2612
5,30,4176.8042,0,1.9123,9.391,9.391,35.8238
5,31,4179.2256,0,5.2303,7.27,7.27,27.9102
5,32,4201.0917,0,1.4831,12.1471,12.1471,84.5554
5,33,4233.9076,0,8.8349,16.9495,16.9495,47.6391
5,34,4479.7785,0,14.5758,16.317,16.317,45.2066
5,35,4887.1358,0,2.4391,6.5529,6.5529,49.3277
5,36,4923.8404,0,6.082,13.7501,13.7501,58.6042
5,37,4965.3278,0,21.0876,26.2038,26.2038,64.0141
5,38,5004.2438,0,15.4068,24.273,24.273,74.9961
5,39,5044.9424,0,4.9325,9.1841,9.1841,52.0434
5,40,5045.1053,0,12.2384,23.6533,23.6533,60.1982
5,41,5259.9462,0,1.3245,2.184,2.184,30.245
5,42,5285.2349,0,1.5229,4.7724,4.7724,47.4524
5,43,5353.5815,0,9.9094,14.8694,14.8694,53.6421
5,44,5415.7508,0,6.5125,9.4953,9.4953,45.654
5,45,5438.6698,0,1.5178,11.4937,11.4937,32.4427
5,46,5445.8937,0,13.0502,16.6092,16.6092,58.7307
5,47,5476.2258,0,3.5222,8.4093,8.4093,47.022
5,48,5630.3256,0,14.0389,19.6944,19.6944,77.4156
5,49,5939.3656,0,2.8704,7.9238,7.9238,45.3401
5,50,6187.0355,0,4.2587,20.1462,20.1462,71.2212
5,51,6236.176,0,5.6589,7.2437,7.2437,75.2457
5,52,6391.8573,0,12.2089,16.0968,16.0968,50.3142
5,53,6474.0924,0,1.5909,3.5643,3.5643,42.6024
5,54,6465.6398,0,12.2859,34.1747,34.1747,103.6506
5,55,6645.3449,0,1.2393,7.5446,7.5446,61.1693
5,56,6739.6506,0,5.0537,9.7172,9.7172,56.925
5,57,6842.0022,0,9.7422,23.7275,23.7275,92.8174
5,58,6942.3569,0,15.5152,18.1803,18.1803,55.4335
5,59,6938.9842,0,3.5999,21.5864,21.5864,87.696
5,60,7115.5463,0,12.2619,18.6055,18.6055,48.0719
5,61,7112.2685,0,11.9391,24.4863,24.4863,86.5023
5,62,7246.722,0,10.2232,23.6364,23.6364,79.5602
5,63,7668.3057,0,11.2623,22.1675,22.1675,56.2658
5,64,7751.9158,0,2.8902,32.2902,32.2902,62.4603
5,65,7911.471,0,4.5341,10.4189,10.4189,48.8865
5,66,7923.8233,0,16.4433,20.2884,20.2884,152.9845
5,67,8011.6127,0,14.5191,21.1117,21.1117,80.7701
5,68,8038.576,0,9.619,42.9359,42.9359,144.8119
5,69,8255.849,0,6.0842,8.8204,8.8204,62.2643
5,70,8366.7335,0,9.6022,21.0012,21.0012,62.9511
5,71,8392.7903,0,5.8386,11.7888,11.7888,45.996
5,72,8399.5513,0,14.5022,21.8889,21.8889,75.3356
5,73,8551.9586,0,10.3574,18.7536,18.7536,58.2086
5,74,8922.2546,0,2.5579,7.9525,7.9525,44.5098
5,75,8948.4166,0,14.1225,34.4313,34.4313,76.3416
5,76,9154.2016,0,5.6589,9.5036,9.5036,44.2997
5,77,9327.4563,0,2.5356,4.4876,4.4876,24.1192
5,78,9759.2221,0,0.582,4.5624,4.5624,72.772
5,79,9784.1019,0,10.6914,12.3171,12.3171,56.6081
5,80,9938.0392,0,4.7007,11.0605,11.0605,51.9965
5,81,10003.9276,0,5.5574,12.5914,12.5914,50.4098
5,82,10077.0646,0,6.8731,13.1992,13.1992,62.4603
5,83,10183.2607,0,12.4844,14.8871,14.8871,73.7981
5,84,10360.7035,0,5.0384,8.5783,8.5783,67.1336
5,85,10417.4522,0,13.5003,15.7921,15.7921,45.0247
5,86,10550.3396,0,3.549,12.1878,12.1878,38.5929
5,87,10593.5571,0,5.1672,10.6008,10.6008,32.0701
5,88,10610.0499,0,2.1601,11.7922,11.7922,53.4884
5,89,10739.3763,0,3.143,41.1311,41.1311,76.3624
5,90,10795.5543,0,6.4226,10.1372,10.1372,41.1398
5,91,10796.8762,0,26.1623,28.9737,28.9737,53.034
5,92,10912.6485,0,3.168,15.2714,15.2714,29.3996
5,93,10924.0754,0,5.1118,7.497,7.497,75.5825
5,94,10961.477,0,3.7446,11.671,11.671,97.2323
5,95,10974.1338,0,2.9618,16.0245,16.0245,135.5576
5,96,10991.181,0,17.9747,20.0076,20.0076,140.9304
5,97,11069.9347,0,12.8582,17.3131,17.3131,80.7804
5,98,11135.8097,0,8.8184,11.7628,11.7628,40.0961
5,99,11172.6887,0,6.241,10.7408,10.7408,51.1135
5,100,11322.734,0,15.5982,18.8618,18.8618,45.8453
5,101,11327.3873,0,8.9667,16.1014,16.1014,55.7818
5,102,11323.8241,0,13.5616,20.6856,20.6856,69.0305
5,103,11324.8998,0,21.209,24.5635,24.5635,83.1399
5,104,11485.5494,0,1.5229,7.8054,7.8054,53.4752
5,105,11612.746,0,8.5519,13.6327,13.6327,43.038
5,106,11775.9713,0,4.2069,7.2372,7.2372,51.8869
5,107,11768.7895,0,10.4195,17.5339,17.5339,75.4475
5,108,11790.1258,0,9.8174,12.4699,12.4699,102.7074
5,109,11856.4523,0,14.7199,38.5857,38.5857,71.4869
5,110,11949.1312,0,2.4063,5.9934,5.9934,47.6592
5,111,12065.4909,0,6.2771,9.1693,9.1693,44.0757
5,112,12066.4769,0,6.7224,10.9296,10.9296,50.9733
5,113,12084.9884,0,10.5302,12.8478,12.8478,38.8194
5,114,12092.4248,0,9.9049,14.4523,14.4523,62.3194
5,115,12103.966,0,24.9575,26.3974,26.3974,96.6785
5,116,12242.1918,0,10.0681,14.8395,14.8395,62.8903
5,117,12250.3778,0,1.7378,6.8843,6.8843,61.3438
5,118,12352.3433,0,4.5341,9.6541,9.6541,43.9837
5,119,12392.495,0,17.6565,22.6025,22.6025,51.2204
5,120,12400.4703,0,8.2988,27.1557,27.1557,71.9179
5,121,12470.6688,0,3.1831,10.2522,10.2522,43.762
5,122,12479.2214,0,4.3391,9.3998,9.3998,36.7608
5,123,12479.8395,0,7.768,10.2466,10.2466,46.8509
5,124,12512.8037,0,2.4439,10.7259,10.7259,45.8604
5,125,12586.9966,0,9.3679,10.9772,10.9772,38.3995
5,126,12595.6821,0,8.0635,13.0359,13.0359,73.3498
5,127,12637.6652,0,8.1474,15.3303,15.3303,48.472
5,128,12639.0431,0,15.2358,19.6928,19.6928,79.6951
5,129,12661.6633,0,11.9168,16.2594,16.2594,69.3408
5,130,12664.3117,0,11.889,16.7345,16.7345,84.4993
5,131,12694.3797,0,5.3904,9.7014,9.7014,74.0264
5,132,12796.1138,0,4.2995,7.4731,7.4731,34.8142
5,133,12866.8738,0,6.2677,7.641,7.641,73.4389
5,134,13083.4446,0,2.51,9.585,9.585,50.4748
5,135,13113.9646,0,13.817,20.172,20.172,64.9709
5,136,13402.4691,0,7.4272,10.4758,10.4758,68.7312
5,137,13631.0867,0,11.2785,14.8023,14.8023,50.0115
5,138,13752.4749,0,4.6807,7.8716,7.8716,41.4651
5,139,13824.9095,0,1.759,4.1805,4.1805,52.6983
5,140,13943.3255,0,12.5018,26.3726,26.3726,63.411
5,141,14242.3732,0,6.1197,10.7137,10.7137,28.1474
5,142,14852.811,0,3.1417,5.2748,5.2748,111.4967
5,143,14983.7806,0,8.0396,10.8113,10.8113,55.1536
5,144,15052.9068,0,12.9236,20.1662,20.1662,59.5629
5,145,15217.9451,0,3.4757,10.2553,10.2553,43.2019
5,146,15541.8198,0,6.0011,10.8191,10.8191,36.4445
5,147,15561.5668,0,2.8309,11.1567,11.1567,48.3236
5,148,15756.92,0,5.8378,7.3358,7.3358,35.3316
5,149,15840.5948,0,2.3337,8.2013,8.2013,57.8962
5,150,16106.2625,0,10.3117,16.6869,16.6869,69.6328
5,151,16370.4135,0,1.8109,7.594,7.594,52.5843
5,152,16519.4559,0,2.9971,10.5304,10.5304,77.88
5,153,16677.7212,0,2.0687,4.4653,4.4653,62.2314
5,154,16689.5636,0,20.3816,23.1874,23.1874,87.1252
5,155,16735.7652,0,7.6553,19.0224,19.0224,118.3459
5,156,16786.8982,0,13.4004,16.9919,16.9919,83.6341
5,157,16799.2824,0,2.9995,11.5987,11.5987,76.7577
5,158,16971.4765,0,4.0467,6.445,6.445,70.0358
5,159,17001.1786,0,1.3847,4.4639,4.4639,66.0137
5,160,16989.3178,0,17.6423,23.8617,23.8617,59.1482
5,161,17013.2105,0,12.963,51.0737,51.0737,73.5789
5,162,17055.9563,0,5.5405,10.0441,10.0441,134.4051
5,163,17148.7131,0,5.7272,11.7144,11.7144,38.5238
5,164,17149.0991,0,24.1189,26.68,26.68,59.8838
5,165,17211.7362,0,6.0352,12.8876,12.8876,48.6385
5,166,17220.7751,0,5.901,7.376,7.376,55.9789
5,167,17251.8795,0,4.2209,8.6378,8.6378,35.5806
5,168,17297.5705,0,8.1848,10.9781,10.9781,47.3217
5,169,17625.7222,0,4.6885,8.0211,8.0211,41.6805
5,170,17638.2437,0,7.5211,12.682,12.682,62.6251
5,171,17706.3411,0,3.717,13.681,13.681,69.981
5,172,17924.5141,0,1.6612,7.357,7.357,82.1827
5,173,17965.3296,0,5.6995,11.5917,11.5917,56.5307
5,174,17972.2285,0,9.9735,20.107,20.107,67.8816
5,175,18027.8714,0,6.7571,18.6276,18.6276,51.5429
5,176,18029.6087,0,13.9536,18.3369,18.3369,41.8033
5,177,18047.001,0,2.8598,6.0832,6.0832,67.3409
5,178,18075.8793,0,6.2119,9.5116,9.5116,75.9142
5,179,18096.3818,0,9.1761,16.975,16.975,75.3551
5,180,18109.3108,0,20.4809,26.4902,26.4902,88.5943
5,181,18132.8679,0,3.64,5.9462,5.9462,81.6486
5,182,18226.8682,0,14.599,19.326,19.326,87.8421
5,183,18265.5572,0,3.1899,9.8998,9.8998,64.1965
5,184,18272.4047,0,7.1296,12.4404,12.4404,63.1018
5,185,18430.4922,0,1.9956,6.9622,6.9622,36.7753
5,186,18457.557,0,2.5474,4.5364,4.5364,27.4651
5,187,18457.6257,0,8.5042,12.2933,12.2933,50.6293
5,188,18632.7119,0,5.9519,11.0347,11.0347,59.1855
5,189,18681.3373,0,12.2311,17.067,17.067,47.2141
5,190,18702.1636,0,7.3086,13.5206,13.5206,57.1761
5,191,18828.3926,0,1.4855,3.8085,3.8085,50.5161
5,192,18910.4074,0,5.2813,9.3967,9.3967,108.3404
5,193,19053.0866,0,1.2155,5.4861,5.4861,60.8923
5,194,19108.6781,0,2.1048,10.8116,10.8116,38.6939
5,195,19211.901,0,4.4123,9.6217,9.6217,38.1416
5,196,19522.8515,0,3.33,5.3506,5.3506,38.1131
5,197,19555.9176,0,7.5597,10.8066,10.8066,43.9558
5,198,19570.3123,0,11.6163,17.3933,17.3933,42.1678
5,199,19597.7206,0,3.3917,14.0417,14.0417,77.8176
5,200,19958.8783,0,10.5622,17.0125,17.0125,62.0892
5,201,19988.0446,0,2.2351,3.7414,3.7414,55.8312
5,202,20029.7406,0,4.0558,10.0446,10.0446,69.189
5,203,20064.4167,0,8.0033,9.614,9.614,59.9978
5,204,20154.134,0,8.803,15.4071,15.4071,44.8206
5,205,20179.8517,0,4.1323,7.2967,7.2967,104.0478
5,206,20373.1276,0,4.8358,9.5578,9.5578,42.9012
5,207,20583.6895,0,5.2273,9.1953,9.1953,48.8419
5,208,20596.4086,0,6.4985,12.8735,12.8735,199.8995
5,209,20625.7248,0,8.8649,16.1358,16.1358,178.5858
5,210,20631.0131,0,13.1508,17.6021,17.6021,192.048
5,211,20709.5925,0,2.6466,5.0331,5.0331,126.33
5,212,20898.4394,0,9.4397,11.9642,11.9642,47.2
5,213,20957.8228,0,2.9805,6.6834,6.6834,45.4072
5,214,21013.0031,0,1.816,7.6487,7.6487,72.9392
5,215,21025.534,0,6.5184,13.8736,13.8736,66.6154
5,216,21119.4216,0,5.4909,16.5171,16.5171,47.8058
5,217,21225.0174,0,4.2572,7.5176,7.5176,33.5377
5,218,21252.1366,0,8.656,18.1986,18.1986,48.2067
5,219,21268.9578,0,12.7722,17.8263,17.8263,82.3677
5,220,21375.3618,0,0.9368,4.0427,4.0427,27.754
5,221,21468.5228,0,2.1263,10.5533,10.5533,49.6255
5,222,21474.3466,0,13.876,19.9535,19.9535,64.3734
5,223,21659.3227,0,9.1367,13.3493,13.3493,31.9065
5,224,21710.7685,0,1.8559,10.7942,10.7942,63.191
5,225,21778.9633,0,7.3498,30.6367,30.6367,80.7148
5,226,21839.5106,0,6.1743,8.713,8.713,39.6422
5,227,22142.5965,0,10.0017,14.4418,14.4418,43.5523
5,228,22155.7563,0,5.6001,10.4549,10.4549,64.5243
5,229,22299.4342,0,9.876,14.7203,14.7203,50.6415
5,230,22380.0447,0,5.0217,8.2738,8.2738,58.517
5,231,22474.6753,0,6.1367,12.2275,12.2275,55.5141
5,232,22667.6928,0,8.075,10.4163,10.4163,45.5655
5,233,23427.1432,0,4.4551,8.9014,8.9014,25.0379
5,234,23523.4968,0,4.6792,5.5894,5.5894,56.7262
5,235,23514.0777,0,14.2432,18.7198,18.7198,96.0371
5,236,23536.1735,0,5.6194,8.1249,8.1249,227.5867
5,237,23563.7049,0,12.3674,17.2557,17.2557,213.1053
5,238,23639.8761,0,1.5364,13.2188,13.2188,143.3674
5,239,23884.5447,0,0.1739,9.719,9.719,45.6147
5,240,23906.7107,0,15.4077,22.1274,22.1274,54.6477
5,241,24033.3045,0,9.046,12.9226,12.9226,37.2775
5,242,24154.1706,0,5.1046,13.3998,13.3998,39.1289
5,243,24152.0453,0,9.1761,19.8226,19.8226,84.6095
5,244,24198.7348,0,15.2769,19.0251,19.0251,51.0047
5,245,24628.3087,0,1.2155,8.164,8.164,67.1666
5,246,24797.8455,0,7.5709,29.332,29.332,62.2652
5,247,24874.0455,0,8.3802,14.7398,14.7398,62.5581
5,248,24981.9491,0,2.1862,7.7357,7.7357,26.3236
5,249,24990.4731,0,4.3506,7.9541,7.9541,91.5572
5,250,25185.5591,0,10.1923,12.7544,12.7544,35.7732
5,251,25188.1502,0,6.688,11.4594,11.4594,41.2061
5,252,25289.7196,0,2.1936,6.5856,6.5856,43.0034
5,253,25292.8441,0,8.1394,9.4491,9.4491,76.361
5,254,25360.2929,0,10.5912,16.0905,16.0905,39.132
5,255,25410.9299,0,13.4661,18.9232,18.9232,60.949
5,256,25532.428,0,5.0537,12.2396,12.2396,116.553
5,257,25609.5211,0,8.026,13.0803,13.0803,49.1369
5,258,25611.8225,0,12.0158,16.6889,16.6889,107.2615
5,259,25675.9215,0,6.9356,9.7605,9.7605,50.2864
5,260,25764.3895,0,8.663,15.6291,15.6291,67.0714
5,261,25843.4123,0,5.081,10.9732,10.9732,33.523
5,262,25843.5296,0,11.5377,16.0491,16.0491,69.0867
5,263,26217.4596,0,8.1266,11.57,11.57,63.7
5,264,26237.3341,0,16.3783,18.5325,18.5325,62.7818
5,265,26312.6879,0,7.3167,36.118,36.118,72.9459
5,266,26358.6193,0,3.2655,5.2673,5.2673,44.3714
5,267,26618.1333,0,0.4996,13.1022,13.1022,81.0218
5,268,26623.239,0,10.887,13.7283,13.7283,87.1559
5,269,26635.7613,0,7.3983,14.0685,14.0685,71.1207
5,270,26755.1609,0,0.5827,4.5744,4.5744,60.2226
5,271,26819.593,0,13.9747,16.2717,16.2717,48.264
5,272,26925.701,0,5.8537,12.8921,12.8921,38.6984
5,273,27067.6636,0,3.2761,4.7003,4.7003,23.9869
5,274,27095.544,0,5.4411,9.9217,9.9217,32.3239
5,275,27175.5445,0,7.8194,11.8438,11.8438,62.6346
5,276,27173.3068,0,7.8175,27.1791,27.1791,70.2513
5,277,27220.8994,0,8.5587,12.2685,12.2685,56.5938
5,278,27382.793,0,10.5724,14.1465,14.1465,44.0473
5,279,27408.1657,0,14.1187,23.0949,23.0949,63.4898
5,280,27605.8992,0,3.8127,7.422,7.422,44.2345
5,281,27704.8148,0,5.0193,24.9309,24.9309,78.1124
5,282,28004.5614,0,6.7843,11.1797,11.1797,44.6749
5,283,28110.7005,0,11.0707,23.2376,23.2376,52.7626
5,284,28144.4917,0,3.6762,8.6265,8.6265,85.234
5,285,28210.6748,0,4.3506,12.4089,12.4089,51.0183
5,286,28254.7252,0,3.0457,8.2125,8.2125,51.5485
5,287,28265.1144,0,13.1541,21.7811,21.7811,50.3223
5,288,28344.1137,0,7.3528,14.6078,14.6078,39.1336
5,289,28358.8113,0,6.1111,27.7041,27.7041,69.1419
5,290,28469.9121,0,1.3768,6.6525,6.6525,35.7508
5,291,28480.6887,0,10.0944,17.281,17.281,84.8539
5,292,28590.2874,0,3.3755,63.3755,63.3755,111.2969
5,293,28743.6015,0,8.6045,14.1447,14.1447,43.9532
5,294,28885.1695,0,9.3433,13.1116,13.1116,83.7703
5,295,29007.2846,0,6.2871,29.6975,29.6975,84.9975
5,296,29181.246,0,6.7838,9.8354,9.8354,42.1747
5,297,29252.3521,0,5.7029,8.2954,8.2954,44.2077
5,298,29345.8065,0,5.6436,7.6722,7.6722,45.2006
5,299,29461.6395,0,3.3503,8.1923,8.1923,56.5983
5,300,29465.0134,0,2.436,13.9853,13.9853,68.963
5,301,29485.7591,0,8.1831,13.1752,13.1752,61.8395
5,302,29500.0426,0,16.9617,24.9399,24.9399,72.1027
5,303,29607.2555,0,10.679,14.7239,14.7239,53.6489
5,304,29694.967,0,17.2459,19.9857,19.9857,68.9882
5,305,29859.1174,0,9.0906,11.0146,11.0146,71.2225
5,306,29951.2957,0,5.9028,17.6586,17.6586,42.0934
5,307,29985.109,0,5.2603,10.016,10.016,60.8206
5,308,30038.6713,0,5.5304,8.3449,8.3449,65.8148
5,309,30248.9415,0,7.5366,8.7259,8.7259,56.1674
5,310,30454.2085,0,7.2273,10.0802,10.0802,116.1542
5,311,30529.8866,0,6.9454,14.0809,14.0809,81.0197
5,312,30657.6847,0,5.382,6.054,6.054,29.4205
5,313,30715.5805,0,8.8695,20.46,20.46,65.7433
5,314,30778.1648,0,3.8091,4.9573,4.9573,28.6503
5,315,30760.6812,0,19.5682,29.8148,29.8148,67.0825
5,316,30785.162,0,22.8745,31.1991,31.1991,74.5708
5,317,30815.1066,0,2.0299,9.5527,9.5527,68.0145
5,318,30851.7188,0,11.5168,16.0961,16.0961,44.3823
5,319,30948.1221,0,4.7974,8.3039,8.3039,52.2052
5,320,31387.4965,0,1.1037,5.9333,5.9333,36.1891
5,321,31611.4129,0,8.8015,13.2011,13.2011,45.335
5,322,31655.4904,0,11.6117,17.7416,17.7416,32.59
5,323,31668.4027,0,8.1178,13.1093,13.1093,46.0345
5,324,31885.849,0,9.4719,12.9956,12.9956,59.8758
5,325,32129.9681,0,1.6996,3.9688,3.9688,61.5817
5,326,32203.7101,0,1.5958,11.9235,11.9235,57.9957
5,327,32262.2882,0,11.1827,12.9881,12.9881,35.8118
5,328,32548.4312,0,1.2543,3.7093,3.7093,49.8398
5,329,32636.5555,0,5.03,12.6158,12.6158,103.748
5,330,32801.8179,0,4.3508,7.0618,7.0618,47.3289
5,331,32946.7782,0,6.8725,21.3099,21.3099,49.3369
5,332,33040.7072,0,3.915,10.3608,10.3608,70.0382
5,333,33111.7719,0,13.6931,56.8208,56.8208,86.7706
5,334,33252.2842,0,7.9517,11.5809,11.5809,77.1715
5,335,33670.7098,0,2.1936,8.7974,8.7974,60.568
5,336,33669.7599,0,7.5775,13.7531,13.7531,91.2848
5,337,33763.5721,0,20.6596,24.5042,24.5042,60.5665
5,338,33783.7385,0,13.4004,14.7754,14.7754,48.813
5,339,33943.1708,0,3.3873,7.9141,7.9141,70.8481
5,340,34041.295,0,18.8629,20.7189,20.7189,61.7604
5,341,34119.0401,0,7.0967,11.1359,11.1359,47.4383
5,342,34171.1015,0,5.4404,12.252,12.252,65.299
5,343,34177.4859,0,7.1862,10.3044,10.3044,83.4588
5,344,34224.0443,0,3.3578,8.5616,8.5616,50.5199
5,345,34238.9755,0,8.7074,19.4888,19.4888,57.6686
5,346,34287.2986,0,2.2088,8.3308,8.3308,47.6604
5,347,34284.5219,0,4.6697,16.3686,16.3686,66.7513
5,348,34424.8253,0,13.8871,19.4666,19.4666,121.4479
5,349,34415.1055,0,4.58,30.8475,30.8475,148.4929
5,350,34448.8091,0,6.7981,10.3188,10.3188,118.934
5,351,34561.0706,0,7.1746,9.475,9.475,71.6154
5,352,34806.3099,0,4.5787,8.3799,8.3799,56.3065
5,353,35136.0836,0,11.064,19.2971,19.2971,61.7707
5,354,35162.3314,0,9.2709,13.7679,13.7679,50.0089
5,355,35203.1188,0,4.9081,20.973,20.973,65.3375
5,356,35189.6756,0,18.9982,35.5019,35.5019,67.7992
5,357,35190.0062,0,20.8814,39.6061,39.6061,100.2044
5,358,35280.168,0,8.9021,15.1726,15.1726,42.6695
5,359,35306.6895,0,4.7278,13.089,13.089,73.7147
5,360,35451.0811,0,11.2655,14.0299,14.0299,63.3308
5,361,35497.408,0,4.4309,8.2702,8.2702,46.6318
5,362,35504.3861,0,14.2801,18.5912,18.5912,62.2989
5,363,35512.5302,0,17.2054,20.0268,20.0268,95.672
5,364,35940.5075,0,9.1019,18.7872,18.7872,37.9188
5,365,35948.682,0,3.0969,11.8486,11.8486,83.6822
5,366,36060.0005,0,6.1493,12.0654,12.0654,66.5809
5,367,36132.6957,0,8.7207,10.8448,10.8448,51.3119
5,368,36487.253,0,13.4661,17.2687,17.2687,52.9761
5,369,36549.9864,0,12.1737,20.2608,20.2608,52.3877
5,370,36663.2105,0,11.281,16.7075,16.7075,84.2848
5,371,36689.3451,0,19.4234,20.1484,20.1484,55.9762
5,372,36697.4637,0,15.2291,18.251,18.251,87.8742
5,373,36905.1089,0,2.024,17.65,17.65,64.5781
5,374,36994.7816,0,6.4271,18.2914,18.2914,69.5864
5,375,36999.8644,0,14.3622,25.6936,25.6936,66.6954
5,376,37030.9446,0,8.9937,18.5076,18.5076,40.3927
5,377,37069.3493,0,4.0987,11.5404,11.5404,61.5907
5,378,37071.9305,0,10.2282,16.2625,16.2625,67.4302
5,379,37299.5383,0,9.2872,16.092,16.092,52.0346
5,380,37265.9859,0,2.5192,55.4599,55.4599,116.7859
5,381,38030.5698,0,8.0001,9.5141,9.5141,57.0791
5,382,38103.8284,0,10.6951,12.5539,12.5539,90.2386
5,383,38223.9417,0,1.3496,5.3385,5.3385,25.4906
5,384,38429.2026,0,6.3399,10.6763,10.6763,32.2032
5,385,38605.0406,0,3.7069,7.415,7.415,56.262
5,386,38667.9372,0,4.6244,6.9431,6.9431,34.5644
5,387,38746.6484,0,4.8059,9.4514,9.4514,55.3562
5,388,38796.3652,0,11.6505,31.0011,31.0011,103.0481
5,389,38849.8677,0,5.5494,6.801,6.801,68.2434
5,390,39053.3402,0,1.7874,7.561,7.561,59.4042
5,391,39329.7693,0,3.3329,8.2968,8.2968,35.3153
5,392,39444.7588,0,3.7228,5.5209,5.5209,49.4407
5,393,39485.6691,0,6.13,9.7053,9.7053,72.1923
5,394,39721.2839,0,3.8091,7.6715,7.6715,33.9537
5,395,39821.8211,0,17.3321,20.0634,20.0634,49.1859
5,396,39838.0024,0,5.0463,12.4583,12.4583,68.92
5,397,39843.1395,0,16.0539,35.7585,35.7585,54.5055
5,398,39996.8326,0,3.515,9.1196,9.1196,53.6566
5,399,40179.4052,0,1.3815,8.0903,8.0903,64.7352
5,400,40182.8737,0,8.299,21.2539,21.2539,74.4863
5,401,40214.8847,0,12.0158,15.6403,15.6403,55.2576
5,402,40402.5019,0,1.8398,19.95,19.95,55.8426
5,403,40453.301,0,1.6922,13.849,13.849,39.2355
5,404,40629.0667,0,3.5401,14.7141,14.7141,69.3922
5,405,40692.1382,0,6.4158,8.5996,8.5996,41.0462
5,406,40877.1003,0,12.1913,23.8354,23.8354,108.3036
5,407,41041.4055,0,3.8557,7.5434,7.5434,84.0758
5,408,41083.7564,0,6.0068,13.3714,13.3714,67.0086
5,409,41132.6059,0,7.3144,10.383,10.383,48.9258
5,410,41168.0033,0,9.9415,12.7994,12.7994,41.061
5,411,41396.3137,0,8.274,11.4112,11.4112,53.9563
5,412,41532.0128,0,8.9314,13.1087,13.1087,64.047
5,413,42110.1521,0,5.3271,11.337,11.337,43.6942
5,414,42314.3446,0,3.6127,7.689,7.689,54.9711
5,415,42314.0271,0,7.5469,10.854,10.854,67.3576
5,416,42329.0937,0,13.0823,18.5637,18.5637,82.4898
5,417,42606.919,0,11.6317,21.4757,21.4757,67.7831
5,418,42802.1894,0,14.4874,18.526,18.526,53.8388
6,1,0.0,0,4.1057,8.1197,8.1197,50.7053
6,2,64.328,0,3.7658,5.3667,5.3667,32.0752
6,3,365.0948,0,1.3163,10.5981,10.5981,72.9048
6,4,425.6493,0,6.9974,8.4813,8.4813,36.2053
6,5,457.1268,0,8.6258,13.2787,13.2787,57.1128
6,6,680.6291,0,9.1831,12.9729,12.9729,43.7567
6,7,662.1361,0,3.2588,32.9539,32.9539,81.2864
6,8,854.2302,0,14.4572,17.0886,17.0886,93.6215
6,9,896.008,0,15.2581,19.7728,19.7728,58.8955
6,10,899.4406,0,14.9634,18.7713,18.7713,79.2164
6,11,978.9299,0,8.7912,15.5066,15.5066,45.5612
6,12,992.1385,0,10.7052,39.1323,39.1323,83.0166
6,13,1024.1822,0,17.8376,19.9083,19.9083,145.3892
6,14,1148.679,0,6.634,10.7705,10.7705,40.654
6,15,1211.5939,0,16.8828,20.4344,20.4344,65.143
6,16,1250.8336,0,7.8052,15.6688,15.6688,47.6892
6,17,1253.8976,0,11.934,20.3738,20.3738,102.7132
6,18,1265.8236,0,5.9584,13.9453,13.9453,100.8323
6,19,1293.584,0,5.8565,15.3274,15.3274,62.066
6,20,1313.7528,0,9.5995,13.1265,13.1265,103.5354
6,21,1323.4733,0,7.915,10.5574,10.5574,83.4851
6,22,1364.2159,0,16.0165,21.1593,21.1593,47.4294
6,23,1420.1594,0,5.7101,16.7176,16.7176,44.0109
6,24,1455.5562,0,13.0293,18.3199,18.3199,60.4463
6,25,1810.633,0,7.9143,11.8068,11.8068,50.817
6,26,1890.4625,0,3.1037,9.389,9.389,36.7113
6,27,1927.0191,0,15.7808,30.5151,30.5151,99.7286
6,28,1947.4131,0,11.8997,17.7317,17.7317,93.7886
6,29,2019.2357,0,4.1732,11.1726,11.1726,64.8223
6,30,2009.0552,0,17.3832,26.9292,26.9292,69.9543
6,31,2064.9936,0,6.7365,25.7066,25.7066,48.6145
6,32,2177.4986,0,13.7022,22.0168,22.0168,65.8681
6,33,2398.5199,0,4.6852,13.6594,13.6594,43.5096
6,34,2442.1513,0,10.0608,16.1934,16.1934,110.5491
6,35,2466.5979,0,4.0917,11.8543,11.8543,93.2563
6,36,2497.5077,0,19.615,24.5943,24.5943,66.4304
6,37,2621.8747,0,7.3029,28.5549,28.5549,53.6957
6,38,2755.0438,0,1.1328,16.5012,16.5012,67.6423
6,39,3134.874,0,4.9368,6.6669,6.6669,58.1236
6,40,3185.7966,0,2.9869,5.8236,5.8236,61.2733
6,41,3232.1491,0,2.9659,6.1841,6.1841,44.0694
6,42,3229.9232,0,9.6747,14.8506,14.8506,50.2262
6,43,3390.807,0,9.7823,37.893,37.893,73.3203
6,44,3509.5094,0,5.2823,8.7808,8.7808,52.2543
6,45,3522.4729,0,15.0981,19.5558,19.5558,49.6894
6,46,3756.9369,0,6.5888,13.566,13.566,46.8063
6,47,3769.5979,0,11.0817,13.5325,13.5325,61.4302
6,48,3777.1719,0,6.0861,8.325,8.325,54.8275
6,49,3809.9761,0,15.9905,22.2245,22.2245,48.9794
6,50,3826.4564,0,3.8714,6.863,6.863,82.3381
6,51,3866.5241,0,2.0911,16.8097,16.8097,54.9601
6,52,3991.5786,0,9.8407,16.4612,16.4612,36.5513
6,53,4007.7524,0,4.1084,11.2909,11.2909,63.7688
6,54,4486.3705,0,8.0747,12.3644,12.3644,36.4059
6,55,4521.5236,0,9.9608,17.1015,17.1015,50.7882
6,56,4950.3958,0,8.9943,13.1468,13.1468,64.5557
6,57,4985.2466,0,16.8628,19.9254,19.9254,48.0381
6,58,4999.6884,0,4.6025,8.0299,8.0299,66.5327
6,59,5040.4826,0,11.4204,17.5903,17.5903,76.6045
6,60,5230.86,0,10.2786,22.0066,22.0066,53.7659
6,61,5237.085,0,16.3513,24.5068,24.5068,57.1889
6,62,5293.2761,0,4.2572,8.0029,8.0029,41.7392
6,63,5293.8734,0,8.48,10.0867,10.0867,58.0405
6,64,5388.0378,0,7.2244,13.5061,13.5061,31.0989
6,65,5389.2206,0,13.0687,16.0255,16.0255,36.6936
6,66,5522.2159,0,7.9347,12.1509,12.1509,38.6422
6,67,5555.4406,0,4.7431,11.3916,11.3916,56.8401
6,68,5723.32,0,12.318,15.7305,15.7305,29.3406
6,69,5850.8854,0,0.0,3.0526,3.0526,41.7587
6,70,5911.1507,0,7.6316,13.6107,13.6107,45.8316
6,71,6098.1086,0,1.4811,8.1954,8.1954,75.956
6,72,6326.7952,0,2.4296,9.5706,9.5706,52.246
6,73,6352.8198,0,6.8194,9.9684,9.9684,95.5782
6,74,6365.7876,0,10.4173,15.3698,15.3698,65.4373
6,75,6397.5921,0,8.6679,29.9484,29.9484,100.2905
6,76,6507.1593,0,15.5491,16.8989,16.8989,84.2952
6,77,6507.7275,0,20.6344,24.3143,24.3143,164.0552
6,78,6587.9972,0,13.8514,17.94,17.94,80.5632
6,79,6603.7053,0,8.9824,12.9278,12.9278,114.39
6,80,6694.9031,0,8.015,13.4188,13.4188,42.8437
6,81,6811.6019,0,9.7363,14.9971,14.9971,54.7136
6,82,6834.4409,0,8.9703,13.5791,13.5791,49.6146
6,83,7018.9239,0,5.9704,9.9031,9.9031,49.4285
6,84,7064.5119,0,2.4439,7.8974,7.8974,49.1951
6,85,7179.0222,0,1.2879,5.7734,5.7734,30.3414
6,86,7207.4712,0,6.1254,10.5998,10.5998,65.5194
6,87,7211.7591,0,3.8327,7.0917,7.0917,38.0473
6,88,7224.2174,0,5.6937,9.4439,9.4439,49.5668
6,89,7298.7139,0,10.2249,12.9361,12.9361,57.6633
6,90,7504.152,0,6.6102,9.6489,9.6489,37.3738
6,91,7501.6318,0,11.2072,21.6803,21.6803,92.8008
6,92,7572.9507,0,11.0638,14.6338,14.6338,65.9641
6,93,7644.1108,0,3.4371,8.2881,8.2881,34.5489
6,94,7763.113,0,8.1964,20.2337,20.2337,59.6243
6,95,7832.7933,0,10.4499,15.4779,15.4779,51.2068
6,96,7844.2689,0,4.1059,7.9496,7.9496,98.2783
6,97,7898.9434,0,0.962,4.3341,4.3341,110.1873
6,98,7908.8136,0,13.2449,17.8321,17.8321,114.7083
6,99,7920.2714,0,13.1745,17.5347,17.5347,105.4791
6,100,7950.5084,0,13.6374,20.2395,20.2395,86.6608
6,101,8130.2658,0,10.8901,15.8053,15.8053,61.4493
6,102,8249.9169,0,1.2761,9.8246,9.8246,37.8895
6,103,8253.5259,0,11.8021,15.7119,15.7119,47.7623
6,104,8387.3938,0,2.8327,6.4274,6.4274,42.5311
6,105,8483.172,0,4.4518,10.2634,10.2634,82.5131
6,106,8430.9537,0,9.3641,65.427,65.427,90.3694
6,107,8532.3213,0,8.3543,10.634,10.634,47.5123
6,108,8749.2228,0,10.8509,22.0069,22.0069,52.5939
6,109,8832.9591,0,4.3046,10.8892,10.8892,37.2673
6,110,8826.3897,0,4.2899,19.2935,19.2935,49.16
6,111,8987.2899,0,0.3332,4.4666,4.4666,24.0435
6,112,9202.5412,0,2.9377,13.2317,13.2317,65.5757
6,113,9216.0406,0,17.0831,26.5014,26.5014,56.8909
6,114,9356.2635,0,9.3458,12.5303,12.5303,70.545
6,115,9378.1149,0,4.7228,17.8209,17.8209,66.1571
6,116,9558.0795,0,13.0752,25.829,25.829,60.6683
6,117,9719.4609,0,5.2343,8.7559,8.7559,42.9478
6,118,9815.7846,0,1.9514,5.6678,5.6678,45.6914
6,119,9817.6885,0,2.5655,5.2443,5.2443,55.67
6,120,9817.1072,0,5.4004,10.6256,10.6256,63.8988
6,121,9849.3252,0,12.2494,17.3389,17.3389,47.2446
6,122,9886.4091,0,8.9222,12.5797,12.5797,76.7794
6,123,9858.6107,0,8.3972,51.0016,51.0016,69.2396
6,124,9903.5696,0,9.631,15.1304,15.1304,57.8844
6,125,10101.8173,0,9.8363,19.2778,19.2778,62.1735
6,126,10429.2824,0,2.0965,10.8608,10.8608,58.8089
6,127,10546.7449,0,3.7259,8.2345,8.2345,52.1398
6,128,10634.6801,0,2.0666,5.0119,5.0119,79.8799
6,129,10656.5254,0,15.5768,27.0758,27.0758,68.0904
6,130,10741.7869,0,16.3272,33.5511,33.5511,58.9033
6,131,10777.6124,0,3.399,8.587,8.587,68.0785
6,132,10804.7289,0,8.29,11.0356,11.0356,46.4157
6,133,10807.9139,0,9.1003,14.772,14.772,56.1425
6,134,10818.6509,0,2.263,7.725,7.725,49.3642
6,135,10841.4524,0,17.1525,18.6436,18.6436,43.2268
6,136,10844.9547,0,15.7054,20.7464,20.7464,60.9738
6,137,10925.7074,0,9.6249,16.9958,16.9958,46.3983
6,138,11020.9872,0,0.3587,9.3746,9.3746,58.7006
6,139,11047.8492,0,5.9543,9.5176,9.5176,60.8284
6,140,11064.242,0,4.2572,5.5682,5.5682,101.4792
6,141,11248.3993,0,17.4506,21.9702,21.9702,44.6711
6,142,11292.9614,0,1.918,6.4165,6.4165,47.0831
6,143,11405.9038,0,8.0033,17.0831,17.0831,63.9596
6,144,11437.6721,0,16.0797,19.3761,19.3761,66.6147
6,145,11491.0193,0,10.026,14.2712,14.2712,61.9392
6,146,12007.3688,0,9.9099,12.9638,12.9638,66.81
6,147,12017.1576,0,12.4516,36.1553,36.1553,117.1697
6,148,12143.0305,0,10.3405,17.7999,17.7999,84.3296
6,149,12185.5358,0,16.8587,20.8508,20.8508,68.1209
6,150,12281.3915,0,7.1267,9.2374,9.2374,35.4329
6,151,12429.9731,0,11.4709,14.271,14.271,47.8999
6,152,12594.2714,0,2.3131,12.5532,12.5532,57.4121
6,153,12740.8955,0,13.292,14.2769,14.2769,51.8692
6,154,12755.4431,0,12.1892,17.3682,17.3682,88.2022
6,155,12773.9425,0,8.6829,26.9711,26.9711,80.8895
6,156,12866.4312,0,8.4984,15.1372,15.1372,53.9418
6,157,12964.4276,0,7.8425,11.354,11.354,49.9717
6,158,12979.3918,0,9.0075,12.9759,12.9759,39.8483
6,159,13246.3075,0,3.1405,9.5567,9.5567,29.7564
6,160,13418.5404,0,12.6419,19.2878,19.2878,54.5974
6,161,13501.4814,0,6.2077,9.5178,9.5178,60.8369
6,162,13507.3532,0,5.3037,10.3696,10.3696,73.7258
6,163,13599.7415,0,16.2556,26.1197,26.1197,90.3782
6,164,13660.6408,0,4.2237,9.3282,9.3282,45.4713
6,165,13706.8798,0,3.0658,10.0366,10.0366,66.0156
6,166,13779.5379,0,16.9025,22.1037,22.1037,65.2704
6,167,13816.0995,0,8.5465,11.5937,11.5937,85.1291
6,168,13853.0407,0,3.3917,7.6505,7.6505,53.5827
6,169,13869.5578,0,11.8,18.3761,18.3761,69.664
6,170,13923.7793,0,11.3285,17.0745,17.0745,58.9835
6,171,13970.7269,0,8.4387,12.0664,12.0664,72.2779
6,172,14057.8631,0,9.5331,13.2513,13.2513,46.7736
6,173,14126.1161,0,14.8742,18.7093,18.7093,61.359
6,174,14154.4477,0,8.6034,68.6034,68.6034,107.8713
6,175,14470.9593,0,16.331,21.4048,21.4048,55.7589
6,176,14584.6401,0,7.6611,9.921,9.921,59.6198
6,177,14639.4661,0,18.9483,32.3219,32.3219,70.9907
6,178,14696.4977,0,8.0149,9.3557,9.3557,64.2419
6,179,15020.4933,0,3.2944,10.3046,10.3046,68.3996
6,180,15047.2701,0,13.1141,14.5361,14.5361,55.8334
6,181,15161.4497,0,13.2092,21.9774,21.9774,61.9452
6,182,15282.6559,0,5.6314,9.2803,9.2803,50.5576
6,183,15283.6857,0,3.3136,13.6178,13.6178,65.3807
6,184,15381.2693,0,14.5751,18.0977,18.0977,77.8404
6,185,15419.8775,0,7.6992,13.8092,13.8092,51.0081
6,186,15457.5545,0,9.2565,14.9808,14.9808,52.1542
6,187,15541.8334,0,4.4175,25.9644,25.9644,89.769
6,188,15773.8451,0,4.7964,8.9937,8.9937,55.5507
6,189,15871.069,0,3.3123,13.7582,13.7582,49.8551
6,190,16012.2976,0,9.6342,11.7208,11.7208,46.3266
6,191,16202.0137,0,9.2407,19.9251,19.9251,42.6337
6,192,16462.8334,0,1.0723,3.8577,3.8577,70.963
6,193,16473.152,0,8.2394,20.7016,20.7016,68.4029
6,194,16520.0606,0,2.9543,16.4836,16.4836,44.0341
6,195,16529.1448,0,12.0395,16.042,16.042,70.4552
6,196,16641.3615,0,2.8641,5.6092,5.6092,47.5635
6,197,16762.8456,0,1.7306,7.2752,7.2752,51.1685
6,198,16846.671,0,6.1306,8.7871,8.7871,30.0425
6,199,16860.2925,0,3.8282,14.6115,14.6115,73.0295
6,200,16888.7512,0,12.9887,17.7125,17.7125,76.675
6,201,16936.5525,0,3.3511,10.2588,10.2588,75.0534
6,202,17040.4685,0,5.9476,15.6577,15.6577,48.695
6,203,17123.9644,0,0.3107,5.369,5.369,54.4362
6,204,17153.5436,0,7.3986,15.8075,15.8075,69.1604
6,205,17206.8557,0,3.352,8.4086,8.4086,40.1644
6,206,17197.9047,0,11.5062,19.0524,19.0524,59.9875
6,207,17264.283,0,4.4191,8.8332,8.8332,39.3576
6,208,17285.6456,0,8.5992,18.1576,18.1576,61.784
6,209,17390.4579,0,1.6646,6.1252,6.1252,34.4131
6,210,17411.8658,0,14.1225,16.5804,16.5804,45.2017
6,211,17605.5352,0,12.7255,16.7065,16.7065,55.4854
6,212,17839.187,0,6.2077,11.2289,11.2289,55.7211
6,213,17861.6153,0,3.1807,6.2208,6.2208,39.7896
6,214,17877.1969,0,3.0608,12.7023,12.7023,39.6349
6,215,17874.8551,0,18.1528,21.5394,21.5394,55.7953
6,216,17940.3467,0,2.7197,4.8692,4.8692,50.3573
6,217,17964.0007,0,5.4942,7.7162,7.7162,77.58
6,218,17985.1626,0,3.3792,7.1707,7.1707,41.9608
6,219,18008.4417,0,2.033,5.8631,5.8631,47.3712
6,220,18026.5728,0,2.7132,8.07,8.07,40.3714
6,221,18013.4633,0,19.7764,38.1589,38.1589,71.6266
6,222,18045.7255,0,1.0646,6.8984,6.8984,41.5192
6,223,18194.3112,0,8.8364,11.2302,11.2302,48.981
6,224,18375.4942,0,9.9094,23.0855,23.0855,74.925
6,225,18414.5994,0,1.7978,10.8076,10.8076,43.6763
6,226,18524.2399,0,3.8984,28.2384,28.2384,55.7518
6,227,18583.7615,0,1.8009,5.7792,5.7792,40.0587
6,228,18584.7502,0,8.5684,16.0379,16.0379,52.9024
6,229,18684.4566,0,5.0409,14.8969,14.8969,63.1005
6,230,18742.2483,0,3.2796,6.3567,6.3567,83.4445
6,231,18805.5413,0,12.1448,17.0513,17.0513,77.0289
6,232,18907.5395,0,8.1496,12.4431,12.4431,59.7319
6,233,18958.2762,0,7.415,13.1393,13.1393,57.0879
6,234,19172.8178,0,5.7814,7.9684,7.9684,52.1768
6,235,19334.4777,0,2.6891,8.3243,8.3243,77.0862
6,236,19434.9069,0,6.6339,10.8731,10.8731,38.9266
6,237,19462.0876,0,4.5341,8.0633,8.0633,41.7339
6,238,19547.0188,0,6.3624,8.4268,8.4268,50.6465
6,239,19552.9899,0,10.5912,14.6257,14.6257,59.9365
6,240,19593.8937,0,4.9654,8.049,8.049,36.7425
6,241,19687.2245,0,4.42,6.5374,6.5374,36.6315
6,242,19765.7523,0,5.081,18.7484,18.7484,58.995
6,243,19837.0806,0,3.2884,9.561,9.561,39.5057
6,244,20017.1627,0,5.7526,8.7603,8.7603,46.326
6,245,20212.2685,0,2.9723,6.6565,6.6565,50.5272
6,246,20310.5532,0,6.2016,9.6763,9.6763,51.8719
6,247,20442.2931,0,9.0809,11.9043,11.9043,106.7726
6,248,20560.6864,0,2.4817,6.4487,6.4487,59.2808
6,249,20631.9068,0,13.1985,19.8906,19.8906,44.6014
6,250,20723.9958,0,4.3036,27.3992,27.3992,59.1514
6,251,20766.9057,0,9.9637,17.4358,17.4358,50.8014
6,252,20817.9958,0,6.9444,12.3445,12.3445,114.4923
6,253,20847.6596,0,8.8341,15.017,15.017,104.2554
6,254,20906.4059,0,19.1207,22.6731,22.6731,58.9146
6,255,20914.6656,0,13.5782,20.7809,20.7809,108.0553
6,256,20945.3996,0,19.9042,36.6833,36.6833,74.5482
6,257,20988.2684,0,6.8367,17.886,17.886,46.8713
6,258,21119.3449,0,7.5111,18.3151,18.3151,58.3394
6,259,21140.9299,0,6.7755,12.4713,12.4713,80.2754
6,260,21372.9308,0,10.6876,16.2978,16.2978,66.4546
6,261,21400.4421,0,0.5239,3.2815,3.2815,54.7195
6,262,21447.8601,0,11.9547,20.0077,20.0077,63.4307
6,263,21473.705,0,9.4184,16.4661,16.4661,56.0448
6,264,21684.8926,0,2.2843,7.2222,7.2222,67.8665
6,265,21757.8232,0,4.8269,7.5066,7.5066,44.8924
6,266,21875.8822,0,9.1919,18.1177,18.1177,75.3992
6,267,21897.4454,0,5.4647,13.7741,13.7741,61.1408
6,268,22213.7224,0,6.2397,12.8623,12.8623,40.0222
6,269,22342.0119,0,7.9755,12.0099,12.0099,38.4679
6,270,22361.3987,0,10.0017,14.3151,14.3151,71.1376
6,271,22376.608,0,4.7845,10.2982,10.2982,71.2996
6,272,22392.3752,0,20.5226,23.6347,23.6347,71.8632
6,273,22425.258,0,18.0349,22.585,22.585,60.4992
6,274,22508.6084,0,1.8735,7.7614,7.7614,47.2602
6,275,22528.2104,0,4.8878,6.639,6.639,50.2821
6,276,22862.4268,0,6.3314,8.4454,8.4454,38.649
6,277,22956.8886,0,4.2209,10.6616,10.6616,72.9214
6,278,23140.4818,0,10.0108,18.1484,18.1484,42.6196
6,279,23208.4964,0,4.5014,20.7939,20.7939,38.7741
6,280,23314.8563,0,15.3849,19.2486,19.2486,60.3496
6,281,23558.873,0,16.035,19.7114,19.7114,85.5993
6,282,23585.2407,0,9.0178,17.5037,17.5037,72.3084
6,283,23584.8898,0,16.069,19.5891,19.5891,75.9248
6,284,23599.2687,0,19.3609,26.6453,26.6453,63.1091
6,285,23653.2404,0,19.5675,27.6628,27.6628,62.4843
6,286,23704.1123,0,14.7789,18.1338,18.1338,69.527
6,287,23882.1703,0,8.0827,12.0279,12.0279,32.1413
6,288,24074.1308,0,2.0116,9.677,9.677,54.3299
6,289,24106.9845,0,3.7515,15.8385,15.8385,58.518
6,290,24166.5006,0,6.2919,12.9184,12.9184,29.4993
6,291,24230.8143,0,7.1105,8.9916,8.9916,48.6803
6,292,24246.13,0,0.8877,4.6231,4.6231,60.6226
6,293,24397.4798,0,13.9838,19.1848,19.1848,49.8868
6,294,25254.3001,0,17.4803,30.3758,30.3758,77.1993
6,295,25358.0133,0,7.9265,11.4033,11.4033,90.6158
6,296,25486.3622,0,8.7163,14.9941,14.9941,40.9435
6,297,25510.1177,0,3.8847,8.8113,8.8113,31.6732
6,298,25716.8732,0,2.0511,4.9219,4.9219,62.4435
6,299,25742.574,0,13.8087,20.2192,20.2192,58.0041
6,300,26181.2466,0,7.4769,9.306,9.306,37.9689
6,301,26186.0033,0,5.7987,10.3844,10.3844,40.5022
6,302,26229.6542,0,1.1966,5.169,5.169,73.3038
6,303,26469.2747,0,10.9116,18.6435,18.6435,39.8101
6,304,26564.4576,0,7.6515,13.1157,13.1157,56.361
6,305,26630.8978,0,9.4922,13.9834,13.9834,30.512
6,306,26674.4028,0,3.9133,6.8895,6.8895,69.4051
6,307,26744.1132,0,6.1919,10.1912,10.1912,69.7727
6,308,26743.2076,0,10.1568,21.701,21.701,74.7837
6,309,26753.4307,0,19.8068,24.6427,24.6427,69.6917
6,310,26863.412,0,0.7535,5.8382,5.8382,47.2173
6,311,26870.2893,0,16.1982,18.1261,18.1261,72.2416
6,312,26954.8161,0,5.4937,11.0535,11.0535,41.626
6,313,26981.5806,0,7.0969,16.1351,16.1351,65.7607
6,314,27302.1857,0,5.5238,7.5806,7.5806,45.7298
6,315,27398.7993,0,2.9573,8.2893,8.2893,55.0978
6,316,27417.47,0,9.8607,14.9236,14.9236,94.6224
6,317,27940.1574,0,1.8819,7.0257,7.0257,56.5897
6,318,27960.2622,0,16.3272,20.7032,20.7032,68.6177
6,319,28013.7842,0,12.6183,17.6501,17.6501,41.8052
6,320,28055.8389,0,8.8393,12.0122,12.0122,41.2068
6,321,28144.5736,0,4.0913,7.2181,7.2181,52.3469
6,322,28180.0587,0,9.5124,13.926,13.926,54.3813
6,323,28220.9351,0,1.4093,8.0078,8.0078,48.843
6,324,28311.6387,0,1.3873,10.4783,10.4783,43.8322
6,325,28348.5054,0,4.9384,9.3402,9.3402,46.0374
6,326,28403.3517,0,5.9509,11.9964,11.9964,43.2857
6,327,28421.9132,0,18.4687,20.4049,20.4049,61.1792
6,328,28522.1514,0,4.649,16.2082,16.2082,44.3599
6,329,28588.0435,0,2.5655,18.4871,18.4871,41.1934
6,330,28716.6756,0,15.2682,17.4282,17.4282,58.1768
6,331,28828.2018,0,2.1048,22.3633,22.3633,67.5418
6,332,28870.0598,0,3.6945,8.8498,8.8498,48.8857
6,333,29066.641,0,9.3818,11.1792,11.1792,41.0923
6,334,29275.3864,0,2.7015,4.3098,4.3098,40.9687
6,335,29426.429,0,6.7263,10.4271,10.4271,33.7584
6,336,29456.5369,0,13.1962,18.083,18.083,79.0981
6,337,29510.4023,0,8.9943,13.8314,13.8314,56.996
6,338,29664.4243,0,10.8037,19.071,19.071,61.9676
6,339,29697.2441,0,17.4352,30.1144,30.1144,66.4365
6,340,29730.9331,0,17.2035,20.2706,20.2706,46.8332
6,341,29928.2064,0,5.8537,10.3591,10.3591,49.8232
6,342,29963.7372,0,17.3643,26.3993,26.3993,72.7849
6,343,30051.916,0,11.2607,15.5792,15.5792,79.6481
6,344,30234.5828,0,5.2648,25.1182,25.1182,73.1774
6,345,30259.2249,0,5.806,13.8199,13.8199,57.5616
6,346,30309.9847,0,1.7777,6.6661,6.6661,38.4566
6,347,30399.0002,0,2.3456,7.4295,7.4295,47.8178
6,348,30795.3438,0,9.001,9.9558,9.9558,69.0845
6,349,30813.122,0,3.1753,12.1299,12.1299,53.5103
6,350,30848.0282,0,3.7804,8.0637,8.0637,76.4435
6,351,30894.6079,0,4.0904,6.6726,6.6726,35.8435
6,352,30903.4968,0,5.8752,13.9409,13.9409,72.363
6,353,30963.2279,0,2.9017,4.2684,4.2684,50.7833
6,354,31007.0782,0,0.8475,7.5536,7.5536,132.5907
6,355,31026.4736,0,0.8018,9.8556,9.8556,129.9031
6,356,31095.2421,0,4.6092,10.8263,10.8263,76.8973
6,357,31097.0623,0,6.8194,10.7654,10.7654,104.1826
6,358,31140.8359,0,5.274,9.6182,9.6182,100.9214
6,359,31372.3127,0,7.5538,15.8767,15.8767,66.9419
6,360,31419.7418,0,8.4013,10.4981,10.4981,51.2691
6,361,31562.9668,0,3.5859,25.8458,25.8458,85.4193
6,362,31610.5804,0,10.1271,15.7202,15.7202,57.9879
6,363,31635.7148,0,4.0868,9.8099,9.8099,101.9902
6,364,31791.4582,0,4.6991,11.2505,11.2505,22.6278
6,365,32264.7706,0,6.1087,6.7696,6.7696,43.5807
6,366,32389.7534,0,12.5726,17.3198,17.3198,64.6895
6,367,32532.9931,0,5.2208,7.1728,7.1728,39.8776
6,368,32537.7083,0,8.5877,11.2147,11.2147,55.0746
6,369,32652.1668,0,6.0996,18.4709,18.4709,53.0082
6,370,32902.6616,0,1.8921,13.8298,13.8298,29.4532
6,371,32918.3749,0,9.72,13.9004,13.9004,65.6391
6,372,33011.2321,0,11.4187,23.7193,23.7193,93.278
6,373,33213.4822,0,9.9102,12.0814,12.0814,39.755
6,374,33268.1056,0,1.9918,6.3239,6.3239,46.2051
6,375,33409.9429,0,2.8193,9.6058,9.6058,49.6563
6,376,33664.593,0,5.8007,12.0978,12.0978,66.9972
6,377,33736.0387,0,2.7801,8.5635,8.5635,71.8098
6,378,33869.0029,0,12.5435,16.4702,16.4702,39.9401
6,379,34257.5414,0,14.4701,19.2342,19.2342,47.8483
6,380,34304.0578,0,9.3168,12.1359,12.1359,91.8074
6,381,34571.3091,0,3.2373,9.4501,9.4501,38.9642
6,382,34589.6853,0,3.8062,6.7932,6.7932,72.5847
6,383,34784.1474,0,9.8198,12.5226,12.5226,75.7762
6,384,34877.514,0,8.2955,12.5583,12.5583,51.519
6,385,35043.6689,0,3.0805,9.5966,9.5966,55.4804
6,386,35080.7705,0,1.2435,5.9683,5.9683,36.0549
6,387,35103.3685,0,19.2916,23.7428,23.7428,53.3894
6,388,35164.9687,0,8.5109,14.392,14.392,47.7734
6,389,35202.3421,0,4.9581,7.0733,7.0733,42.2712
6,390,35240.0727,0,2.6318,9.6675,9.6675,46.3371
6,391,35244.3241,0,17.0726,23.6698,23.6698,69.1252
6,392,35353.1752,0,2.3911,4.4704,4.4704,61.29
6,393,35419.7007,0,17.9305,22.5473,22.5473,58.4462
6,394,35571.9425,0,7.2231,23.1961,23.1961,48.7625
6,395,35683.4246,0,5.9327,7.6646,7.6646,39.2249
6,396,35771.5653,0,9.9694,19.7164,19.7164,54.3276
6,397,35793.6298,0,8.4524,15.0601,15.0601,77.429
6,398,35905.614,0,8.4413,10.3757,10.3757,52.984
6,399,36068.6395,0,13.1606,17.1861,17.1861,60.8468
6,400,36138.4412,0,13.5691,15.3081,15.3081,58.3745
6,401,36413.2354,0,1.3828,14.1433,14.1433,28.7629
6,402,36545.4806,0,8.3143,27.9963,27.9963,69.3315
6,403,36676.7751,0,2.2579,3.6945,3.6945,46.7567
6,404,36733.4984,0,6.1505,19.7819,19.7819,67.3835
6,405,36740.9844,0,9.1761,19.4351,19.4351,96.2256
6,406,36816.7265,0,0.962,2.8111,2.8111,38.378
6,407,36884.9447,0,4.2894,8.8415,8.8415,66.9764
6,408,37239.7903,0,8.3594,15.2956,15.2956,52.5876
6,409,37393.7531,0,1.5936,4.6713,4.6713,33.3435
6,410,37393.8024,0,3.1137,7.5653,7.5653,41.6908
6,411,37433.0955,0,8.3913,12.4386,12.4386,46.7203
6,412,37420.8197,0,17.8248,25.3187,25.3187,59.0351
6,413,37600.1268,0,2.7007,9.5944,9.5944,63.5973
6,414,37704.8433,0,4.038,7.7121,7.7121,63.3961
6,415,37910.4758,0,8.1821,14.1179,14.1179,51.5315
6,416,37942.5638,0,10.5784,14.5968,14.5968,50.4177
6,417,37953.1248,0,17.8694,22.005,22.005,59.7419
6,418,37993.7116,0,3.6399,6.7184,6.7184,38.1042
6,419,38030.1354,0,3.6188,12.0476,12.0476,61.6731
6,420,38015.7988,0,10.0185,35.769,35.769,71.3867
6,421,38055.3852,0,8.0018,16.9491,16.9491,58.3444
6,422,38338.5582,0,6.8654,11.1066,11.1066,54.7179
6,423,38369.1793,0,9.7666,14.03,14.03,62.9085
6,424,38381.8,0,8.1661,10.8489,10.8489,59.619
6,425,38365.8046,0,2.8541,48.1756,48.1756,109.3326
6,426,38478.1768,0,4.9279,6.6051,6.6051,58.3049
6,427,38475.0712,0,2.7559,25.3457,25.3457,81.3616
6,428,38590.2884,0,6.579,7.6883,7.6883,34.8394
6,429,38598.9702,0,6.037,28.7573,28.7573,60.2647
6,430,38656.5558,0,8.9937,12.8471,12.8471,62.9634
6,431,38684.0319,0,13.4461,17.4642,17.4642,64.232
6,432,38766.4004,0,12.5484,18.4631,18.4631,56.5938
6,433,38880.0138,0,8.9649,15.302,15.302,35.9113
6,434,38957.8252,0,6.2057,15.389,15.389,48.0087
6,435,38960.061,0,4.1275,15.234,15.234,48.9401
6,436,38972.7555,0,7.1551,9.9595,9.9595,60.4111
6,437,38966.7151,0,12.3078,19.7365,19.7365,81.6538
6,438,39078.8022,0,6.54,10.3478,10.3478,54.1952
6,439,39124.6198,0,6.8119,13.8433,13.8433,45.987
6,440,39557.4647,0,18.5824,23.1128,23.1128,86.404
6,441,39655.333,0,5.0373,6.5249,6.5249,48.8786
6,442,39770.1685,0,6.2397,10.9468,10.9468,33.1907
6,443,40225.5142,0,2.7586,27.6716,27.6716,87.9471
6,444,40542.1355,0,9.0189,16.3391,16.3391,85.8984
6,445,40626.351,0,4.018,11.4119,11.4119,53.7425
6,446,40694.0471,0,7.8277,11.7004,11.7004,60.0925
6,447,40939.5084,0,10.3405,12.2285,12.2285,55.9695
6,448,40953.5363,0,9.479,19.6791,19.6791,50.2352
6,449,40978.2567,0,7.9482,27.6906,27.6906,36.2588
6,450,41002.3993,0,9.9079,14.9085,14.9085,83.3833
6,451,41162.059,0,8.6253,13.5025,13.5025,49.3019
6,452,41183.146,0,1.8047,5.0152,5.0152,71.683
6,453,41202.8037,0,14.4572,18.7251,18.7251,105.7932
6,454,41257.7621,0,6.0652,7.7052,7.7052,62.122
6,455,41368.2062,0,6.5565,12.189,12.189,50.2919
6,456,41624.836,0,14.4209,25.2166,25.2166,67.3631
6,457,41725.9856,0,10.5588,36.1712,36.1712,70.1073
6,458,41776.3901,0,6.4586,10.1607,10.1607,33.4121
6,459,42011.835,0,4.8452,8.3801,8.3801,35.0611
6,460,42293.1611,0,6.8194,16.3884,16.3884,41.4359
6,461,42329.3186,0,15.7808,27.8974,27.8974,62.9116
6,462,42400.3656,0,10.4976,12.8646,12.8646,61.4609
6,463,42449.9001,0,10.9728,13.1535,13.1535,59.7449
6,464,42508.0667,0,6.8196,10.2055,10.2055,41.9288
6,465,42576.4827,0,15.3218,23.1819,23.1819,77.2662
6,466,42743.4517,0,6.1924,7.487,7.487,56.2555
6,467,42764.0575,0,2.2022,8.2651,8.2651,42.3051
6,468,43004.1447,0,2.5852,8.3722,8.3722,66.5327
7,1,0.0,0,9.7383,20.3912,20.3912,76.8827
7,2,35.0893,0,18.7279,23.678,23.678,83.6784
7,3,208.1587,0,5.4061,5.764,5.764,32.7227
7,4,535.8859,0,8.8949,13.5258,13.5258,49.6508
7,5,716.2397,0,13.221,16.617,16.617,44.2508
7,6,733.8977,0,20.8579,27.3543,27.3543,58.7025
7,7,981.3187,0,2.9849,7.3382,7.3382,33.4587
7,8,1113.3616,0,11.1147,15.3771,15.3771,64.6052
7,9,1242.3124,0,8.2428,16.7481,16.7481,56.94
7,10,1264.8469,0,1.2715,4.3436,4.3436,52.9054
7,11,1333.971,0,6.3991,10.0238,10.0238,45.6271
7,12,1353.9045,0,4.6288,14.3091,14.3091,39.4405
7,13,1460.0167,0,8.3726,14.5531,14.5531,85.057
7,14,1649.5818,0,6.6321,9.7327,9.7327,49.8024
7,15,1931.8111,0,12.206,22.1456,22.1456,51.0918
7,16,1955.672,0,8.1019,10.2392,10.2392,51.1001
7,17,1960.7257,0,19.7836,22.0771,22.0771,72.6181
7,18,1977.6175,0,29.3931,34.898,34.898,82.3795
7,19,1999.2013,0,14.7815,20.7961,20.7961,67.1864
7,20,2221.9695,0,2.2324,10.3126,10.3126,32.7191
7,21,2384.0307,0,5.8111,9.3673,9.3673,51.0777
7,22,2401.7108,0,14.3054,17.6791,17.6791,51.484
7,23,2627.7881,0,5.9019,7.1398,7.1398,34.5741
7,24,2647.1226,0,7.913,10.2657,10.2657,64.1802
7,25,2807.5431,0,8.075,13.3914,13.3914,56.9195
7,26,2889.5018,0,8.6532,12.6402,12.6402,65.7064
7,27,2882.3915,0,3.3336,23.2659,23.2659,93.3449
7,28,2961.209,0,8.2868,16.3188,16.3188,45.8034
7,29,3041.6857,0,5.9972,8.8754,8.8754,37.5905
7,30,3285.382,0,4.8866,17.6847,17.6847,45.4178
7,31,3312.3695,0,9.9102,17.8587,17.8587,54.2579
7,32,3531.3391,0,10.8037,20.8489,20.8489,44.7649
7,33,3644.7788,0,12.8437,20.1487,20.1487,71.6394
7,34,3723.8633,0,3.1348,6.8768,6.8768,60.8046
7,35,4021.5929,0,0.8441,7.9868,7.9868,55.7775
7,36,4030.1089,0,11.9093,18.0333,18.0333,56.4508
7,37,4084.8209,0,2.6066,62.6066,62.6066,89.9288
7,38,4314.3979,0,2.9783,16.1572,16.1572,63.3867
7,39,4392.7324,0,6.3559,7.4824,7.4824,57.0623
7,40,4397.9918,0,7.3458,11.9042,11.9042,72.3097
7,41,4708.5076,0,2.6637,5.6105,5.6105,55.2487
7,42,4729.2983,0,1.1773,13.1577,13.1577,83.4224
7,43,4897.9638,0,2.9678,12.9692,12.9692,59.2532
7,44,4914.49,0,3.0504,9.1019,9.1019,83.6875
7,45,4987.3889,0,6.1835,7.453,7.453,32.1952
7,46,5099.4811,0,10.4468,15.8949,15.8949,67.2773
7,47,5120.4198,0,16.4471,27.1559,27.1559,60.509
7,48,5254.9163,0,6.0393,10.8674,10.8674,53.0465
7,49,5298.2945,0,15.8494,20.099,20.099,59.2105
7,50,5306.3246,0,11.6365,17.1352,17.1352,74.2288
7,51,5430.5199,0,8.3069,14.7659,14.7659,33.363
7,52,5473.0821,0,11.719,16.6314,16.6314,98.2563
7,53,5545.8899,0,13.5584,20.7004,20.7004,50.8
7,54,5592.3019,0,8.6464,11.3861,11.3861,35.2348
7,55,5654.3527,0,10.8853,22.9789,22.9789,65.1164
7,56,5748.5147,0,6.9021,19.9327,19.9327,71.5971
7,57,5793.6045,0,3.4004,9.4758,9.4758,77.4331
7,58,5873.5576,0,3.5571,7.1731,7.1731,35.8971
7,59,6057.2988,0,6.4617,8.9341,8.9341,68.3658
7,60,6088.4431,0,4.516,8.2025,8.2025,51.2311
7,61,6283.4253,0,19.6339,23.0006,23.0006,75.9133
7,62,6313.0508,0,5.9349,8.7573,8.7573,51.8379
7,63,6300.2719,0,14.847,21.746,21.746,75.8392
7,64,6328.8112,0,0.0701,5.7624,5.7624,51.5794
7,65,6322.493,0,14.742,21.9409,21.9409,63.683
7,66,6348.2113,0,21.4708,24.7011,24.7011,83.8349
7,67,6390.0208,0,9.3104,12.8292,12.8292,94.5754
7,68,6533.1181,0,18.9158,23.5774,23.5774,48.011
7,69,6653.9467,0,8.3256,13.0512,13.0512,53.2325
7,70,6665.9952,0,11.7888,17.4918,17.4918,47.5194
7,71,6829.9913,0,15.6217,25.0461,25.0461,58.7932
7,72,6876.3001,0,18.7717,20.6416,20.6416,45.0021
7,73,6916.0978,0,13.8871,16.6213,16.6213,42.6433
7,74,6929.4184,0,8.3904,17.3643,17.3643,80.9682
7,75,7197.1096,0,14.3386,24.9386,24.9386,78.0984
7,76,7238.1822,0,1.2776,8.1319,8.1319,60.0698
7,77,7301.3595,0,7.904,11.5404,11.5404,64.8804
7,78,7437.566,0,3.4749,6.9055,6.9055,40.3804
7,79,7439.3665,0,16.944,25.3373,25.3373,73.591
7,80,7621.9361,0,4.6519,6.6749,6.6749,40.7748
7,81,7663.4636,0,8.8495,19.5911,19.5911,60.4753
7,82,7848.76,0,5.6455,11.0821,11.0821,46.8943
7,83,7862.2243,0,9.1761,21.9548,21.9548,31.6319
7,84,7872.9695,0,12.3209,14.275,14.275,88.0707
7,85,7897.2884,0,19.8443,23.2539,23.2539,49.2356
7,86,7910.2315,0,13.1482,14.5794,14.5794,67.3553
7,87,7945.1002,0,20.6798,25.377,25.377,70.0419
7,88,7956.3266,0,23.9283,30.9275,30.9275,87.1198
7,89,8016.3339,0,4.3514,8.5463,8.5463,53.3774
7,90,8020.019,0,10.5952,13.7794,13.7794,67.5196
7,91,8073.4082,0,11.7819,16.1837,16.1837,64.5069
7,92,8118.2102,0,11.6163,15.0286,15.0286,43.9487
7,93,8161.0149,0,17.6798,20.358,20.358,54.0627
7,94,8171.5211,0,5.7582,11.439,11.439,80.1569
7,95,8411.1636,0,10.4815,16.1746,16.1746,53.0519
7,96,8516.4029,0,15.6593,44.092,44.092,108.5038
7,97,8894.7203,0,1.1773,4.3739,4.3739,78.9586
7,98,9065.5569,0,4.237,5.5453,5.5453,45.5444
7,99,9411.2876,0,8.9148,17.2047,17.2047,70.0135
7,100,9469.6904,0,5.1108,8.618,8.618,45.853
7,101,9480.6641,0,2.2739,7.7371,7.7371,75.0962
7,102,9482.0232,0,11.2224,15.6062,15.6062,80.4028
7,103,9512.3915,0,12.0767,13.8774,13.8774,57.2231
7,104,9565.8434,0,7.8894,10.3691,10.3691,66.3862
7,105,9756.5208,0,1.4518,4.1846,4.1846,89.9233
7,106,9861.2602,0,12.431,19.1861,19.1861,72.9641
7,107,9925.2502,0,4.8226,7.7768,7.7768,55.1676
7,108,9983.4647,0,2.2652,16.6425,16.6425,39.2736
7,109,10387.1271,0,6.1869,13.3685,13.3685,51.0041
7,110,10587.1451,0,11.7259,14.1782,14.1782,62.1962
7,111,10604.9869,0,2.319,5.8314,5.8314,71.2684
7,112,10805.378,0,4.7614,10.8067,10.8067,61.4335
7,113,11153.9323,0,12.849,14.1737,14.1737,39.0878
7,114,11157.412,0,10.9427,15.5792,15.5792,39.5546
7,115,11189.3353,0,12.6212,13.88,13.88,51.0861
7,116,11243.861,0,6.8652,14.8076,14.8076,49.1827
7,117,11494.1841,0,0.3386,8.2459,8.2459,54.2574
7,118,11551.5618,0,7.3469,12.7607,12.7607,29.3033
7,119,11562.8353,0,6.5667,10.1205,10.1205,51.4956
7,120,12129.4092,0,2.6345,8.6934,8.6934,33.055
7,121,12192.1346,0,15.4908,18.4882,18.4882,60.2455
7,122,12221.402,0,1.9143,8.2323,8.2323,42.5986
7,123,12220.8994,0,13.0896,17.1772,17.1772,60.8161
7,124,12453.3006,0,10.1702,18.7351,18.7351,72.4224
7,125,12529.9652,0,8.274,12.2339,12.2339,55.8212
7,126,12517.3759,0,7.0532,45.4052,45.4052,83.6567
7,127,12678.0703,0,1.4518,4.018,4.018,29.8398
7,128,12757.7056,0,1.9303,4.2947,4.2947,64.158
7,129,12765.2829,0,2.8133,13.0704,13.0704,92.5503
7,130,13068.5126,0,9.0163,29.8873,29.8873,88.8343
7,131,13107.6916,0,8.6185,11.3169,11.3169,82.6108
7,132,13122.3732,0,13.2984,16.297,16.297,79.4596
7,133,13123.1428,0,17.3904,21.6641,21.6641,86.806
7,134,13182.4504,0,11.6863,17.3455,17.3455,72.8847
7,135,13362.5694,0,2.4454,18.9726,18.9726,40.4336
7,136,13540.7663,0,13.3145,15.6186,15.6186,29.8939
7,137,13577.5526,0,6.8289,9.3939,9.3939,100.0193
7,138,13617.7629,0,5.2046,9.2047,9.2047,62.142
7,139,13642.6241,0,7.9473,23.7924,23.7924,62.7719
7,140,13680.9964,0,9.7924,11.9868,11.9868,37.1918
7,141,13682.7686,0,11.2606,12.5307,12.5307,45.4113
7,142,13756.0929,0,9.6249,13.5113,13.5113,46.315
7,143,13827.7487,0,4.9863,9.6059,9.6059,43.2465
7,144,13909.1617,0,5.2461,11.8553,11.8553,77.903
7,145,14152.8356,0,1.701,5.5998,5.5998,84.3697
7,146,14168.4315,0,0.759,7.2713,7.2713,81.737
7,147,14236.4503,0,4.1754,7.6536,7.6536,54.1745
7,148,14269.5352,0,4.0868,9.4315,9.4315,58.9922
7,149,14447.7472,0,2.4454,7.2462,7.2462,51.6003
7,150,14632.4918,0,6.6321,11.225,11.225,52.6397
7,151,14856.5142,0,3.9955,7.0143,7.0143,39.1166
7,152,14947.1766,0,7.7712,16.5717,16.5717,34.8387
7,153,14945.9557,0,4.7571,17.8075,17.8075,53.7069
7,154,15052.1003,0,13.317,19.1035,19.1035,39.5362
7,155,15080.1271,0,7.134,8.8672,8.8672,42.1733
7,156,15075.2379,0,13.6645,27.3228,27.3228,49.0878
7,157,15220.8311,0,13.3015,18.2951,18.2951,71.5829
7,158,15244.6901,0,13.4326,16.3526,16.3526,67.8169
7,159,15324.8881,0,4.1128,10.4068,10.4068,46.9687
7,160,15375.2202,0,9.1209,13.7724,13.7724,64.0732
7,161,15530.4913,0,2.792,9.6064,9.6064,49.9259
7,162,15541.6211,0,6.2173,16.0882,16.0882,45.1013
7,163,15578.6926,0,11.7523,23.2035,23.2035,54.3824
7,164,15615.0822,0,9.4732,35.952,35.952,61.6232
7,165,15709.4986,0,10.5933,17.2328,17.2328,44.2273
7,166,15862.9204,0,7.3845,14.7182,14.7182,73.0004
7,167,15945.9506,0,12.0191,16.0633,16.0633,62.0273
7,168,16410.482,0,4.5456,7.5602,7.5602,52.908
7,169,16444.7746,0,9.9415,15.4011,15.4011,53.5029
7,170,16449.7902,0,12.1957,30.7443,30.7443,83.9884
7,171,16495.5372,0,9.3894,18.9404,18.9404,61.9959
7,172,16522.9033,0,6.2116,17.8225,17.8225,101.0712
7,173,16584.8548,0,8.9855,17.0448,17.0448,51.0812
7,174,16605.0772,0,5.7874,14.1652,14.1652,61.1964
7,175,16622.9426,0,18.8598,23.8332,23.8332,49.3309
7,176,16693.777,0,4.8378,12.5074,12.5074,57.5749
7,177,16817.7839,0,7.2592,10.0633,10.0633,44.9629
7,178,16822.8641,0,4.3684,12.485,12.485,65.7021
7,179,16907.5322,0,2.5655,9.0561,9.0561,61.5948
7,180,17033.7117,0,11.426,17.1563,17.1563,50.0119
7,181,17086.9949,0,6.0354,7.8851,7.8851,62.7558
7,182,17109.5302,0,2.3321,27.5423,27.5423,36.9364
7,183,17151.0341,0,4.0831,7.9518,7.9518,87.2891
7,184,17363.4924,0,11.3358,16.4139,16.4139,49.131
7,185,17811.3647,0,9.2166,16.4829,16.4829,39.2951
7,186,17815.7887,0,9.7899,18.1022,18.1022,84.9027
7,187,17836.36,0,1.9181,5.4821,5.4821,57.6835
7,188,17853.3638,0,3.538,5.449,5.449,93.9455
7,189,18000.8678,0,7.3388,21.617,21.617,48.507
7,190,18152.8707,0,6.1092,11.7456,11.7456,43.1283
7,191,18181.7884,0,9.479,12.7374,12.7374,64.9264
7,192,18205.2004,0,1.4449,2.925,2.925,53.9116
7,193,18333.8122,0,8.6842,18.5695,18.5695,59.7199
7,194,18347.001,0,13.4565,20.6381,20.6381,51.2985
7,195,18375.8948,0,14.3496,19.8229,19.8229,116.779
7,196,18437.4826,0,4.9972,8.294,8.294,63.0972
7,197,18535.3465,0,4.6742,8.1363,8.1363,43.0771
7,198,18579.3651,0,6.8831,11.8068,11.8068,108.312
7,199,18763.3711,0,7.3185,12.9048,12.9048,58.2401
7,200,18763.9178,0,5.2648,41.2048,41.2048,79.441
7,201,18809.4559,0,2.3792,12.6537,12.6537,54.5844
7,202,18820.6037,0,9.1293,19.0207,19.0207,94.2588
7,203,18900.2188,0,12.9479,18.6966,18.6966,70.0476
7,204,18978.2785,0,5.1681,19.194,19.194,140.4313
7,205,19204.656,0,11.8039,19.9066,19.9066,87.6533
7,206,19297.2909,0,12.7637,20.9422,20.9422,49.0877
7,207,19445.2911,0,9.4564,16.716,16.716,40.5172
7,208,19461.8151,0,12.7801,14.3289,14.3289,41.4823
7,209,19470.8609,0,15.4352,25.8485,25.8485,49.8614
7,210,19613.6132,0,10.2893,14.9655,14.9655,61.1685
7,211,19654.3804,0,18.5845,28.5963,28.5963,86.1475
7,212,19710.8789,0,8.3335,10.402,10.402,52.1026
7,213,19814.2405,0,14.867,25.1591,25.1591,50.0579
7,214,19837.9345,0,15.8173,16.958,16.958,53.3751
7,215,19876.4939,0,0.3444,5.5356,5.5356,48.9953
7,216,20032.7418,0,8.3639,14.5469,14.5469,48.9335
7,217,20329.6463,0,8.6405,21.2429,21.2429,53.7943
7,218,20667.7068,0,2.4461,5.9349,5.9349,51.538
7,219,20740.8135,0,1.759,15.8756,15.8756,37.2096
7,220,20748.6316,0,10.1935,12.9034,12.9034,83.6091
7,221,20833.3045,0,5.0102,9.4076,9.4076,43.0066
7,222,21090.4696,0,8.8221,12.7174,12.7174,72.0496
7,223,21233.6993,0,11.1453,15.1553,15.1553,57.6671
7,224,21300.9175,0,5.1693,7.2962,7.2962,45.7268
7,225,21511.4748,0,9.091,18.9973,18.9973,55.9388
7,226,21537.4057,0,16.0039,19.9282,19.9282,100.8713
7,227,21581.8991,0,17.8981,25.2733,25.2733,72.3341
7,228,21649.1495,0,11.3251,17.0388,17.0388,53.0847
7,229,22051.4783,0,6.2712,10.7176,10.7176,42.4666
7,230,22115.3325,0,9.9624,16.082,16.082,46.8939
7,231,22154.5527,0,12.937,21.6725,21.6725,59.0712
7,232,22211.0778,0,8.3335,16.0731,16.0731,63.1207
7,233,22227.5716,0,6.8995,13.2852,13.2852,80.026
7,234,22347.2532,0,7.0283,9.2698,9.2698,63.605
7,235,22363.3737,0,18.2928,22.8552,22.8552,86.659
7,236,22429.9392,0,5.9464,13.2157,13.2157,62.5042
7,237,22492.7453,0,1.4636,6.569,6.569,46.4842
7,238,22573.9039,0,7.1872,10.0342,10.0342,60.006
7,239,22676.3978,0,2.8991,7.1659,7.1659,63.509
7,240,22776.9172,0,2.1906,19.4449,19.4449,65.228
7,241,22828.3619,0,2.2314,9.7291,9.7291,47.5051
7,242,22843.4109,0,2.8075,9.2299,9.2299,36.6368
7,243,22858.1943,0,14.9838,18.0991,18.0991,64.4995
7,244,22971.5064,0,7.845,11.248,11.248,98.2344
7,245,23223.4492,0,1.5885,10.023,10.023,67.4964
7,246,23453.0966,0,3.1463,5.6064,5.6064,35.5855
7,247,23721.7105,0,12.6266,16.9789,16.9789,58.2398
7,248,23760.7707,0,13.7543,21.2994,21.2994,59.909
7,249,23756.1773,0,3.2717,35.7498,35.7498,69.9334
7,250,23790.2554,0,2.0804,2.9087,2.9087,59.5505
7,251,23774.1917,0,18.7073,28.4982,28.4982,52.0149
7,252,23877.5951,0,12.4479,17.0913,17.0913,54.5356
7,253,23875.5079,0,2.364,27.1803,27.1803,104.314
7,254,24003.7081,0,4.6852,13.0594,13.0594,67.3525
7,255,24006.5679,0,10.4448,19.4689,19.4689,102.1008
7,256,24058.7034,0,16.795,21.0532,21.0532,56.6919
7,257,24095.3938,0,8.5878,11.8792,11.8792,64.1631
7,258,24089.1771,0,5.7448,19.0208,19.0208,74.5862
7,259,24108.381,0,16.9319,39.6714,39.6714,62.5439
7,260,24127.28,0,19.3077,22.3573,22.3573,49.7556
7,261,24170.448,0,4.0672,9.5361,9.5361,46.434
7,262,24292.3145,0,10.0832,13.9381,13.9381,52.527
7,263,24459.4237,0,2.5069,7.6821,7.6821,78.4454
7,264,24559.5868,0,3.233,13.3879,13.3879,56.567
7,265,24810.8564,0,2.9249,12.5342,12.5342,92.0582
7,266,25074.1322,0,8.4324,18.2836,18.2836,40.2298
7,267,25130.0309,0,0.5736,4.8404,4.8404,60.28
7,268,25133.5975,0,8.6538,12.8005,12.8005,75.9402
7,269,25168.9714,0,7.0368,13.0267,13.0267,71.6208
7,270,25188.9481,0,4.9354,15.5809,15.5809,63.3178
7,271,25268.6164,0,12.5435,14.682,14.682,71.6938
7,272,25379.6051,0,12.9774,17.642,17.642,51.301
7,273,25443.9225,0,6.5565,10.9092,10.9092,59.1053
7,274,25516.8218,0,10.8019,13.3705,13.3705,59.3257
7,275,25645.5933,0,5.3355,7.0616,7.0616,30.7944
7,276,25752.6563,0,8.7681,12.9851,12.9851,55.4842
7,277,26060.8046,0,2.6478,5.3055,5.3055,67.0132
7,278,26115.835,0,4.659,17.4959,17.4959,42.9757
7,279,26217.3802,0,6.7504,10.2455,10.2455,65.2295
7,280,26476.1345,0,5.3899,10.963,10.963,50.263
7,281,26476.5215,0,2.4893,11.3018,11.3018,65.3015
7,282,26551.6101,0,6.5608,11.4649,11.4649,46.2056
7,283,26604.2523,0,10.1894,15.5494,15.5494,61.2849
7,284,26725.6145,0,6.2119,13.4674,13.4674,38.3429
7,285,26763.6908,0,3.2627,8.5764,8.5764,51.9663
7,286,27060.3918,0,10.0037,15.5713,15.5713,61.486
7,287,27161.7717,0,1.4831,4.197,4.197,45.267
7,288,27217.2767,0,2.696,14.4541,14.4541,55.3703
7,289,27220.5856,0,14.4701,26.1131,26.1131,61.5691
7,290,27515.0186,0,3.6914,8.2365,8.2365,69.0597
7,291,27559.3055,0,7.0304,10.8551,10.8551,48.8218
7,292,27779.6615,0,1.1267,7.6202,7.6202,45.7054
7,293,27819.65,0,2.3792,4.3894,4.3894,39.1935
7,294,27840.5133,0,1.6612,2.9635,2.9635,39.9237
7,295,28111.6902,0,8.015,8.9889,8.9889,77.4204
7,296,28107.3974,0,15.0499,23.185,23.185,94.6406
7,297,28175.7494,0,9.1318,31.7315,31.7315,84.4307
7,298,28224.3876,0,1.6933,3.6839,3.6839,53.8455
7,299,28285.7099,0,8.9833,10.3064,10.3064,35.2965
7,300,28299.7766,0,6.7365,12.3379,12.3379,51.8444
7,301,28348.265,0,8.86,10.676,10.676,31.0837
7,302,28357.0721,0,10.6736,11.7982,11.7982,46.3381
7,303,28452.4433,0,9.3317,16.6846,16.6846,45.7244
7,304,28611.7022,0,8.5572,11.0,11.0,46.2637
7,305,28637.5193,0,1.6085,8.0584,8.0584,49.6111
7,306,28703.4462,0,10.8853,14.1871,14.1871,47.0705
7,307,28795.8775,0,9.0809,15.5704,15.5704,45.4403
7,308,28960.8009,0,9.2346,15.1864,15.1864,72.4365
7,309,29194.5083,0,5.8117,10.1806,10.1806,43.5559
7,310,29372.981,0,5.4599,27.0066,27.0066,78.763
7,311,29458.3184,0,1.5709,6.4446,6.4446,50.7241
7,312,29467.7816,0,15.5491,19.4217,19.4217,73.9061
7,313,29493.2898,0,7.4766,12.401,12.401,66.8149
7,314,29503.042,0,12.0486,19.5362,19.5362,92.1525
7,315,29602.3712,0,2.4444,7.8318,7.8318,67.0649
7,316,29619.0225,0,7.4834,11.5481,11.5481,60.9527
7,317,29888.5898,0,6.026,16.6535,16.6535,55.7743
7,318,29966.8313,0,6.4658,13.9497,13.9497,50.6586
7,319,30055.9163,0,1.2169,3.4415,3.4415,61.4773
7,320,30046.3803,0,11.0864,19.5838,19.5838,73.5678
7,321,30086.6584,0,9.5246,11.8275,11.8275,52.9766
7,322,30130.1284,0,1.6271,5.406,5.406,43.6784
7,323,30444.7492,0,2.8771,5.3658,5.3658,52.2008
7,324,30508.1864,0,6.2498,12.0654,12.0654,44.6992
7,325,30541.5622,0,1.3862,6.1596,6.1596,55.9412
7,326,30876.6826,0,6.4254,21.6881,21.6881,63.9191
7,327,30928.833,0,2.2878,7.7298,7.7298,40.6782
7,328,31010.7491,0,13.4326,16.8095,16.8095,51.1948
7,329,31191.2082,0,6.3809,13.2475,13.2475,28.1006
7,330,31209.6351,0,4.2644,9.6839,9.6839,83.1242
7,331,31225.2943,0,0.9913,9.6485,9.6485,65.3662
7,332,31351.2082,0,3.417,6.7729,6.7729,36.5214
7,333,31405.8745,0,4.067,11.3101,11.3101,73.8547
7,334,31468.6743,0,9.5393,13.7684,13.7684,46.5642
7,335,31485.1528,0,7.46,11.9043,11.9043,51.8479
7,336,31480.1768,0,15.2482,23.4357,23.4357,57.4267
7,337,31572.1165,0,12.5484,17.5228,17.5228,61.4273
7,338,31598.8291,0,14.2544,15.9302,15.9302,38.4196
7,339,32026.3729,0,4.9368,22.5588,22.5588,43.0642
7,340,32102.5185,0,6.9034,8.0868,8.0868,52.4109
7,341,32127.2138,0,6.8721,22.5408,22.5408,77.2117
7,342,32311.4131,0,5.2995,7.8801,7.8801,38.8491
7,343,32341.3711,0,14.5138,21.4994,21.4994,75.9412
7,344,32390.8937,0,2.7856,6.5595,6.5595,90.4686
7,345,32449.5932,0,10.3302,13.7788,13.7788,71.4964
7,346,32494.7363,0,11.6544,20.433,20.433,82.023
7,347,32571.1156,0,14.4957,18.5749,18.5749,50.8647
7,348,32590.5001,0,12.6766,17.1502,17.1502,75.9397
7,349,32731.7053,0,2.9397,5.3971,5.3971,60.5246
7,350,32721.545,0,10.902,16.0698,16.0698,56.5381
7,351,32771.9316,0,15.354,20.7815,20.7815,59.3879
7,352,33003.3426,0,3.352,13.1463,13.1463,37.8913
7,353,33018.2191,0,1.0146,4.0739,4.0739,31.4739
7,354,33087.1725,0,8.656,10.7901,10.7901,39.0658
7,355,33102.9329,0,9.0044,12.6628,12.6628,39.2862
7,356,33213.7879,0,13.6931,17.7647,17.7647,51.2914
7,357,33348.657,0,6.5201,13.6777,13.6777,62.0629
7,358,33457.2193,0,3.2596,30.0778,30.0778,60.8255
7,359,33671.7855,0,8.3238,18.9429,18.9429,44.9149
7,360,33730.6452,0,8.3335,11.9578,11.9578,49.6855
7,361,33755.8804,0,4.8332,14.4819,14.4819,46.7981
7,362,33760.3281,0,7.6043,11.899,11.899,74.1626
7,363,33878.0229,0,3.2945,7.884,7.884,35.5303
7,364,33908.8337,0,16.9445,19.4926,19.4926,71.685
7,365,34077.0164,0,17.4506,22.1047,22.1047,49.1626
7,366,34148.9969,0,1.8276,3.2742,3.2742,35.6385
7,367,34182.5672,0,9.8235,15.1484,15.1484,48.27
7,368,34199.3857,0,3.5712,30.9878,30.9878,119.8696
7,369,34231.9189,0,2.6802,9.9439,9.9439,98.3769
7,370,34239.6794,0,2.5206,7.8943,7.8943,97.4625
7,371,34357.9962,0,7.3528,12.6704,12.6704,45.917
7,372,34463.6441,0,5.724,17.2178,17.2178,71.613
7,373,34631.4379,0,9.686,18.4193,18.4193,55.6051
7,374,34687.9782,0,14.3058,20.509,20.509,102.4953
7,375,34763.808,0,4.2859,8.7963,8.7963,36.4175
7,376,34974.0764,0,7.253,10.4697,10.4697,33.0808
7,377,35086.6459,0,12.8469,14.3262,14.3262,32.1429
7,378,35101.5108,0,11.2832,24.2487,24.2487,47.926
7,379,35139.595,0,2.818,4.0657,4.0657,127.1162
7,380,35215.8705,0,16.078,17.8663,17.8663,64.3584
7,381,35347.8204,0,3.8485,11.797,11.797,49.2528
7,382,35350.1136,0,13.1786,23.2698,23.2698,51.2674
7,383,35488.8551,0,10.5199,17.7049,17.7049,68.0851
7,384,35461.3717,0,2.9153,60.0969,60.0969,97.4488
7,385,35671.5884,0,3.3361,17.4706,17.4706,115.1629
7,386,35628.9355,0,4.4975,60.6554,60.6554,100.4248
7,387,35848.9648,0,2.016,8.3374,8.3374,69.6909
7,388,35963.5482,0,13.4649,18.2931,18.2931,60.2335
7,389,36084.0771,0,5.918,8.5383,8.5383,60.7535
7,390,36190.8868,0,10.3824,16.2508,16.2508,76.7525
7,391,36282.7899,0,2.3495,4.6488,4.6488,54.848
7,392,36485.107,0,2.0768,5.353,5.353,57.0115
7,393,36571.5811,0,5.3116,11.8447,11.8447,57.4988
7,394,36638.3402,0,3.6527,7.6301,7.6301,31.1584
7,395,36649.6741,0,8.9314,14.969,14.969,26.9681
7,396,36660.4116,0,9.2194,15.4712,15.4712,56.6759
7,397,36667.6681,0,9.8473,13.0203,13.0203,80.5407
7,398,36712.9761,0,11.6163,18.4956,18.4956,58.2141
7,399,36850.8322,0,8.756,12.9332,12.9332,53.8062
7,400,36863.1562,0,10.1614,12.0299,12.0299,73.2109
7,401,36888.7661,0,9.1916,18.1376,18.1376,62.778
7,402,37197.9005,0,6.8212,10.3638,10.3638,43.4721
7,403,37479.1951,0,11.561,14.3406,14.3406,52.3861
7,404,37504.7837,0,8.9375,14.2358,14.2358,54.4698
7,405,37549.1524,0,7.927,15.5559,15.5559,57.9265
7,406,37756.4539,0,2.2689,8.3783,8.3783,43.1433
7,407,37921.1135,0,3.6457,11.5147,11.5147,41.802
7,408,37932.7673,0,8.4324,12.5069,12.5069,51.6505
7,409,37978.4096,0,19.4521,41.7765,41.7765,88.5468
7,410,38147.0099,0,1.781,6.059,6.059,93.5133
7,411,38308.1799,0,9.1514,13.6036,13.6036,61.7794
7,412,38379.628,0,7.1249,14.2815,14.2815,36.5255
7,413,38389.6794,0,18.674,26.9586,26.9586,50.7771
7,414,38530.4691,0,6.8212,14.3824,14.3824,71.7631
7,415,38535.8272,0,11.1147,19.5526,19.5526,78.1644
7,416,38824.5066,0,12.7182,18.6647,18.6647,62.8814
7,417,38987.491,0,6.1382,11.4615,11.4615,28.3478
7,418,38995.857,0,9.7866,15.3376,15.3376,52.529
7,419,38998.1214,0,5.6425,13.2267,13.2267,51.8925
7,420,39186.0686,0,5.6218,10.3996,10.3996,43.2853
7,421,39315.8349,0,5.1273,10.809,10.809,43.1754
7,422,39347.494,0,11.1975,13.2552,13.2552,67.5111
7,423,39403.7726,0,3.5968,5.9564,5.9564,46.2024
7,424,39454.9447,0,10.6198,15.3434,15.3434,43.4781
7,425,39518.4358,0,11.3334,15.4547,15.4547,81.6888
7,426,39544.7074,0,16.9025,20.6336,20.6336,66.7308
7,427,39569.2991,0,8.3522,11.9433,11.9433,76.1244
7,428,39712.4204,0,10.668,25.7892,25.7892,55.6049
7,429,39746.3075,0,8.5104,15.5792,15.5792,38.768
7,430,39765.6083,0,4.5456,6.7591,6.7591,51.685
7,431,39775.4512,0,8.8528,11.3965,11.3965,58.6366
7,432,39857.7041,0,9.0906,14.0252,14.0252,74.0672
7,433,39947.634,0,9.1406,16.2591,16.2591,84.7959
7,434,40045.0985,0,5.2566,17.7604,17.7604,56.9024
7,435,40072.1671,0,6.4721,30.5285,30.5285,85.7
7,436,40110.8357,0,3.4918,8.713,8.713,58.6165
7,437,40514.3987,0,9.2407,15.197,15.197,46.961
7,438,40755.9631,0,6.0579,16.7932,16.7932,41.1494
7,439,40898.4683,0,17.8654,24.0312,24.0312,60.3436
7,440,40928.1578,0,12.4928,16.3933,16.3933,57.3152
7,441,40955.0718,0,19.1475,31.8304,31.8304,65.9104
7,442,41013.8162,0,3.0504,7.8926,7.8926,82.265
7,443,41128.6176,0,11.7964,13.4981,13.4981,76.7213
7,444,41198.8442,0,3.1348,9.2157,9.2157,50.7038
7,445,41272.6572,0,2.5729,6.9094,6.9094,47.5807
7,446,41387.015,0,6.1638,12.2682,12.2682,42.6582
7,447,41430.3234,0,1.8683,7.1672,7.1672,32.1554
7,448,41435.693,0,2.0044,4.4732,4.4732,50.3523
7,449,41405.4777,0,1.3798,40.6917,40.6917,88.0052
7,450,41465.7338,0,1.918,4.5889,4.5889,35.2436
7,451,41488.0641,0,4.7056,7.2458,7.2458,73.0913
7,452,41531.2575,0,5.4691,16.7195,16.7195,46.8987
7,453,41751.8775,0,7.2441,11.7191,11.7191,65.4443
7,454,41812.6,0,17.3129,21.6161,21.6161,63.4269
7,455,41951.7395,0,2.2642,10.9607,10.9607,37.5253
7,456,42118.1654,0,0.3559,5.2503,5.2503,51.9434
7,457,42135.9225,0,5.1813,13.663,13.663,58.553
7,458,42196.2448,0,8.8039,48.5108,48.5108,67.5122
7,459,42260.2179,0,5.1108,13.4846,13.4846,83.762
7,460,42562.4743,0,9.3808,21.7096,21.7096,79.7285
7,461,42594.2541,0,7.3287,14.2233,14.2233,58.0366
7,462,42712.2611,0,17.7816,24.0232,24.0232,59.3739
7,463,42759.4872,0,3.9403,10.943,10.943,34.6534
7,464,42797.2143,0,8.2827,15.4745,15.4745,82.5612
7,465,42871.6495,0,3.4455,7.9834,7.9834,32.804
7,466,42888.029,0,4.42,10.1995,10.1995,61.9019
7,467,42921.6333,0,1.4572,7.1257,7.1257,88.5042
7,468,42953.7533,0,11.4201,13.4483,13.4483,62.4835
7,469,43035.8078,0,2.8635,7.1506,7.1506,40.2611
7,470,43045.8415,0,9.0906,12.0467,12.0467,63.5572
8,1,0.0,0,1.2155,8.2786,8.2786,42.7824
8,2,86.3661,0,6.9638,12.5617,12.5617,53.7642
8,3,90.7598,0,6.2346,14.3354,14.3354,77.1972
8,4,157.7667,0,2.9869,8.5683,8.5683,88.9341
8,5,370.4508,0,12.7859,15.4681,15.4681,46.1885
8,6,449.9098,0,6.0941,10.3727,10.3727,47.8148
8,7,525.0371,0,11.2133,14.139,14.139,42.2456
8,8,536.2585,0,3.4498,8.523,8.523,48.9023
8,9,533.7799,0,15.1027,18.3882,18.3882,64.459
8,10,570.9372,0,1.3828,5.4626,5.4626,36.6608
8,11,565.6503,0,16.0648,31.4498,31.4498,57.4223
8,12,605.1008,0,11.408,21.2683,21.2683,61.8698
8,13,622.2721,0,6.31,7.8562,7.8562,55.7351
8,14,660.8513,0,3.6436,10.5293,10.5293,72.5208
8,15,652.5174,0,21.3429,23.6496,23.6496,68.9312
8,16,733.6956,0,5.0217,13.245,13.245,55.1186
8,17,790.3881,0,4.3716,8.5918,8.5918,66.8084
8,18,843.1642,0,8.075,13.5497,13.5497,30.7973
8,19,961.0838,0,6.8667,13.3463,13.3463,40.908
8,20,986.6673,0,0.5932,15.0869,15.0869,41.6841
8,21,997.2768,0,4.6938,9.0382,9.0382,56.5668
8,22,1019.3851,0,4.2061,7.5595,7.5595,55.9263
8,23,1026.7101,0,2.9176,12.4511,12.4511,60.3861
8,24,1030.4088,0,15.7773,21.0472,21.0472,67.6234
8,25,1207.2134,0,4.069,13.4361,13.4361,54.3801
8,26,1251.1731,0,14.1764,21.1678,21.1678,56.0455
8,27,1221.5401,0,8.2772,63.4088,63.4088,95.2374
8,28,1410.8222,0,4.5452,16.4003,16.4003,43.6449
8,29,1480.6495,0,2.9307,8.1737,8.1737,28.6215
8,30,2024.5965,0,17.0831,21.5089,21.5089,56.2317
8,31,2018.1094,0,4.9441,45.4605,45.4605,72.053
8,32,2063.2912,0,3.4829,21.8097,21.8097,94.0251
8,33,2142.9665,0,5.7259,10.1926,10.1926,81.0721
8,34,2157.0065,0,7.4428,12.8913,12.8913,74.2413
8,35,2171.1143,0,8.3705,22.6091,22.6091,70.1042
8,36,2168.6328,0,14.8002,25.9189,25.9189,89.4315
8,37,2256.1111,0,16.2984,18.7224,18.7224,44.9601
8,38,2455.1005,0,9.2872,11.1913,11.1913,62.4274
8,39,2473.2865,0,11.0298,12.9946,12.9946,65.3062
8,40,2561.1165,0,5.3088,8.4671,8.4671,54.5212
8,41,2667.9373,0,9.5833,14.8815,14.8815,63.5876
8,42,2757.6119,0,14.3079,26.8807,26.8807,74.2706
8,43,2910.0009,0,7.2316,11.2741,11.2741,36.2468
8,44,3369.8602,0,1.4449,3.1468,3.1468,70.5747
8,45,3415.4451,0,13.3078,15.5143,15.5143,57.6595
8,46,3487.63,0,3.7766,14.1404,14.1404,64.5705
8,47,3525.0222,0,16.4629,21.5602,21.5602,94.9448
8,48,3619.748,0,1.9634,6.386,6.386,32.8692
8,49,3676.1629,0,9.619,15.5858,15.5858,62.7176
8,50,3760.1595,0,0.8418,2.238,2.238,39.767
8,51,3881.6221,0,3.5454,6.2177,6.2177,37.0802
8,52,3917.8973,0,1.1271,4.3641,4.3641,32.0694
8,53,3967.2588,0,1.918,6.2386,6.2386,86.9904
8,54,4133.6997,0,7.7634,10.1283,10.1283,54.8726
8,55,4195.883,0,4.1365,16.6426,16.6426,90.0096
8,56,4234.6101,0,4.6244,7.7844,7.7844,96.704
8,57,4235.0811,0,6.0877,16.8117,16.8117,122.4404
8,58,4298.9401,0,6.0372,19.7622,19.7622,82.8399
8,59,4307.6285,0,14.6473,22.8862,22.8862,93.8028
8,60,4754.1779,0,7.2385,10.0378,10.0378,46.1575
8,61,4884.5065,0,7.5343,15.5641,15.5641,49.8904
8,62,4907.2432,0,3.0636,8.4082,8.4082,86.1475
8,63,4949.5286,0,11.1583,17.8543,17.8543,73.7015
8,64,4972.9214,0,22.0129,26.6432,26.6432,101.929
8,65,5121.5704,0,6.9138,12.6507,12.6507,39.7805
8,66,5159.2606,0,5.9737,15.354,15.354,75.4584
8,67,5191.3545,0,10.0416,18.6836,18.6836,56.1906
8,68,5255.3576,0,17.3321,23.0342,23.0342,37.4992
8,69,5270.6097,0,1.8099,11.9326,11.9326,96.4947
8,70,5311.466,0,7.4624,23.9969,23.9969,55.6109
8,71,5604.1032,0,5.0409,32.7278,32.7278,32.9784
8,72,5642.3535,0,8.2627,10.285,10.285,73.1792
8,73,5654.2549,0,15.8194,18.6201,18.6201,71.4624
8,74,5776.0465,0,2.1466,3.8178,3.8178,43.1634
8,75,5812.0209,0,9.1078,13.3672,13.3672,54.3389
8,76,5860.0711,0,4.1659,5.7335,5.7335,40.047
8,77,5955.1447,0,3.4323,8.2616,8.2616,23.6666
8,78,5982.1576,0,5.4569,14.0991,14.0991,61.4496
8,79,5990.929,0,7.6235,12.8169,12.8169,73.6229
8,80,6168.9686,0,9.9102,13.4375,13.4375,60.4013
8,81,6221.2739,0,15.1377,25.4822,25.4822,102.2301
8,82,6286.5774,0,10.1576,12.2454,12.2454,69.649
8,83,6291.6153,0,18.5778,20.977,20.977,107.959
8,84,6267.6427,0,3.1697,63.1697,63.1697,140.4294
8,85,6354.7298,0,16.8983,19.8182,19.8182,90.5437
8,86,6516.7002,0,17.5811,25.7771,25.7771,72.4001
8,87,6664.6843,0,6.6945,9.5285,9.5285,90.1448
8,88,6729.57,0,19.132,23.6502,23.6502,75.5362
8,89,6744.632,0,18.5266,20.5791,20.5791,95.1203
8,90,6809.6937,0,7.9509,46.0319,46.0319,88.257
8,91,6938.7636,0,14.8742,19.1971,19.1971,69.6118
8,92,6971.8865,0,2.3814,11.3875,11.3875,30.3437
8,93,6985.9902,0,2.4561,8.762,8.762,105.0358
8,94,7039.4533,0,8.036,10.1755,10.1755,90.8226
8,95,7058.8444,0,16.0539,19.5081,19.5081,74.525
8,96,7087.4694,0,8.0896,9.03,9.03,47.5109
8,97,7087.0873,0,4.3247,17.6474,17.6474,57.4189
8,98,7138.4759,0,10.9638,16.1941,16.1941,65.1546
8,99,7161.0119,0,2.4237,9.8296,9.8296,66.8178
8,100,7258.9106,0,4.2592,10.5873,10.5873,50.8373
8,101,7673.6117,0,6.0096,8.1516,8.1516,42.8383
8,102,7688.1117,0,3.1208,5.1131,5.1131,71.8269
8,103,7720.264,0,4.4309,8.1514,8.1514,51.5349
8,104,7871.5888,0,8.3418,17.7078,17.7078,55.6094
8,105,8014.3205,0,13.7543,22.8242,22.8242,66.5346
8,106,8024.5206,0,7.9478,16.7604,16.7604,74.659
8,107,8070.1261,0,22.2121,26.2234,26.2234,63.2569
8,108,8094.27,0,5.3795,18.2661,18.2661,46.6769
8,109,8218.2163,0,10.3832,12.7774,12.7774,36.0609
8,110,8224.2014,0,8.4744,19.6226,19.6226,89.7863
8,111,8462.3085,0,6.2699,11.2848,11.2848,80.4243
8,112,8635.9876,0,8.2232,15.4398,15.4398,49.3045
8,113,8807.8352,0,13.6167,15.8812,15.8812,80.5485
8,114,8890.0181,0,7.9143,12.9011,12.9011,79.5824
8,115,8950.3836,0,2.9783,10.7065,10.7065,42.6472
8,116,9177.8159,0,6.5713,29.2512,29.2512,93.0724
8,117,9233.8561,0,11.2606,21.6398,21.6398,56.1564
8,118,9238.6591,0,16.4274,22.8851,22.8851,83.4424
8,119,9297.2628,0,14.0192,18.3479,18.3479,62.4083
8,120,9377.7812,0,3.2945,7.5088,7.5088,57.9192
8,121,9423.5104,0,3.4756,16.1471,16.1471,59.4343
8,122,9500.2511,0,12.0719,17.5676,17.5676,57.6513
8,123,9663.5091,0,7.8904,12.2124,12.2124,37.3647
8,124,9764.0745,0,2.8991,6.8492,6.8492,32.9153
8,125,9982.6749,0,7.6439,9.0065,9.0065,72.227
8,126,9999.3836,0,11.5811,17.9662,17.9662,71.2516
8,127,10010.7804,0,10.4961,16.829,16.829,68.7241
8,128,10382.737,0,10.0539,16.2524,16.2524,61.4851
8,129,10403.0056,0,5.1273,7.3636,7.3636,50.635
8,130,10629.1441,0,3.2169,6.1139,6.1139,71.0542
8,131,10693.5234,0,11.9515,16.5989,16.5989,61.7394
8,132,10790.2387,0,15.6237,20.854,20.854,98.3168
8,133,10848.3425,0,7.7731,9.12,9.12,79.1929
8,134,11010.0976,0,4.7797,9.7121,9.7121,26.6981
8,135,11041.6524,0,18.2293,21.8963,21.8963,91.7899
8,136,11106.0277,0,5.432,10.4999,10.4999,59.8492
8,137,11112.003,0,4.4108,7.916,7.916,100.3969
8,138,11152.5988,0,7.3986,9.2935,9.2935,85.1838
8,139,11193.9557,0,3.517,5.8179,5.8179,47.7778
8,140,11231.4438,0,3.4301,4.8368,4.8368,39.6939
8,141,11295.3703,0,6.492,10.6708,10.6708,36.8719
8,142,11303.9782,0,2.4174,7.3811,7.3811,52.5625
8,143,11549.0108,0,2.2962,7.6998,7.6998,22.058
8,144,11566.4412,0,1.7696,7.4481,7.4481,54.1397
8,145,11620.8161,0,4.9757,10.1661,10.1661,45.9114
8,146,11707.1735,0,9.618,13.8019,13.8019,54.7115
8,147,12022.6249,0,2.1718,16.7977,16.7977,63.2508
8,148,12256.5411,0,10.2633,12.8032,12.8032,60.4487
8,149,12279.1616,0,4.6441,7.0164,7.0164,46.1882
8,150,12308.9821,0,4.2015,9.1808,9.1808,48.2963
8,151,12360.9159,0,16.276,23.9607,23.9607,83.5592
8,152,12426.2031,0,3.973,8.5496,8.5496,78.1035
8,153,12534.5463,0,7.1658,15.6716,15.6716,63.2338
8,154,12550.8125,0,1.7278,4.9224,4.9224,110.9734
8,155,12563.2319,0,17.6662,20.6686,20.6686,102.6339
8,156,12615.0484,0,2.8541,5.7017,5.7017,55.5976
8,157,12640.0064,0,13.1628,18.1133,18.1133,63.044
8,158,12702.3585,0,1.5178,9.7089,9.7089,42.8996
8,159,12710.9532,0,6.9652,19.0796,19.0796,78.8488
8,160,12905.4578,0,5.3069,17.3968,17.3968,44.5049
8,161,12941.0745,0,11.0383,15.9137,15.9137,37.8324
8,162,13111.5731,0,1.9866,6.2062,6.2062,98.5433
8,163,13137.6787,0,2.6077,6.3873,6.3873,79.7171
8,164,13540.5237,0,6.5079,9.0606,9.0606,74.7444
8,165,13562.8374,0,7.3924,13.6555,13.6555,58.3975
8,166,13631.11,0,6.6859,8.192,8.192,53.8673
8,167,13657.1321,0,7.9567,13.8773,13.8773,65.115
8,168,13793.8113,0,1.9329,4.9473,4.9473,63.4788
8,169,13824.8581,0,16.8943,17.6456,17.6456,54.662
8,170,13939.2363,0,10.3016,13.5659,13.5659,54.4562
8,171,14044.1478,0,6.7246,13.5005,13.5005,37.9073
8,172,14084.2892,0,11.2009,20.432,20.432,42.7367
8,173,14637.7767,0,10.8236,14.9831,14.9831,72.517
8,174,14787.3404,0,9.8086,17.298,17.298,54.1731
8,175,14882.9419,0,4.6216,14.9875,14.9875,45.9094
8,176,14908.1511,0,13.0752,16.3178,16.3178,45.6028
8,177,14982.1436,0,20.5492,28.6871,28.6871,70.7016
8,178,15030.4704,0,1.4093,5.2611,5.2611,57.5699
8,179,15054.5799,0,11.009,18.3614,18.3614,52.217
8,180,15034.7858,0,2.1501,43.2728,43.2728,80.4096
8,181,15086.753,0,17.9305,27.9484,27.9484,52.7519
8,182,15300.3282,0,8.7491,11.0897,11.0897,44.7542
8,183,15434.8907,0,1.352,3.5551,3.5551,26.8126
8,184,15463.0427,0,11.0684,13.6839,13.6839,92.4454
8,185,15503.2256,0,7.904,10.3185,10.3185,102.0143
8,186,15717.8796,0,6.6613,12.5105,12.5105,57.1802
8,187,15733.2746,0,12.1038,14.9944,14.9944,47.1077
8,188,15800.8439,0,14.3034,16.4849,16.4849,55.9851
8,189,16167.9339,0,6.707,12.6891,12.6891,41.6503
8,190,16308.3481,0,8.9976,15.4874,15.4874,51.2762
8,191,16441.5673,0,7.2024,16.9368,16.9368,54.1113
8,192,16448.1469,0,6.9542,15.6089,15.6089,77.2147
8,193,16514.5062,0,19.4923,25.1564,25.1564,36.5558
8,194,16539.3763,0,11.3409,15.1688,15.1688,88.4706
8,195,16612.3316,0,1.7376,7.982,7.982,48.7924
8,196,16648.8307,0,16.9265,26.4354,26.4354,64.8487
8,197,16727.2409,0,5.2376,11.234,11.234,34.7699
8,198,16794.4536,0,1.4508,5.7004,5.7004,67.8298
8,199,16792.304,0,4.674,34.1547,34.1547,103.7926
8,200,16928.0832,0,3.9177,12.0559,12.0559,46.7125
8,201,16976.1394,0,2.8455,6.339,6.339,49.3238
8,202,17068.0366,0,9.0504,15.9456,15.9456,56.9429
8,203,17245.8585,0,8.9667,18.4333,18.4333,35.7257
8,204,17274.7777,0,2.7007,9.1488,9.1488,39.3187
8,205,17284.8595,0,9.5544,12.8732,12.8732,79.7147
8,206,17372.8336,0,2.5766,5.5856,5.5856,70.2813
8,207,17535.6772,0,0.5389,4.4005,4.4005,38.3537
8,208,17552.8533,0,0.673,8.788,8.788,66.8059
8,209,17603.9367,0,4.6884,9.3392,9.3392,37.1363
8,210,17739.8062,0,2.4458,9.6174,9.6174,37.9826
8,211,17759.2894,0,10.429,19.215,19.215,67.6463
8,212,18105.887,0,10.601,15.0394,15.0394,55.3348
8,213,18113.5101,0,19.1207,21.9379,21.9379,63.8549
8,214,18285.5598,0,4.4873,8.4703,8.4703,141.7209
8,215,18398.9041,0,1.5936,3.785,3.785,47.0508
8,216,18503.3572,0,15.8469,17.658,17.658,49.9383
8,217,18583.7494,0,5.7526,9.2894,9.2894,57.1818
8,218,18606.1649,0,6.3196,28.0105,28.0105,53.5848
8,219,18632.9179,0,13.558,19.8001,19.8001,65.1996
8,220,18744.4614,0,8.041,10.9978,10.9978,40.7094
8,221,18738.2415,0,11.3358,23.4428,23.4428,62.5731
8,222,18999.5204,0,8.7193,15.6585,15.6585,49.9509
8,223,19024.6154,0,6.343,18.6062,18.6062,92.9222
8,224,19195.9322,0,3.8091,8.0039,8.0039,74.1366
8,225,19219.374,0,6.7392,9.9095,9.9095,97.6111
8,226,19289.3608,0,12.7428,27.479,27.479,74.0301
8,227,19344.8963,0,13.8989,28.107,28.107,60.1071
8,228,19408.1462,0,8.2025,14.0109,14.0109,65.6611
8,229,19444.7963,0,1.8437,10.5958,10.5958,61.2807
8,230,19432.8138,0,16.3207,23.6618,23.6618,81.6894
8,231,19485.4114,0,14.4305,20.0016,20.0016,49.1576
8,232,19510.1355,0,6.0466,22.4509,22.4509,61.8887
8,233,19589.164,0,9.8988,18.235,18.235,53.3453
8,234,19614.5374,0,5.6936,17.1047,17.1047,59.6002
8,235,19843.7294,0,9.8677,11.621,11.621,43.2164
8,236,20705.5476,0,9.1759,12.2133,12.2133,55.3027
8,237,20711.0379,0,12.3697,32.5827,32.5827,89.5942
8,238,20826.8167,0,6.7077,14.2495,14.2495,49.9813
8,239,20839.4482,0,11.4073,16.3848,16.3848,51.2416
8,240,20857.5934,0,3.9154,5.0375,5.0375,74.6458
8,241,20860.4777,0,15.5959,22.2584,22.2584,87.9251
8,242,20911.2427,0,8.5479,12.2019,12.2019,52.4705
8,243,20942.0077,0,5.2289,15.2671,15.2671,25.9348
8,244,20960.2775,0,1.8057,5.7018,5.7018,56.2663
8,245,20960.3951,0,4.5341,17.7284,17.7284,50.3989
8,246,20964.1149,0,10.8901,23.568,23.568,55.0382
8,247,20992.5263,0,7.3537,13.911,13.911,29.4028
8,248,21178.7161,0,10.624,16.8742,16.8742,44.5415
8,249,21203.8282,0,7.8394,11.7254,11.7254,92.2907
8,250,21329.3386,0,4.2339,15.8385,15.8385,51.829
8,251,21373.4229,0,5.6004,8.42,8.42,75.466
8,252,21510.2069,0,10.3188,12.4659,12.4659,42.0194
8,253,21643.2664,0,3.2373,14.259,14.259,84.0461
8,254,22071.4328,0,1.2792,6.8606,6.8606,41.9973
8,255,22157.7102,0,13.2836,18.711,18.711,65.0868
8,256,22262.8224,0,8.8836,13.5326,13.5326,65.8953
8,257,22266.4439,0,11.1736,14.1425,14.1425,82.6685
8,258,22311.8758,0,19.3839,23.1083,23.1083,63.7655
8,259,22307.8767,0,21.9826,28.5824,28.5824,118.0896
8,260,22378.5871,0,2.2579,7.6048,7.6048,60.1374
8,261,22480.5737,0,8.9914,10.6789,10.6789,47.9068
8,262,22640.6074,0,7.6844,16.4237,16.4237,67.0268
8,263,22693.9099,0,10.4713,15.2636,15.2636,35.6572
8,264,22807.1676,0,3.4795,6.8181,6.8181,50.6179
8,265,23068.3131,0,1.4512,5.4975,5.4975,74.3717
8,266,23290.7245,0,7.1369,10.9386,10.9386,47.6851
8,267,23415.5622,0,4.3172,28.1927,28.1927,61.3498
8,268,23588.3182,0,14.3773,15.8426,15.8426,61.0424
8,269,23656.906,0,7.3603,19.0646,19.0646,46.2633
8,270,23707.4254,0,10.4786,19.3863,19.3863,82.8694
8,271,23735.8202,0,13.3015,16.7157,16.7157,61.932
8,272,23740.8604,0,3.7766,13.0329,13.0329,56.7125
8,273,23746.132,0,15.3041,20.3526,20.3526,66.4036
8,274,23751.3402,0,13.3846,17.083,17.083,75.0634
8,275,23828.873,0,6.5888,13.1062,13.1062,50.7282
8,276,23934.5476,0,15.6176,16.9319,16.9319,75.1745
8,277,23991.8889,0,8.0982,10.5784,10.5784,49.8921
8,278,24106.5698,0,13.6832,21.5933,21.5933,58.9867
8,279,24276.1742,0,7.7414,12.8473,12.8473,45.7518
8,280,24312.9199,0,12.231,16.111,16.111,32.3709
8,281,24341.6046,0,4.0982,8.9471,8.9471,64.9343
8,282,24375.4691,0,9.0327,12.0672,12.0672,60.8251
8,283,24548.458,0,6.2566,8.1418,8.1418,44.9623
8,284,24706.8581,0,7.8059,10.0008,10.0008,49.7038
8,285,24752.9765,0,11.2501,20.631,20.631,50.5062
8,286,24771.8046,0,4.2899,10.6875,10.6875,52.3983
8,287,24980.2635,0,2.1594,7.4432,7.4432,35.9533
8,288,24982.2608,0,2.6695,11.7705,11.7705,132.4419
8,289,24969.8287,0,16.4619,38.4863,38.4863,131.7738
8,290,24994.0036,0,19.0483,24.0833,24.0833,126.0102
8,291,25136.2306,0,9.9606,16.6605,16.6605,77.5545
8,292,25254.6512,0,8.2956,13.6697,13.6697,76.2777
8,293,25261.1744,0,4.7443,10.8,10.8,77.6082
8,294,25432.0539,0,3.3121,8.5922,8.5922,41.2637
8,295,25485.3485,0,2.8167,10.5032,10.5032,49.077
8,296,25526.9952,0,5.0409,13.0897,13.0897,59.5137
8,297,25650.3382,0,10.6825,14.6851,14.6851,73.7888
8,298,26291.4305,0,2.7106,13.0436,13.0436,33.0606
8,299,26339.0031,0,7.1455,13.9597,13.9597,72.3053
8,300,26515.7522,0,11.6056,19.0819,19.0819,52.2428
8,301,26523.6952,0,16.8271,23.6431,23.6431,49.4875
8,302,26598.5951,0,6.2926,16.4046,16.4046,60.5833
8,303,26668.4496,0,16.7016,20.8206,20.8206,44.3892
8,304,26679.6873,0,11.1447,14.3749,14.3749,65.5585
8,305,26644.126,0,17.952,56.5889,56.5889,133.9617
8,306,26828.0678,0,6.2077,9.86,9.86,41.082
8,307,26833.327,0,7.0368,9.266,9.266,52.1398
8,308,26860.931,0,10.0017,12.485,12.485,41.4439
8,309,26886.3471,0,2.5816,5.8192,5.8192,48.4866
8,310,26950.652,0,10.473,12.7802,12.7802,48.2278
8,311,27019.1171,0,10.3097,13.5116,13.5116,68.4533
8,312,27061.2677,0,11.091,15.1802,15.1802,53.7774
8,313,27057.4271,0,17.1234,20.095,20.095,65.2518
8,314,27108.7104,0,17.6382,22.2923,22.2923,75.4986
8,315,27292.1228,0,1.7094,11.1124,11.1124,38.4214
8,316,27296.4139,0,4.3373,14.2891,14.2891,56.8814
8,317,27319.9571,0,10.3974,12.6522,12.6522,47.6054
8,318,27370.784,0,6.8526,13.0552,13.0552,124.1256
8,319,27889.6604,0,4.4489,19.5294,19.5294,57.7827
8,320,28105.2617,0,3.2627,7.2787,7.2787,38.1913
8,321,28145.5924,0,11.8021,15.369,15.369,48.9569
8,322,28145.4889,0,8.1394,20.4424,20.4424,57.9038
8,323,28181.3674,0,17.1196,20.8506,20.8506,61.5722
8,324,28419.5566,0,3.9375,15.3075,15.3075,52.4466
8,325,28533.8037,0,6.8182,12.3265,12.3265,43.2032
8,326,28523.8659,0,8.8803,25.7403,25.7403,48.8202
8,327,28872.3359,0,1.6565,11.3944,11.3944,58.3859
8,328,28926.6987,0,2.3212,5.8517,5.8517,57.1943
8,329,29094.5793,0,8.0118,13.9767,13.9767,76.8049
8,330,29242.7743,0,9.2178,47.1382,47.1382,81.7762
8,331,29369.1479,0,8.3867,15.4499,15.4499,47.2603
8,332,29408.9542,0,1.1605,5.0274,5.0274,44.9191
8,333,29410.5546,0,7.9461,17.8808,17.8808,51.8162
8,334,29544.2092,0,10.982,18.379,18.379,59.8836
8,335,29586.298,0,4.4158,8.6881,8.6881,41.28
8,336,29718.7632,0,7.4506,13.5797,13.5797,44.9857
8,337,29804.9306,0,5.7653,10.6362,10.6362,43.089
8,338,29810.6012,0,11.5827,20.2641,20.2641,77.5572
8,339,29833.285,0,3.1995,4.6427,4.6427,95.0903
8,340,29839.3992,0,9.3848,11.6862,11.6862,70.9435
8,341,30021.3652,0,11.8834,15.2789,15.2789,40.1775
8,342,30280.2193,0,10.3117,13.9345,13.9345,71.5983
8,343,30457.1061,0,2.7636,6.6113,6.6113,42.756
8,344,30591.8348,0,8.66,12.7805,12.7805,78.3352
8,345,30733.6315,0,2.8627,6.1819,6.1819,105.8481
8,346,30861.0784,0,8.1653,11.0991,11.0991,56.3556
8,347,30864.0207,0,19.0155,28.8754,28.8754,63.9667
8,348,30931.5073,0,7.4842,12.5936,12.5936,71.9778
8,349,30987.3124,0,8.1754,11.1672,11.1672,52.8678
8,350,31030.616,0,11.5168,28.258,28.258,47.5155
8,351,31079.1004,0,2.2748,5.5698,5.5698,39.2255
8,352,31161.2631,0,11.3563,16.7124,16.7124,65.4462
8,353,31204.5673,0,8.8078,17.3178,17.3178,59.3144
8,354,31232.1166,0,8.4881,15.6178,15.6178,46.375
8,355,31323.8833,0,8.4647,13.9424,13.9424,53.5323
8,356,31327.4166,0,1.5881,16.8221,16.8221,90.8709
8,357,31384.5476,0,2.3609,7.1346,7.1346,56.0743
8,358,31427.0704,0,8.4932,12.1004,12.1004,61.672
8,359,31476.0173,0,5.5304,8.2389,8.2389,47.9333
8,360,31531.2562,0,4.2633,17.9337,17.9337,51.9497
8,361,31584.574,0,5.4909,15.1456,15.1456,35.4083
8,362,31779.5885,0,6.5724,15.507,15.507,42.3679
8,363,31779.2463,0,14.433,19.3001,19.3001,57.6813
8,364,31938.5091,0,9.5875,24.6496,24.6496,62.2717
8,365,32158.3774,0,10.9116,14.6856,14.6856,28.791
8,366,32251.6664,0,16.1784,17.8934,17.8934,83.8924
8,367,32314.0628,0,14.3558,17.0024,17.0024,50.9324
8,368,32446.7099,0,6.8654,10.3403,10.3403,44.3822
8,369,32444.8023,0,4.357,17.1462,17.1462,70.5516
8,370,32468.1135,0,3.3792,7.2368,7.2368,58.7058
8,371,32887.9873,0,3.2064,7.2317,7.2317,64.6477
8,372,32916.8236,0,5.2166,7.0905,7.0905,46.1551
8,373,32901.108,0,15.5505,25.5113,25.5113,79.8571
8,374,33000.0941,0,9.6422,19.7852,19.7852,55.1117
8,375,33083.5247,0,8.6464,13.1963,13.1963,53.8793
8,376,33190.8729,0,1.4894,2.1267,2.1267,75.6023
8,377,33429.9049,0,2.607,17.1653,17.1653,36.6544
8,378,33556.6326,0,5.0615,10.2219,10.2219,44.422
8,379,33643.6548,0,17.5689,21.8297,21.8297,49.4779
8,380,33707.254,0,3.1059,6.9642,6.9642,45.7714
8,381,33761.8906,0,5.8159,16.7694,16.7694,39.9699
8,382,33775.6321,0,9.7589,18.4281,18.4281,37.4485
8,383,33955.6434,0,5.7417,9.6899,9.6899,57.2594
8,384,34077.4604,0,8.7485,13.0177,13.0177,47.4356
8,385,34088.4956,0,10.0033,15.1077,15.1077,100.133
8,386,34117.6091,0,7.0416,30.2362,30.2362,75.3309
8,387,34164.7149,0,1.7155,7.4493,7.4493,105.2141
8,388,34161.201,0,15.1166,19.5795,19.5795,111.725
8,389,34211.2324,0,9.0703,12.4115,12.4115,60.4838
8,390,34220.0207,0,5.4664,9.6218,9.6218,79.648
8,391,34246.0474,0,14.8771,17.1369,17.1369,76.652
8,392,34296.4709,0,8.86,13.3519,13.3519,88.6912
8,393,34317.4343,0,3.4301,23.0595,23.0595,77.3707
8,394,34366.0852,0,18.1921,22.0206,22.0206,73.6357
8,395,34450.8214,0,3.0368,13.9638,13.9638,65.9151
8,396,35034.7635,0,8.8191,13.5151,13.5151,104.7015
8,397,35075.0029,0,1.123,3.1094,3.1094,75.1457
8,398,35140.7518,0,11.2053,48.8352,48.8352,110.8167
8,399,35229.8036,0,2.6891,6.6993,6.6993,48.1917
8,400,35275.0075,0,6.3481,19.5132,19.5132,60.178
8,401,35311.178,0,11.0024,24.2122,24.2122,56.4296
8,402,35315.584,0,17.671,21.26,21.26,70.1072
8,403,35349.6906,0,18.243,22.6192,22.6192,68.5787
8,404,35395.3233,0,8.8254,16.9517,16.9517,70.2899
8,405,35457.7774,0,5.2266,65.2266,65.2266,103.9537
8,406,35518.9721,0,3.8676,22.2879,22.2879,64.8348
8,407,35651.6056,0,1.8921,3.6487,3.6487,44.7134
8,408,35955.5785,0,5.77,16.933,16.933,63.7649
8,409,35957.1241,0,16.4552,31.3955,31.3955,72.5036
8,410,36033.9817,0,9.7848,11.0069,11.0069,66.4011
8,411,36093.8519,0,5.5637,10.7375,10.7375,40.4543
8,412,36201.2635,0,8.6584,16.921,16.921,69.2449
8,413,36234.1023,0,7.1349,16.1789,16.1789,68.0208
8,414,36366.783,0,4.9505,9.5109,9.5109,77.5852
8,415,36487.0194,0,4.0665,5.9716,5.9716,39.6983
8,416,36581.5274,0,5.4421,9.518,9.518,33.483
8,417,36618.2984,0,10.2786,13.7558,13.7558,52.8424
8,418,36620.4021,0,20.6202,32.3243,32.3243,83.9694
8,419,36652.7144,0,17.8608,21.6101,21.6101,60.6757
8,420,36627.4664,0,15.4068,75.4068,75.4068,105.2439
8,421,36765.1228,0,13.2836,17.1794,17.1794,42.4319
8,422,36862.0946,0,7.4347,12.6437,12.6437,35.9744
8,423,36975.1204,0,2.4465,4.0825,4.0825,31.3552
8,424,36985.6009,0,6.1638,7.8824,7.8824,65.4859
8,425,37050.0372,0,2.2108,5.5551,5.5551,50.6649
8,426,37053.199,0,13.269,17.5845,17.5845,51.6407
8,427,37128.747,0,4.9087,11.7366,11.7366,40.8826
8,428,37156.8361,0,19.4736,22.703,22.703,60.3349
8,429,37198.9137,0,2.696,7.4334,7.4334,33.9191
8,430,37465.4097,0,4.8462,25.6581,25.6581,77.1078
8,431,37625.0279,0,16.331,18.8135,18.8135,61.8746
8,432,37700.3863,0,5.8844,16.8996,16.8996,63.2931
8,433,38042.0796,0,10.0533,16.9479,16.9479,43.6356
8,434,38064.998,0,4.2909,9.2771,9.2771,104.8277
8,435,38096.4509,0,7.8901,9.0862,9.0862,53.4525
8,436,38120.9237,0,4.0651,14.3045,14.3045,36.3207
8,437,38135.765,0,19.2055,21.8002,21.8002,84.3353
8,438,38230.2354,0,7.0114,14.9697,14.9697,55.0722
8,439,38254.1068,0,3.1123,6.1113,6.1113,64.2929
8,440,38638.4805,0,0.5317,3.1753,3.1753,27.2468
8,441,38632.2602,0,6.1306,10.3673,10.3673,58.918
8,442,38627.4413,0,6.8864,66.8864,66.8864,52.8033
8,443,38693.0599,0,5.9356,11.7979,11.7979,130.766
8,444,38832.6496,0,6.3146,10.1345,10.1345,50.2998
8,445,38973.9854,0,6.5307,10.8698,10.8698,33.2872
8,446,39015.4884,0,10.3824,15.0894,15.0894,50.7308
8,447,39073.4234,0,7.2499,15.059,15.059,33.9346
8,448,39213.2843,0,6.5975,8.273,8.273,64.482
8,449,39306.0402,0,5.3864,12.9496,12.9496,44.9006
8,450,39552.704,0,7.6553,10.5445,10.5445,39.9359
8,451,39563.2125,0,10.8909,16.0436,16.0436,42.8715
8,452,39602.443,0,5.3116,17.4275,17.4275,107.1476
8,453,39649.9576,0,10.6169,14.5841,14.5841,68.6092
8,454,39656.5753,0,16.137,24.1117,24.1117,101.966
8,455,39745.8546,0,13.8063,19.4278,19.4278,74.9337
8,456,39875.6967,0,9.8407,14.4913,14.4913,78.179
8,457,39930.9369,0,4.2209,33.4862,33.4862,49.8541
8,458,40072.9011,0,13.4832,15.9078,15.9078,49.054
8,459,40124.8444,0,10.0091,12.4178,12.4178,61.0633
8,460,40164.4112,0,6.1027,10.7466,10.7466,65.9281
8,461,40264.194,0,3.5776,5.8619,5.8619,44.3106
8,462,40554.197,0,8.0149,16.7405,16.7405,80.8896
8,463,40757.8527,0,8.745,12.2058,12.2058,32.6202
8,464,40871.1925,0,5.7627,10.3682,10.3682,80.0481
8,465,40883.4072,0,12.0025,16.9444,16.9444,74.3531
8,466,40961.84,0,9.6679,14.8031,14.8031,61.6609
8,467,40955.9269,0,16.4635,21.8331,21.8331,84.471
8,468,41192.8494,0,12.9882,18.0834,18.0834,55.4504
8,469,41256.133,0,3.6248,5.1839,5.1839,50.4429
8,470,41286.5546,0,18.0022,22.9799,22.9799,72.1169
8,471,41427.6443,0,5.1046,9.6542,9.6542,46.2743
8,472,41525.8688,0,10.026,11.6692,11.6692,61.7538
8,473,41723.2275,0,12.5403,17.6652,17.6652,80.3324
8,474,41832.8755,0,0.5389,9.6585,9.6585,64.1591
8,475,41895.0223,0,10.2504,12.9421,12.9421,32.3473
8,476,42062.3298,0,9.6342,16.3908,16.3908,74.5405
8,477,42255.2536,0,3.4339,11.4116,11.4116,49.8434
8,478,42301.0403,0,3.7712,8.0269,8.0269,37.2765
8,479,42346.9385,0,1.8278,31.3353,31.3353,118.2757
8,480,42491.9335,0,4.1128,6.8203,6.8203,49.3161
8,481,42485.9006,0,8.002,18.2967,18.2967,66.7089
8,482,42611.1691,0,5.8704,11.6704,11.6704,47.7976
8,483,42690.6156,0,3.0608,12.5975,12.5975,59.4377
8,484,42817.5818,0,3.4545,7.0037,7.0037,61.9469
8,485,42864.2429,0,1.9939,9.0634,9.0634,44.8129
8,486,42957.1295,0,3.3755,6.0246,6.0246,51.1996
8,487,42953.9938,0,4.1177,10.7368,10.7368,66.6584
8,488,42957.7465,0,7.1887,11.1782,11.1782,101.7413
8,489,43018.2237,0,4.3696,9.0375,9.0375,42.0805
8,490,43028.9402,0,5.075,10.7035,10.7035,61.1113
9,1,0.0,0,5.3426,10.3214,10.3214,65.7169
9,2,80.4657,0,2.9376,8.663,8.663,46.7822
9,3,93.3599,0,3.7886,13.2795,13.2795,45.5061
9,4,501.0961,0,1.8231,14.225,14.225,70.9984
9,5,558.568,0,8.0873,16.4158,16.4158,67.2931
9,6,594.244,0,5.5253,9.4031,9.4031,87.9953
9,7,644.3087,0,2.1244,39.0413,39.0413,67.6869
9,8,747.6799,0,3.3594,8.5151,8.5151,66.2249
9,9,772.3882,0,4.0665,10.2593,10.2593,104.2512
9,10,785.0875,0,4.7963,6.8391,6.8391,95.4566
9,11,869.9834,0,10.2755,15.6701,15.6701,62.7834
9,12,942.5653,0,2.9265,9.0284,9.0284,49.7222
9,13,950.1145,0,17.0019,29.361,29.361,72.9469
9,14,1079.0321,0,4.7068,9.0038,9.0038,33.2103
9,15,1263.1844,0,8.7485,13.1716,13.1716,41.5794
9,16,1282.2727,0,6.2425,8.683,8.683,35.4771
9,17,1332.2672,0,8.4932,13.8428,13.8428,63.2988
9,18,1450.9319,0,14.8184,22.5237,22.5237,71.125
9,19,1736.2717,0,0.7943,7.3388,7.3388,55.9219
9,20,1731.6569,0,10.6539,16.76,16.76,102.3598
9,21,1763.7974,0,2.5174,13.9979,13.9979,83.2644
9,22,1819.3958,0,2.3868,5.8072,5.8072,54.452
9,23,1902.019,0,1.9562,3.8373,3.8373,28.17
9,24,2036.7186,0,9.5307,14.1741,14.1741,31.2884
9,25,2047.0198,0,18.9058,25.8228,25.8228,57.8595
9,26,2078.2367,0,1.1101,6.505,6.505,79.9138
9,27,2090.5566,0,18.2598,24.0434,24.0434,82.976
9,28,2126.0068,0,19.3289,32.407,32.407,96.2742
9,29,2166.6639,0,19.1822,23.9765,23.9765,75.2721
9,30,2176.5858,0,22.4026,27.1656,27.1656,70.3082
9,31,2249.2835,0,2.3643,8.5785,8.5785,40.7766
9,32,2312.8715,0,14.1261,17.9141,17.9141,53.5479
9,33,2322.0105,0,4.5295,10.851,10.851,48.2294
9,34,2349.9258,0,6.0307,15.584,15.584,65.7149
9,35,2516.8116,0,2.9604,4.2808,4.2808,35.8861
9,36,2537.8187,0,2.7108,5.7123,5.7123,30.846
9,37,2677.1274,0,5.2303,8.7043,8.7043,54.1233
9,38,2741.805,0,10.3974,13.4566,13.4566,57.0841
9,39,2774.5384,0,9.0044,12.1756,12.1756,41.2591
9,40,2863.5522,0,2.8034,7.7006,7.7006,74.0006
9,41,2953.9429,0,2.0328,10.2052,10.2052,45.4922
9,42,3031.5615,0,5.0541,10.15,10.15,36.778
9,43,3131.5003,0,3.0242,6.2976,6.2976,48.9125
9,44,3298.0738,0,6.6467,22.1806,22.1806,48.9286
9,45,3349.8917,0,9.1367,10.9412,10.9412,22.6351
9,46,3408.8819,0,11.1651,16.3665,16.3665,62.6691
9,47,3431.4879,0,6.8281,11.0662,11.0662,61.5943
9,48,3680.606,0,1.6239,4.7801,4.7801,57.9259
9,49,3703.8028,0,6.1198,11.4949,11.4949,64.2264
9,50,3782.7719,0,4.0956,16.4869,16.4869,66.6276
9,51,3804.36,0,11.3965,29.7648,29.7648,62.9321
9,52,3874.016,0,7.0209,17.8365,17.8365,58.874
9,53,3952.1087,0,3.9198,20.4984,20.4984,56.5237
9,54,3994.3605,0,10.5278,13.6022,13.6022,53.4795
9,55,4000.9843,0,0.1999,16.5511,16.5511,66.4597
9,56,4035.8532,0,10.0526,15.7141,15.7141,56.3362
9,57,4116.4632,0,8.3491,10.9833,10.9833,34.6288
9,58,4173.6083,0,6.6048,14.5637,14.5637,40.7608
9,59,4246.7062,0,7.8865,16.3483,16.3483,35.5298
9,60,4528.9809,0,8.1821,9.5934,9.5934,56.0765
9,61,4741.0292,0,5.0842,17.4401,17.4401,81.6945
9,62,4762.1225,0,7.2314,11.8875,11.8875,86.8769
9,63,4812.6186,0,3.7804,11.6621,11.6621,110.8935
9,64,4857.8508,0,10.5862,12.6306,12.6306,83.3233
9,65,4884.8813,0,4.7484,9.5288,9.5288,70.6066
9,66,4994.0961,0,9.9603,11.5366,11.5366,57.2335
9,67,5012.684,0,4.5456,9.1264,9.1264,59.3481
9,68,5024.3511,0,8.4135,9.9363,9.9363,99.4252
9,69,5056.0563,0,8.5191,17.5139,17.5139,72.4004
9,70,5095.2111,0,3.5173,10.9404,10.9404,43.6226
9,71,5130.7387,0,9.1748,12.304,12.304,92.0482
9,72,5221.732,0,9.0178,12.5973,12.5973,47.4186
9,73,5294.0933,0,4.8115,6.7943,6.7943,47.0147
9,74,5314.2567,0,15.3836,18.6982,18.6982,59.1776
9,75,5495.9124,0,2.2519,5.425,5.425,23.7775
9,76,5518.3795,0,3.2166,16.44,16.44,57.6232
9,77,5587.9653,0,16.2686,22.9299,22.9299,67.6267
9,78,5643.5904,0,1.806,5.6901,5.6901,31.6315
9,79,5641.7699,0,9.9487,17.5414,17.5414,38.8302
9,80,5974.3842,0,8.6532,11.0329,11.0329,38.8091
9,81,6051.2778,0,10.9188,13.7924,13.7924,32.9207
9,82,6147.6003,0,9.9381,12.9925,12.9925,54.4099
9,83,6326.0439,0,12.3887,17.7346,17.7346,63.4058
9,84,6409.4077,0,3.4498,14.6892,14.6892,57.0339
9,85,6461.3454,0,6.6052,12.1323,12.1323,48.5289
9,86,6519.1935,0,21.3315,28.1562,28.1562,56.6637
9,87,6510.4902,0,12.8202,43.1699,43.1699,78.9799
9,88,6655.4035,0,1.0375,5.7336,5.7336,72.3888
9,89,6898.1608,0,5.2343,10.3286,10.3286,48.12
9,90,6937.2607,0,7.913,9.7796,9.7796,36.1955
9,91,6959.7271,0,3.1676,9.971,9.971,51.6318
9,92,6964.6515,0,7.5308,11.4531,11.4531,53.0012
9,93,7131.747,0,3.8547,9.9242,9.9242,64.7593
9,94,7573.4906,0,11.6777,13.7651,13.7651,61.4037
9,95,7679.8593,0,8.1854,10.8155,10.8155,57.3412
9,96,7729.0448,0,2.5831,5.8047,5.8047,63.5505
9,97,7759.1305,0,1.9947,5.7497,5.7497,45.0792
9,98,7761.3689,0,5.9349,8.6253,8.6253,62.5501
9,99,7801.7443,0,16.5219,21.1957,21.1957,46.5391
9,100,7813.097,0,10.8442,18.7309,18.7309,56.0639
9,101,8002.1374,0,9.7285,18.9793,18.9793,63.6269
9,102,8095.4485,0,2.1276,10.08,10.08,69.722
9,103,8131.1187,0,7.3476,8.6678,8.6678,45.3201
9,104,8158.5186,0,2.4996,5.7535,5.7535,59.9815
9,105,8247.3929,0,11.719,13.851,13.851,34.6976
9,106,8297.5283,0,7.0113,18.6268,18.6268,38.8224
9,107,8309.4712,0,11.8207,16.5666,16.5666,47.8619
9,108,8522.1833,0,3.1491,16.9603,16.9603,39.8374
9,109,8759.0016,0,8.1821,12.9717,12.9717,41.3697
9,110,8770.7623,0,8.4022,13.5087,13.5087,45.5505
9,111,9060.5843,0,1.7813,7.914,7.914,45.7485
9,112,9125.8771,0,16.2977,23.994,23.994,149.4856
9,113,9328.7509,0,4.5727,11.2752,11.2752,58.2998
9,114,9362.7865,0,0.9509,15.8936,15.8936,54.8549
9,115,9376.286,0,8.4135,14.6428,14.6428,84.9798
9,116,9400.7715,0,13.4625,20.1478,20.1478,63.3391
9,117,9404.1853,0,6.2841,31.0137,31.0137,75.1728
9,118,9505.3744,0,5.274,7.706,7.706,29.4226
9,119,9521.2089,0,2.9017,9.827,9.827,51.9962
9,120,9559.6474,0,10.476,19.7439,19.7439,46.1137
9,121,9621.1238,0,7.3029,10.848,10.848,56.6671
9,122,9667.7742,0,10.5948,13.874,13.874,49.6979
9,123,9803.051,0,5.8419,21.6122,21.6122,60.3438
9,124,9821.1423,0,2.4319,4.628,4.628,55.5892
9,125,9827.6633,0,2.1881,13.5754,13.5754,87.6116
9,126,9869.2767,0,5.4411,11.3322,11.3322,51.9663
9,127,9893.3891,0,12.464,17.1529,17.1529,65.605
9,128,10014.1223,0,10.8853,18.1053,18.1053,43.6466
9,129,10194.7207,0,7.9687,12.1921,12.1921,43.2402
9,130,10379.6497,0,9.6272,12.5044,12.5044,53.2203
9,131,10415.3715,0,8.4964,14.4347,14.4347,52.9348
9,132,10541.6413,0,4.7773,10.3772,10.3772,70.3629
9,133,10583.9182,0,11.514,13.0011,13.0011,48.7783
9,134,10638.8669,0,4.832,10.4296,10.4296,40.5925
9,135,10650.2008,0,0.626,11.6967,11.6967,80.8689
9,136,10850.827,0,3.1123,5.1658,5.1658,55.5136
9,137,10875.405,0,8.7443,12.6752,12.6752,41.3632
9,138,10968.685,0,1.8479,7.8544,7.8544,69.5171
9,139,10972.1751,0,8.6437,12.2774,12.2774,89.112
9,140,10993.7883,0,15.5073,19.6739,19.6739,73.5313
9,141,10991.352,0,10.2322,44.6806,44.6806,80.3364
9,142,11090.4121,0,9.7032,11.1132,11.1132,64.4611
9,143,11169.0892,0,3.8571,17.6814,17.6814,85.7422
9,144,11262.3501,0,3.1811,7.0102,7.0102,25.6692
9,145,11339.7769,0,13.6319,19.828,19.828,42.576
9,146,11405.5105,0,2.8075,6.7466,6.7466,78.0148
9,147,11625.3583,0,5.3544,9.061,9.061,43.9452
9,148,11672.923,0,4.3591,12.4416,12.4416,94.2661
9,149,11691.1029,0,12.0191,16.5496,16.5496,98.0039
9,150,11694.4072,0,3.2655,60.5388,60.5388,109.6097
9,151,11934.6709,0,2.8078,6.7582,6.7582,42.0243
9,152,12042.4323,0,7.5519,17.9347,17.9347,67.918
9,153,12061.4551,0,17.7133,21.1343,21.1343,68.2383
9,154,12068.2623,0,8.3046,24.1297,24.1297,102.7199
9,155,12124.7176,0,1.1669,11.0253,11.0253,70.6089
9,156,12144.1132,0,2.364,7.4531,7.4531,104.3722
9,157,12208.8096,0,6.5633,10.4824,10.4824,69.3264
9,158,12278.1461,0,3.2945,10.2604,10.2604,37.9042
9,159,12335.8369,0,8.8221,13.7742,13.7742,49.3932
9,160,12392.6056,0,6.0526,23.379,23.379,99.0722
9,161,12471.4942,0,4.9786,19.8698,19.8698,42.7798
9,162,12581.3211,0,5.9862,9.951,9.951,55.1624
9,163,12635.1906,0,6.5053,12.0676,12.0676,51.4273
9,164,12765.6822,0,2.5939,8.1805,8.1805,30.9954
9,165,12776.0707,0,13.876,16.0758,16.0758,52.9012
9,166,12861.8058,0,2.1042,6.12,6.12,28.2012
9,167,12934.4708,0,4.8242,12.7812,12.7812,82.8476
9,168,13289.752,0,0.8124,19.3226,19.3226,67.8738
9,169,13404.3988,0,4.6675,7.3799,7.3799,122.6832
9,170,13487.08,0,4.0237,14.4019,14.4019,78.7618
9,171,13624.0311,0,2.0804,5.5645,5.5645,54.5945
9,172,13680.5856,0,4.0514,7.1357,7.1357,33.0727
9,173,13687.1433,0,1.2032,4.7396,4.7396,50.7462
9,174,13744.0756,0,3.35,9.5091,9.5091,41.5691
9,175,13775.4957,0,7.9755,15.5839,15.5839,71.8074
9,176,13786.3119,0,3.668,10.8786,10.8786,97.9063
9,177,14042.7474,0,1.3256,3.8101,3.8101,43.8328
9,178,14160.9374,0,5.8565,11.8669,11.8669,45.6317
9,179,14528.4717,0,2.5543,5.1239,5.1239,43.1633
9,180,14610.3154,0,1.5552,14.6861,14.6861,81.9633
9,181,14746.7132,0,8.0707,11.1087,11.1087,48.5996
9,182,14782.4417,0,3.9192,9.089,9.089,56.0524
9,183,15023.3874,0,10.2838,22.961,22.961,81.4417
9,184,15147.3547,0,14.6233,24.6748,24.6748,76.8726
9,185,15242.3794,0,9.4023,15.26,15.26,56.8297
9,186,15273.6721,0,9.5307,16.4865,16.4865,66.6886
9,187,15350.6442,0,15.0499,18.0217,18.0217,36.7346
9,188,15459.5182,0,4.1635,12.4981,12.4981,47.2721
9,189,15634.116,0,2.6159,4.9604,4.9604,46.2558
9,190,16057.0244,0,4.5193,13.3921,13.3921,100.4578
9,191,16262.7874,0,4.1057,11.2121,11.2121,40.79
9,192,16394.8,0,11.4204,19.2792,19.2792,26.3001
9,193,16417.4265,0,6.9138,9.3634,9.3634,93.8417
9,194,16440.2813,0,18.243,22.7567,22.7567,71.9806
9,195,16471.5453,0,8.075,10.1378,10.1378,54.3008
9,196,16544.4444,0,7.9057,11.841,11.841,72.7204
9,197,16624.4458,0,2.8317,7.2042,7.2042,39.9411
9,198,16636.5354,0,7.1166,11.5194,11.5194,80.2827
9,199,16664.536,0,5.4807,16.3468,16.3468,75.788
9,200,16704.9564,0,15.0278,17.9257,17.9257,40.4365
9,201,16723.6935,0,17.5848,25.9183,25.9183,64.4371
9,202,16776.1699,0,3.2715,7.639,7.639,73.6797
9,203,16793.3078,0,4.4745,10.7472,10.7472,69.2394
9,204,16794.0531,0,8.5363,14.5501,14.5501,130.3884
9,205,16910.4224,0,4.5759,9.8267,9.8267,36.0139
9,206,16973.1745,0,5.6519,12.8872,12.8872,56.5917
9,207,17001.7742,0,6.0768,11.6174,11.6174,98.1853
9,208,17080.454,0,6.477,13.9427,13.9427,38.7466
9,209,17207.4094,0,3.3719,9.6895,9.6895,84.2927
9,210,17238.798,0,7.5126,9.9352,9.9352,62.8673
9,211,17301.3502,0,6.2426,12.6222,12.6222,49.3304
9,212,17465.0501,0,14.6951,17.1898,17.1898,51.9564
9,213,17820.0739,0,12.6432,17.3041,17.3041,78.8345
9,214,17851.7079,0,4.9785,20.1394,20.1394,55.4042
9,215,17921.0715,0,10.0591,14.779,14.779,50.8149
9,216,18055.6876,0,9.1318,13.1898,13.1898,37.1587
9,217,18009.6361,0,7.9601,63.1797,63.1797,115.1786
9,218,18136.8454,0,15.6176,20.8652,20.8652,58.6835
9,219,18142.5165,0,2.7801,21.548,21.548,65.9811
9,220,18225.7457,0,12.7428,23.4802,23.4802,104.9402
9,221,18357.9376,0,6.8387,11.5916,11.5916,64.2663
9,222,18545.1051,0,6.1027,12.6708,12.6708,84.9923
9,223,18749.8049,0,3.3329,10.4947,10.4947,51.8185
9,224,18867.9499,0,4.3859,7.3384,7.3384,30.2383
9,225,19242.8968,0,16.3272,20.4827,20.4827,58.7058
9,226,19480.5806,0,10.4899,11.7919,11.7919,38.3472
9,227,19490.9825,0,16.9617,22.5826,22.5826,55.717
9,228,19505.366,0,19.9628,23.0849,23.0849,63.0488
9,229,19546.234,0,15.5539,19.2002,19.2002,46.309
9,230,19595.6235,0,4.8378,7.2629,7.2629,58.8405
9,231,19764.9863,0,2.263,13.2271,13.2271,49.5097
9,232,19782.3703,0,14.3622,17.4312,17.4312,49.988
9,233,19830.5647,0,8.2929,11.6722,11.6722,36.8533
9,234,19822.1506,0,14.5248,26.367,26.367,70.2866
9,235,19851.1581,0,4.5709,8.1534,8.1534,81.3324
9,236,19911.7417,0,5.9219,12.9966,12.9966,40.7922
9,237,19914.2084,0,15.4457,21.3533,21.3533,57.6189
9,238,20176.9505,0,12.557,15.9281,15.9281,29.7565
9,239,20220.7112,0,8.0071,34.61,34.61,84.5986
9,240,20491.0465,0,2.5427,33.4799,33.4799,69.9875
9,241,20692.898,0,11.6115,16.1715,16.1715,45.9925
9,242,20692.5229,0,10.4641,16.6323,16.6323,52.2185
9,243,20870.4491,0,6.8263,19.3931,19.3931,63.9242
9,244,20917.1473,0,4.0761,8.6059,8.6059,46.2071
9,245,20914.9413,0,6.8194,11.7067,11.7067,67.78
9,246,21023.7964,0,11.9189,16.8736,16.8736,68.1497
9,247,21247.9826,0,12.5018,18.7906,18.7906,29.664
9,248,21261.9762,0,12.2046,16.6154,16.6154,105.656
9,249,21309.3455,0,6.8142,20.1325,20.1325,55.8824
9,250,21497.5283,0,3.0368,27.4655,27.4655,79.9703
9,251,21558.5673,0,7.2011,14.0894,14.0894,73.8148
9,252,22030.7131,0,15.4068,75.4068,75.4068,132.6225
9,253,22119.671,0,0.6043,7.283,7.283,45.8768
9,254,22214.9556,0,3.1916,9.1571,9.1571,60.0051
9,255,22249.677,0,8.2675,9.7556,9.7556,33.4092
9,256,22267.7285,0,0.4368,6.4082,6.4082,51.8856
9,257,22272.9946,0,17.6103,21.7983,21.7983,79.0528
9,258,22297.8898,0,11.1189,14.7979,14.7979,59.6411
9,259,22297.4285,0,5.679,17.347,17.347,75.0296
9,260,22332.0346,0,14.742,18.2804,18.2804,46.7345
9,261,22346.5897,0,12.1625,14.9446,14.9446,47.9228
9,262,22337.8717,0,24.5971,27.6576,27.6576,48.4782
9,263,22375.6802,0,7.0884,15.2389,15.2389,66.1362
9,264,22518.1966,0,7.6126,15.9316,15.9316,47.2458
9,265,22529.2485,0,14.6741,19.0128,19.0128,39.9872
9,266,22565.9908,0,4.5759,7.2516,7.2516,86.8758
9,267,22828.0683,0,1.1773,8.1052,8.1052,42.4564
9,268,22880.2558,0,4.9104,7.899,7.899,33.6295
9,269,23030.4431,0,2.0645,6.4606,6.4606,34.0234
9,270,23023.7385,0,8.387,15.7103,15.7103,57.9633
9,271,23189.943,0,4.0841,7.7551,7.7551,45.6904
9,272,23280.4558,0,6.9238,9.7763,9.7763,69.1136
9,273,23403.7588,0,5.4296,9.9982,9.9982,91.2891
9,274,23679.6711,0,7.1499,11.1133,11.1133,72.9322
9,275,23716.3286,0,6.6091,7.8851,7.8851,49.6562
9,276,23744.5037,0,15.0278,18.2168,18.2168,56.5701
9,277,23933.4676,0,6.5974,9.3347,9.3347,90.9018
9,278,23979.9717,0,12.5001,12.9979,12.9979,68.0625
9,279,24005.8941,0,6.2979,13.6946,13.6946,67.6225
9,280,24498.3326,0,3.4077,4.9595,4.9595,42.7519
9,281,25113.3182,0,9.6573,11.1488,11.1488,38.1693
9,282,25118.8351,0,9.3512,11.5774,11.5774,40.8366
9,283,25142.8896,0,2.9832,4.5697,4.5697,53.5788
9,284,25156.0716,0,5.649,9.7821,9.7821,57.7128
9,285,25183.8444,0,9.3894,11.892,11.892,46.5438
9,286,25283.9151,0,12.6339,21.6499,21.6499,49.8609
9,287,25298.1718,0,2.5123,7.547,7.547,70.3271
9,288,25504.4702,0,9.3444,10.9137,10.9137,38.2486
9,289,25576.2562,0,9.575,11.9788,11.9788,53.052
9,290,25566.7093,0,20.3808,25.2907,25.2907,49.6213
9,291,25589.0863,0,1.6329,3.5428,3.5428,87.154
9,292,25587.5024,0,16.2912,25.9067,25.9067,109.4081
9,293,25643.4003,0,15.0293,19.7719,19.7719,62.7813
9,294,25735.2224,0,4.2363,12.8649,12.8649,78.4852
9,295,25820.3537,0,2.2351,5.4358,5.4358,33.9186
9,296,25847.0294,0,3.9132,25.2217,25.2217,59.5326
9,297,25889.3742,0,4.8616,10.0762,10.0762,41.7056
9,298,25935.3761,0,8.1961,10.9071,10.9071,56.3974
9,299,26049.8068,0,1.6646,3.7784,3.7784,46.6201
9,300,26087.9239,0,6.3634,12.3141,12.3141,78.9642
9,301,26400.7807,0,6.5292,14.3717,14.3717,50.9307
9,302,26448.958,0,16.8649,26.0807,26.0807,45.2827
9,303,26529.6488,0,8.2988,11.5293,11.5293,46.9682
9,304,26654.1297,0,13.4004,20.6549,20.6549,55.1665
9,305,26655.1035,0,22.3947,28.6195,28.6195,58.8939
9,306,26671.028,0,15.2897,19.8118,19.8118,122.8945
9,307,26792.2707,0,18.0349,33.675,33.675,70.4758
9,308,26824.0698,0,12.6635,17.2606,17.2606,66.5045
9,309,26846.2916,0,2.6318,12.1468,12.1468,59.8631
9,310,26843.4343,0,16.9829,21.0344,21.0344,127.4149
9,311,26886.5999,0,4.3878,7.4263,7.4263,107.5301
9,312,27080.8096,0,9.7495,11.9878,11.9878,31.7829
9,313,27146.5492,0,7.4361,9.2784,9.2784,50.0236
9,314,27215.875,0,4.144,7.7396,7.7396,44.7615
9,315,27272.4141,0,4.9675,8.9638,8.9638,55.6768
9,316,28089.9188,0,6.7841,13.0749,13.0749,54.0046
9,317,28116.4083,0,11.39,19.3434,19.3434,79.969
9,318,28161.9482,0,4.062,11.4831,11.4831,63.1087
9,319,28162.3562,0,16.9845,23.4337,23.4337,76.5052
9,320,28177.4406,0,12.452,22.8273,22.8273,94.3058
9,321,28213.4564,0,11.0175,14.9616,14.9616,69.5744
9,322,28407.2408,0,1.0922,5.9284,5.9284,51.5069
9,323,28448.6058,0,7.2347,9.0061,9.0061,43.9216
9,324,28463.3098,0,4.0001,8.2759,8.2759,37.6646
9,325,28582.7342,0,13.8871,17.5175,17.5175,68.4248
9,326,28795.1014,0,2.7959,8.3215,8.3215,52.0681
9,327,28830.901,0,6.1736,11.6555,11.6555,46.4551
9,328,28937.609,0,1.2792,5.6048,5.6048,67.9185
9,329,29021.0258,0,8.3588,14.6851,14.6851,47.3378
9,330,29308.3446,0,2.7463,25.7713,25.7713,65.5168
9,331,29325.576,0,2.7474,9.4214,9.4214,71.4044
9,332,29361.828,0,10.2091,14.5623,14.5623,71.0494
9,333,29421.0907,0,12.3209,27.1841,27.1841,48.5842
9,334,29470.3926,0,14.6011,35.5143,35.5143,71.7596
9,335,29538.7599,0,4.0354,6.4099,6.4099,32.8355
9,336,29532.3307,0,10.521,13.4612,13.4612,54.7354
9,337,29579.7218,0,7.4666,11.6548,11.6548,64.5558
9,338,29659.5431,0,6.7392,9.5758,9.5758,44.5746
9,339,29674.4635,0,10.7216,14.4585,14.4585,44.6847
9,340,29841.8905,0,7.8289,10.7273,10.7273,47.5463
9,341,29934.1071,0,0.2619,5.8777,5.8777,36.3797
9,342,30262.5949,0,11.6808,13.6601,13.6601,37.2456
9,343,30350.0429,0,2.1303,4.8848,4.8848,61.9211
9,344,30366.2174,0,9.3769,33.4324,33.4324,78.9729
9,345,30633.0255,0,3.8672,7.6333,7.6333,66.3266
9,346,30696.3717,0,3.4323,6.501,6.501,38.8045
9,347,30743.095,0,8.8857,13.4187,13.4187,64.7182
9,348,30776.8244,0,17.2983,22.0795,22.0795,72.3684
9,349,30817.2725,0,5.6857,10.8413,10.8413,97.8388
9,350,30989.3505,0,14.5836,20.6643,20.6643,56.3665
9,351,31004.418,0,17.6103,20.3321,20.3321,115.5858
9,352,31146.1577,0,9.1748,18.1559,18.1559,77.8361
9,353,31212.3786,0,9.7945,13.3177,13.3177,57.3424
9,354,31236.2599,0,4.1357,8.409,8.409,62.3779
9,355,31269.2479,0,16.2966,22.9836,22.9836,54.2202
9,356,31337.056,0,5.116,9.1159,9.1159,55.9885
9,357,31366.3905,0,15.1339,19.8014,19.8014,44.5402
9,358,31388.3306,0,9.1144,14.2433,14.2433,56.3302
9,359,31402.9192,0,5.7122,10.8311,10.8311,47.3966
9,360,31397.4523,0,19.1717,24.6492,24.6492,61.5085
9,361,31676.6049,0,8.1788,17.8642,17.8642,82.0976
9,362,31766.6735,0,7.7471,11.2234,11.2234,43.711
9,363,31816.1777,0,10.2479,22.6721,22.6721,57.9594
9,364,31868.2084,0,13.715,22.2273,22.2273,60.3769
9,365,31860.2535,0,12.0703,47.6412,47.6412,101.477
9,366,32212.2972,0,17.0415,22.8397,22.8397,55.3741
9,367,32205.1721,0,7.6553,31.1999,31.1999,65.3416
9,368,32225.1956,0,5.264,25.6375,25.6375,63.4521
9,369,32320.9906,0,2.093,7.4637,7.4637,55.1005
9,370,32418.1373,0,3.6702,8.8685,8.8685,71.7577
9,371,32445.1866,0,16.9617,21.6234,21.6234,49.7349
9,372,32543.6945,0,8.5371,18.7715,18.7715,43.1279
9,373,32617.6348,0,8.3087,13.025,13.025,91.2684
9,374,32682.5009,0,9.9261,24.4547,24.4547,56.4412
9,375,32723.1637,0,1.6216,4.326,4.326,38.8579
9,376,32779.3577,0,3.8461,7.7116,7.7116,105.1166
9,377,32880.6197,0,7.2726,22.1767,22.1767,51.5725
9,378,33130.5946,0,4.6244,9.6668,9.6668,59.0026
9,379,33408.7108,0,5.3,9.6987,9.6987,52.824
9,380,33614.7857,0,9.4225,30.6563,30.6563,96.7654
9,381,33660.0948,0,4.7011,10.9672,10.9672,62.0881
9,382,33808.0874,0,2.5509,3.6756,3.6756,46.9194
9,383,33805.924,0,11.8237,15.0562,15.0562,52.9193
9,384,33878.6881,0,10.6198,13.001,13.001,39.4318
9,385,33900.4269,0,8.4102,11.573,11.573,72.6826
9,386,33924.7188,0,2.5509,5.9731,5.9731,55.5698
9,387,34040.9623,0,6.0861,18.8336,18.8336,61.3462
9,388,34200.1969,0,3.4829,7.5506,7.5506,52.8751
9,389,34368.5059,0,6.4299,14.8988,14.8988,53.6963
9,390,34438.0153,0,8.5766,12.4545,12.4545,51.9889
9,391,34448.164,0,16.3079,19.7541,19.7541,61.4037
9,392,34625.4411,0,5.5072,10.3981,10.3981,49.1973
9,393,34690.8465,0,10.3117,27.5466,27.5466,92.4626
9,394,34986.1802,0,4.264,10.9261,10.9261,56.3224
9,395,35016.6143,0,5.8426,13.2662,13.2662,65.3899
9,396,35169.6008,0,3.0692,17.0171,17.0171,53.0036
9,397,35192.937,0,12.2025,20.8965,20.8965,40.6725
9,398,35219.8489,0,12.6432,15.1796,15.1796,69.5817
9,399,35220.3111,0,16.4296,20.5796,20.5796,104.4421
9,400,35290.5124,0,17.2627,27.8162,27.8162,66.6352
9,401,35332.5465,0,5.5586,7.023,7.023,51.8153
9,402,35353.8055,0,9.5307,15.411,15.411,50.8743
9,403,35384.9163,0,6.6971,8.8583,8.8583,42.1277
9,404,35477.8189,0,7.711,14.519,14.519,53.1006
9,405,35510.7439,0,4.9312,9.1958,9.1958,29.9554
9,406,35531.394,0,2.5812,4.438,4.438,99.9034
9,407,35652.591,0,5.8077,13.8743,13.8743,38.4868
9,408,35781.7731,0,7.2402,21.7156,21.7156,43.4829
9,409,35826.2417,0,9.8514,18.7717,18.7717,49.0153
9,410,35846.8351,0,7.15,8.6845,8.6845,50.6086
9,411,36021.3044,0,1.5998,6.4519,6.4519,43.6372
9,412,36246.6008,0,5.3813,8.7261,8.7261,56.5202
9,413,36475.6902,0,3.6552,12.0981,12.0981,49.5981
9,414,36525.3056,0,8.8857,11.204,11.204,59.469
9,415,36533.0258,0,9.3022,10.8402,10.8402,65.2227
9,416,36641.3263,0,4.9862,34.9526,34.9526,64.0469
9,417,36705.5706,0,2.0859,6.3542,6.3542,56.1749
9,418,36707.899,0,8.4074,13.6839,13.6839,67.7347
9,419,36771.7965,0,11.2612,35.8202,35.8202,63.242
9,420,36798.2088,0,4.0702,12.1636,12.1636,102.3417
9,421,36882.6212,0,10.6083,18.3231,18.3231,73.5339
9,422,36917.5697,0,4.9226,13.7576,13.7576,59.2774
9,423,36968.5612,0,15.9305,18.2612,18.2612,55.8357
9,424,36976.596,0,9.1228,15.1745,15.1745,95.4297
9,425,37030.2023,0,9.9304,17.5877,17.5877,69.0757
9,426,37047.2664,0,22.1417,32.7366,32.7366,70.7662
9,427,37188.7664,0,6.7969,9.8532,9.8532,50.3
9,428,37266.6305,0,5.7038,8.5135,8.5135,56.1972
9,429,37869.1159,0,1.3561,9.5483,9.5483,36.4383
9,430,37904.0776,0,9.3115,18.6003,18.6003,69.0537
9,431,38075.5338,0,7.4428,13.1362,13.1362,56.3535
9,432,38132.5656,0,4.3581,12.2458,12.2458,65.4979
9,433,38216.5012,0,12.832,16.1087,16.1087,75.0513
9,434,38286.1795,0,8.075,11.2838,11.2838,33.3049
9,435,38351.1981,0,6.1919,15.0353,15.0353,46.7989
9,436,38437.2353,0,17.43,21.251,21.251,46.3173
9,437,38468.1054,0,17.061,32.0329,32.0329,78.984
9,438,38552.6702,0,17.0233,21.6645,21.6645,73.385
9,439,38624.9886,0,10.496,15.7186,15.7186,55.168
9,440,38714.0569,0,6.1233,12.4347,12.4347,55.4992
9,441,38731.6839,0,8.371,9.6479,9.6479,57.1203
9,442,38879.7624,0,5.1341,14.5256,14.5256,49.0641
9,443,38968.4771,0,12.9479,15.0577,15.0577,37.4864
9,444,38993.61,0,14.6276,27.6472,27.6472,61.2161
9,445,39029.5595,0,14.3986,18.2584,18.2584,52.8013
9,446,39141.9089,0,5.9533,13.9793,13.9793,39.3894
9,447,39204.6866,0,13.9707,20.5559,20.5559,52.8735
9,448,39232.7944,0,0.915,9.2535,9.2535,40.8156
9,449,39237.809,0,16.8867,23.1459,23.1459,55.2544
9,450,39307.9239,0,3.6275,6.9743,6.9743,43.5739
9,451,39522.797,0,15.4908,32.0844,32.0844,64.9478
9,452,39572.4455,0,11.7819,16.1479,16.1479,34.7767
9,453,39597.6334,0,2.1984,18.4038,18.4038,69.6227
9,454,39626.9751,0,6.2771,12.3306,12.3306,44.4377
9,455,39682.4788,0,4.183,14.0437,14.0437,70.6918
9,456,39755.3025,0,18.5318,22.4727,22.4727,42.4809
9,457,39774.5009,0,6.0588,20.5025,20.5025,72.1677
9,458,39842.7016,0,1.9123,8.8828,8.8828,53.3928
9,459,39885.6661,0,13.7076,20.673,20.673,51.9175
9,460,39890.4678,0,16.246,27.8108,27.8108,85.9914
9,461,39901.9408,0,8.1131,36.508,36.508,80.4827
9,462,39980.6886,0,3.1739,7.466,7.466,53.278
9,463,40015.5619,0,12.747,16.139,16.139,50.0776
9,464,40167.3189,0,0.6126,2.4921,2.4921,35.4728
9,465,40405.6329,0,2.7074,5.4515,5.4515,44.2919
9,466,40548.3201,0,1.0733,5.3743,5.3743,61.2125
9,467,40873.5695,0,6.6052,22.9164,22.9164,52.9035
9,468,41010.0731,0,11.1447,15.8224,15.8224,72.1948
9,469,41079.9624,0,7.0114,9.4874,9.4874,47.1064
9,470,41121.603,0,13.6543,16.2123,16.2123,43.5579
9,471,41296.3228,0,11.9405,17.8755,17.8755,46.0316
9,472,41704.1609,0,9.3444,36.7007,36.7007,88.5653
9,473,41896.356,0,10.2501,12.1645,12.1645,40.3059
9,474,41896.0922,0,7.7855,13.1684,13.1684,76.8012
9,475,42035.3727,0,1.8896,6.4878,6.4878,55.2239
9,476,42297.0988,0,8.7723,12.4503,12.4503,38.0065
9,477,42306.9323,0,13.9977,18.852,18.852,52.3914
9,478,42387.9828,0,8.8836,14.8184,14.8184,57.0283
9,479,42518.9211,0,12.0213,15.0732,15.0732,46.0741
9,480,42548.6478,0,5.8489,13.4549,13.4549,55.5527
9,481,42549.2206,0,8.6357,22.6722,22.6722,62.7725
9,482,42641.4365,0,8.8393,16.1304,16.1304,72.8865
9,483,42746.3572,0,3.3155,8.9336,8.9336,35.2027
9,484,42783.1058,0,12.9565,18.8244,18.8244,54.716
9,485,42919.5298,0,6.0721,23.905,23.905,70.0638
9,486,43013.7597,0,6.0396,11.6907,11.6907,54.1333
9,487,43071.7958,0,11.8607,13.5311,13.5311,52.4152
10,1,0.0,0,2.7837,16.3851,16.3851,87.564
10,2,228.7057,0,5.6053,10.192,10.192,29.7211
10,3,243.7716,0,5.6559,13.0738,13.0738,50.2926
10,4,422.2378,0,5.4267,39.2501,39.2501,59.4637
10,5,486.2146,0,4.0354,10.9324,10.9324,38.123
10,6,591.8855,0,2.7039,12.6602,12.6602,55.3622
10,7,748.8801,0,11.497,14.1826,14.1826,78.3097
10,8,777.6324,0,7.2,16.8594,16.8594,73.6262
10,9,813.1211,0,7.8894,11.6472,11.6472,81.728
10,10,895.1956,0,20.9677,22.4482,22.4482,55.4938
10,11,921.7326,0,0.4606,3.2998,3.2998,59.8185
10,12,1172.5746,0,3.7821,25.6945,25.6945,60.7936
10,13,1248.3684,0,2.869,8.607,8.607,50.8248
10,14,1334.8398,0,6.1638,12.6666,12.6666,36.7995
10,15,1840.9299,0,9.139,14.4823,14.4823,54.7447
10,16,1928.2772,0,2.4461,4.1897,4.1897,39.1399
10,17,1935.0372,0,0.0,4.9089,4.9089,46.0753
10,18,2018.4676,0,10.5912,16.8141,16.8141,61.3288
10,19,2035.5408,0,4.6497,6.9333,6.9333,50.9463
10,20,2059.4669,0,12.1663,14.4442,14.4442,52.5706
10,21,2135.3445,0,7.0938,10.6118,10.6118,75.1889
10,22,2200.3279,0,9.605,31.9316,31.9316,62.2773
10,23,2228.8303,0,7.5197,9.3852,9.3852,45.9463
10,24,2363.8583,0,9.2938,10.9147,10.9147,55.103
10,25,2406.2495,0,18.4516,62.6744,62.6744,121.3342
10,26,2544.7037,0,9.0392,14.2157,14.2157,56.6558
10,27,3106.9893,0,8.4277,14.2819,14.2819,62.1986
10,28,3393.0497,0,8.9555,13.6864,13.6864,94.7656
10,29,3443.6783,0,7.9567,10.7963,10.7963,63.5454
10,30,3504.2305,0,16.9617,19.6724,19.6724,44.4841
10,31,3754.9956,0,8.4135,9.9259,9.9259,40.2817
10,32,3868.7546,0,5.321,8.0796,8.0796,47.1972
10,33,3875.1747,0,10.029,14.2138,14.2138,56.798
10,34,3925.5032,0,12.4351,14.2712,14.2712,32.9181
10,35,3953.1837,0,7.664,11.3456,11.3456,52.8573
10,36,3975.9279,0,3.5778,10.2436,10.2436,95.762
10,37,3977.6354,0,6.4154,18.9854,18.9854,102.5813
10,38,4018.1485,0,2.2642,4.7557,4.7557,71.2092
10,39,4022.9703,0,6.5334,8.1273,8.1273,86.924
10,40,4119.9246,0,6.2074,10.1753,10.1753,45.1315
10,41,4253.9992,0,3.3234,7.6327,7.6327,53.9438
10,42,4363.1759,0,8.891,13.8983,13.8983,81.2696
10,43,4910.8129,0,8.3049,15.4457,15.4457,41.8709
10,44,5038.5032,0,10.3307,17.9258,17.9258,43.027
10,45,5039.9562,0,15.5901,18.6895,18.6895,62.0178
10,46,5185.2516,0,10.8443,18.3658,18.3658,53.0
10,47,5198.6353,0,18.6546,22.7113,22.7113,70.1531
10,48,5433.6114,0,9.8677,15.6301,15.6301,32.2302
10,49,5445.6057,0,7.6388,13.987,13.987,69.2646
10,50,5529.8016,0,2.9847,15.6396,15.6396,68.112
10,51,5668.5647,0,3.9992,5.9922,5.9922,43.4085
10,52,5687.0731,0,1.2923,3.8821,3.8821,48.3873
10,53,5690.527,0,7.423,8.9225,8.9225,59.3783
10,54,5777.4055,0,8.536,11.2895,11.2895,49.9043
10,55,5902.0258,0,2.498,4.7249,4.7249,49.286
10,56,5901.5017,0,11.7148,20.1006,20.1006,73.0161
10,57,6057.1661,0,3.6945,9.923,9.923,52.758
10,58,6117.0928,0,8.4562,13.3783,13.3783,38.6119
10,59,6153.6391,0,4.2154,16.2616,16.2616,66.7197
10,60,6227.1648,0,2.7036,8.1276,8.1276,71.6993
10,61,6380.1645,0,5.0656,13.3724,13.3724,52.5511
10,62,6383.5629,0,6.1604,16.6361,16.6361,78.6255
10,63,6532.774,0,10.2633,14.4313,14.4313,70.832
10,64,6555.1472,0,8.9725,17.785,17.785,55.5408
10,65,6571.8104,0,5.1889,9.1489,9.1489,49.886
10,66,6638.7333,0,4.3385,9.0987,9.0987,64.3174
10,67,6735.0397,0,10.2296,29.9782,29.9782,50.785
10,68,6745.5444,0,14.5022,23.2896,23.2896,80.7797
10,69,6809.189,0,1.5293,6.6762,6.6762,55.6224
10,70,6837.0103,0,4.8136,7.5618,7.5618,54.4323
10,71,6843.2482,0,8.8015,13.9999,13.9999,112.269
10,72,6847.703,0,4.8518,9.6065,9.6065,77.462
10,73,6848.1959,0,8.0161,14.95,14.95,80.723
10,74,6928.475,0,5.407,20.391,20.391,64.3059
10,75,6954.8382,0,8.8366,12.5315,12.5315,48.3189
10,76,7077.4017,0,6.2919,8.4398,8.4398,60.2709
10,77,7202.4149,0,3.8301,8.3292,8.3292,37.8592
10,78,7341.0843,0,1.5552,11.1468,11.1468,58.9382
10,79,7478.0167,0,3.1959,11.3467,11.3467,40.3965
10,80,7535.6978,0,11.5102,15.2872,15.2872,140.0978
10,81,7832.3634,0,9.1748,15.3998,15.3998,59.489
10,82,7842.6726,0,3.8399,5.399,5.399,69.0008
10,83,7849.308,0,11.4709,14.4606,14.4606,95.006
10,84,7955.4775,0,9.1755,16.1353,16.1353,64.5408
10,85,8050.5929,0,1.9087,5.2781,5.2781,68.8405
10,86,8069.0816,0,11.0772,17.5477,17.5477,67.6607
10,87,8135.0044,0,7.4151,18.3083,18.3083,68.1486
10,88,8247.3878,0,11.2333,16.3879,16.3879,82.5716
10,89,8300.407,0,5.3154,14.6757,14.6757,53.1922
10,90,8454.5217,0,2.0645,5.7027,5.7027,60.8756
10,91,8523.3359,0,10.7723,13.1867,13.1867,43.4873
10,92,8572.6486,0,5.2227,11.0628,11.0628,44.774
10,93,8836.6936,0,4.843,7.2129,7.2129,47.0143
10,94,9151.3157,0,14.2704,24.9259,24.9259,51.3668
10,95,9278.4788,0,5.0217,21.8514,21.8514,76.8195
10,96,9353.3465,0,2.818,7.8381,7.8381,73.3586
10,97,9375.7404,0,14.4678,16.7423,16.7423,89.297
10,98,9410.3656,0,2.6352,9.3282,9.3282,83.9839
10,99,9445.6579,0,16.1271,47.8245,47.8245,101.8592
10,100,9698.2932,0,2.8195,7.8223,7.8223,48.7301
10,101,9818.7463,0,9.2084,13.6649,13.6649,73.6124
10,102,9880.9051,0,4.0915,6.5877,6.5877,36.034
10,103,9953.0622,0,7.0956,15.4578,15.4578,40.6552
10,104,9965.1418,0,10.5173,14.4199,14.4199,74.0089
10,105,10308.1229,0,2.0295,15.8416,15.8416,48.5524
10,106,10479.583,0,11.3894,15.6083,15.6083,59.7523
10,107,10506.7436,0,8.4392,13.149,13.149,33.8527
10,108,10608.5607,0,14.6198,20.7752,20.7752,56.3199
10,109,10660.545,0,13.3205,15.0471,15.0471,33.3511
10,110,10661.6967,0,19.2232,23.991,23.991,75.7454
10,111,10679.4219,0,9.1748,13.6821,13.6821,64.6022
10,112,10805.4227,0,2.5729,13.3857,13.3857,45.2913
10,113,10805.2658,0,9.1748,16.3413,16.3413,65.8796
10,114,10816.037,0,6.1553,9.01,9.01,73.5037
10,115,10809.1063,0,8.6438,20.8423,20.8423,84.6363
10,116,10822.0596,0,4.1128,10.0415,10.0415,105.2105
10,117,10896.4777,0,9.7637,15.3583,15.3583,56.5962
10,118,10912.3607,0,2.7772,5.4576,5.4576,59.4792
10,119,11010.8969,0,9.8364,11.9426,11.9426,63.0331
10,120,11018.4888,0,2.3273,6.1771,6.1771,79.8015
10,121,11019.963,0,0.9503,4.9118,4.9118,85.6225
10,122,11052.2065,0,16.7889,19.2995,19.2995,64.4457
10,123,11030.9558,0,7.1128,44.6626,44.6626,90.7374
10,124,11161.2887,0,3.9054,7.4792,7.4792,31.9335
10,125,11301.3036,0,2.9847,10.9373,10.9373,62.2685
10,126,11323.5379,0,7.3803,11.9361,11.9361,49.9371
10,127,11440.706,0,6.7246,12.3289,12.3289,28.3321
10,128,11593.4361,0,2.9388,23.5072,23.5072,49.7748
10,129,12016.5256,0,8.756,10.866,10.866,64.0834
10,130,12078.3042,0,0.6454,7.3734,7.3734,89.4452
10,131,12130.8357,0,8.8692,19.6954,19.6954,52.0676
10,132,12131.3929,0,13.1951,25.2028,25.2028,59.3506
10,133,12182.7538,0,4.8413,6.5386,6.5386,47.5351
10,134,12314.098,0,9.9049,15.8579,15.8579,50.52
10,135,12322.8908,0,14.3586,18.1047,18.1047,58.6874
10,136,12369.7704,0,12.0213,19.7405,19.7405,46.7081
10,137,12379.8912,0,19.5224,23.1939,23.1939,71.5333
10,138,12473.7644,0,14.2581,19.5577,19.5577,78.88
10,139,12669.2984,0,4.7922,12.2333,12.2333,47.8438
10,140,12725.2288,0,4.5526,8.1278,8.1278,32.871
10,141,12744.4302,0,11.4152,20.8033,20.8033,63.827
10,142,12741.1013,0,14.4081,29.964,29.964,74.7487
10,143,12821.5598,0,5.646,13.8876,13.8876,38.1691
10,144,12848.4167,0,1.1037,5.8265,5.8265,95.66
10,145,12936.2763,0,8.0318,11.7521,11.7521,43.8193
10,146,12958.9142,0,1.0132,3.6197,3.6197,42.4324
10,147,13426.1065,0,10.4477,14.2524,14.2524,79.3729
10,148,13465.0632,0,5.6455,17.8841,17.8841,44.8117
10,149,13488.6812,0,7.9922,20.5958,20.5958,58.1638
10,150,13578.7742,0,3.2951,9.7931,9.7931,95.5193
10,151,13603.8841,0,7.5231,10.6449,10.6449,73.7927
10,152,13669.031,0,4.4414,8.2353,8.2353,49.4673
10,153,13725.3756,0,9.1219,10.6926,10.6926,49.7486
10,154,13726.3068,0,8.6804,11.9082,11.9082,53.1404
10,155,13862.3554,0,16.1982,20.5444,20.5444,59.8437
10,156,14186.2093,0,10.3974,17.7872,17.7872,56.6381
10,157,14251.213,0,8.3543,16.9257,16.9257,81.9202
10,158,14268.6363,0,14.3476,16.988,16.988,90.2343
10,159,14296.0731,0,18.8368,20.5728,20.5728,85.5373
10,160,14344.7805,0,10.6902,13.688,13.688,46.9015
10,161,14352.3591,0,30.2269,34.0635,34.0635,53.6574
10,162,14512.5387,0,3.7231,11.3377,11.3377,39.8973
10,163,14862.0877,0,7.5108,16.9579,16.9579,66.4181
10,164,14900.2158,0,9.881,10.4287,10.4287,47.6815
10,165,14968.0685,0,8.1678,13.8318,13.8318,43.6838
10,166,15100.6298,0,2.1714,9.2247,9.2247,70.5977
10,167,15461.5981,0,11.351,16.5485,16.5485,48.7299
10,168,15594.701,0,7.8101,12.4142,12.4142,63.1665
10,169,15598.686,0,1.5947,9.5168,9.5168,74.1635
10,170,15627.491,0,3.0687,7.8832,7.8832,73.4407
10,171,15740.1891,0,4.4191,7.5749,7.5749,35.746
10,172,15994.2921,0,9.3944,17.2785,17.2785,77.8203
10,173,16266.6701,0,7.5108,13.8227,13.8227,47.6538
10,174,16364.1408,0,4.7879,8.9198,8.9198,81.0449
10,175,16381.2745,0,10.4494,40.7832,40.7832,88.2867
10,176,16478.216,0,11.1078,13.7251,13.7251,46.223
10,177,16461.0023,0,21.3016,33.5226,33.5226,103.4909
10,178,16499.5814,0,4.8378,12.3234,12.3234,74.5276
10,179,16675.7537,0,9.1761,10.6568,10.6568,44.176
10,180,16695.7276,0,4.9325,11.0099,11.0099,46.4604
10,181,16737.5552,0,6.4613,8.4163,8.4163,47.7549
10,182,16863.856,0,4.2644,9.5653,9.5653,76.0638
10,183,16862.0202,0,10.5173,14.117,14.117,82.1154
10,184,17040.5736,0,9.1406,13.2461,13.2461,63.4127
10,185,17055.6034,0,3.1036,6.7904,6.7904,91.3558
10,186,17207.0502,0,4.8518,15.3527,15.3527,62.5133
10,187,17256.6813,0,14.0205,16.243,16.243,59.8573
10,188,17818.256,0,9.7217,11.6744,11.6744,49.9061
10,189,17831.5234,0,2.3675,5.8355,5.8355,58.1937
10,190,17887.7254,0,2.5511,6.9084,6.9084,49.4987
10,191,18037.3665,0,6.2292,11.5245,11.5245,34.8623
10,192,18067.3564,0,9.4397,17.5839,17.5839,77.6897
10,193,18107.314,0,9.4307,13.3756,13.3756,74.32
10,194,18154.6821,0,11.7245,14.7354,14.7354,60.8527
10,195,18229.6309,0,2.2141,3.7173,3.7173,56.1714
10,196,18242.6078,0,4.3373,7.4375,7.4375,58.7668
10,197,18304.6661,0,6.8963,11.091,11.091,82.0958
10,198,18338.0696,0,6.6991,10.7076,10.7076,53.4858
10,199,18354.3254,0,3.4911,5.7792,5.7792,100.0755
10,200,18389.9574,0,12.2801,18.8195,18.8195,78.1615
10,201,18394.5803,0,11.5956,20.5403,20.5403,86.803
10,202,18429.1173,0,4.6132,13.332,13.332,71.4866
10,203,18467.5746,0,7.6985,15.1764,15.1764,57.7346
10,204,18486.2268,0,15.3642,17.6922,17.6922,59.0132
10,205,18514.4901,0,4.19,8.8364,8.8364,41.6166
10,206,18878.6725,0,5.4579,18.9587,18.9587,44.6902
10,207,19005.2789,0,1.5885,8.6607,8.6607,67.6573
10,208,19355.8537,0,5.2829,13.4653,13.4653,44.0906
10,209,19440.8629,0,4.9521,12.5364,12.5364,48.0152
10,210,19537.4009,0,12.2025,16.2065,16.2065,58.255
10,211,19548.6738,0,3.4075,9.9919,9.9919,74.5555
10,212,19587.6543,0,17.0514,21.4562,21.4562,80.876
10,213,19620.3581,0,9.1748,14.735,14.735,65.754
10,214,19729.8993,0,1.701,4.5863,4.5863,37.5702
10,215,19812.4721,0,15.0228,23.3711,23.3711,102.3071
10,216,19887.1629,0,1.962,4.7076,4.7076,63.2596
10,217,19882.2121,0,5.8978,12.4312,12.4312,78.6603
10,218,19932.9865,0,8.1785,13.4205,13.4205,53.9622
10,219,20097.5991,0,3.352,9.8349,9.8349,38.0926
10,220,20332.1871,0,5.0594,15.895,15.895,56.7845
10,221,20337.4342,0,3.0729,32.7833,32.7833,70.8824
10,222,20447.3154,0,6.6786,12.5196,12.5196,83.2369
10,223,20698.0531,0,9.7285,19.1665,19.1665,84.257
10,224,20728.2743,0,16.6583,20.0823,20.0823,60.2233
10,225,20834.3474,0,3.7228,7.6679,7.6679,64.5894
10,226,20908.6989,0,13.3078,17.7145,17.7145,62.8521
10,227,21084.6294,0,12.9212,15.6921,15.6921,54.0786
10,228,21091.0878,0,18.8167,27.9005,27.9005,66.9629
10,229,21187.8028,0,0.913,12.1018,12.1018,41.1459
10,230,21226.1453,0,6.1084,10.9084,10.9084,41.356
10,231,21279.1928,0,8.7216,22.8809,22.8809,106.3338
10,232,21322.9212,0,9.9273,12.2402,12.2402,70.4334
10,233,21352.2121,0,5.6559,8.5784,8.5784,47.881
10,234,21384.9522,0,14.4995,18.9473,18.9473,48.1526
10,235,21413.2368,0,7.965,9.6118,9.6118,79.1347
10,236,21468.1357,0,10.5622,13.1223,13.1223,64.2768
10,237,21591.731,0,2.0145,8.561,8.561,43.4066
10,238,21668.8078,0,6.3569,10.7527,10.7527,41.8109
10,239,21842.0324,0,2.3212,6.0425,6.0425,50.626
10,240,21866.4699,0,5.7933,8.947,8.947,69.1839
10,241,21922.5,0,4.3278,6.8029,6.8029,35.0953
10,242,22120.4373,0,12.5415,20.1733,20.1733,65.2897
10,243,22190.9498,0,12.8989,17.2379,17.2379,64.6019
10,244,22315.3089,0,6.0757,10.0879,10.0879,49.9515
10,245,22320.48,0,8.6888,18.417,18.417,54.9354
10,246,22367.8189,0,9.6967,18.5072,18.5072,42.414
10,247,22459.4495,0,13.317,21.7684,21.7684,59.7589
10,248,22477.2755,0,3.7712,10.5234,10.5234,55.5637
10,249,22527.1301,0,17.552,21.7031,21.7031,50.7392
10,250,22625.9648,0,6.1638,13.7464,13.7464,49.402
10,251,22734.9414,0,9.3238,10.9907,10.9907,66.443
10,252,23057.3574,0,1.7577,5.0694,5.0694,41.3508
10,253,23129.1075,0,8.7602,16.2686,16.2686,34.1965
10,254,23156.139,0,16.4562,21.8104,21.8104,93.7649
10,255,23229.0759,0,1.0132,4.0971,4.0971,68.4822
10,256,23291.154,0,10.0419,21.3433,21.3433,79.1773
10,257,23329.2642,0,7.8641,11.3909,11.3909,40.674
10,258,23353.2194,0,12.7249,13.8162,13.8162,79.5555
10,259,23563.9232,0,11.9948,21.0626,21.0626,99.3972
10,260,23697.217,0,3.2717,9.3983,9.3983,51.767
10,261,23755.9896,0,10.3661,14.4185,14.4185,62.8699
10,262,23812.2271,0,9.8988,13.028,13.028,58.0893
10,263,23910.19,0,5.2638,8.4328,8.4328,35.1106
10,264,23934.2893,0,7.1421,8.6826,8.6826,67.2154
10,265,23915.1241,0,19.5682,29.3534,29.3534,61.226
10,266,23944.1722,0,9.8364,20.6186,20.6186,56.3032
10,267,24027.3502,0,1.3198,13.4436,13.4436,45.5073
10,268,24104.0586,0,4.0598,11.4561,11.4561,104.2069
10,269,24155.2855,0,9.5918,13.0964,13.0964,85.2893
10,270,24235.9347,0,18.1167,46.2532,46.2532,105.4137
10,271,24290.4649,0,4.361,11.171,11.171,58.3855
10,272,24304.0352,0,3.0459,7.8857,7.8857,50.8669
10,273,24329.1132,0,8.9006,9.8701,9.8701,70.875
10,274,24353.6773,0,7.5126,16.8128,16.8128,58.3223
10,275,24481.5494,0,0.5492,2.6771,2.6771,59.8584
10,276,24476.0406,0,9.5385,14.5184,14.5184,69.7855
10,277,24476.717,0,10.0758,15.3558,15.3558,94.4636
10,278,24747.7683,0,10.4652,12.747,12.747,66.6284
10,279,24978.73,0,14.6662,20.3628,20.3628,49.7994
10,280,24992.1673,0,3.6822,7.0745,7.0745,53.884
10,281,25074.8498,0,7.84,12.738,12.738,35.9204
10,282,25085.1232,0,8.075,12.199,12.199,73.0994
10,283,25212.8169,0,5.26,9.4317,9.4317,40.9195
10,284,25205.8844,0,13.317,20.2375,20.2375,56.7766
10,285,25299.7309,0,15.8945,22.8826,22.8826,48.8627
10,286,25326.2206,0,9.8508,13.428,13.428,70.2551
10,287,25388.6666,0,12.8714,17.5581,17.5581,56.6258
10,288,25491.2456,0,10.3016,14.3866,14.3866,33.0094
10,289,25509.7091,0,4.1241,11.4306,11.4306,49.2123
10,290,25573.3662,0,1.8723,11.0952,11.0952,39.9843
10,291,25574.4199,0,10.3016,17.9325,17.9325,61.1741
10,292,25626.6621,0,5.7461,12.4649,12.4649,61.4898
10,293,25645.6787,0,9.8029,12.1807,12.1807,71.3687
10,294,25693.3341,0,7.1296,14.1654,14.1654,43.5955
10,295,25770.4152,0,10.481,14.2168,14.2168,57.9874
10,296,26323.5139,0,2.935,5.2557,5.2557,42.3381
10,297,26428.6807,0,10.3781,21.9591,21.9591,46.8406
10,298,26455.4968,0,16.8983,22.2975,22.2975,59.8427
10,299,26519.2848,0,10.2644,13.4027,13.4027,50.8277
10,300,26533.0915,0,9.7575,12.2995,12.2995,41.847
10,301,26563.74,0,9.9372,12.14,12.14,47.1247
10,302,26630.0022,0,5.6461,11.1614,11.1614,43.2758
10,303,26644.0893,0,7.3603,11.637,11.637,70.8589
10,304,26667.9114,0,6.5334,9.6111,9.6111,63.1783
10,305,26769.4459,0,8.1521,19.7127,19.7127,55.1056
10,306,26800.9376,0,19.447,28.7508,28.7508,61.6281
10,307,26856.2608,0,3.9643,11.2498,11.2498,44.4722
10,308,26888.4147,0,5.7024,10.259,10.259,44.8527
10,309,26896.1819,0,5.2328,10.1495,10.1495,53.9807
10,310,27202.396,0,4.3191,8.2812,8.2812,26.5266
10,311,27226.1427,0,13.4675,33.4371,33.4371,72.6936
10,312,27270.5192,0,1.3745,4.5358,4.5358,59.7878
10,313,27294.1931,0,17.7831,22.8637,22.8637,42.9734
10,314,27336.8277,0,13.947,17.6899,17.6899,51.9963
10,315,27454.7932,0,9.6118,15.6307,15.6307,47.9901
10,316,27472.7791,0,2.1342,4.0105,4.0105,110.7079
10,317,27596.2523,0,2.935,6.1281,6.1281,41.2855
10,318,27864.7962,0,14.8335,22.9267,22.9267,59.9022
10,319,28054.9081,0,12.7651,18.1692,18.1692,43.9077
10,320,28056.4828,0,15.2016,18.5932,18.5932,74.6121
10,321,28045.5752,0,7.1118,36.1228,36.1228,70.5473
10,322,28091.4415,0,25.5839,30.2119,30.2119,85.9533
10,323,28099.9106,0,18.9982,26.3674,26.3674,93.2878
10,324,28188.0226,0,2.8173,11.2251,11.2251,77.0509
10,325,28260.9564,0,11.6544,12.9407,12.9407,71.3605
10,326,28286.5267,0,14.3476,14.8676,14.8676,56.8639
10,327,28315.4885,0,7.9191,16.5653,16.5653,39.8628
10,328,28446.9986,0,13.8609,19.6078,19.6078,66.853
10,329,28462.8748,0,5.2087,21.9345,21.9345,63.589
10,330,28501.1387,0,14.137,16.8494,16.8494,54.6609
10,331,28621.4398,0,3.8285,11.3653,11.3653,35.6134
10,332,28720.0463,0,3.6248,7.8848,7.8848,47.8205
10,333,28997.5153,0,8.4176,12.4263,12.4263,37.0506
10,334,29224.2808,0,4.6884,9.6983,9.6983,22.8556
10,335,29256.1507,0,2.5579,5.5962,5.5962,56.8313
10,336,29252.8413,0,16.1389,23.8096,23.8096,99.4679
10,337,29318.2751,0,4.5849,7.8749,7.8749,52.892
10,338,29416.6911,0,5.81,8.5098,8.5098,41.2118
10,339,29447.0146,0,7.1118,10.7004,10.7004,48.4433
10,340,29478.4553,0,2.8902,7.4182,7.4182,37.8402
10,341,29502.7942,0,6.5589,13.2206,13.2206,64.2896
10,342,29542.919,0,2.5056,6.8222,6.8222,48.9817
10,343,29561.3639,0,8.6904,12.4679,12.4679,38.932
10,344,29565.868,0,8.0018,12.1888,12.1888,49.9383
10,345,29610.0168,0,2.6571,4.7416,4.7416,58.3777
10,346,29649.7671,0,6.3775,7.9748,7.9748,37.8614
10,347,29685.9327,0,4.1059,7.8383,7.8383,57.394
10,348,29748.4136,0,11.1823,18.1363,18.1363,66.5977
10,349,29865.6951,0,1.4576,7.7604,7.7604,65.6693
10,350,29975.6046,0,9.8073,14.8978,14.8978,96.0776
10,351,30043.4628,0,0.7049,3.1574,3.1574,59.2963
10,352,30409.6841,0,1.5302,4.4362,4.4362,30.1099
10,353,30445.6758,0,8.1496,25.5384,25.5384,85.0136
10,354,30623.2505,0,6.2853,9.4724,9.4724,43.2954
10,355,30622.5582,0,8.4172,14.6978,14.6978,98.5986
10,356,30780.8431,0,6.9067,9.5933,9.5933,53.1692
10,357,30788.6464,0,24.1594,33.4329,33.4329,73.0069
10,358,30783.889,0,19.1578,45.3178,45.3178,62.4113
10,359,30803.1738,0,23.0004,33.2773,33.2773,92.2818
10,360,30870.39,0,7.4275,26.0269,26.0269,81.9723
10,361,31186.1367,0,2.3247,9.5984,9.5984,44.772
10,362,31210.7658,0,6.6,14.2546,14.2546,43.778
10,363,31288.205,0,7.9565,14.0727,14.0727,46.8641
10,364,31288.2942,0,10.159,16.7889,16.7889,58.7565
10,365,31348.1543,0,10.1135,17.1632,17.1632,79.8222
10,366,31394.0082,0,1.4422,5.792,5.792,67.5304
10,367,31393.2147,0,1.5936,9.1139,9.1139,77.723
10,368,31406.5852,0,13.0534,15.4655,15.4655,86.7308
10,369,31425.8131,0,16.0554,22.2275,22.2275,80.8783
10,370,31447.3925,0,10.5368,15.1681,15.1681,81.3885
10,371,31501.6924,0,5.1607,13.3425,13.3425,79.2042
10,372,31523.2091,0,13.9275,20.8426,20.8426,74.8294
10,373,31685.1692,0,2.7768,8.0915,8.0915,49.1555
10,374,31909.5066,0,10.4576,13.1209,13.1209,41.4002
10,375,32154.322,0,6.8247,8.7777,8.7777,40.6652
10,376,32170.9999,0,3.8677,9.8585,9.8585,53.7884
10,377,32340.2929,0,4.5053,12.7342,12.7342,34.8912
10,378,32451.3891,0,5.2208,9.0301,9.0301,33.5244
10,379,32479.4602,0,13.6223,16.0341,16.0341,53.3845
10,380,32561.7591,0,2.7801,7.2654,7.2654,57.099
10,381,32688.0044,0,13.164,19.2909,19.2909,66.1715
10,382,32671.4008,0,2.2108,62.2108,62.2108,85.6069
10,383,32747.454,0,3.8026,9.3674,9.3674,57.9748
10,384,32828.7394,0,1.2127,11.1662,11.1662,52.5184
10,385,33189.0473,0,1.6646,8.1775,8.1775,35.2756
10,386,33231.1088,0,7.7855,14.2696,14.2696,43.7185
10,387,33319.0695,0,1.8478,7.2508,7.2508,77.3245
10,388,33295.7557,0,14.9831,34.7438,34.7438,61.4648
10,389,33662.5401,0,11.4582,15.9797,15.9797,48.2555
10,390,33689.8195,0,7.4929,11.4147,11.4147,42.5284
10,391,33852.5001,0,6.8897,11.3837,11.3837,50.1857
10,392,33888.2274,0,12.8989,20.7988,20.7988,59.2109
10,393,33921.7909,0,5.4521,12.5294,12.5294,62.641
10,394,33911.4827,0,20.3388,27.6467,27.6467,87.1115
10,395,33948.2698,0,17.4684,22.4606,22.4606,66.4226
10,396,34007.0469,0,17.952,22.417,22.417,83.0236
10,397,34103.4016,0,3.4036,20.9675,20.9675,63.0298
10,398,34291.0893,0,1.3824,4.2357,4.2357,54.2734
10,399,34542.124,0,7.3396,10.3867,10.3867,64.5559
10,400,34575.5042,0,6.4586,15.0904,15.0904,45.0433
10,401,34613.8633,0,3.747,10.646,10.646,72.3477
10,402,34625.3845,0,15.4852,19.4146,19.4146,62.1112
10,403,34736.4804,0,5.8893,15.697,15.697,55.9298
10,404,34773.4501,0,16.809,21.0865,21.0865,49.3995
10,405,34920.2595,0,8.1005,28.1338,28.1338,53.8995
10,406,34937.6167,0,13.8206,25.6368,25.6368,76.6362
10,407,35043.39,0,3.6552,14.5205,14.5205,79.4855
10,408,35232.0903,0,17.3061,19.1347,19.1347,62.0601
10,409,35243.652,0,10.0017,16.0725,16.0725,78.8728
10,410,35239.2583,0,17.2459,63.8455,63.8455,123.847
10,411,35372.1666,0,13.2836,18.5604,18.5604,48.547
10,412,35384.573,0,6.5207,15.5223,15.5223,62.3145
10,413,35404.5437,0,11.1651,16.036,16.036,67.9605
10,414,35413.795,0,20.6193,22.6224,22.6224,68.9324
10,415,35483.6955,0,4.2602,7.2822,7.2822,44.4307
10,416,35504.7517,0,19.4833,23.6557,23.6557,45.9533
10,417,35529.4788,0,12.963,15.4975,15.4975,77.4581
10,418,35550.8979,0,12.1321,15.8517,15.8517,45.3693
10,419,35669.2866,0,16.3525,20.1396,20.1396,47.8804
10,420,35683.16,0,4.4518,9.1942,9.1942,69.7628
10,421,35721.6169,0,13.6793,25.3889,25.3889,64.9594
10,422,35739.6489,0,12.1787,20.4083,20.4083,81.0335
10,423,35851.8348,0,3.7169,6.5193,6.5193,50.9231
10,424,35849.7918,0,8.7207,19.3177,19.3177,53.7615
10,425,35867.4029,0,7.4353,10.6124,10.6124,50.2102
10,426,35878.125,0,6.5262,10.7302,10.7302,95.2736
10,427,36105.7945,0,6.9638,15.764,15.764,69.7401
10,428,36136.0191,0,8.8511,15.417,15.417,61.334
10,429,36150.3662,0,18.0302,20.3023,20.3023,67.0938
10,430,36451.7263,0,10.5102,13.0226,13.0226,65.4322
10,431,36483.4903,0,5.7259,9.6363,9.6363,68.6645
10,432,36492.4742,0,15.5539,17.8196,17.8196,84.2415
10,433,36610.9367,0,2.033,8.909,8.909,40.295
10,434,36825.4901,0,6.7586,9.5016,9.5016,36.7514
10,435,36886.3868,0,9.2248,14.8057,14.8057,84.1906
10,436,37095.2736,0,4.9975,11.6399,11.6399,73.4286
10,437,37220.3435,0,7.845,14.279,14.279,41.4845
10,438,37234.544,0,6.2425,10.8934,10.8934,65.8687
10,439,37336.9527,0,8.8366,15.8081,15.8081,77.732
10,440,37371.5031,0,6.8506,14.098,14.098,48.5824
10,441,37912.5676,0,11.8916,20.5897,20.5897,90.4124
10,442,37964.39,0,16.078,18.9343,18.9343,79.4143
10,443,38018.9986,0,6.6613,7.6697,7.6697,59.3167
10,444,38029.4539,0,8.1394,13.1476,13.1476,51.445
10,445,38167.6087,0,4.5727,10.2017,10.2017,56.3388
10,446,38236.5272,0,5.6609,12.9243,12.9243,48.019
10,447,38284.7409,0,4.908,13.1603,13.1603,45.789
10,448,38529.9941,0,10.2243,13.2628,13.2628,76.7044
10,449,38604.2036,0,15.2482,18.848,18.848,48.2171
10,450,38701.0056,0,12.906,16.6444,16.6444,53.032
10,451,38707.5414,0,6.8955,11.8361,11.8361,73.319
10,452,38832.4052,0,1.8187,14.5358,14.5358,51.9849
10,453,38939.2653,0,9.9362,18.5135,18.5135,51.629
10,454,38993.0197,0,4.8358,6.7624,6.7624,31.3277
10,455,39185.056,0,4.764,10.9944,10.9944,46.4167
10,456,39529.8907,0,1.7528,6.1423,6.1423,43.2202
10,457,39535.744,0,2.2909,7.4792,7.4792,88.1287
10,458,39615.1618,0,3.5154,6.3683,6.3683,45.0065
10,459,39614.7611,0,17.8885,28.2833,28.2833,61.7004
10,460,39760.6478,0,5.6117,7.4651,7.4651,46.7943
10,461,39951.1737,0,5.5818,10.0155,10.0155,47.3796
10,462,40078.8552,0,5.8978,7.8553,7.8553,55.3283
10,463,40108.623,0,13.9838,24.3674,24.3674,79.8859
10,464,40203.7866,0,11.5063,13.6993,13.6993,50.7864
10,465,40545.9719,0,4.6835,11.7161,11.7161,58.6752
10,466,40860.211,0,7.83,17.442,17.442,38.5743
10,467,40850.7863,0,4.9668,28.5158,28.5158,72.2644
10,468,40927.4685,0,6.5167,14.7367,14.7367,29.8796
10,469,40999.5547,0,2.4865,5.6711,5.6711,41.504
10,470,41004.1319,0,9.0167,13.0622,13.0622,59.7963
10,471,41093.3428,0,2.319,4.313,4.313,33.1062
10,472,41134.7716,0,9.631,12.6716,12.6716,36.6997
10,473,41171.9814,0,6.0994,10.2701,10.2701,59.1775
10,474,41212.6049,0,11.394,36.009,36.009,70.929
10,475,41351.2101,0,7.213,13.569,13.569,40.6159
10,476,41707.064,0,5.4415,9.0302,9.0302,44.945
10,477,42277.1428,0,7.4544,23.6833,23.6833,79.9016
10,478,42324.2411,0,7.1003,9.0846,9.0846,49.9383
10,479,42358.1922,0,7.4325,13.6344,13.6344,97.2014
10,480,42392.9735,0,6.3589,8.1047,8.1047,92.3195
10,481,42436.5976,0,10.3781,24.4799,24.4799,64.704
10,482,42489.6577,0,10.8293,17.77,17.77,53.2856
10,483,42537.2151,0,1.6559,6.3368,6.3368,40.9719
10,484,42645.3831,0,1.0723,4.2199,4.2199,58.2022
10,485,42735.557,0,4.9557,11.3389,11.3389,79.5723
10,486,42853.9926,0,1.9776,4.0911,4.0911,87.3365
10,487,42858.2867,0,2.8677,21.5478,21.5478,91.726
10,488,42932.9234,0,2.9563,4.6093,4.6093,38.2034
10,489,43057.372,0,6.6682,17.3658,17.3658,91.9901
10,490,43125.8961,0,3.986,8.6385,8.6385,36.0974
10,491,43125.6549,0,4.7732,12.8048,12.8048,52.7511
10,492,43169.3241,0,7.4047,16.2786,16.2786,24.7601
11,1,0.0,0,5.6765,40.4711,40.4711,111.7671
11,2,135.9527,0,2.7946,18.8477,18.8477,53.2114
11,3,164.6501,0,2.76,8.6309,8.6309,51.2069
11,4,331.9629,0,12.2629,15.1243,15.1243,55.312
11,5,672.2017,0,4.3831,12.4061,12.4061,33.3891
11,6,683.5124,0,15.5539,23.1512,23.1512,55.6757
11,7,738.5945,0,7.3882,10.2331,10.2331,35.6064
11,8,795.0387,0,6.2177,9.2392,9.2392,81.445
11,9,977.7297,0,2.2314,11.5934,11.5934,32.3412
11,10,1240.3591,0,2.1713,5.2859,5.2859,25.4707
11,11,1277.8858,0,2.4513,9.4963,9.4963,50.6991
11,12,1442.5942,0,6.2057,8.1731,8.1731,60.8121
11,13,1480.688,0,12.826,34.1577,34.1577,57.022
11,14,1948.522,0,3.1831,8.0574,8.0574,62.1294
11,15,2061.4445,0,10.3919,14.6453,14.6453,74.104
11,16,2112.7286,0,8.4352,17.3051,17.3051,57.3528
11,17,2121.3074,0,12.2891,14.5626,14.5626,57.3373
11,18,2138.1504,0,6.4095,10.0148,10.0148,70.1364
11,19,2165.0397,0,27.0382,29.6408,29.6408,69.6055
11,20,2334.7851,0,2.5356,6.3721,6.3721,51.8021
11,21,2447.9921,0,2.2642,5.3932,5.3932,49.4421
11,22,2447.3786,0,9.49,11.2696,11.2696,69.0018
11,23,2589.9449,0,4.0341,7.3381,7.3381,51.306
11,24,2616.6511,0,8.7606,9.9909,9.9909,29.472
11,25,2615.6508,0,8.9498,13.0469,13.0469,45.4485
11,26,2627.3024,0,18.8566,24.3445,24.3445,58.9467
11,27,2735.7317,0,1.3127,4.2672,4.2672,58.4909
11,28,2839.9935,0,6.4721,12.1926,12.1926,57.3827
11,29,2864.9783,0,16.8655,25.7047,25.7047,83.6138
11,30,2997.9243,0,10.6353,14.2435,14.2435,93.0937
11,31,3171.9091,0,6.1501,13.8747,13.8747,72.8356
11,32,3277.4021,0,9.9122,12.0245,12.0245,54.6353
11,33,3309.1841,0,12.1929,27.4433,27.4433,75.6433
11,34,3403.2962,0,4.631,7.8266,7.8266,63.4065
11,35,3478.2922,0,7.4791,15.9983,15.9983,55.9645
11,36,3580.218,0,16.8052,20.5735,20.5735,69.0975
11,37,3597.3225,0,3.6021,17.995,17.995,53.4003
11,38,3700.17,0,7.1855,25.3506,25.3506,55.0946
11,39,3716.6088,0,2.9153,13.7986,13.7986,49.1592
11,40,3732.1261,0,17.9584,20.0056,20.0056,40.7755
11,41,3714.6524,0,6.1254,54.0981,54.0981,88.2947
11,42,3765.9604,0,18.0458,20.9561,20.9561,59.1715
11,43,3821.8626,0,11.2606,13.627,13.627,57.4366
11,44,3838.3472,0,3.0641,11.4986,11.4986,96.1138
11,45,3867.6806,0,2.8791,16.8726,16.8726,75.992
11,46,3977.4726,0,3.1811,6.1042,6.1042,28.2111
11,47,3960.6031,0,11.351,71.351,71.351,107.537
11,48,4038.446,0,15.343,19.2678,19.2678,54.1427
11,49,4103.0732,0,3.2166,9.3592,9.3592,33.2512
11,50,4276.9679,0,11.1114,17.1968,17.1968,55.4645
11,51,4365.5251,0,5.303,7.759,7.759,28.3679
11,52,4389.3051,0,4.8153,13.1871,13.1871,59.7723
11,53,4388.6447,0,13.1675,20.0027,20.0027,74.6059
11,54,4504.8979,0,12.1673,18.1111,18.1111,81.0864
11,55,4634.0599,0,5.3204,6.9698,6.9698,24.6276
11,56,4652.602,0,5.7814,9.515,9.515,51.289
11,57,4961.6154,0,5.3129,7.9462,7.9462,33.5846
11,58,4957.1427,0,9.7924,12.7126,12.7126,49.8289
11,59,4972.4966,0,16.318,22.4672,22.4672,62.1643
11,60,5001.1282,0,7.9303,11.2846,11.2846,73.6711
11,61,5012.7881,0,20.4419,26.0821,26.0821,72.9859
11,62,5060.8891,0,0.9174,7.6089,7.6089,40.2719
11,63,5092.3628,0,14.6721,19.3765,19.3765,59.7525
11,64,5449.3136,0,4.9384,11.937,11.937,40.2205
11,65,5453.0559,0,7.2717,10.248,10.248,50.6501
11,66,5478.2006,0,3.0979,11.9609,11.9609,65.1674
11,67,5906.9852,0,9.6753,17.1578,17.1578,51.9748
11,68,5980.8168,0,11.3446,15.1746,15.1746,36.2431
11,69,5997.7622,0,13.7197,15.9824,15.9824,58.1935
11,70,6164.1319,0,4.4657,8.8597,8.8597,43.4544
11,71,6185.2999,0,7.6104,11.9096,11.9096,30.0211
11,72,6330.4536,0,11.8743,22.8823,22.8823,41.6393
11,73,6417.9514,0,11.1412,18.9743,18.9743,64.2913
11,74,6533.9759,0,5.4416,8.5358,8.5358,37.4257
11,75,6565.9893,0,11.9515,18.6127,18.6127,48.2235
11,76,6623.8116,0,2.0429,5.0437,5.0437,54.9313
11,77,6645.5452,0,3.0812,13.0055,13.0055,83.872
11,78,6721.4121,0,17.5672,20.1273,20.1273,91.3706
11,79,6933.8258,0,10.05,51.903,51.903,56.1509
11,80,6994.2996,0,18.7717,21.6452,21.6452,126.5985
11,81,7013.2757,0,1.701,5.7648,5.7648,59.3005
11,82,7012.4926,0,5.4235,7.7041,7.7041,63.4588
11,83,7050.934,0,22.8739,27.9813,27.9813,80.2522
11,84,7204.1358,0,2.9307,6.3823,6.3823,45.5426
11,85,7287.3021,0,4.0043,6.0123,6.0123,49.907
11,86,7411.2149,0,14.7505,19.8676,19.8676,43.6479
11,87,7420.6921,0,9.6333,15.6581,15.6581,60.912
11,88,7436.197,0,15.0307,35.8299,35.8299,95.7765
11,89,7634.7595,0,7.8377,31.4699,31.4699,52.7245
11,90,7666.8329,0,11.9124,22.3946,22.3946,117.382
11,91,7739.3187,0,13.4923,17.2682,17.2682,73.7759
11,92,7759.1999,0,3.0805,8.9332,8.9332,98.8906
11,93,7781.4936,0,3.392,6.9862,6.9862,76.0565
11,94,7898.5696,0,7.9755,9.5615,9.5615,40.9117
11,95,7918.4664,0,7.7602,10.8005,10.8005,76.1903
11,96,7962.5128,0,3.8543,7.1319,7.1319,51.7521
11,97,8031.2913,0,12.58,13.6942,13.6942,50.421
11,98,8096.4769,0,10.668,17.6435,17.6435,56.2268
11,99,8177.4549,0,3.9594,5.5891,5.5891,58.5656
11,100,8166.6243,0,5.5727,16.7508,16.7508,67.0539
11,101,8492.5859,0,5.4628,14.5183,14.5183,82.5159
11,102,8612.7521,0,5.2328,14.1166,14.1166,76.5368
11,103,9205.8252,0,3.0681,6.53,6.53,50.1352
11,104,9239.8093,0,2.2791,4.2813,4.2813,55.8155
11,105,9254.7739,0,3.0985,4.7133,4.7133,58.715
11,106,9258.8605,0,9.9911,16.9097,16.9097,97.5225
11,107,9279.4361,0,24.8468,31.0933,31.0933,70.9387
11,108,9323.2474,0,7.3657,17.1873,17.1873,86.6352
11,109,9277.1327,0,20.5257,68.9806,68.9806,138.9277
11,110,9362.8313,0,2.8225,15.2038,15.2038,64.6132
11,111,9446.2278,0,10.1824,13.9407,13.9407,39.703
11,112,9713.9762,0,11.8765,15.4711,15.4711,38.4121
11,113,9842.4039,0,2.5972,12.8976,12.8976,85.6188
11,114,9912.013,0,2.3008,14.4876,14.4876,45.7515
11,115,9997.3752,0,8.7163,11.8276,11.8276,50.2922
11,116,10031.3912,0,18.3138,23.6276,23.6276,47.7568
11,117,10049.0582,0,14.9263,19.3752,19.3752,48.0168
11,118,10073.79,0,0.5101,8.7303,8.7303,41.612
11,119,10124.6845,0,2.3755,12.2886,12.2886,52.4468
11,120,10132.4261,0,3.2241,6.0284,6.0284,73.0232
11,121,10131.1857,0,3.3492,12.3261,12.3261,73.5269
11,122,10678.5736,0,12.6918,15.3077,15.3077,47.346
11,123,10735.6635,0,7.3562,10.2854,10.2854,37.9644
11,124,10702.1348,0,16.0648,67.9182,67.9182,105.3263
11,125,10791.6491,0,17.16,20.5691,20.5691,94.1629
11,126,10850.1528,0,13.338,32.3138,32.3138,57.4927
11,127,10904.8084,0,16.8736,19.3558,19.3558,34.3344
11,128,10914.2074,0,9.4384,13.0575,13.0575,64.9305
11,129,10972.0715,0,4.2124,12.8479,12.8479,57.3591
11,130,10972.3869,0,11.472,19.0859,19.0859,61.6672
11,131,11093.1502,0,7.1391,10.4926,10.4926,43.2088
11,132,11141.4137,0,5.2441,9.8146,9.8146,74.7893
11,133,11297.9972,0,3.8285,6.752,6.752,44.5857
11,134,11322.6939,0,14.9263,19.4221,19.4221,65.4627
11,135,11358.3661,0,7.0532,11.8456,11.8456,47.4629
11,136,11398.214,0,7.1658,9.9787,9.9787,55.9254
11,137,11554.583,0,10.4461,15.2405,15.2405,63.8734
11,138,11639.2923,0,3.3878,24.1274,24.1274,83.0544
11,139,12081.5886,0,15.2001,22.6544,22.6544,40.0295
11,140,12154.4264,0,7.84,15.1202,15.1202,58.0383
11,141,12158.3175,0,12.3697,16.594,16.594,96.915
11,142,12260.7353,0,4.9783,7.3362,7.3362,44.7464
11,143,12249.3732,0,18.5936,21.7516,21.7516,81.4598
11,144,12320.0359,0,11.4454,15.199,15.199,71.6772
11,145,12330.7605,0,8.9893,14.5494,14.5494,67.7256
11,146,12619.5831,0,10.6825,30.9567,30.9567,52.9066
11,147,12649.9787,0,1.9112,4.183,4.183,94.8223
11,148,12948.2603,0,2.5655,7.3522,7.3522,29.7163
11,149,12968.3606,0,10.079,12.072,12.072,62.3346
11,150,12984.0316,0,9.3127,14.1499,14.1499,52.1042
11,151,12994.6045,0,5.6267,7.6855,7.6855,76.5016
11,152,13385.0288,0,5.5566,8.4889,8.4889,30.9732
11,153,13446.996,0,2.8487,7.6796,7.6796,37.5847
11,154,13564.0344,0,16.375,19.7983,19.7983,50.23
11,155,13604.773,0,16.8673,21.2691,21.2691,56.4825
11,156,13633.7723,0,2.4296,5.803,5.803,51.381
11,157,13643.375,0,5.9629,10.4087,10.4087,71.5496
11,158,13736.5559,0,13.2537,18.1777,18.1777,100.865
11,159,13766.0651,0,19.7532,34.1674,34.1674,74.5791
11,160,13826.6364,0,20.7623,28.4412,28.4412,60.1263
11,161,13901.9613,0,8.6234,40.225,40.225,102.5327
11,162,14093.0437,0,7.2031,9.2005,9.2005,63.0042
11,163,14129.2917,0,11.5385,14.5982,14.5982,68.258
11,164,14207.2789,0,4.678,10.7561,10.7561,55.1515
11,165,14266.2152,0,8.4647,13.558,13.558,33.6388
11,166,14270.9414,0,2.8822,12.2049,12.2049,54.6992
11,167,14304.3741,0,16.5379,19.9826,19.9826,43.359
11,168,14342.1067,0,15.2482,28.0323,28.0323,70.0116
11,169,14667.4115,0,5.2648,7.6691,7.6691,28.0626
11,170,14833.6429,0,10.1923,70.1923,70.1923,116.002
11,171,14906.2269,0,6.3056,13.076,13.076,57.2102
11,172,14996.8142,0,4.8378,8.0081,8.0081,60.6491
11,173,15143.012,0,8.4973,11.1193,11.1193,40.5924
11,174,15230.1799,0,6.1905,9.797,9.797,54.0046
11,175,15337.2681,0,5.1809,6.768,6.768,35.609
11,176,15472.4663,0,2.5852,8.1748,8.1748,48.1785
11,177,15608.4198,0,0.9913,19.5786,19.5786,122.8706
11,178,15743.6024,0,11.1907,15.4618,15.4618,65.9524
11,179,15754.2492,0,5.7694,13.4217,13.4217,92.0646
11,180,15830.4791,0,1.962,6.9736,6.9736,73.8032
11,181,16053.2511,0,0.6204,9.9346,9.9346,49.786
11,182,16156.3887,0,9.6118,12.5049,12.5049,43.4337
11,183,16334.7407,0,6.8057,15.4856,15.4856,68.1742
11,184,16408.5926,0,11.3072,17.8674,17.8674,56.8552
11,185,16435.3894,0,6.0994,17.2208,17.2208,102.3456
11,186,16552.9479,0,13.0544,18.3159,18.3159,53.0805
11,187,16553.2175,0,7.9303,18.6076,18.6076,86.7339
11,188,16679.7918,0,8.0461,23.8902,23.8902,61.5616
11,189,16772.1392,0,10.8037,17.3887,17.3887,37.6748
11,190,16822.8531,0,1.4422,7.5473,7.5473,78.4369
11,191,16866.1636,0,15.4503,22.0091,22.0091,86.4082
11,192,17083.2079,0,2.9847,7.2808,7.2808,45.2772
11,193,17207.222,0,8.6045,13.2512,13.2512,70.4083
11,194,17294.4258,0,9.1078,12.3775,12.3775,66.4004
11,195,17289.6138,0,10.1359,19.8754,19.8754,93.2815
11,196,17477.774,0,5.2273,9.58,9.58,36.6812
11,197,17525.7269,0,15.9706,31.4374,31.4374,76.6403
11,198,17555.091,0,7.0336,9.2963,9.2963,57.1448
11,199,17704.467,0,9.0206,17.1262,17.1262,64.2167
11,200,17754.1067,0,9.8521,25.3031,25.3031,49.6556
11,201,17952.4182,0,6.0588,8.079,8.079,29.3325
11,202,18177.3626,0,5.2266,7.7924,7.7924,48.5115
11,203,18171.2253,0,12.6652,19.4443,19.4443,110.6765
11,204,18264.9498,0,1.5936,7.9947,7.9947,53.3496
11,205,18385.3533,0,2.1954,9.3862,9.3862,64.7375
11,206,18481.539,0,2.0018,6.421,6.421,57.8766
11,207,18650.5379,0,0.2036,8.6606,8.6606,49.474
11,208,18808.7693,0,1.8666,5.6527,5.6527,78.4551
11,209,18999.4879,0,7.233,11.6042,11.6042,39.1951
11,210,19239.4432,0,9.8763,11.8232,11.8232,71.3606
11,211,19332.004,0,3.8298,7.2027,7.2027,47.9736
11,212,19353.6204,0,11.4709,16.2251,16.2251,54.9412
11,213,19363.8452,0,10.7641,14.5109,14.5109,63.9924
11,214,19427.9521,0,6.5334,12.1737,12.1737,56.6827
11,215,19492.5385,0,11.7259,13.2787,13.2787,72.1292
11,216,19623.0531,0,3.6656,11.2315,11.2315,37.0111
11,217,19619.7715,0,15.3537,28.3986,28.3986,94.4688
11,218,19731.9879,0,4.7797,8.9716,8.9716,53.4453
11,219,19756.0681,0,2.5655,18.5983,18.5983,59.1331
11,220,19961.9186,0,9.236,35.0241,35.0241,62.955
11,221,20709.8278,0,12.2335,14.0238,14.0238,71.38
11,222,20719.9474,0,11.8235,14.539,14.539,105.0988
11,223,20784.4572,0,17.7905,25.4642,25.4642,83.5371
11,224,20841.6425,0,11.508,13.7004,13.7004,47.8002
11,225,20946.9301,0,3.7712,8.078,8.078,60.6962
11,226,21004.04,0,2.1867,6.8784,6.8784,26.9516
11,227,21017.2016,0,3.1727,18.1773,18.1773,57.5152
11,228,21013.5711,0,12.8989,60.6527,60.6527,47.905
11,229,21054.0483,0,20.4292,25.2945,25.2945,91.709
11,230,21219.5795,0,1.8099,8.3815,8.3815,64.8842
11,231,21292.8842,0,1.1004,4.0187,4.0187,53.7682
11,232,21392.3872,0,3.3544,7.9814,7.9814,58.1324
11,233,21777.1373,0,4.6046,64.6046,64.6046,91.7694
11,234,21984.4753,0,8.3752,25.8683,25.8683,59.5976
11,235,22037.0731,0,8.4635,10.8746,10.8746,50.241
11,236,22041.1612,0,10.1496,20.2216,20.2216,55.8344
11,237,22196.7474,0,6.2559,14.5617,14.5617,44.9668
11,238,22230.6279,0,1.6916,6.3963,6.3963,31.5229
11,239,22241.0352,0,4.8208,14.3101,14.3101,59.0501
11,240,22251.5634,0,9.1514,11.5484,11.5484,39.7859
11,241,22340.8635,0,16.276,24.1813,24.1813,67.8919
11,242,22603.7712,0,16.1186,18.565,18.565,53.5077
11,243,22640.6172,0,11.3609,17.6713,17.6713,61.0199
11,244,22661.6546,0,4.9104,11.8767,11.8767,57.9504
11,245,22736.5716,0,9.3454,13.3097,13.3097,45.4943
11,246,22738.2719,0,15.8466,22.67,22.67,61.68
11,247,22748.5489,0,16.1403,18.1001,18.1001,95.7858
11,248,22998.2274,0,9.3203,18.7551,18.7551,45.6847
11,249,23140.1737,0,3.3128,6.738,6.738,52.4745
11,250,23399.2766,0,9.9122,17.0068,17.0068,74.4707
11,251,23614.3957,0,10.4641,12.5713,12.5713,48.8379
11,252,23744.4343,0,7.5054,14.6146,14.6146,48.9813
11,253,23805.2241,0,8.1831,17.5788,17.5788,66.8375
11,254,23840.3836,0,5.1108,6.5427,6.5427,47.9665
11,255,23826.2583,0,16.9077,22.5774,22.5774,63.6191
11,256,23863.1527,0,5.3664,7.781,7.781,46.2815
11,257,23858.1794,0,18.5845,30.2126,30.2126,89.3359
11,258,24052.5096,0,3.1698,15.6292,15.6292,58.0941
11,259,24090.7257,0,2.1263,10.8802,10.8802,27.8002
11,260,24259.6673,0,12.2522,20.0508,20.0508,64.5136
11,261,24278.4231,0,2.9824,5.8654,5.8654,52.0196
11,262,24284.9907,0,13.3793,18.7968,18.7968,137.3019
11,263,24462.3229,0,3.7658,32.4148,32.4148,59.73
11,264,25104.0736,0,10.0017,16.96,16.96,56.7294
11,265,25183.9706,0,7.0651,25.6665,25.6665,59.866
11,266,25199.4461,0,12.6758,18.0304,18.0304,53.6575
11,267,25193.6607,0,21.4039,55.2745,55.2745,96.2811
11,268,25336.5814,0,8.2257,11.584,11.584,69.8954
11,269,25437.9206,0,5.3558,23.8344,23.8344,57.5433
11,270,25562.3263,0,3.1811,10.1963,10.1963,35.2486
11,271,25779.8874,0,6.5043,10.5412,10.5412,43.2366
11,272,25866.272,0,6.4493,28.2548,28.2548,77.9606
11,273,25926.7137,0,7.1803,14.6096,14.6096,46.9124
11,274,26517.3324,0,3.9141,11.188,11.188,33.8573
11,275,26521.2723,0,8.2984,18.2554,18.2554,35.2786
11,276,26532.1572,0,8.4142,28.3473,28.3473,62.7984
11,277,26564.2319,0,13.5016,17.1189,17.1189,60.563
11,278,26660.4261,0,10.802,15.3001,15.3001,83.4135
11,279,26745.0521,0,6.0861,12.7621,12.7621,33.8818
11,280,26802.434,0,18.3554,34.2377,34.2377,75.1938
11,281,26828.0279,0,16.4252,18.3603,18.3603,54.6245
11,282,26891.9543,0,10.4858,12.1619,12.1619,66.5237
11,283,26896.023,0,12.7343,25.1703,25.1703,69.4163
11,284,26994.2501,0,2.948,16.8649,16.8649,57.2622
11,285,27384.5995,0,6.6988,9.0168,9.0168,79.826
11,286,27510.3707,0,10.3414,11.6034,11.6034,38.995
11,287,27901.0606,0,10.8807,12.3366,12.3366,54.7826
11,288,27915.9058,0,11.2785,15.8736,15.8736,71.5719
11,289,27925.8692,0,4.7069,6.346,6.346,55.2939
11,290,27935.9067,0,6.6169,37.811,37.811,83.5139
11,291,28127.1008,0,8.8273,10.9018,10.9018,36.7306
11,292,28179.6996,0,1.1321,6.8282,6.8282,47.4682
11,293,28293.1656,0,6.163,10.5093,10.5093,50.8998
11,294,28304.8412,0,16.7114,26.2487,26.2487,67.3006
11,295,28327.8933,0,6.7282,12.3034,12.3034,60.8831
11,296,28461.929,0,2.016,6.7781,6.7781,45.7723
11,297,28625.7351,0,4.9509,11.3742,11.3742,145.6987
11,298,28633.644,0,11.1525,13.6031,13.6031,146.3215
11,299,28665.5297,0,6.5963,13.6833,13.6833,131.8517
11,300,28743.9734,0,10.4278,13.2056,13.2056,63.4421
11,301,28764.4093,0,22.6151,25.3264,25.3264,61.1033
11,302,28986.9367,0,11.2072,16.0358,16.0358,44.713
11,303,29353.4312,0,6.7365,12.466,12.466,38.0689
11,304,29391.4625,0,2.5635,7.2425,7.2425,46.696
11,305,29554.8648,0,12.5453,18.4781,18.4781,82.6423
11,306,29738.4157,0,6.6153,12.3003,12.3003,82.2945
11,307,29837.964,0,6.8678,11.5265,11.5265,49.0772
11,308,29869.3468,0,9.5806,14.8943,14.8943,80.4554
11,309,29873.684,0,15.6562,19.8827,19.8827,95.4454
11,310,30069.3268,0,1.0163,2.0226,2.0226,42.54
11,311,30134.8471,0,7.768,13.1042,13.1042,45.3972
11,312,30335.4927,0,3.8796,6.0487,6.0487,50.8313
11,313,30443.9876,0,12.5104,16.7223,16.7223,51.1927
11,314,30467.0424,0,8.8449,13.7458,13.7458,76.1983
11,315,30490.2503,0,2.798,7.3524,7.3524,73.0521
11,316,30536.702,0,15.9706,26.0194,26.0194,53.6812
11,317,30550.9043,0,4.6477,13.5966,13.5966,73.8089
11,318,30580.3104,0,5.0468,10.8447,10.8447,42.8747
11,319,30721.257,0,7.8096,14.64,14.64,58.8634
11,320,30853.221,0,3.7228,7.8188,7.8188,37.9234
11,321,30941.1978,0,2.3273,4.3379,4.3379,32.0894
11,322,30950.8719,0,1.2808,3.55,3.55,48.9296
11,323,30952.5244,0,9.6665,22.4343,22.4343,58.2601
11,324,30961.8804,0,28.5797,33.3365,33.3365,158.9843
11,325,31130.701,0,11.616,19.9155,19.9155,39.906
11,326,31138.314,0,11.3289,15.8828,15.8828,55.3689
11,327,31189.9255,0,3.5514,8.4314,8.4314,30.835
11,328,31198.6816,0,1.6526,5.6314,5.6314,79.7111
11,329,31355.6361,0,1.5936,9.0581,9.0581,41.2493
11,330,31612.3288,0,15.4253,23.4398,23.4398,49.9688
11,331,32041.9462,0,1.28,9.4306,9.4306,35.4957
11,332,32033.4588,0,9.5385,19.1564,19.1564,75.391
11,333,32082.3079,0,9.2407,26.5219,26.5219,95.0467
11,334,32178.567,0,15.3643,22.7527,22.7527,104.516
11,335,32222.3791,0,10.7512,15.8926,15.8926,76.5649
11,336,32245.2282,0,9.5422,14.4689,14.4689,67.6058
11,337,32298.226,0,3.4733,9.6602,9.6602,66.0295
11,338,32311.6912,0,3.0504,7.5132,7.5132,53.4396
11,339,32330.946,0,6.1635,11.8992,11.8992,73.267
11,340,32319.0004,0,9.0178,24.811,24.811,116.8145
11,341,32368.3181,0,3.6036,9.7568,9.7568,95.036
11,342,32424.9661,0,2.5356,6.3985,6.3985,69.4494
11,343,32441.7356,0,5.6857,9.6768,9.6768,65.4934
11,344,32484.1221,0,8.9855,14.3113,14.3113,50.2369
11,345,32585.8953,0,9.7589,13.6786,13.6786,59.7328
11,346,32803.2515,0,11.6117,15.9938,15.9938,47.8647
11,347,32832.7039,0,4.119,5.6807,5.6807,69.6106
11,348,33158.1903,0,9.5081,10.3457,10.3457,40.9676
11,349,33167.5581,0,7.1153,9.663,9.663,56.6057
11,350,33619.7361,0,3.1807,13.1052,13.1052,49.0981
11,351,33674.9001,0,4.0904,9.3912,9.3912,60.366
11,352,33884.6749,0,11.8237,14.9644,14.9644,40.063
11,353,33889.9956,0,8.9455,16.5188,16.5188,53.9724
11,354,33917.3339,0,1.8109,11.1955,11.1955,37.5727
11,355,33968.0055,0,0.9503,5.772,5.772,77.3241
11,356,34415.5602,0,14.3079,18.313,18.313,53.0836
11,357,34899.8268,0,9.3079,15.9959,15.9959,42.0442
11,358,35093.4107,0,6.2839,29.4298,29.4298,64.7545
11,359,35181.2587,0,9.6364,19.5098,19.5098,86.6366
11,360,35269.863,0,15.0503,20.0158,20.0158,60.4036
11,361,35490.6807,0,3.5199,10.675,10.675,52.6022
11,362,35507.3469,0,8.4352,14.0075,14.0075,75.5444
11,363,35631.2108,0,6.176,17.1999,17.1999,59.6679
11,364,35668.5821,0,17.0814,22.1865,22.1865,57.6871
11,365,35729.6796,0,2.5535,16.6261,16.6261,47.626
11,366,35752.6861,0,4.2572,22.3638,22.3638,58.8127
11,367,35851.6914,0,5.3701,12.281,12.281,32.4748
11,368,35857.0623,0,16.6781,20.265,20.265,50.2049
11,369,35875.4466,0,7.5963,23.2006,23.2006,113.4291
11,370,35971.9365,0,17.7357,28.8517,28.8517,63.4343
11,371,36282.6178,0,3.9419,8.868,8.868,36.3785
11,372,36303.9687,0,12.8543,17.9374,17.9374,49.1268
11,373,36326.6472,0,3.1293,6.8313,6.8313,72.8813
11,374,36393.8194,0,4.036,14.1372,14.1372,65.0738
11,375,36519.692,0,1.8109,8.2929,8.2929,56.0682
11,376,36644.2073,0,7.3603,14.4479,14.4479,53.5511
11,377,36662.8476,0,4.5341,12.4173,12.4173,41.6296
11,378,36664.5984,0,12.8011,17.1539,17.1539,55.7443
11,379,36738.9519,0,6.8588,10.3775,10.3775,54.0014
11,380,36811.1211,0,4.908,13.0728,13.0728,43.7321
11,381,36813.636,0,11.6008,14.3603,14.3603,65.8869
11,382,36832.5928,0,14.5072,21.7865,21.7865,61.3289
11,383,36853.7609,0,21.091,27.8664,27.8664,52.7817
11,384,36955.8726,0,6.8142,12.0481,12.0481,74.0768
11,385,37010.0018,0,7.5994,11.0743,11.0743,124.0946
11,386,37239.2784,0,11.362,22.5324,22.5324,65.267
11,387,37377.518,0,9.8677,25.3665,25.3665,62.3555
11,388,37404.245,0,15.8501,20.719,20.719,47.1991
11,389,37557.7832,0,5.5478,10.6262,10.6262,72.8519
11,390,37599.1654,0,6.0141,8.4765,8.4765,48.0552
11,391,37783.8557,0,3.7502,7.73,7.73,41.9518
11,392,38077.9981,0,10.2893,16.5843,16.5843,64.1826
11,393,38120.5688,0,6.2771,10.4963,10.4963,76.2817
11,394,38195.823,0,16.9584,26.9929,26.9929,119.7782
11,395,38264.5993,0,15.0521,23.8273,23.8273,58.6576
11,396,38283.5542,0,7.6457,13.0409,13.0409,45.2856
11,397,38321.641,0,3.5192,7.6351,7.6351,51.3145
11,398,38320.8701,0,7.0709,26.1059,26.1059,91.5582
11,399,38322.5982,0,35.8362,52.7018,52.7018,98.7459
11,400,38419.5708,0,4.3369,10.6346,10.6346,36.4471
11,401,38414.21,0,9.8677,19.1246,19.1246,47.7098
11,402,38421.1468,0,4.8115,12.5945,12.5945,73.9327
11,403,38490.7233,0,2.7586,4.6916,4.6916,24.8448
11,404,38536.6835,0,3.9901,8.7433,8.7433,52.0733
11,405,38560.0203,0,9.8481,11.0047,11.0047,56.7118
11,406,38701.5374,0,3.6329,7.0926,7.0926,59.1532
11,407,38891.9257,0,2.6553,4.2338,4.2338,55.3129
11,408,38916.7115,0,16.3802,20.6272,20.6272,75.0564
11,409,39057.9088,0,6.9021,22.2493,22.2493,64.3146
11,410,39105.8517,0,1.7054,17.882,17.882,91.9854
11,411,39361.9853,0,4.3732,8.2005,8.2005,39.6887
11,412,39472.459,0,6.163,11.0308,11.0308,57.7322
11,413,39514.6047,0,10.7895,22.7612,22.7612,64.0745
11,414,39561.6953,0,13.317,15.0598,15.0598,45.4771
11,415,39599.8836,0,7.7251,9.7201,9.7201,69.0356
11,416,39700.6741,0,3.8613,6.0808,6.0808,31.7836
11,417,39926.6769,0,11.5062,18.4953,18.4953,57.1696
11,418,40139.6796,0,9.6642,11.0872,11.0872,72.8158
11,419,40168.7441,0,2.8823,7.8452,7.8452,54.7298
11,420,40171.3189,0,12.5241,15.6349,15.6349,62.7094
11,421,40334.0502,0,4.5645,9.4151,9.4151,55.2474
11,422,40402.734,0,5.3713,8.1052,8.1052,47.3086
11,423,40463.7037,0,4.4678,14.0796,14.0796,62.3089
11,424,40554.871,0,8.6405,19.3044,19.3044,41.8943
11,425,41048.1656,0,11.8237,14.0951,14.0951,47.4381
11,426,41342.4516,0,2.1455,4.6017,4.6017,27.3578
11,427,41428.012,0,12.1038,21.0857,21.0857,37.8536
11,428,41531.6598,0,1.4901,2.9635,2.9635,38.7439
11,429,41528.718,0,7.6807,18.0005,18.0005,71.9733
11,430,41544.6093,0,10.6454,18.6381,18.6381,78.6726
11,431,41656.5166,0,11.4879,20.6902,20.6902,55.033
11,432,41667.1598,0,10.2688,30.385,30.385,70.2849
11,433,42195.6241,0,2.7587,3.0258,3.0258,30.738
11,434,42302.6209,0,14.6721,17.8306,17.8306,53.9265
11,435,42423.4312,0,5.9349,17.0034,17.0034,60.2568
11,436,42542.5063,0,9.8073,14.6041,14.6041,53.5751
11,437,42583.8922,0,1.8819,4.4195,4.4195,70.9859
11,438,42615.9809,0,3.3136,5.2288,5.2288,63.7469
11,439,42657.3045,0,6.7365,12.3594,12.3594,39.3166
11,440,42704.4115,0,7.6553,10.6319,10.6319,42.6134
11,441,42749.3665,0,14.6855,17.4354,17.4354,37.637
11,442,42823.0475,0,11.1453,21.7157,21.7157,45.7949
11,443,42834.6404,0,16.2686,29.3649,29.3649,53.9642
11,444,42986.8284,0,12.9699,16.0647,16.0647,54.362
11,445,43000.994,0,11.0459,14.0272,14.0272,43.1491
11,446,43060.4628,0,2.9563,11.7643,11.7643,42.3081
11,447,43154.4213,0,3.748,6.5907,6.5907,43.6199
12,1,0.0,0,12.6696,15.526,15.526,58.7094
12,2,16.7249,0,8.2793,10.4216,10.4216,48.3937
12,3,516.0544,0,8.1394,16.4375,16.4375,43.4116
12,4,605.3367,0,3.1697,9.081,9.081,38.2352
12,5,608.7831,0,19.9301,26.0077,26.0077,67.6882
12,6,702.1452,0,1.0173,8.8068,8.8068,58.1851
12,7,720.9187,0,6.4352,9.079,9.079,51.7776
12,8,724.6739,0,5.7276,7.8797,7.8797,54.5268
12,9,763.059,0,7.9294,14.6429,14.6429,63.0929
12,10,800.9539,0,9.7514,17.1711,17.1711,50.5335
12,11,826.6059,0,13.8672,20.0976,20.0976,64.4563
12,12,885.0394,0,8.8695,20.2406,20.2406,54.8121
12,13,995.4711,0,6.0791,14.1716,14.1716,41.8621
12,14,1232.3148,0,3.2742,7.8951,7.8951,38.6587
12,15,1277.5269,0,11.351,14.997,14.997,32.0254
12,16,1306.9211,0,10.0577,14.4929,14.4929,78.521
12,17,1419.9356,0,4.4191,8.9895,8.9895,58.3206
12,18,1426.9001,0,6.1849,8.2047,8.2047,58.2479
12,19,1481.4061,0,4.6537,14.9879,14.9879,60.0882
12,20,1584.2879,0,3.4235,7.3807,7.3807,44.3946
12,21,1796.3289,0,13.2796,27.6208,27.6208,68.3896
12,22,1849.4403,0,5.7571,13.8777,13.8777,56.4539
12,23,1933.892,0,2.6891,4.7596,4.7596,62.5831
12,24,1946.4416,0,5.4202,10.737,10.737,53.348
12,25,2065.0235,0,1.123,3.3654,3.3654,44.4624
12,26,2098.6294,0,16.2561,20.8138,20.8138,59.2866
12,27,2260.2574,0,2.7852,5.895,5.895,68.8874
12,28,2347.378,0,11.0772,16.2631,16.2631,69.1827
12,29,2364.9144,0,15.5959,21.62,21.62,67.1493
12,30,2500.7588,0,5.4079,65.4079,65.4079,94.595
12,31,2583.1203,0,4.7074,6.5647,6.5647,40.4667
12,32,2587.3701,0,19.784,26.1302,26.1302,67.5215
12,33,2589.7838,0,20.0843,32.1311,32.1311,82.0016
12,34,2669.969,0,6.1084,15.6683,15.6683,44.2816
12,35,3011.3796,0,5.4647,8.1343,8.1343,50.1877
12,36,3316.1358,0,2.8193,10.0747,10.0747,41.7257
12,37,3333.0042,0,7.319,13.6614,13.6614,66.0469
12,38,3434.4197,0,2.0299,10.2418,10.2418,55.8251
12,39,3486.6205,0,11.0408,16.441,16.441,47.0946
12,40,3480.2722,0,7.9532,24.5882,24.5882,64.7098
12,41,3490.4497,0,6.1885,19.4122,19.4122,72.2054
12,42,3544.997,0,2.7687,52.7141,52.7141,84.6125
12,43,3601.592,0,7.0651,24.4064,24.4064,55.7541
12,44,3618.5718,0,10.5187,16.7039,16.7039,35.643
12,45,3643.6737,0,16.4149,20.9481,20.9481,64.257
12,46,3642.0201,0,21.6262,27.0023,27.0023,78.9509
12,47,3678.2432,0,10.1894,13.2918,13.2918,57.6059
12,48,3695.0983,0,4.7451,16.2669,16.2669,57.5126
12,49,3715.3417,0,12.9212,13.684,13.684,42.0782
12,50,3716.6302,0,14.8022,20.2412,20.2412,74.1474
12,51,3832.4814,0,4.4543,7.4344,7.4344,45.3186
12,52,3833.3899,0,10.7306,32.8421,32.8421,68.341
12,53,3983.2901,0,10.3188,14.7875,14.7875,47.2055
12,54,4096.7742,0,1.9548,7.2117,7.2117,62.3761
12,55,4155.7731,0,3.9901,5.9549,5.9549,42.6122
12,56,4176.785,0,3.4301,13.5597,13.5597,53.8154
12,57,4238.9551,0,8.6912,17.0534,17.0534,61.1067
12,58,4857.5594,0,3.0466,18.1105,18.1105,50.7776
12,59,5073.375,0,10.4641,19.3009,19.3009,42.9454
12,60,5089.2101,0,5.1999,13.7697,13.7697,43.2498
12,61,5177.4858,0,6.2128,20.9083,20.9083,38.7174
12,62,5233.9737,0,8.0396,13.0276,13.0276,39.6753
12,63,5257.3169,0,3.7228,10.1148,10.1148,42.5636
12,64,5330.7695,0,4.8551,7.7728,7.7728,47.9892
12,65,5428.119,0,3.352,9.5007,9.5007,56.3018
12,66,5467.1739,0,10.4273,14.3373,14.3373,52.8541
12,67,5579.2449,0,12.9062,16.3188,16.3188,38.7054
12,68,5608.6621,0,2.1896,7.2791,7.2791,38.0715
12,69,5784.9352,0,1.0525,16.4606,16.4606,47.2963
12,70,5937.1913,0,9.8994,19.0806,19.0806,49.6834
12,71,6090.3641,0,11.7799,27.9821,27.9821,68.2672
12,72,6226.4077,0,8.6584,12.8859,12.8859,44.0687
12,73,6273.306,0,12.6635,18.1269,18.1269,111.4609
12,74,6384.8013,0,8.6804,15.7274,15.7274,58.0784
12,75,6411.5323,0,5.2208,13.2045,13.2045,39.3641
12,76,6430.3525,0,20.6193,26.6133,26.6133,94.1152
12,77,6513.7315,0,2.9153,3.9971,3.9971,49.1245
12,78,6610.5372,0,6.5567,15.8024,15.8024,34.7428
12,79,6620.5165,0,2.1718,6.6455,6.6455,57.2671
12,80,6624.3832,0,5.9592,13.0647,13.0647,69.2792
12,81,6657.9772,0,1.2808,7.1247,7.1247,46.5391
12,82,6732.3048,0,9.9273,15.649,15.649,45.6467
12,83,6766.2137,0,10.6705,12.417,12.417,49.7407
12,84,6807.966,0,10.0526,12.5621,12.5621,68.5151
12,85,6837.3129,0,10.6232,13.914,13.914,52.2047
12,86,6900.2153,0,1.1963,5.9403,5.9403,56.9512
12,87,6918.6593,0,6.9941,15.4052,15.4052,50.649
12,88,6941.8802,0,16.7889,19.277,19.277,66.9035
12,89,7019.8107,0,1.1271,2.6604,2.6604,68.4539
12,90,7273.3099,0,2.4454,38.1656,38.1656,64.9726
12,91,7530.3561,0,6.9208,7.7485,7.7485,61.5341
12,92,7649.6177,0,7.9277,10.6357,10.6357,64.0132
12,93,7704.781,0,13.2449,26.7061,26.7061,45.7749
12,94,7736.181,0,5.159,15.7615,15.7615,53.7204
12,95,7737.3613,0,19.2526,26.4748,26.4748,65.2621
12,96,7777.6962,0,12.926,19.7723,19.7723,46.2287
12,97,7779.4234,0,16.6824,19.4946,19.4946,51.3475
12,98,7787.5686,0,10.5319,12.6658,12.6658,106.9692
12,99,7947.1683,0,8.1678,14.6574,14.6574,67.3589
12,100,8057.115,0,2.546,7.0856,7.0856,34.3817
12,101,8086.4099,0,12.8202,16.8367,16.8367,49.1387
12,102,8589.0479,0,5.9439,15.779,15.779,52.899
12,103,8677.0037,0,14.1373,17.4581,17.4581,46.3258
12,104,8825.8168,0,0.673,8.6004,8.6004,33.8595
12,105,8928.5256,0,6.2135,12.3522,12.3522,57.0568
12,106,9589.8452,0,11.5371,36.8753,36.8753,37.6559
12,107,9626.4812,0,4.4393,10.2464,10.2464,88.9854
12,108,9703.2964,0,8.9606,17.7499,17.7499,80.1077
12,109,9813.6486,0,7.8101,21.9525,21.9525,80.0724
12,110,9841.818,0,8.0743,9.7979,9.7979,56.0774
12,111,10015.1906,0,6.9216,14.2136,14.2136,59.9441
12,112,10069.4531,0,14.2209,21.7091,21.7091,65.926
12,113,10138.8847,0,0.4047,6.1475,6.1475,69.8652
12,114,10288.3084,0,3.562,20.5117,20.5117,39.4635
12,115,10312.7484,0,0.8737,2.6104,2.6104,50.7749
12,116,10308.0396,0,1.0098,9.4976,9.4976,65.7785
12,117,10513.6402,0,9.618,15.0494,15.0494,81.3954
12,118,10631.634,0,5.8068,8.3784,8.3784,49.535
12,119,10694.48,0,2.1817,8.3089,8.3089,45.0743
12,120,10732.441,0,3.0016,4.2476,4.2476,28.381
12,121,10758.2551,0,10.3781,19.0121,19.0121,66.164
12,122,10809.7556,0,10.6807,20.4989,20.4989,73.8513
12,123,10937.7427,0,1.568,2.5817,2.5817,47.9709
12,124,11088.5274,0,2.858,7.0506,7.0506,57.3519
12,125,11101.4203,0,6.2551,11.8171,11.8171,48.5868
12,126,11187.7893,0,7.3126,25.1488,25.1488,77.1793
12,127,11222.6739,0,6.3575,12.2648,12.2648,54.3794
12,128,11232.7541,0,17.7845,31.5044,31.5044,65.517
12,129,11266.6752,0,12.963,16.3837,16.3837,49.1015
12,130,11266.1012,0,17.4167,21.1895,21.1895,62.1578
12,131,11332.3707,0,3.0064,4.6282,4.6282,52.7128
12,132,11409.9877,0,8.0748,13.4632,13.4632,64.2199
12,133,11421.3146,0,16.8262,26.5223,26.5223,60.6315
12,134,11478.8637,0,15.2914,19.5294,19.5294,61.0591
12,135,11536.6261,0,11.7886,22.5898,22.5898,55.0252
12,136,11751.8511,0,6.1549,22.3345,22.3345,57.6729
12,137,11822.1215,0,6.2064,13.4064,13.4064,40.8411
12,138,11829.3086,0,2.3169,9.8647,9.8647,66.9387
12,139,11976.972,0,0.7301,4.0336,4.0336,41.5881
12,140,12216.1491,0,12.6432,15.1488,15.1488,45.2744
12,141,12227.9014,0,11.671,16.1988,16.1988,57.9308
12,142,12252.5283,0,2.0023,11.6904,11.6904,60.6605
12,143,12256.7783,0,10.0017,15.2351,15.2351,68.8193
12,144,12417.739,0,1.8047,10.2088,10.2088,54.0719
12,145,12456.7752,0,0.4368,10.0643,10.0643,44.323
12,146,12636.1032,0,5.7101,10.1095,10.1095,33.5125
12,147,12682.0668,0,6.9865,20.3167,20.3167,65.9633
12,148,12706.4696,0,5.4235,12.1512,12.1512,57.0066
12,149,12792.7365,0,6.7022,14.0119,14.0119,67.6883
12,150,12808.8336,0,8.5572,17.7716,17.7716,70.3386
12,151,12895.7409,0,12.849,16.8569,16.8569,48.7823
12,152,13362.41,0,2.6463,8.3548,8.3548,41.3887
12,153,13605.2335,0,1.878,3.6193,3.6193,53.4561
12,154,13610.621,0,12.1823,20.2445,20.2445,62.3927
12,155,13675.3481,0,21.5764,27.6479,27.6479,68.0919
12,156,13750.3324,0,3.0608,25.7454,25.7454,56.456
12,157,13854.3261,0,9.0167,15.7889,15.7889,53.0229
12,158,13915.4236,0,12.9774,14.444,14.444,78.4298
12,159,13963.6345,0,8.9141,11.9388,11.9388,57.0942
12,160,13999.4602,0,20.3921,23.5309,23.5309,74.6972
12,161,14230.5579,0,2.8195,8.6145,8.6145,51.7478
12,162,14245.9023,0,7.4962,9.5724,9.5724,85.2894
12,163,14571.651,0,2.6735,7.226,7.226,45.2789
12,164,14890.495,0,4.1068,7.0941,7.0941,35.9603
12,165,14972.6254,0,5.0589,9.8678,9.8678,53.5247
12,166,15013.1821,0,3.7497,11.0286,11.0286,34.4508
12,167,15023.7393,0,5.0884,10.7476,10.7476,51.9375
12,168,15053.7168,0,18.1387,27.7224,27.7224,74.8057
12,169,15057.8803,0,29.5023,31.9563,31.9563,120.4431
12,170,15062.383,0,9.0921,31.5866,31.5866,134.0271
12,171,15116.601,0,4.3036,8.1515,8.1515,98.6613
12,172,15163.5941,0,11.281,17.3167,17.3167,77.1676
12,173,15240.9544,0,10.0565,12.7693,12.7693,38.0792
12,174,15412.5248,0,8.443,10.7654,10.7654,45.8941
12,175,15489.1946,0,4.4191,9.3396,9.3396,47.537
12,176,15533.8401,0,3.8329,14.554,14.554,63.3875
12,177,15607.2402,0,8.5595,11.6388,11.6388,74.2288
12,178,15621.7644,0,20.2261,22.7224,22.7224,70.2034
12,179,15645.4498,0,21.1163,24.7553,24.7553,81.7551
12,180,15701.2608,0,2.5204,3.6448,3.6448,43.7137
12,181,15881.8614,0,2.6037,7.8118,7.8118,24.5754
12,182,15940.2752,0,12.8585,15.1801,15.1801,119.2238
12,183,16015.7104,0,10.1427,13.9755,13.9755,85.4532
12,184,16043.9208,0,3.6477,6.5836,6.5836,82.5535
12,185,16198.5047,0,4.3672,10.3814,10.3814,38.51
12,186,16215.6609,0,2.8193,5.0608,5.0608,47.5875
12,187,16299.9764,0,9.2407,14.7095,14.7095,39.4146
12,188,16459.7342,0,15.941,28.1503,28.1503,98.1578
12,189,16509.9357,0,10.138,12.6155,12.6155,54.5749
12,190,16533.0352,0,2.0567,9.5798,9.5798,36.5398
12,191,16625.8053,0,12.4922,16.0701,16.0701,52.6656
12,192,16713.2688,0,11.4204,13.2623,13.2623,74.9198
12,193,16998.0899,0,5.7699,10.6535,10.6535,41.2952
12,194,17157.8066,0,4.945,9.8267,9.8267,175.426
12,195,17497.3991,0,2.4454,6.0733,6.0733,25.1512
12,196,17523.5507,0,12.6696,19.5272,19.5272,48.5451
12,197,17673.7441,0,1.1267,6.8252,6.8252,35.1935
12,198,17895.7427,0,9.876,22.3009,22.3009,70.3284
12,199,17986.478,0,6.6945,11.2565,11.2565,73.7325
12,200,18073.8687,0,8.3927,10.3726,10.3726,93.2883
12,201,18222.458,0,6.405,10.7321,10.7321,26.9347
12,202,18268.7428,0,2.3794,5.6984,5.6984,38.1726
12,203,18265.7144,0,4.8382,11.7361,11.7361,46.7632
12,204,18327.6965,0,2.9321,11.1649,11.1649,38.479
12,205,18336.7559,0,9.7772,16.6342,16.6342,49.966
12,206,18370.346,0,4.751,8.5546,8.5546,87.5892
12,207,18356.5125,0,9.435,25.3371,25.3371,82.3816
12,208,18380.9247,0,1.3622,3.9406,3.9406,65.1561
12,209,18397.9511,0,5.5818,14.1698,14.1698,59.5659
12,210,18592.9343,0,9.6022,11.9306,11.9306,32.3243
12,211,18615.6701,0,7.1518,9.2724,9.2724,39.9943
12,212,18651.5063,0,1.6184,2.9169,2.9169,41.3161
12,213,18723.6903,0,12.3074,18.3201,18.3201,95.0211
12,214,18788.0393,0,2.7638,21.9745,21.9745,65.9577
12,215,18907.5007,0,2.4824,6.1213,6.1213,63.8497
12,216,19089.3252,0,2.6006,4.9249,4.9249,69.4615
12,217,19214.8931,0,10.0681,24.9572,24.9572,69.0919
12,218,19329.0414,0,2.2579,10.771,10.771,48.4078
12,219,19323.3803,0,10.668,18.799,18.799,73.5224
12,220,19389.4809,0,6.7899,10.7539,10.7539,31.1557
12,221,19397.4253,0,11.0241,20.1588,20.1588,62.8327
12,222,19549.3707,0,11.7259,18.4921,18.4921,47.9704
12,223,19580.4038,0,4.4591,8.4809,8.4809,35.1049
12,224,19590.2311,0,7.4428,17.872,17.872,56.0698
12,225,19612.2848,0,9.9049,18.5913,18.5913,102.6203
12,226,19828.0645,0,2.8997,8.2381,8.2381,49.4698
12,227,19865.6215,0,17.9509,30.8025,30.8025,50.5411
12,228,19935.4728,0,12.2523,19.9573,19.9573,58.247
12,229,20266.4782,0,7.2283,12.7494,12.7494,57.7897
12,230,20448.9329,0,1.3752,10.9768,10.9768,48.8783
12,231,20672.7682,0,4.5341,8.431,8.431,46.2898
12,232,20722.8576,0,13.9418,16.7908,16.7908,42.9346
12,233,20748.5564,0,13.317,16.3945,16.3945,58.0681
12,234,20870.818,0,2.5511,5.4232,5.4232,53.6469
12,235,20970.0614,0,2.5831,11.6564,11.6564,30.1255
12,236,20983.3034,0,3.0016,8.611,8.611,37.4393
12,237,21368.2936,0,7.2031,11.9145,11.9145,67.6207
12,238,21429.1908,0,12.1038,16.2491,16.2491,78.1719
12,239,21487.3019,0,3.0494,6.5132,6.5132,52.7119
12,240,21555.8187,0,29.1825,32.9201,32.9201,81.7811
12,241,21626.2492,0,8.2556,14.0525,14.0525,52.4504
12,242,21687.7855,0,2.6107,11.6503,11.6503,57.4475
12,243,21694.8083,0,8.9976,16.1254,16.1254,71.085
12,244,21763.7674,0,6.3064,10.5956,10.5956,73.9586
12,245,22151.4857,0,7.7552,12.5402,12.5402,52.2627
12,246,22295.1554,0,4.6238,8.4772,8.4772,58.8822
12,247,22366.0465,0,4.6807,11.2874,11.2874,32.4528
12,248,22443.7827,0,7.7513,19.7729,19.7729,50.4261
12,249,22441.6764,0,10.4779,22.3521,22.3521,94.0078
12,250,22457.7452,0,2.818,12.2483,12.2483,117.1759
12,251,22462.585,0,23.6646,28.3284,28.3284,148.1842
12,252,22454.5751,0,1.6933,43.7494,43.7494,138.3167
12,253,22467.0209,0,27.0265,31.7376,31.7376,164.5475
12,254,22649.0257,0,6.9892,11.4046,11.4046,44.7074
12,255,22677.3849,0,2.7942,5.4862,5.4862,39.0121
12,256,22941.087,0,0.437,5.8538,5.8538,47.8099
12,257,22939.0672,0,6.0697,10.7808,10.7808,54.5532
12,258,23524.2318,0,9.3666,13.3868,13.3868,35.5561
12,259,23588.0373,0,2.818,6.7712,6.7712,55.0665
12,260,23596.5213,0,8.6339,14.025,14.025,87.2796
12,261,23610.6509,0,17.1988,25.4747,25.4747,85.0292
12,262,23757.3698,0,8.452,17.1345,17.1345,68.4298
12,263,23784.6973,0,4.7974,8.5477,8.5477,63.2005
12,264,23804.0665,0,10.5114,15.5602,15.5602,89.3133
12,265,23823.4764,0,3.6489,12.9737,12.9737,78.7984
12,266,23901.8047,0,8.0775,10.9776,10.9776,60.8945
12,267,24001.9822,0,8.9606,13.651,13.651,37.4762
12,268,24143.9885,0,14.4081,17.2847,17.2847,70.8775
12,269,24271.7746,0,6.0011,9.3322,9.3322,74.3984
12,270,24340.374,0,8.4084,11.0504,11.0504,85.5604
12,271,24584.9994,0,5.3259,8.8306,8.8306,46.7172
12,272,24580.7415,0,12.0204,13.5542,13.5542,53.915
12,273,24649.7999,0,1.5759,7.3417,7.3417,49.9513
12,274,24952.4686,0,3.9506,6.0641,6.0641,88.9377
12,275,25009.3001,0,10.2285,26.8971,26.8971,36.4183
12,276,25044.4985,0,7.9601,8.8641,8.8641,92.0593
12,277,25093.7781,0,3.3651,5.2436,5.2436,51.4945
12,278,25133.7559,0,7.1255,15.9277,15.9277,37.8544
12,279,25160.9687,0,6.0588,14.1478,14.1478,56.1324
12,280,25167.7927,0,2.7788,10.1364,10.1364,67.3878
12,281,25185.7021,0,2.2878,10.2848,10.2848,50.6828
12,282,25311.5777,0,2.1862,6.4643,6.4643,60.7954
12,283,25310.6902,0,5.2923,8.0801,8.0801,71.0643
12,284,25359.609,0,7.5311,14.8935,14.8935,76.3258
12,285,25370.7162,0,7.3388,14.6784,14.6784,98.4699
12,286,25615.776,0,2.5988,11.0358,11.0358,52.2071
12,287,25680.0473,0,12.431,17.1143,17.1143,55.4901
12,288,25992.6349,0,0.6317,7.7397,7.7397,68.4191
12,289,26085.7573,0,2.6107,6.3525,6.3525,53.1024
12,290,26180.2909,0,1.0733,6.619,6.619,74.8725
12,291,26272.2521,0,3.1896,5.1814,5.1814,28.5851
12,292,26395.3397,0,6.2757,10.686,10.686,41.0632
12,293,26500.2328,0,8.88,28.4677,28.4677,41.9664
12,294,26521.1671,0,10.5801,11.3295,11.3295,92.7536
12,295,26643.7196,0,11.5038,14.9769,14.9769,57.8053
12,296,26706.6931,0,2.1194,9.8813,9.8813,35.7258
12,297,26784.8117,0,10.6086,16.3147,16.3147,51.4552
12,298,26824.821,0,2.5509,4.9482,4.9482,71.1083
12,299,26903.7476,0,6.7021,17.8662,17.8662,59.6992
12,300,27029.0369,0,1.4831,7.5206,7.5206,91.8834
12,301,27202.1885,0,5.2304,16.9865,16.9865,50.5126
12,302,27368.0098,0,5.8555,10.8798,10.8798,76.9098
12,303,27420.4346,0,3.9476,8.7506,8.7506,50.349
12,304,27905.5492,0,1.9337,5.2888,5.2888,35.7687
12,305,27989.5942,0,10.3307,17.2754,17.2754,51.5976
12,306,27999.4816,0,10.2091,13.8213,13.8213,74.2313
12,307,28019.2985,0,3.9073,6.385,6.385,59.1876
12,308,28035.8505,0,21.3016,26.318,26.318,54.4801
12,309,28035.9947,0,11.3996,40.8507,40.8507,78.8784
12,310,28082.2971,0,6.7512,15.5956,15.5956,42.2112
12,311,28098.4266,0,11.9982,25.6888,25.6888,72.8763
12,312,28244.3661,0,11.3409,15.3578,15.3578,58.0363
12,313,28360.0232,0,10.703,15.7558,15.7558,53.2351
12,314,28496.6908,0,5.4761,8.8073,8.8073,85.4611
12,315,28557.056,0,5.3521,7.1872,7.1872,49.7604
12,316,28584.0118,0,10.2087,15.7756,15.7756,87.291
12,317,29101.5513,0,1.6315,20.2052,20.2052,48.3833
12,318,29154.575,0,3.7305,11.2991,11.2991,79.0373
12,319,29224.92,0,5.0842,11.5929,11.5929,39.82
12,320,29474.1931,0,7.0954,12.1137,12.1137,57.202
12,321,29549.8531,0,7.8739,11.3528,11.3528,51.3049
12,322,29730.6091,0,8.9893,11.2922,11.2922,54.9057
12,323,29792.7269,0,5.1916,8.7546,8.7546,50.9291
12,324,29844.1885,0,5.8798,10.7695,10.7695,84.0262
12,325,29933.7542,0,1.5597,9.284,9.284,31.0244
12,326,30016.8733,0,7.423,10.3075,10.3075,39.2184
12,327,30025.1029,0,4.4191,7.3171,7.3171,37.8436
12,328,30077.4285,0,8.9667,19.0771,19.0771,101.0754
12,329,30378.8783,0,2.51,7.263,7.263,37.8929
12,330,30402.6879,0,15.4367,19.9741,19.9741,48.7224
12,331,30899.2251,0,8.1277,12.6652,12.6652,55.5786
12,332,30937.1496,0,17.7917,24.4521,24.4521,104.8683
12,333,31035.2065,0,13.3979,18.4759,18.4759,44.0959
12,334,31461.9114,0,10.9465,15.73,15.73,39.8867
12,335,31491.9685,0,3.3877,7.0931,7.0931,88.0197
12,336,31554.0137,0,8.1599,10.1706,10.1706,49.5398
12,337,31605.9084,0,12.2994,13.4454,13.4454,52.7474
12,338,31660.164,0,8.3058,12.5888,12.5888,57.391
12,339,31744.6308,0,13.715,21.5656,21.5656,90.8772
12,340,32050.7808,0,9.3055,12.2633,12.2633,77.0832
12,341,32081.383,0,10.0927,11.9545,11.9545,47.8687
12,342,32168.9092,0,17.3321,23.7336,23.7336,83.9242
12,343,32287.7369,0,13.2524,16.8217,16.8217,48.6605
12,344,32309.1166,0,7.0283,9.9173,9.9173,80.2318
12,345,32444.4031,0,14.6011,18.2411,18.2411,92.6619
12,346,32603.4028,0,3.668,4.7948,4.7948,40.9639
12,347,32611.6997,0,3.9223,11.5944,11.5944,75.5061
12,348,32846.359,0,1.5936,3.68,3.68,35.1396
12,349,32856.6543,0,5.4628,20.2147,20.2147,64.2248
12,350,32960.6892,0,3.012,9.8509,9.8509,26.3268
12,351,33029.1162,0,6.7334,8.7129,8.7129,50.8606
12,352,33032.9029,0,5.714,65.714,65.714,120.4902
12,353,33136.6291,0,1.3353,4.467,4.467,55.9566
12,354,33286.4082,0,7.4769,21.1962,21.1962,60.2519
12,355,33394.3681,0,4.2337,12.0432,12.0432,50.7086
12,356,33598.4621,0,9.4059,13.1245,13.1245,44.1946
12,357,33638.4061,0,10.82,15.9477,15.9477,46.1909
12,358,33711.2174,0,9.5226,14.4137,14.4137,79.3689
12,359,34040.4141,0,5.1111,7.9009,7.9009,48.3167
12,360,34265.6509,0,9.2975,13.419,13.419,46.4281
12,361,34293.8324,0,6.0842,11.278,11.278,68.7159
12,362,34323.6457,0,14.1816,17.2933,17.2933,54.5619
12,363,34477.988,0,6.5223,15.0593,15.0593,85.4907
12,364,34508.7366,0,0.6454,15.0415,15.0415,62.3511
12,365,34591.5423,0,7.996,67.996,67.996,122.903
12,366,34898.3642,0,8.192,22.8569,22.8569,73.7114
12,367,35003.8705,0,2.8644,8.3165,8.3165,70.9261
12,368,35165.2527,0,7.5597,13.2195,13.2195,93.4104
12,369,35154.463,0,3.6248,31.4174,31.4174,90.4687
12,370,35246.1771,0,8.1678,15.3041,15.3041,50.1791
12,371,35318.1428,0,2.6217,8.8355,8.8355,61.3567
12,372,35336.6091,0,9.9155,20.2941,20.2941,68.4991
12,373,35413.7057,0,6.2839,13.0927,13.0927,46.0954
12,374,35496.1132,0,10.2755,16.3248,16.3248,63.2436
12,375,35601.2304,0,6.0416,9.4974,9.4974,43.1691
12,376,35683.7851,0,6.2224,8.7915,8.7915,56.8963
12,377,35709.2606,0,13.5663,28.4007,28.4007,81.8438
12,378,35814.3897,0,5.3558,12.0468,12.0468,62.1227
12,379,35869.8138,0,3.5778,10.4374,10.4374,58.5257
12,380,35905.1479,0,7.9914,12.5046,12.5046,53.6213
12,381,36202.6761,0,6.8655,21.4572,21.4572,38.3279
12,382,36303.9024,0,4.7166,10.3827,10.3827,55.0092
12,383,36306.7828,0,2.8032,12.4027,12.4027,90.9167
12,384,36438.9985,0,2.4804,7.5135,7.5135,33.0382
12,385,36476.1043,0,8.223,16.2832,16.2832,62.7257
12,386,36481.6085,0,9.4631,14.037,14.037,61.8397
12,387,36595.6173,0,10.7717,20.7797,20.7797,54.9863
12,388,36729.5317,0,6.2926,9.5387,9.5387,43.8329
12,389,36759.5995,0,2.7548,9.893,9.893,60.091
12,390,37112.4922,0,10.1958,14.1011,14.1011,63.1525
12,391,37192.3999,0,9.6561,14.7351,14.7351,49.662
12,392,37252.8192,0,1.962,11.7559,11.7559,77.6947
12,393,37282.8369,0,2.6802,5.7756,5.7756,55.9844
12,394,37346.0161,0,9.9251,15.3265,15.3265,38.0161
12,395,37360.7571,0,10.5695,17.3826,17.3826,50.692
12,396,37444.7251,0,8.8657,11.6372,11.6372,54.9172
12,397,37504.3239,0,11.2863,15.2204,15.2204,49.4604
12,398,37527.3352,0,7.191,9.2373,9.2373,46.1293
12,399,37863.8198,0,6.9409,12.2256,12.2256,40.6031
12,400,37875.9328,0,7.6083,11.1561,11.1561,70.6368
12,401,38148.1285,0,3.937,10.2609,10.2609,47.2297
12,402,38177.5856,0,4.1283,9.9195,9.9195,58.052
12,403,38220.1403,0,3.5802,6.305,6.305,47.181
12,404,38298.7279,0,9.7461,25.9647,25.9647,53.25
12,405,38364.0546,0,10.0017,14.9344,14.9344,64.5123
12,406,38407.2522,0,0.7408,6.4781,6.4781,39.2953
12,407,38592.5466,0,3.2022,8.733,8.733,46.2341
12,408,38632.0345,0,11.0351,16.0793,16.0793,52.9479
12,409,38633.5239,0,7.8963,15.3778,15.3778,60.9564
12,410,38641.7384,0,11.37,15.5817,15.5817,77.6021
12,411,38660.1814,0,0.9913,5.1815,5.1815,108.669
12,412,38661.5806,0,5.0347,6.4644,6.4644,111.9414
12,413,38666.6818,0,14.8589,19.5595,19.5595,126.0085
12,414,38670.7239,0,14.41,19.7518,19.7518,130.0515
12,415,38679.7714,0,13.521,20.2747,20.2747,136.3969
12,416,39209.6343,0,0.5006,6.4989,6.4989,52.2869
12,417,39272.1922,0,4.0156,8.2089,8.2089,52.8314
12,418,39341.2124,0,11.1975,15.6822,15.6822,30.3425
12,419,39361.3018,0,17.251,21.1604,21.1604,56.0006
12,420,39693.4511,0,3.4872,8.7303,8.7303,52.1338
12,421,39731.0397,0,7.2594,12.2903,12.2903,48.4317
12,422,39866.265,0,3.8417,10.6948,10.6948,40.1718
12,423,39944.1746,0,9.2047,22.7494,22.7494,44.8594
12,424,40002.5428,0,10.1644,34.5043,34.5043,71.7803
12,425,40134.1059,0,10.2934,13.5499,13.5499,76.017
12,426,40161.1641,0,9.3873,14.9691,14.9691,70.4166
12,427,40223.7699,0,14.8122,24.728,24.728,59.462
12,428,40287.7075,0,9.113,30.122,30.122,98.0509
12,429,40449.0594,0,9.01,16.956,16.956,62.2726
12,430,40584.4894,0,7.2774,11.5104,11.5104,28.6691
12,431,40667.9798,0,2.0452,11.8907,11.8907,45.5262
12,432,40734.4856,0,1.1773,8.1728,8.1728,67.9368
12,433,40920.7072,0,2.8031,7.1201,7.1201,42.2379
12,434,41013.6018,0,5.1734,8.8499,8.8499,45.3633
12,435,41067.1775,0,8.328,34.9319,34.9319,63.6462
12,436,41158.5759,0,8.4352,10.401,10.401,35.8994
12,437,41188.8783,0,12.6635,14.9334,14.9334,68.3698
12,438,41222.2378,0,5.8483,12.744,12.744,107.7252
12,439,41195.9319,0,14.9634,39.7615,39.7615,95.9373
12,440,41356.4605,0,2.9107,5.6461,5.6461,34.8327
12,441,41394.845,0,2.6229,15.2212,15.2212,39.2495
12,442,41413.6365,0,6.1565,9.4756,9.4756,78.6344
12,443,41462.2369,0,11.426,13.3209,13.3209,71.9566
12,444,41520.6938,0,8.7094,12.8732,12.8732,63.1374
12,445,41788.0828,0,9.5544,19.6184,19.6184,37.6571
12,446,42082.3228,0,7.7658,13.8199,13.8199,23.652
12,447,42169.0246,0,10.5962,13.0374,13.0374,58.0237
12,448,42286.0568,0,9.6514,14.2761,14.2761,35.7469
12,449,42376.6689,0,3.5171,6.3639,6.3639,56.833
12,450,42390.1239,0,1.878,16.5192,16.5192,46.9287
12,451,42391.7862,0,5.9464,17.054,17.054,75.6919
12,452,42397.7522,0,25.2639,28.5572,28.5572,58.5988
12,453,42419.4611,0,16.5372,24.682,24.682,88.6476
12,454,42460.5826,0,4.7773,10.0935,10.0935,44.3269
12,455,42526.6138,0,6.2077,11.7209,11.7209,68.4465
12,456,42552.0362,0,2.4461,7.2545,7.2545,46.5596
12,457,42674.8768,0,5.8455,25.268,25.268,75.1457
12,458,42751.0167,0,9.376,12.4655,12.4655,54.38
12,459,42808.8195,0,1.5142,4.0289,4.0289,31.4489
12,460,42888.5278,0,4.2061,9.1939,9.1939,57.1789
12,461,42918.827,0,5.0636,13.6895,13.6895,46.7036
12,462,42913.761,0,10.9236,22.8866,22.8866,50.2966
12,463,43043.433,0,4.175,15.3907,15.3907,44.4488
12,373,34487.7113,0,5.111,6.3974,6.3974,53.0449
12,374,34693.7294,0,3.3128,13.9799,13.9799,44.1539
12,375,34858.5549,0,2.6957,9.9296,9.9296,48.1508
12,376,34995.1767,0,12.4344,17.0241,17.0241,54.745
12,377,35010.4957,0,2.284,8.5559,8.5559,83.9094
12,378,35016.5853,0,3.125,11.8873,11.8873,72.4454
12,379,35145.9212,0,10.915,18.3695,18.3695,64.3684
12,380,35204.8961,0,5.5183,10.9003,10.9003,46.3867
12,381,35256.7041,0,1.8704,5.9871,5.9871,47.198
12,382,35340.4108,0,4.8489,12.4611,12.4611,38.583
12,383,35415.2774,0,10.2481,21.6614,21.6614,72.3218
12,384,35420.9111,0,10.6141,30.0748,30.0748,112.2428
12,385,35538.7886,0,4.2505,10.2729,10.2729,51.2752
12,386,35785.4035,0,3.6709,7.825,7.825,31.2948
12,387,35841.8618,0,1.3371,9.6728,9.6728,28.5818
12,388,36198.4042,0,2.668,4.2891,4.2891,59.2605
12,389,36432.2258,0,2.6636,5.4048,5.4048,56.0058
12,390,36454.92,0,0.8453,8.6188,8.6188,61.1008
12,391,36513.5865,0,2.3346,6.5159,6.5159,24.2663
12,392,36592.991,0,2.5598,6.6553,6.6553,32.9036
12,393,36618.3275,0,3.4228,8.9967,8.9967,42.0276
12,394,36634.2383,0,3.1739,6.9355,6.9355,50.5029
12,395,36621.0191,0,2.3455,23.5307,23.5307,88.5115
12,396,36768.2759,0,3.594,6.8312,6.8312,39.0898
12,397,36766.2011,0,8.3288,10.6576,10.6576,74.4132
12,398,36810.0076,0,6.3506,35.5692,35.5692,81.7123
12,399,36955.7301,0,2.9477,6.5616,6.5616,50.2392
12,400,37109.7847,0,9.2877,13.1895,13.1895,37.1941
12,401,37121.913,0,5.9562,20.6034,20.6034,50.3642
12,402,37160.9254,0,3.9428,17.2156,17.2156,90.3158
12,403,37517.9936,0,3.7371,6.0077,6.0077,67.4664
12,404,37975.6523,0,2.6794,5.2642,5.2642,64.684
12,405,38024.49,0,3.1885,5.9659,5.9659,63.9179
12,406,38226.074,0,3.9305,5.1235,5.1235,53.9937
12,407,38260.6935,0,10.4106,16.8249,16.8249,65.1702
12,408,38333.2213,0,10.7752,11.5397,11.5397,97.5431
12,409,38383.3267,0,3.3428,5.6485,5.6485,53.0156
12,410,38397.3049,0,4.9034,11.1342,11.1342,76.8525
12,411,38424.2742,0,4.509,11.7548,11.7548,63.6072
12,412,38559.2705,0,7.4607,10.8448,10.8448,68.6183
12,413,38586.8777,0,7.0653,15.0225,15.0225,66.6794
12,414,38629.829,0,13.8922,21.6053,21.6053,28.9458
12,415,38646.68,0,4.4095,7.6127,7.6127,80.8077
12,416,38669.843,0,5.7111,7.9182,7.9182,44.7568
12,417,38939.0671,0,3.5079,5.476,5.476,21.881
12,418,39042.1385,0,2.0109,4.4784,4.4784,74.8874
12,419,39341.4416,0,1.8361,6.8349,6.8349,70.5593
12,420,39464.0751,0,4.1091,7.0281,7.0281,54.6265
12,421,39476.2091,0,5.667,6.8844,6.8844,43.4495
12,422,39489.3758,0,4.8378,5.1858,5.1858,40.4384
12,423,39555.3474,0,3.6534,6.4909,6.4909,117.3039
12,424,39572.0858,0,2.0298,8.0498,8.0498,108.3314
12,425,39598.9464,0,9.3736,16.1778,16.1778,91.3255
12,426,39603.8399,0,10.0681,15.6494,15.6494,127.2439
12,427,39638.0442,0,27.2083,29.5926,29.5926,99.7013
12,428,39663.854,0,35.2229,40.2213,40.2213,82.5136
12,429,39739.0088,0,17.0219,30.5524,30.5524,63.2489
12,430,39964.5253,0,9.6209,13.0168,13.0168,54.2566
12,431,40089.0664,0,3.7207,7.7333,7.7333,68.9727
12,432,40145.0273,0,6.3625,9.5887,9.5887,73.8975
12,433,40427.8745,0,2.4705,6.5026,6.5026,54.9765
12,434,40897.5564,0,3.2437,7.8235,7.8235,44.8733
12,435,40947.8596,0,3.7088,18.8495,18.8495,62.543
12,436,40986.2179,0,10.1778,16.4923,16.4923,57.8094
12,437,40999.1327,0,9.434,22.3213,22.3213,63.4646
12,438,41000.5248,0,6.3295,40.2505,40.2505,81.8788
12,439,41154.1072,0,4.6308,6.8717,6.8717,31.1594
12,440,41153.0574,0,1.4093,28.1388,28.1388,61.4271
12,441,41279.453,0,2.7245,8.1459,8.1459,62.4473
12,442,41811.5458,0,3.5897,9.0766,9.0766,66.3918
12,443,41825.6053,0,2.6209,6.0429,6.0429,63.4116
12,444,41955.7057,0,13.6033,16.5076,16.5076,77.0459
12,445,42354.4657,0,0.9399,1.8831,1.8831,37.1901
12,446,42359.4145,0,0.7657,12.5483,12.5483,53.7031
12,447,42480.1857,0,3.7336,7.7788,7.7788,26.2874
12,448,42537.1034,0,8.2988,12.7387,12.7387,49.2031
12,449,42579.775,0,4.9654,12.545,12.545,53.5414
12,450,42593.2058,0,6.4418,11.6997,11.6997,73.6396
12,451,42596.5531,0,12.0519,21.9193,21.9193,80.2314
12,452,42755.5929,0,8.2196,15.8871,15.8871,45.6504
12,453,42850.9411,0,3.107,5.3718,5.3718,31.6589
12,454,42910.6519,0,3.1655,9.374,9.374,62.7948
12,455,42990.2559,0,4.1587,10.186,10.186,48.7127
12,456,42984.3455,0,6.5508,20.0049,20.0049,64.6132
12,457,43118.2501,0,3.5236,25.5294,25.5294,62.905
12,450,42900.1112,0,3.1629,3.6913,3.6913,40.4845
12,451,42862.9872,0,4.9449,54.4786,54.4786,128.6528
12,452,42970.0082,0,6.4714,15.7986,15.7986,76.0721
12,453,43099.8136,0,2.0845,7.0547,7.0547,30.9753
12,454,43122.3273,0,1.5936,7.5718,7.5718,34.3532
