replicate,call,t_call_min,queue_wait,travel_time,response_time,response_time_from_assignment,total_service_time
1,1,0.0,0,6.1067,13.6057,13.6057,101.4517
1,2,144.0176,0,3.8762,9.787,9.787,52.8393
1,3,684.6688,0,2.3605,5.552,5.552,60.2994
1,4,734.6207,0,5.598,10.2224,10.2224,81.39
1,5,747.2093,0,7.502,10.5576,10.5576,74.9822
1,6,748.4866,0,9.0263,11.6112,11.6112,84.5256
1,7,796.3125,0,4.4055,8.1636,8.1636,78.5788
1,8,810.9086,0,31.2113,33.0772,33.0772,71.9006
1,9,1022.1286,0,2.7432,7.7128,7.7128,53.4097
1,10,1264.2242,0,7.3964,12.2765,12.2765,49.019
1,11,1284.1074,0,4.7681,11.1054,11.1054,82.6487
1,12,1370.9692,0,2.1274,13.132,13.132,43.4281
1,13,1712.8357,0,1.0574,4.6009,4.6009,21.1959
1,14,1728.6331,0,6.0286,8.8011,8.8011,51.0535
1,15,1747.2683,0,1.9301,3.5556,3.5556,38.4763
1,16,1809.5292,0,1.6152,15.617,15.617,79.3899
1,17,1862.6298,0,10.9735,15.9792,15.9792,100.9076
1,18,1930.7313,0,1.9328,4.4774,4.4774,42.4136
1,19,2051.3715,0,9.381,17.8459,17.8459,40.5327
1,20,2080.1945,0,12.1199,16.3092,16.3092,105.1861
1,21,2090.7562,0,5.2138,7.6474,7.6474,86.7552
1,22,2091.7157,0,7.1486,11.3468,11.3468,105.4435
1,23,2132.1971,0,11.508,19.3444,19.3444,73.1052
1,24,2142.6393,0,13.1013,17.6371,17.6371,63.3791
1,25,2150.921,0,5.8301,12.9543,12.9543,78.6146
1,26,2174.9127,0,22.6056,26.0645,26.0645,73.3336
1,27,2225.813,0,3.4418,6.6347,6.6347,39.5533
1,28,2227.3201,0,6.8292,10.7288,10.7288,86.6942
1,29,2325.8018,0,3.0812,9.7995,9.7995,36.309
1,30,2342.6735,0,3.8398,8.47,8.47,59.5073
1,31,2367.5875,0,14.6109,20.3809,20.3809,96.8463
1,32,2422.5551,0,5.7827,12.9946,12.9946,63.0871
1,33,2540.2162,0,2.0679,10.3208,10.3208,55.1494
1,34,2566.9417,0,2.2003,11.8814,11.8814,38.0679
1,35,2591.9212,0,11.5121,23.3341,23.3341,63.9303
1,36,2733.1397,0,1.983,5.7437,5.7437,19.5691
1,37,2748.4549,0,5.6039,49.9326,49.9326,75.0724
1,38,2833.1179,0,1.7962,4.1836,4.1836,55.1618
1,39,3229.3436,0,5.0601,14.6729,14.6729,60.7387
1,40,3514.1659,0,2.359,6.8886,6.8886,59.0194
1,41,3534.1065,0,5.546,7.4285,7.4285,69.3852
1,42,3647.1376,0,2.0971,12.2044,12.2044,42.9103
1,43,3691.756,0,9.7935,12.2624,12.2624,70.6606
1,44,3767.634,0,6.7579,8.9649,8.9649,37.0985
1,45,3785.6708,0,10.5076,13.2024,13.2024,62.6333
1,46,3846.0376,0,8.7217,12.8151,12.8151,31.1519
1,47,3974.251,0,4.6742,11.9479,11.9479,47.968
1,48,3965.9367,0,3.3722,21.787,21.787,79.075
1,49,4006.9837,0,2.6409,7.3475,7.3475,63.6149
1,50,4140.5507,0,14.2005,24.3391,24.3391,72.868
1,51,4259.2113,0,10.65,30.2657,30.2657,91.4565
1,52,4338.3555,0,1.6836,13.3609,13.3609,38.1396
1,53,4383.9212,0,1.2308,7.6388,7.6388,89.2414
1,54,4563.6619,0,4.7324,11.9235,11.9235,51.9902
1,55,4594.6718,0,1.8083,7.7701,7.7701,27.8252
1,56,4714.2738,0,9.8755,12.1193,12.1193,42.1014
1,57,4812.7116,0,7.7521,9.4963,9.4963,52.0911
1,58,4929.9926,0,7.628,9.9638,9.9638,59.786
1,59,4983.2095,0,1.2647,5.4717,5.4717,57.3031
1,60,5009.5339,0,1.0087,5.2914,5.2914,52.3325
1,61,5029.3614,0,2.8031,6.0617,6.0617,39.4607
1,62,5050.1873,0,8.1557,15.3552,15.3552,68.0821
1,63,5088.834,0,3.6522,10.5559,10.5559,38.7926
1,64,5105.773,0,3.3917,6.2622,6.2622,62.2548
1,65,5244.5678,0,3.2811,15.0939,15.0939,78.3006
1,66,5410.9607,0,3.6345,7.6265,7.6265,40.7046
1,67,5431.0634,0,2.6204,6.451,6.451,32.7599
1,68,5438.0325,0,3.2856,5.321,5.321,49.8375
1,69,5442.8137,0,1.8633,10.4686,10.4686,90.0579
1,70,5525.0992,0,9.2975,14.8602,14.8602,80.8995
1,71,5534.5089,0,3.908,25.0065,25.0065,119.809
1,72,5658.5039,0,1.768,3.2552,3.2552,26.2763
1,73,5668.0568,0,3.6625,6.7017,6.7017,41.3695
1,74,5795.1457,0,8.3534,15.4764,15.4764,52.8733
1,75,6100.2647,0,4.063,9.1049,9.1049,68.0669
1,76,6139.69,0,4.5985,21.0767,21.0767,79.7741
1,77,6309.1167,0,1.4093,6.2073,6.2073,31.3565
1,78,6426.843,0,8.736,12.1554,12.1554,44.2757
1,79,6510.4518,0,5.0977,6.4846,6.4846,95.6375
1,80,6604.8485,0,4.8113,7.5248,7.5248,69.5947
1,81,6770.617,0,3.8608,8.7802,8.7802,41.3812
1,82,6772.3183,0,8.0415,11.4408,11.4408,46.7247
1,83,7050.2427,0,2.9604,11.1403,11.1403,51.658
1,84,7078.4231,0,2.6746,7.6954,7.6954,45.3986
1,85,7127.9749,0,1.7878,11.5334,11.5334,47.9248
1,86,7176.5063,0,7.0653,13.7475,13.7475,62.1314
1,87,7198.0941,0,2.0391,10.0824,10.0824,129.3908
1,88,7294.3666,0,2.0273,7.2726,7.2726,42.6812
1,89,7321.6286,0,8.3666,12.0285,12.0285,53.4987
1,90,7383.5174,0,2.839,7.576,7.576,38.0453
1,91,7592.8595,0,2.9859,10.3213,10.3213,36.7956
1,92,8015.5857,0,10.7848,15.8955,15.8955,68.6199
1,93,8049.9812,0,6.897,10.7042,10.7042,48.3828
1,94,8277.8809,0,8.302,10.0763,10.0763,76.7408
1,95,8304.1159,0,6.3764,8.0457,8.0457,69.026
1,96,8422.7585,0,5.8237,30.1554,30.1554,75.1199
1,97,8742.7251,0,3.2282,4.7432,4.7432,41.0398
1,98,9073.7422,0,5.9831,9.2822,9.2822,45.2588
1,99,9184.8001,0,3.4333,8.8305,8.8305,29.1814
1,100,9221.6719,0,2.2534,9.3218,9.3218,29.2709
1,101,9244.4077,0,3.5395,41.6997,41.6997,65.2931
1,102,9376.7104,0,1.1266,4.1006,4.1006,22.4543
1,103,9379.507,0,2.9807,19.3482,19.3482,51.079
1,104,9410.0228,0,3.466,9.4975,9.4975,49.1008
1,105,9760.7626,0,4.8954,11.2161,11.2161,80.6354
1,106,9963.7574,0,1.0274,6.3613,6.3613,32.9126
1,107,10134.849,0,4.0694,7.8454,7.8454,46.0955
1,108,10181.1693,0,3.5285,7.0272,7.0272,23.5999
1,109,10395.2556,0,1.8653,7.2395,7.2395,40.6134
1,110,10555.142,0,3.737,9.2952,9.2952,32.3973
1,111,10659.9978,0,8.683,12.3005,12.3005,61.6247
1,112,10778.3592,0,4.6025,11.1864,11.1864,55.0789
1,113,10794.5107,0,3.0983,24.025,24.025,73.3101
1,114,10805.7104,0,7.1884,25.1042,25.1042,97.9948
1,115,10846.4088,0,10.2112,16.8333,16.8333,66.3875
1,116,10848.0681,0,8.0121,38.7554,38.7554,100.1525
1,117,10986.2342,0,3.2166,13.407,13.407,101.4358
1,118,11021.8184,0,0.95,13.9604,13.9604,39.1405
1,119,11056.7979,0,2.4252,13.7586,13.7586,84.4326
1,120,11235.9717,0,3.9046,13.0132,13.0132,28.8786
1,121,11752.9478,0,3.4198,13.8672,13.8672,61.3243
1,122,11848.4924,0,1.4476,5.7399,5.7399,50.4327
1,123,12135.8599,0,4.4305,6.6273,6.6273,38.1069
1,124,12194.6754,0,2.3605,9.9481,9.9481,38.7431
1,125,12189.2109,0,7.1757,16.216,16.216,60.0698
1,126,12235.3622,0,7.4946,14.5964,14.5964,68.7784
1,127,12248.695,0,0.9856,12.5983,12.5983,83.7319
1,128,12409.7943,0,5.344,9.9402,9.9402,67.0512
1,129,12428.7777,0,1.9028,10.3286,10.3286,65.5835
1,130,12542.5256,0,11.757,15.4652,15.4652,58.9854
1,131,12537.5111,0,3.7272,27.8543,27.8543,66.8497
1,132,12687.5578,0,3.2507,8.7165,8.7165,45.82
1,133,12717.0514,0,3.793,4.7629,4.7629,70.7995
1,134,12808.0642,0,4.6742,12.8727,12.8727,45.5803
1,135,12812.3817,0,1.6799,9.8469,9.8469,59.1937
1,136,12882.8984,0,5.9895,12.4679,12.4679,46.2261
1,137,12898.0499,0,2.0498,3.5786,3.5786,45.2823
1,138,12896.0246,0,4.8593,19.6677,19.6677,65.3968
1,139,13124.689,0,1.9415,11.4832,11.4832,72.4401
1,140,13165.0101,0,1.116,4.1195,4.1195,41.0206
1,141,13387.6515,0,4.5292,22.9379,22.9379,56.7574
1,142,13466.4952,0,8.2961,9.7021,9.7021,70.8993
1,143,13545.3161,0,0.9742,7.9408,7.9408,54.855
1,144,13591.9337,0,6.4115,13.7229,13.7229,55.2846
1,145,13659.7633,0,9.6879,11.6855,11.6855,51.2844
1,146,13693.7429,0,2.2521,6.45,6.45,37.8962
1,147,13747.8036,0,5.1267,10.2871,10.2871,40.1042
1,148,13836.4266,0,11.6627,14.9657,14.9657,60.8809
1,149,13854.2352,0,3.6552,8.4429,8.4429,50.6135
1,150,13967.3277,0,1.9499,16.7082,16.7082,48.8602
1,151,13974.0146,0,10.6525,14.5949,14.5949,78.6823
1,152,14023.2048,0,4.2104,12.4589,12.4589,40.3961
1,153,14094.0273,0,3.9046,6.7487,6.7487,46.8349
1,154,14208.0726,0,4.7324,9.8766,9.8766,58.4164
1,155,14371.3343,0,5.1424,18.4145,18.4145,52.9828
1,156,14644.2572,0,1.0787,11.7761,11.7761,64.0229
1,157,14923.7461,0,0.9856,14.5558,14.5558,46.1382
1,158,14955.9659,0,4.4707,12.9501,12.9501,91.9497
1,159,14997.3823,0,5.8275,9.3098,9.3098,57.0778
1,160,15173.0855,0,1.3238,6.3885,6.3885,44.595
1,161,15296.6327,0,4.0372,25.2349,25.2349,80.8986
1,162,15321.5142,0,1.4122,7.6557,7.6557,43.5283
1,163,15338.9818,0,3.9109,13.3228,13.3228,102.655
1,164,15378.7133,0,9.0645,12.4342,12.4342,53.0546
1,165,15415.3196,0,2.2088,6.2142,6.2142,41.1789
1,166,15456.072,0,4.4041,9.76,9.76,46.102
1,167,15491.9863,0,4.3406,11.2628,11.2628,80.8943
1,168,15584.1009,0,0.8253,5.4172,5.4172,40.4323
1,169,15593.8207,0,0.9178,6.8925,6.8925,35.6963
1,170,15599.4889,0,14.3079,21.2917,21.2917,56.28
1,171,15636.7722,0,4.1303,7.2914,7.2914,45.0833
1,172,15675.2922,0,6.866,8.0691,8.0691,37.0447
1,173,15674.1741,0,3.6343,10.2323,10.2323,75.7839
1,174,15839.0826,0,2.8479,9.2939,9.2939,56.1901
1,175,15938.8259,0,3.0422,8.4487,8.4487,53.8368
1,176,16051.2576,0,3.3235,5.3667,5.3667,51.6796
1,177,16320.1549,0,2.3688,4.41,4.41,85.6176
1,178,16390.6442,0,3.7088,4.787,4.787,46.9927
1,179,16459.1419,0,5.8126,9.1021,9.1021,67.8776
1,180,16465.1353,0,2.503,12.973,12.973,70.4399
1,181,16476.721,0,5.1938,9.2164,9.2164,62.4882
1,182,16596.4094,0,0.7564,5.4828,5.4828,45.8748
1,183,16639.1808,0,15.0299,17.9317,17.9317,97.1908
1,184,16714.519,0,9.7396,12.8935,12.8935,83.8453
1,185,16759.9639,0,5.6181,9.8912,9.8912,43.7113
1,186,16876.587,0,3.525,7.5908,7.5908,31.6081
1,187,17029.0821,0,3.4088,4.6729,4.6729,60.0389
1,188,17048.2848,0,3.9406,11.7101,11.7101,53.0107
1,189,17090.3286,0,1.8633,14.6149,14.6149,85.823
1,190,17136.1703,0,1.5024,6.0392,6.0392,51.8519
1,191,17261.6858,0,3.2255,14.137,14.137,71.2913
1,192,17431.8093,0,2.6973,5.7476,5.7476,53.7491
1,193,17502.3825,0,4.8226,7.1345,7.1345,52.8419
1,194,17714.7602,0,3.8251,5.6772,5.6772,61.2374
1,195,17725.4409,0,7.9799,22.8226,22.8226,59.767
1,196,18027.6001,0,0.5981,7.4575,7.4575,23.4792
1,197,18044.1678,0,0.626,6.3911,6.3911,61.3109
1,198,18059.9578,0,9.3762,14.8803,14.8803,65.4118
1,199,18085.35,0,0.8457,18.7504,18.7504,50.4499
1,200,18103.1991,0,6.2701,10.9103,10.9103,42.612
1,201,18131.1763,0,5.6961,37.2701,37.2701,68.9898
1,202,18206.1235,0,2.6567,4.7684,4.7684,48.283
1,203,18362.3255,0,1.408,12.9037,12.9037,46.4953
1,204,18397.3497,0,3.1574,6.772,6.772,27.1313
1,205,18602.2082,0,1.768,8.2687,8.2687,23.7865
1,206,18600.9035,0,11.5371,24.5072,24.5072,68.0338
1,207,18661.7687,0,6.4107,13.4269,13.4269,55.9976
1,208,18804.2372,0,4.4645,8.1322,8.1322,36.4978
1,209,18790.4311,0,13.8352,25.0774,25.0774,67.2953
1,210,19170.4957,0,12.23,15.4117,15.4117,49.9191
1,211,19267.0896,0,2.0441,5.504,5.504,29.4553
1,212,19229.6641,0,8.683,68.683,68.683,96.9359
1,213,19304.7349,0,11.3115,12.9128,12.9128,24.7868
1,214,19308.1799,0,7.0084,10.1957,10.1957,38.6926
1,215,19556.1957,0,2.3042,4.8885,4.8885,53.3606
1,216,19786.1931,0,1.6186,61.6186,61.6186,103.0112
1,217,19972.1721,0,1.8028,8.2073,8.2073,32.9245
1,218,20013.8933,0,2.3173,12.4131,12.4131,40.6346
1,219,20022.8361,0,2.3823,5.3958,5.3958,78.5867
1,220,20101.0439,0,3.677,7.6241,7.6241,35.7593
1,221,20286.34,0,0.945,10.7709,10.7709,22.3021
1,222,20311.3339,0,1.9531,10.6674,10.6674,73.1479
1,223,20535.4294,0,6.8125,11.7457,11.7457,57.7837
1,224,20655.6819,0,12.2253,17.928,17.928,61.5072
1,225,20825.0727,0,2.5889,14.499,14.499,37.9874
1,226,20838.3013,0,8.2681,13.578,13.578,86.1059
1,227,20851.8522,0,3.803,7.7757,7.7757,81.0409
1,228,20879.2778,0,7.1884,11.2825,11.2825,68.8946
1,229,20914.4662,0,6.2244,10.2705,10.2705,51.5668
1,230,20940.8966,0,1.7376,9.0444,9.0444,70.3828
1,231,21074.207,0,2.8867,6.4487,6.4487,33.106
1,232,21074.9051,0,5.0776,19.893,19.893,44.983
1,233,21087.6136,0,10.4514,39.5931,39.5931,57.9434
1,234,21221.3565,0,6.0013,11.263,11.263,47.5637
1,235,21244.2571,0,2.0587,13.4689,13.4689,40.9873
1,236,21261.7498,0,2.8545,10.8585,10.8585,45.6129
1,237,21283.5747,0,3.797,13.9948,13.9948,49.9509
1,238,21421.7767,0,4.375,7.4578,7.4578,39.9052
1,239,21432.9516,0,1.958,9.8116,9.8116,44.6405
1,240,21540.0068,0,6.5349,9.2719,9.2719,82.5809
1,241,21673.8002,0,3.5169,8.8874,8.8874,34.3312
1,242,22159.8719,0,6.3673,11.3351,11.3351,98.508
1,243,22294.8303,0,2.2074,7.6339,7.6339,37.5296
1,244,22421.219,0,9.7167,19.9498,19.9498,83.114
1,245,22693.625,0,1.828,35.7585,35.7585,71.4832
1,246,22712.52,0,4.5662,20.4392,20.4392,115.7552
1,247,22922.9177,0,2.5987,4.8942,4.8942,70.7281
1,248,22911.5332,0,4.3382,20.5748,20.5748,102.5865
1,249,23086.1441,0,5.6408,22.9741,22.9741,61.607
1,250,23349.9693,0,4.9784,9.4235,9.4235,37.8454
1,251,23362.9528,0,5.806,9.2643,9.2643,46.1829
1,252,23462.3187,0,4.8671,19.0675,19.0675,56.385
1,253,23549.149,0,14.3883,18.9594,18.9594,58.0763
1,254,23572.8024,0,3.7337,20.9567,20.9567,89.3213
1,255,23593.3457,0,7.7976,11.5562,11.5562,55.7659
1,256,23610.553,0,2.7471,5.0361,5.0361,82.527
1,257,23627.685,0,28.3083,40.4343,40.4343,69.5023
1,258,23660.208,0,6.7414,8.5999,8.5999,48.9494
1,259,23671.3262,0,19.3173,23.912,23.912,57.7605
1,260,23696.0409,0,3.1526,6.3293,6.3293,91.2541
1,261,23703.1005,0,23.8256,25.9049,25.9049,79.9188
1,262,23777.9607,0,0.4864,1.0594,1.0594,21.6164
1,263,23785.9093,0,2.4274,5.7415,5.7415,31.7963
1,264,23796.3937,0,5.6816,7.1472,7.1472,48.6459
1,265,23810.9817,0,8.205,20.9939,20.9939,46.9897
1,266,23811.1032,0,5.9094,21.897,21.897,75.7724
1,267,23886.9781,0,7.199,16.2611,16.2611,70.2506
1,268,23942.4304,0,14.9777,19.6809,19.6809,76.7376
1,269,23980.5926,0,5.1747,9.7739,9.7739,52.3759
1,270,23978.3351,0,6.6673,22.2397,22.2397,83.1387
1,271,24053.6768,0,2.7337,12.1949,12.1949,90.4659
1,272,24286.3128,0,3.991,7.9293,7.9293,37.6002
1,273,24395.2669,0,2.316,9.7768,9.7768,41.7782
1,274,24555.6672,0,3.0014,6.5372,6.5372,76.6223
1,275,24928.3771,0,2.7623,16.4877,16.4877,39.2115
1,276,25068.9273,0,5.7844,11.8893,11.8893,59.4855
1,277,25132.7805,0,2.3688,4.3269,4.3269,19.3337
1,278,25153.348,0,3.2743,4.5284,4.5284,50.4122
1,279,25153.4684,0,1.4093,9.3111,9.3111,69.804
1,280,25184.2371,0,8.0399,21.8164,21.8164,73.7222
1,281,25245.8444,0,7.2819,11.2978,11.2978,41.2051
1,282,25325.043,0,7.3056,8.9532,8.9532,65.5122
1,283,25349.3648,0,3.5154,18.0981,18.0981,43.8145
1,284,25396.0474,0,3.3899,5.7156,5.7156,53.3525
1,285,25492.8928,0,2.3615,11.223,11.223,71.7003
1,286,25572.9313,0,9.9043,12.6445,12.6445,64.4103
1,287,25794.3193,0,4.1742,9.2873,9.2873,46.2105
1,288,25801.3046,0,0.913,6.9393,6.9393,54.707
1,289,25836.5374,0,2.561,7.3482,7.3482,39.6105
1,290,26009.1244,0,3.3264,5.4753,5.4753,47.5727
1,291,26405.3335,0,4.3938,7.805,7.805,73.4477
1,292,26669.4854,0,2.4319,7.7233,7.7233,48.9771
1,293,26816.1118,0,2.8861,9.8776,9.8776,39.2514
1,294,26827.2992,0,1.3882,3.4969,3.4969,37.6136
1,295,26834.731,0,6.7414,11.7518,11.7518,36.9699
1,296,26914.2653,0,3.5894,8.8547,8.8547,73.7197
1,297,26986.3117,0,7.0003,15.7117,15.7117,47.6325
1,298,27008.5657,0,11.4663,14.3465,14.3465,66.1701
1,299,27031.2144,0,5.3905,10.0303,10.0303,52.7331
1,300,27197.0303,0,2.3629,4.5735,4.5735,50.7841
1,301,27378.1901,0,5.8666,10.962,10.962,55.6724
1,302,27449.5313,0,3.8532,11.0313,11.0313,48.7081
1,303,27601.8823,0,4.3278,12.5387,12.5387,86.145
1,304,27746.3564,0,0.0,1.1819,1.1819,66.7232
1,305,28008.8818,0,5.3156,10.0856,10.0856,45.8289
1,306,28048.5295,0,9.0072,14.1154,14.1154,52.4665
1,307,28045.0711,0,10.1751,21.0021,21.0021,72.1041
1,308,28079.4731,0,1.9107,4.6201,4.6201,62.0397
1,309,28096.1254,0,11.6517,18.9031,18.9031,83.6634
1,310,28229.9769,0,4.708,13.628,13.628,58.8764
1,311,28313.6405,0,1.4608,3.6008,3.6008,53.618
1,312,28377.5284,0,4.6907,8.4864,8.4864,55.6356
1,313,28409.3558,0,2.467,6.6846,6.6846,55.7964
1,314,28531.3136,0,4.9062,6.8902,6.8902,62.21
1,315,28568.0341,0,1.6085,3.3544,3.3544,38.4835
1,316,28660.2707,0,11.4977,13.122,13.122,59.7872
1,317,28665.4707,0,3.2157,10.9444,10.9444,95.9632
1,318,28751.8373,0,3.8169,17.4745,17.4745,68.9502
1,319,28831.0616,0,8.0516,9.4651,9.4651,88.4864
1,320,28940.8185,0,2.7161,6.4167,6.4167,58.9398
1,321,29052.5071,0,5.3538,9.6849,9.6849,59.3034
1,322,29280.2667,0,4.1971,8.3669,8.3669,41.1346
1,323,29308.2942,0,6.9307,13.6187,13.6187,73.0345
1,324,29541.5693,0,4.2514,9.6574,9.6574,40.2426
1,325,29617.7467,0,1.8826,3.2347,3.2347,18.6944
1,326,29620.4778,0,6.8974,10.2854,10.2854,52.5556
1,327,29637.8422,0,6.1971,16.5167,16.5167,48.9843
1,328,29685.7249,0,1.8148,10.3605,10.3605,62.6624
1,329,29738.6611,0,6.0697,8.7283,8.7283,45.1062
1,330,29844.651,0,3.5798,6.8522,6.8522,50.5665
1,331,29898.6718,0,3.0634,5.7612,5.7612,27.9993
1,332,29992.076,0,2.4795,10.2614,10.2614,29.905
1,333,30006.7601,0,3.6395,9.4373,9.4373,88.8471
1,334,30042.2001,0,3.6413,13.5573,13.5573,65.3126
1,335,30039.172,0,14.1589,16.8233,16.8233,81.544
1,336,30048.0149,0,10.5194,17.8817,17.8817,81.7474
1,337,30070.0299,0,9.383,15.3537,15.3537,83.7876
1,338,30274.8516,0,1.0447,5.5026,5.5026,46.6805
1,339,30291.8994,0,6.3458,17.4603,17.4603,52.961
1,340,30440.7388,0,2.9883,5.791,5.791,28.0008
1,341,30606.4873,0,0.8069,5.1443,5.1443,73.507
1,342,30874.6554,0,3.3914,5.0726,5.0726,35.0264
1,343,30902.4069,0,1.8639,5.2511,5.2511,35.6972
1,344,30930.6628,0,7.2991,12.0166,12.0166,36.6758
1,345,31130.9565,0,1.8735,10.9912,10.9912,36.8403
1,346,31236.0237,0,3.1995,4.7497,4.7497,41.9511
1,347,31445.341,0,2.0743,4.5104,4.5104,24.2362
1,348,31475.1505,0,7.8466,13.5054,13.5054,58.2882
1,349,31478.7937,0,5.9562,10.3159,10.3159,79.8794
1,350,31548.474,0,9.7726,13.5607,13.5607,79.4269
1,351,31739.4348,0,1.9805,7.7553,7.7553,39.1451
1,352,31768.706,0,0.7994,4.4366,4.4366,45.2327
1,353,32018.1113,0,4.0214,7.8619,7.8619,30.8555
1,354,32025.3329,0,1.5504,4.626,4.626,50.1897
1,355,32222.7154,0,12.0444,18.7269,18.7269,60.3826
1,356,32298.3438,0,5.5984,8.4617,8.4617,56.2346
1,357,32308.1634,0,8.4026,19.9396,19.9396,54.5765
1,358,32338.6309,0,11.3115,15.7168,15.7168,60.8069
1,359,32426.0659,0,2.364,7.4665,7.4665,64.4491
1,360,32492.1319,0,4.378,41.8665,41.8665,97.1234
1,361,32690.6111,0,6.0013,13.9501,13.9501,74.5109
1,362,32720.8274,0,4.9439,9.0819,9.0819,60.4571
1,363,32772.551,0,1.6901,33.4795,33.4795,67.6268
1,364,32861.2849,0,5.6329,12.4791,12.4791,73.3524
1,365,32998.6213,0,1.3292,4.6722,4.6722,49.0457
1,366,33015.8253,0,6.448,11.6263,11.6263,65.8982
1,367,33028.0707,0,7.8529,13.7769,13.7769,58.7959
1,368,33065.656,0,3.014,4.4076,4.4076,67.7037
1,369,33060.1828,0,6.2279,14.012,14.012,89.4488
1,370,33245.2675,0,3.7587,7.8765,7.8765,34.5925
1,371,33279.9153,0,1.3703,6.6051,6.6051,76.9477
1,372,33431.1417,0,1.4149,8.135,8.135,52.1918
1,373,33504.6577,0,2.6125,14.714,14.714,48.9803
1,374,33706.4865,0,4.1674,21.6864,21.6864,72.6835
1,375,33728.0738,0,1.2031,9.8804,9.8804,118.2191
1,376,33739.8442,0,4.5252,11.6816,11.6816,102.3633
1,377,33763.2642,0,5.3582,8.7812,8.7812,105.401
1,378,33788.6478,0,8.2961,11.1605,11.1605,84.3766
1,379,33828.32,0,11.7259,16.5376,16.5376,47.5871
1,380,34015.3356,0,1.476,3.4807,3.4807,38.7379
1,381,34013.7651,0,3.365,10.0126,10.0126,37.8122
1,382,34019.1281,0,2.8617,7.7402,7.7402,74.7031
1,383,34023.3091,0,5.3039,9.1112,9.1112,74.1914
1,384,34047.9934,0,7.3652,11.7797,11.7797,54.5098
1,385,34070.7985,0,5.6857,14.2538,14.2538,62.214
1,386,34197.8483,0,10.2067,23.883,23.883,57.1574
1,387,34326.2002,0,7.7516,9.6494,9.6494,44.6182
1,388,34369.4988,0,7.8737,9.3492,9.3492,66.144
1,389,34385.2355,0,10.0218,15.1441,15.1441,71.3784
1,390,34483.9264,0,6.249,10.566,10.566,55.0001
1,391,34571.1522,0,2.8304,7.4042,7.4042,24.0456
1,392,34583.5133,0,6.0013,13.0643,13.0643,36.5163
1,393,34860.9921,0,3.9512,12.3184,12.3184,73.0596
1,394,35048.2756,0,2.3071,7.2912,7.2912,63.8943
1,395,35245.3139,0,4.3103,8.5244,8.5244,56.8135
1,396,35256.1939,0,18.2784,23.3815,23.3815,82.2114
1,397,35288.8469,0,1.7072,10.9614,10.9614,56.6317
1,398,35371.0191,0,6.8325,12.8933,12.8933,69.4768
1,399,35408.0892,0,3.737,17.7043,17.7043,48.95
1,400,35427.4947,0,0.9378,4.2973,4.2973,38.1254
1,401,35472.4929,0,7.5512,12.236,12.236,54.7516
1,402,35556.0201,0,3.7975,8.0671,8.0671,58.133
1,403,35633.0752,0,1.2353,6.7111,6.7111,33.7358
1,404,35649.5856,0,5.0995,9.9416,9.9416,46.8262
1,405,35806.9566,0,5.4119,12.4109,12.4109,56.0451
1,406,35875.0919,0,3.3178,12.983,12.983,38.713
1,407,35933.2719,0,5.1339,9.3699,9.3699,45.6175
1,408,35975.292,0,5.1804,12.1912,12.1912,36.735
1,409,36500.3708,0,8.8221,12.0989,12.0989,47.4949
1,410,36513.4918,0,1.7487,3.5046,3.5046,36.7184
1,411,36754.7308,0,2.6141,5.0057,5.0057,27.4726
1,412,36755.9561,0,3.6534,18.1506,18.1506,55.241
1,413,36798.5593,0,1.6916,5.575,5.575,45.6169
1,414,36849.6889,0,10.2115,13.4488,13.4488,44.4128
1,415,36947.8677,0,3.7336,8.2443,8.2443,35.3897
1,416,36947.2189,0,7.1757,14.2399,14.2399,41.4963
1,417,36989.6878,0,2.0845,14.3681,14.3681,36.4715
1,418,36992.3523,0,11.6117,22.4093,22.4093,52.6929
1,419,36998.938,0,9.7287,24.0704,24.0704,81.1603
1,420,37085.8539,0,2.8316,5.3331,5.3331,37.7524
1,421,37250.0664,0,1.2925,3.249,3.249,29.4053
1,422,37394.8272,0,4.7363,7.7542,7.7542,50.5198
1,423,37400.9179,0,1.9002,6.879,6.879,59.9708
1,424,37449.9471,0,1.3911,5.4939,5.4939,23.9821
1,425,37476.9379,0,7.2153,12.3222,12.3222,60.0962
1,426,37634.4973,0,1.5265,7.4262,7.4262,57.229
1,427,37827.8131,0,2.326,4.0887,4.0887,35.7164
1,428,37946.2177,0,8.0966,10.0148,10.0148,68.2907
1,429,38013.8884,0,1.8704,5.2158,5.2158,49.0921
1,430,38092.8394,0,3.1126,10.5341,10.5341,73.9954
1,431,38102.3989,0,2.4968,6.1686,6.1686,103.9712
1,432,38144.0862,0,7.7352,16.1339,16.1339,62.3349
1,433,38183.2479,0,8.6422,17.4057,17.4057,73.5959
1,434,38583.9727,0,5.2943,6.2732,6.2732,52.9139
1,435,38692.3996,0,4.9449,11.7291,11.7291,57.0701
1,436,38718.2533,0,1.1468,5.9474,5.9474,41.087
1,437,38722.8482,0,7.1926,12.158,12.158,69.655
1,438,38756.9874,0,4.5215,8.0689,8.0689,69.7673
1,439,38846.5338,0,2.825,7.6776,7.6776,66.3773
1,440,38870.2121,0,9.8772,22.6643,22.6643,71.9773
1,441,39347.8331,0,12.1452,38.6965,38.6965,89.8137
1,442,39436.5718,0,2.8134,6.4221,6.4221,52.055
1,443,39470.1979,0,12.264,21.3147,21.3147,66.6536
1,444,39527.0506,0,2.2184,7.2565,7.2565,43.374
1,445,39718.6708,0,4.0501,9.4009,9.4009,40.8484
1,446,39821.1275,0,3.0202,19.6671,19.6671,40.7104
1,447,39831.5655,0,6.2598,12.4116,12.4116,43.8988
1,448,39837.5067,0,7.4754,8.9413,8.9413,64.2753
1,449,39835.7155,0,7.8175,12.804,12.804,139.1709
1,450,39906.138,0,5.5476,15.9315,15.9315,83.1348
1,451,39976.8536,0,2.9952,6.8763,6.8763,45.3238
1,452,40011.88,0,3.4071,6.0706,6.0706,38.008
1,453,40098.4332,0,5.682,8.7055,8.7055,70.4921
1,454,40226.7867,0,9.4996,22.0304,22.0304,56.3453
1,455,40356.8308,0,2.154,10.4145,10.4145,46.2236
1,456,40378.0752,0,4.2255,8.4236,8.4236,49.4115
1,457,40411.265,0,7.0189,20.0049,20.0049,46.2529
1,458,40533.4257,0,2.7534,8.7207,8.7207,59.3103
1,459,40556.9406,0,3.0422,8.6614,8.6614,45.5996
1,460,40660.7967,0,6.4857,10.1835,10.1835,43.2967
1,461,40757.67,0,7.6869,15.3219,15.3219,57.514
1,462,40890.9666,0,1.4362,11.8939,11.8939,59.5299
1,463,40949.671,0,1.8553,7.0554,7.0554,44.1787
1,464,40958.528,0,11.3895,20.1656,20.1656,63.0377
1,465,41146.3577,0,9.6187,12.5407,12.5407,69.9987
1,466,41235.4328,0,1.4158,3.3562,3.3562,30.915
1,467,41270.9123,0,1.7096,5.7393,5.7393,43.8121
1,468,41311.7344,0,3.3018,8.386,8.386,54.2205
1,469,41612.4829,0,4.4984,36.5032,36.5032,75.0988
1,470,41655.0364,0,4.8221,7.282,7.282,60.6839
1,471,41671.4949,0,1.5291,30.2696,30.2696,36.1906
1,472,41699.696,0,2.248,3.7856,3.7856,73.3227
1,473,41695.4896,0,8.6525,24.0365,24.0365,65.0303
1,474,41717.9756,0,6.904,12.6472,12.6472,105.4528
1,475,41850.3128,0,3.0535,8.3059,8.3059,67.3238
1,476,41952.1659,0,5.5962,9.3599,9.3599,66.8021
1,477,42066.1241,0,3.431,9.6515,9.6515,51.7925
1,478,42185.927,0,2.7161,9.0333,9.0333,53.2079
1,479,42254.2073,0,1.8555,3.5161,3.5161,50.3554
1,480,42350.3758,0,4.7444,8.4951,8.4951,52.1926
1,481,42356.2899,0,2.2247,4.833,4.833,63.2435
1,482,42391.2412,0,10.0822,12.4838,12.4838,85.0619
1,483,42408.7567,0,6.7021,9.2323,9.2323,87.8372
1,484,42480.7687,0,14.8129,19.3412,19.3412,53.2163
1,485,42497.9217,0,13.8709,19.7047,19.7047,93.9473
1,486,42538.2462,0,6.2102,9.1458,9.1458,71.8606
1,487,42592.6998,0,6.868,15.7133,15.7133,64.0242
1,488,42650.3992,0,3.594,6.1076,6.1076,17.784
1,489,42769.5547,0,6.4483,8.7773,8.7773,53.4061
1,490,42806.1459,0,11.3738,14.2859,14.2859,78.2577
1,491,42815.197,0,4.4564,6.8605,6.8605,84.1101
1,492,42932.3791,0,4.9423,11.2369,11.2369,57.3698
1,493,43118.8347,0,2.3091,11.7014,11.7014,39.8677
1,494,43121.9176,0,8.8464,14.5308,14.5308,47.2815
2,1,0.0,0,2.6112,8.6071,8.6071,57.4911
2,2,65.5625,0,1.5494,5.6393,5.6393,77.2237
2,3,402.0582,0,4.5788,9.8014,9.8014,52.2891
2,4,433.1131,0,8.1896,12.2525,12.2525,49.5527
2,5,493.4283,0,3.4333,14.7737,14.7737,61.7447
2,6,530.8214,0,6.9551,9.2846,9.2846,54.1081
2,7,664.9077,0,6.0631,12.1583,12.1583,67.1391
2,8,720.9321,0,7.7412,9.4904,9.4904,49.5109
2,9,718.7869,0,5.2237,28.1352,28.1352,66.9696
2,10,762.2564,0,7.519,12.7461,12.7461,51.6574
2,11,808.0225,0,6.8069,21.7356,21.7356,71.602
2,12,822.764,0,14.3355,19.5033,19.5033,40.5514
2,13,852.4518,0,1.8215,8.6234,8.6234,95.1439
2,14,1002.8164,0,1.8653,6.3593,6.3593,33.4508
2,15,1003.4112,0,4.5635,12.6988,12.6988,36.9167
2,16,1085.4994,0,6.4232,12.372,12.372,33.1876
2,17,1120.3135,0,5.9431,8.3876,8.3876,30.2436
2,18,1335.1272,0,2.453,4.9421,4.9421,34.7053
2,19,1346.6586,0,6.2158,10.048,10.048,44.2106
2,20,1411.8508,0,4.7463,8.9979,8.9979,74.7645
2,21,1690.5842,0,0.6163,4.0847,4.0847,93.1384
2,22,1812.29,0,8.0458,13.7758,13.7758,62.6666
2,23,1882.0907,0,6.2583,10.9055,10.9055,46.5928
2,24,2011.3996,0,3.7088,7.1868,7.1868,42.2817
2,25,2126.7782,0,0.7173,5.8696,5.8696,74.2807
2,26,2140.8422,0,12.3033,16.7375,16.7375,75.9624
2,27,2205.8699,0,8.7303,18.5474,18.5474,72.6759
2,28,2452.3234,0,5.766,20.5065,20.5065,63.252
2,29,2522.0568,0,6.2181,17.1474,17.1474,62.9385
2,30,2683.227,0,2.5201,9.7537,9.7537,35.9999
2,31,2695.7061,0,7.987,9.2585,9.2585,55.0283
2,32,2691.3349,0,7.9792,41.0932,41.0932,66.7758
2,33,2801.5208,0,4.1863,7.1687,7.1687,45.1163
2,34,2897.8573,0,1.108,6.0506,6.0506,31.9464
2,35,2994.2054,0,4.216,7.2071,7.2071,65.8906
2,36,3120.5596,0,4.9122,6.6732,6.6732,46.9695
2,37,3600.8876,0,7.3587,30.6386,30.6386,75.8133
2,38,3678.4927,0,3.0454,9.557,9.557,59.7334
2,39,3973.6151,0,0.6862,5.0234,5.0234,57.2981
2,40,4080.1696,0,0.5908,3.9743,3.9743,23.0333
2,41,4118.1168,0,3.0553,8.9327,8.9327,67.4934
2,42,4187.3611,0,9.7887,12.1632,12.1632,88.141
2,43,4442.7911,0,1.5652,4.1187,4.1187,35.1409
2,44,4539.5644,0,2.7421,6.5944,6.5944,25.225
2,45,4641.4037,0,8.948,11.5824,11.5824,50.5415
2,46,4653.0673,0,2.4852,8.5954,8.5954,44.5244
2,47,4730.5091,0,3.5696,15.5797,15.5797,49.3184
2,48,4845.8528,0,4.9827,10.0137,10.0137,47.2793
2,49,4881.4931,0,1.1054,12.984,12.984,41.948
2,50,4970.318,0,2.5078,6.9377,6.9377,39.6529
2,51,5109.6958,0,5.1499,9.3925,9.3925,30.6303
2,52,5158.2087,0,7.4946,22.6229,22.6229,62.2184
2,53,5175.9379,0,3.2437,11.2995,11.2995,54.7998
2,54,5195.8481,0,3.425,8.7589,8.7589,37.9156
2,55,5204.3274,0,6.0313,11.859,11.859,52.6166
2,56,5212.4808,0,5.3933,34.4614,34.4614,71.2015
2,57,5250.1786,0,2.1197,3.6856,3.6856,45.0446
2,58,5234.6559,0,13.9238,23.5046,23.5046,77.1085
2,59,5303.3646,0,3.9765,9.334,9.334,42.2774
2,60,5494.9705,0,4.0147,9.9575,9.9575,46.609
2,61,5514.6843,0,2.9886,7.681,7.681,53.0321
2,62,5717.3794,0,2.16,10.0676,10.0676,37.7538
2,63,5845.4394,0,2.5776,12.8141,12.8141,52.6473
2,64,6102.0988,0,2.4182,21.9709,21.9709,61.6004
2,65,6138.317,0,1.8055,8.315,8.315,50.2062
2,66,6209.1885,0,5.8036,12.4425,12.4425,56.2376
2,67,6201.2341,0,6.1378,21.3805,21.3805,66.069
2,68,6339.2222,0,3.7885,24.2884,24.2884,62.0587
2,69,6479.2769,0,1.8036,6.616,6.616,34.5886
2,70,6603.3892,0,3.8141,8.5104,8.5104,39.3632
2,71,6617.4172,0,6.1255,8.9171,8.9171,63.6885
2,72,6754.1495,0,2.4521,4.7881,4.7881,27.0624
2,73,6862.2907,0,8.2568,12.6992,12.6992,36.2691
2,74,6874.37,0,1.2459,7.6309,7.6309,66.4325
2,75,7028.8339,0,9.0038,13.1805,13.1805,55.2379
2,76,7137.9709,0,3.7055,5.357,5.357,44.1549
2,77,7537.5437,0,4.1873,23.171,23.171,103.3407
2,78,7695.1336,0,1.9209,7.9331,7.9331,33.0312
2,79,7863.2494,0,1.9206,9.5888,9.5888,46.6819
2,80,7858.7698,0,5.7635,18.1588,18.1588,85.1478
2,81,7968.3434,0,4.9873,11.3788,11.3788,47.1737
2,82,7988.7954,0,1.5796,7.2349,7.2349,94.1974
2,83,8008.8801,0,14.6281,24.5213,24.5213,86.0858
2,84,8152.6029,0,2.0733,3.4724,3.4724,60.3791
2,85,8368.8377,0,3.341,8.42,8.42,38.2694
2,86,8413.1392,0,2.6895,7.2573,7.2573,27.4427
2,87,8461.3252,0,5.5374,13.54,13.54,61.2038
2,88,9065.3499,0,5.4451,9.0722,9.0722,63.014
2,89,9147.0355,0,1.5705,7.4029,7.4029,78.5465
2,90,9295.1466,0,7.2571,13.5749,13.5749,71.6389
2,91,9324.6584,0,3.184,9.2289,9.2289,52.493
2,92,9441.0042,0,1.883,6.9656,6.9656,75.1569
2,93,9429.3086,0,2.364,20.4247,20.4247,90.984
2,94,9485.4211,0,13.1013,18.4712,18.4712,53.0711
2,95,9538.8329,0,14.551,24.1149,24.1149,84.1282
2,96,9802.383,0,9.6891,13.2145,13.2145,38.2829
2,97,9818.7347,0,4.375,10.9409,10.9409,67.4949
2,98,9832.2984,0,1.8653,7.8304,7.8304,45.8712
2,99,9845.8316,0,8.374,19.7773,19.7773,78.3993
2,100,9938.1423,0,6.7568,9.7233,9.7233,47.2431
2,101,9949.794,0,11.6003,14.9828,14.9828,58.1155
2,102,10023.1803,0,2.5849,10.4291,10.4291,41.6585
2,103,10088.282,0,2.8884,7.7339,7.7339,63.248
2,104,10277.5816,0,1.7874,16.1155,16.1155,52.6315
2,105,10446.8529,0,2.5554,5.1455,5.1455,29.7583
2,106,10621.798,0,1.8639,17.1041,17.1041,55.6597
2,107,10781.6722,0,5.0611,6.3014,6.3014,40.1685
2,108,10867.7266,0,2.5419,62.5419,62.5419,100.6252
2,109,10954.2437,0,4.8634,9.973,9.973,63.9091
2,110,11000.5569,0,3.0429,6.5212,6.5212,42.332
2,111,11096.9986,0,11.5869,19.2592,19.2592,49.3762
2,112,11190.3518,0,4.1063,8.7853,8.7853,54.7731
2,113,11197.0277,0,7.4707,12.8084,12.8084,87.7779
2,114,11332.2179,0,5.0928,36.1662,36.1662,79.6204
2,115,11415.2717,0,6.8828,13.398,13.398,72.2147
2,116,11879.821,0,1.8554,12.8894,12.8894,46.8834
2,117,11958.9289,0,3.431,8.2077,8.2077,38.5954
2,118,12246.9808,0,2.6101,7.6373,7.6373,45.5449
2,119,12276.1564,0,4.5872,7.456,7.456,57.7902
2,120,12282.3941,0,10.4106,14.1929,14.1929,67.22
2,121,12487.0707,0,8.1282,11.4801,11.4801,44.6762
2,122,12516.2828,0,1.6381,9.1004,9.1004,70.278
2,123,12661.4464,0,0.9833,3.3032,3.3032,49.6314
2,124,12690.9625,0,2.7586,10.0538,10.0538,31.7313
2,125,12716.8025,0,3.7766,6.1879,6.1879,39.3597
2,126,12730.3177,0,4.4191,6.0116,6.0116,41.8034
2,127,12729.9211,0,9.0283,11.6257,11.6257,53.4323
2,128,12829.1354,0,5.0619,14.6034,14.6034,46.5155
2,129,12845.2792,0,2.7666,4.9944,4.9944,35.9693
2,130,12853.6571,0,2.5551,6.1132,6.1132,44.7876
2,131,12913.6769,0,2.904,8.5483,8.5483,46.3191
2,132,12956.3374,0,5.9483,20.2984,20.2984,28.2992
2,133,12972.7886,0,3.1561,6.4279,6.4279,56.6217
2,134,13251.0853,0,3.5292,6.4228,6.4228,37.8422
2,135,13401.7532,0,2.4708,3.8098,3.8098,53.7726
2,136,13519.8657,0,8.827,11.2733,11.2733,59.3895
2,137,13600.1282,0,4.7374,12.6835,12.6835,68.8709
2,138,13609.1976,0,10.4739,13.3598,13.3598,70.2105
2,139,13647.523,0,2.0048,4.989,4.989,34.7965
2,140,13653.0883,0,2.6333,5.3315,5.3315,65.3833
2,141,13880.2809,0,1.3882,9.7385,9.7385,32.9801
2,142,13887.0141,0,1.9328,5.8443,5.8443,55.6494
2,143,13994.256,0,1.4831,16.3024,16.3024,47.1986
2,144,14047.3751,0,7.4581,17.2977,17.2977,43.1475
2,145,14140.9134,0,8.3456,14.3067,14.3067,58.9964
2,146,14372.7625,0,2.9109,4.6411,4.6411,58.3319
2,147,14377.384,0,1.6929,3.3436,3.3436,68.0881
2,148,14799.2838,0,1.8461,6.1024,6.1024,37.3474
2,149,14913.7655,0,0.4864,5.9188,5.9188,33.852
2,150,14994.06,0,1.5194,4.5401,4.5401,26.3501
2,151,15097.6393,0,1.7424,3.4308,3.4308,36.6014
2,152,15103.3912,0,6.3501,17.9793,17.9793,72.3716
2,153,15109.5106,0,2.0776,22.2275,22.2275,70.1293
2,154,15121.9425,0,2.0782,11.7007,11.7007,48.294
2,155,15167.5654,0,7.2741,10.3498,10.3498,133.1617
2,156,15269.2459,0,8.5109,10.108,10.108,47.1583
2,157,15346.4852,0,11.891,17.9585,17.9585,42.8493
2,158,15358.8341,0,4.8388,7.5469,7.5469,73.8245
2,159,15407.904,0,5.1424,11.46,11.46,60.4303
2,160,15513.5854,0,9.5843,12.1532,12.1532,41.4499
2,161,15731.1486,0,5.6742,9.8202,9.8202,42.3122
2,162,15766.8097,0,4.263,12.094,12.094,43.2393
2,163,15786.2458,0,9.1757,15.0115,15.0115,54.4555
2,164,15890.207,0,2.839,7.0188,7.0188,46.9885
2,165,15979.8056,0,3.3613,7.5829,7.5829,38.7254
2,166,16131.3383,0,7.4969,14.6853,14.6853,64.6182
2,167,16159.2226,0,1.9531,4.962,4.962,43.3097
2,168,16277.8985,0,4.0252,7.7893,7.7893,33.542
2,169,16531.7439,0,5.709,10.3286,10.3286,69.6074
2,170,16945.7277,0,1.8283,8.8499,8.8499,40.212
2,171,17039.8248,0,10.3407,16.2514,16.2514,58.4987
2,172,17073.4368,0,6.2531,11.2047,11.2047,44.876
2,173,17133.9372,0,2.6692,5.8228,5.8228,33.6042
2,174,17800.8904,0,8.2574,16.7382,16.7382,49.7698
2,175,18085.5644,0,0.3052,4.4033,4.4033,27.0793
2,176,18162.9256,0,4.7258,15.2654,15.2654,39.1944
2,177,18208.698,0,0.7636,22.3425,22.3425,82.8527
2,178,18353.2717,0,1.9126,7.1443,7.1443,68.9555
2,179,18359.176,0,4.8136,18.3893,18.3893,66.7741
2,180,18493.1792,0,2.9737,7.6935,7.6935,47.7697
2,181,18541.7987,0,3.2856,7.8847,7.8847,27.8149
2,182,18563.8513,0,3.8806,6.8934,6.8934,83.7005
2,183,18574.1768,0,6.8977,10.9421,10.9421,56.9278
2,184,18591.2568,0,8.6882,9.8415,9.8415,52.1886
2,185,18597.6709,0,10.1678,31.4224,31.4224,91.1788
2,186,19170.2563,0,6.5205,9.0849,9.0849,43.7442
2,187,19245.609,0,3.3442,7.5759,7.5759,45.9145
2,188,19323.5876,0,3.5894,7.1382,7.1382,55.1594
2,189,19327.8418,0,6.0115,9.2589,9.2589,64.3884
2,190,19375.6205,0,3.0429,20.1769,20.1769,51.2219
2,191,19402.0562,0,5.9415,17.7898,17.7898,90.9418
2,192,19522.2708,0,2.5014,15.7635,15.7635,57.4126
2,193,19553.5188,0,8.0211,12.7957,12.7957,43.4907
2,194,19628.9481,0,2.2667,5.6139,5.6139,37.2925
2,195,19633.3462,0,1.7305,3.8384,3.8384,80.7427
2,196,19672.9141,0,10.1372,18.9445,18.9445,64.8824
2,197,19776.8908,0,4.2089,14.3732,14.3732,58.7403
2,198,19789.6162,0,3.677,12.6582,12.6582,60.018
2,199,19814.1395,0,4.1897,14.1722,14.1722,47.3599
2,200,19824.075,0,3.4416,14.2959,14.2959,53.2177
2,201,19878.3417,0,3.6149,8.5175,8.5175,63.7893
2,202,19912.9641,0,2.7055,5.0867,5.0867,38.0485
2,203,19932.966,0,3.6279,20.6672,20.6672,145.181
2,204,20045.8707,0,2.5189,6.2831,6.2831,68.1221
2,205,20051.067,0,0.4579,11.6571,11.6571,78.5471
2,206,20097.5529,0,2.799,8.6011,8.6011,56.3395
2,207,20258.8928,0,5.6603,12.2112,12.2112,53.4652
2,208,20609.0136,0,1.5168,11.0741,11.0741,51.0769
2,209,20634.7257,0,2.4177,7.4717,7.4717,39.3486
2,210,20794.8962,0,3.1401,7.0646,7.0646,32.1355
2,211,20861.8425,0,8.842,14.4532,14.4532,55.8235
2,212,21066.616,0,3.9989,15.2424,15.2424,43.826
2,213,21167.0629,0,3.1147,16.2781,16.2781,70.4013
2,214,21192.5373,0,1.8205,8.5707,8.5707,49.0945
2,215,21190.1486,0,3.616,10.9787,10.9787,94.4511
2,216,21212.862,0,8.4412,11.9615,11.9615,86.6791
2,217,21221.3054,0,4.069,5.0449,5.0449,101.3208
2,218,21217.4756,0,7.7605,18.9869,18.9869,117.4397
2,219,21258.2246,0,13.6748,22.1453,22.1453,79.1673
2,220,21238.7496,0,43.337,52.7819,52.7819,115.5853
2,221,21786.3998,0,3.865,26.6766,26.6766,68.2061
2,222,21907.7549,0,4.7816,11.8504,11.8504,33.703
2,223,21963.9805,0,0.6255,17.0551,17.0551,41.2024
2,224,22126.6424,0,0.5981,8.5154,8.5154,35.2248
2,225,22289.1695,0,12.8078,22.2553,22.2553,63.0541
2,226,22409.8437,0,0.9742,6.8906,6.8906,58.8327
2,227,22476.7642,0,3.5971,6.8631,6.8631,31.2636
2,228,22504.4551,0,3.4741,8.4217,8.4217,40.2097
2,229,22676.1052,0,2.8237,11.2039,11.2039,31.5785
2,230,22767.7776,0,3.8608,18.317,18.317,58.2276
2,231,22909.5756,0,5.3374,11.6118,11.6118,46.7063
2,232,23064.5969,0,2.7023,9.9068,9.9068,48.3491
2,233,23119.1194,0,3.3651,5.3985,5.3985,58.5608
2,234,23635.1723,0,4.2514,9.4242,9.4242,56.8564
2,235,23709.5602,0,2.3247,14.2488,14.2488,44.6699
2,236,23766.399,0,3.3084,7.6004,7.6004,52.8396
2,237,23776.522,0,8.6895,10.9094,10.9094,47.2534
2,238,23793.2766,0,12.6866,34.9999,34.9999,82.4056
2,239,23855.1411,0,4.5414,11.4469,11.4469,39.1195
2,240,23867.1702,0,6.5768,13.3202,13.3202,78.13
2,241,23984.0569,0,1.813,12.4293,12.4293,79.8913
2,242,24044.3281,0,2.2709,14.2474,14.2474,47.8437
2,243,24261.1311,0,3.6407,9.4605,9.4605,40.8077
2,244,24273.2263,0,1.8864,4.5956,4.5956,82.8831
2,245,24289.1965,0,8.6062,14.0919,14.0919,38.6401
2,246,24310.2989,0,9.3463,10.6426,10.6426,64.6695
2,247,24441.2245,0,2.3263,4.9979,4.9979,56.6338
2,248,24480.32,0,0.3189,12.2534,12.2534,67.8223
2,249,24532.4872,0,1.9234,11.3407,11.3407,55.94
2,250,24637.6855,0,3.6103,8.0182,8.0182,46.296
2,251,24736.2303,0,4.7362,8.2209,8.2209,68.5873
2,252,25032.6169,0,6.3041,11.9421,11.9421,42.6232
2,253,25049.5563,0,3.7198,6.1443,6.1443,47.1283
2,254,25126.4658,0,2.4319,10.5925,10.5925,43.3352
2,255,25201.2742,0,15.0789,27.1706,27.1706,77.2817
2,256,25564.2878,0,4.3878,5.5461,5.5461,55.6773
2,257,25982.7832,0,1.5188,3.8216,3.8216,52.7755
2,258,26068.8935,0,5.7583,17.4418,17.4418,57.601
2,259,26132.5494,0,2.9158,7.4134,7.4134,43.7755
2,260,26176.8347,0,3.5529,12.6173,12.6173,68.6483
2,261,26234.3803,0,3.4238,5.9045,5.9045,47.4724
2,262,26426.2704,0,3.3264,7.6735,7.6735,22.7015
2,263,26428.7763,0,7.3603,9.0916,9.0916,41.9306
2,264,26475.8879,0,4.613,9.6652,9.6652,40.0955
2,265,26474.8348,0,6.9458,14.1871,14.1871,47.8215
2,266,26572.4296,0,2.8624,5.3174,5.3174,48.4295
2,267,26567.4767,0,4.6105,11.2039,11.2039,59.3751
2,268,26679.2465,0,4.6944,9.4391,9.4391,34.2453
2,269,26689.9494,0,0.3052,1.7183,1.7183,57.3838
2,270,26680.6897,0,13.2388,15.3535,15.3535,72.1386
2,271,26741.7589,0,1.7072,7.8863,7.8863,23.5971
2,272,26819.4,0,3.4623,12.4048,12.4048,75.6474
2,273,26878.8391,0,5.1641,6.9047,6.9047,42.1329
2,274,26908.2623,0,6.4081,8.0261,8.0261,71.1676
2,275,26916.9313,0,0.6167,12.9494,12.9494,91.1978
2,276,27024.2929,0,6.1491,9.5972,9.5972,49.5351
2,277,27082.6577,0,5.7042,10.7208,10.7208,105.5996
2,278,27111.6028,0,11.4357,41.8026,41.8026,35.8932
2,279,27156.4361,0,2.9131,8.5265,8.5265,111.89
2,280,27186.5613,0,17.858,23.4122,23.4122,125.6675
2,281,27205.8705,0,2.0171,4.7413,4.7413,150.7849
2,282,27231.478,0,8.5971,12.8064,12.8064,114.3277
2,283,27243.0512,0,2.5121,14.8763,14.8763,104.9779
2,284,27344.7213,0,6.1458,12.1544,12.1544,59.3468
2,285,27607.3275,0,1.0618,8.437,8.437,62.7029
2,286,27647.7683,0,3.7934,5.3107,5.3107,32.1251
2,287,27878.567,0,1.6643,9.342,9.342,38.5448
2,288,27873.1618,0,8.253,16.4073,16.4073,53.2953
2,289,27891.6322,0,3.4134,5.9631,5.9631,43.4645
2,290,27930.2877,0,3.2955,8.3164,8.3164,32.002
2,291,27968.6882,0,4.6247,6.2093,6.2093,29.1703
2,292,27987.5322,0,8.3415,10.2002,10.2002,57.3314
2,293,28210.532,0,5.1528,30.8812,30.8812,103.2163
2,294,28297.693,0,4.1619,10.3307,10.3307,33.9129
2,295,28307.3902,0,5.3453,7.3151,7.3151,41.5724
2,296,28357.0492,0,5.1332,22.9695,22.9695,58.7339
2,297,28435.6217,0,4.036,9.7488,9.7488,56.5426
2,298,28457.422,0,9.1629,15.4521,15.4521,62.1761
2,299,28568.8074,0,1.5505,4.2041,4.2041,44.802
2,300,28573.9912,0,2.9614,7.6931,7.6931,53.6713
2,301,28608.6078,0,0.7268,3.6913,3.6913,29.6268
2,302,28663.5859,0,8.0967,18.7149,18.7149,65.2108
2,303,28696.2756,0,2.8012,7.7923,7.7923,37.4293
2,304,28818.2267,0,1.787,2.5454,2.5454,22.9177
2,305,28939.0243,0,6.0713,8.4625,8.4625,60.9527
2,306,29134.4555,0,2.0296,6.6154,6.6154,45.8224
2,307,29321.0935,0,3.0905,8.6279,8.6279,55.0532
2,308,29420.3944,0,6.7422,9.5074,9.5074,34.2147
2,309,29446.1126,0,3.9949,8.033,8.033,21.3071
2,310,29491.5616,0,2.1197,13.5066,13.5066,42.5064
2,311,29516.5389,0,1.7434,7.8397,7.8397,35.6072
2,312,29611.8373,0,6.8602,8.2423,8.2423,46.7735
2,313,29621.0088,0,1.8109,13.1905,13.1905,48.7397
2,314,29623.6772,0,5.8437,19.7957,19.7957,66.362
2,315,29732.2724,0,2.7743,6.2628,6.2628,66.8583
2,316,29763.3876,0,6.9035,7.9925,7.9925,52.8696
2,317,29825.0298,0,9.5606,13.5375,13.5375,46.4035
2,318,29819.7861,0,5.919,22.0157,22.0157,58.3652
2,319,29890.7355,0,3.776,10.761,10.761,47.1025
2,320,30049.2205,0,3.8169,6.4235,6.4235,50.2333
2,321,30217.7166,0,2.852,7.1013,7.1013,43.3067
2,322,30226.2789,0,2.0845,4.1017,4.1017,64.3485
2,323,30307.4597,0,2.9866,7.8882,7.8882,59.8182
2,324,30305.9624,0,7.7118,12.834,12.834,60.308
2,325,30317.0629,0,3.5395,8.9886,8.9886,78.8018
2,326,30499.7739,0,2.8771,26.3674,26.3674,95.5279
2,327,30545.8912,0,1.6371,3.1793,3.1793,57.0615
2,328,30616.7909,0,6.2292,10.6274,10.6274,57.7147
2,329,30686.8628,0,3.4481,12.0848,12.0848,60.5238
2,330,30818.8425,0,2.5296,7.4761,7.4761,61.5644
2,331,30924.0551,0,1.3567,8.0691,8.0691,45.2816
2,332,30933.8348,0,2.6141,11.6672,11.6672,52.101
2,333,30990.106,0,5.163,9.4545,9.4545,30.1431
2,334,31079.0188,0,3.6255,7.9625,7.9625,43.3465
2,335,31109.8384,0,7.57,11.7888,11.7888,57.3709
2,336,31275.028,0,1.0336,4.9357,4.9357,72.1341
2,337,31316.2617,0,8.5411,14.1748,14.1748,82.0324
2,338,31363.5299,0,9.2192,13.9453,13.9453,44.4155
2,339,31462.7205,0,3.7336,14.1395,14.1395,73.6656
2,340,31551.4664,0,6.2854,33.1375,33.1375,66.6399
2,341,31596.188,0,1.39,6.1311,6.1311,43.8807
2,342,31607.1468,0,1.9947,12.6147,12.6147,46.5314
2,343,32003.2761,0,2.7237,7.4243,7.4243,46.9619
2,344,32059.669,0,7.7117,14.927,14.927,54.2569
2,345,32161.8467,0,13.9478,17.6339,17.6339,53.4756
2,346,32322.5639,0,5.1827,13.2013,13.2013,61.7491
2,347,32353.2008,0,3.2011,7.9491,7.9491,46.1845
2,348,32393.3385,0,1.0039,9.8753,9.8753,40.6466
2,349,32393.7816,0,5.0877,13.0377,13.0377,54.0741
2,350,32445.6022,0,3.2088,9.5944,9.5944,36.4591
2,351,32456.1532,0,1.5676,12.0127,12.0127,72.0588
2,352,32508.5358,0,0.1739,8.314,8.314,38.4898
2,353,32617.7874,0,5.2159,8.8858,8.8858,56.5212
2,354,32643.0115,0,5.1952,8.8995,8.8995,42.6462
2,355,32721.6499,0,3.3505,9.8839,9.8839,69.5888
2,356,32889.4368,0,2.5849,9.1342,9.1342,50.8122
2,357,32895.4449,0,1.7008,14.6387,14.6387,64.988
2,358,33056.4471,0,3.8817,7.861,7.861,75.1699
2,359,33073.1929,0,4.5608,17.7341,17.7341,61.0605
2,360,33141.5933,0,2.9344,10.3977,10.3977,45.8571
2,361,33198.1036,0,6.7312,13.2872,13.2872,53.9416
2,362,33283.191,0,0.9212,2.5453,2.5453,39.0996
2,363,33371.1598,0,9.5029,13.0418,13.0418,38.6668
2,364,33462.6546,0,3.5395,5.8112,5.8112,57.1671
2,365,33621.6221,0,7.0285,11.925,11.925,65.3328
2,366,33754.0687,0,5.8281,11.2116,11.2116,67.7092
2,367,33872.7412,0,3.079,7.8103,7.8103,55.2144
2,368,34072.3427,0,0.8694,9.1982,9.1982,38.5238
2,369,34130.6061,0,2.0277,7.087,7.087,60.0927
2,370,34144.7024,0,10.7582,15.2064,15.2064,63.2754
2,371,34201.6748,0,8.9596,13.1319,13.1319,40.702
2,372,34222.9008,0,1.0877,7.7867,7.7867,40.9592
2,373,34287.7908,0,8.9541,16.9789,16.9789,70.4281
2,374,34479.1425,0,5.6329,8.9694,8.9694,66.0097
2,375,34478.0231,0,4.2823,47.4025,47.4025,84.7575
2,376,34528.0018,0,13.1824,21.0661,21.0661,80.2623
2,377,34604.836,0,1.0362,5.3701,5.3701,30.5446
2,378,35015.8128,0,6.5419,12.4218,12.4218,74.6245
2,379,35155.8606,0,4.0034,8.3938,8.3938,38.7074
2,380,35171.1968,0,4.6365,12.3035,12.3035,59.1193
2,381,35300.1677,0,6.6583,8.7476,8.7476,42.8804
2,382,35303.6005,0,4.7272,8.834,8.834,70.5175
2,383,35315.2152,0,2.0864,5.1999,5.1999,75.0469
2,384,35319.0144,0,3.3902,13.4281,13.4281,102.6927
2,385,35500.7479,0,4.1143,15.4296,15.4296,36.9569
2,386,35548.641,0,3.9211,6.64,6.64,47.381
2,387,35499.8798,0,10.2385,70.2385,70.2385,123.7176
2,388,35636.3911,0,3.8806,9.0194,9.0194,47.5368
2,389,35672.4569,0,2.3347,10.505,10.505,43.4025
2,390,35807.1778,0,3.338,63.338,63.338,36.8561
2,391,35862.2478,0,5.289,8.3744,8.3744,99.0918
2,392,35923.6561,0,2.9847,5.7617,5.7617,34.3415
2,393,35928.8374,0,5.2515,10.3326,10.3326,59.2761
2,394,36004.6923,0,3.6507,45.0474,45.0474,87.7637
2,395,36148.3343,0,2.4063,24.3108,24.3108,62.4487
2,396,36289.259,0,1.6193,5.213,5.213,48.1563
2,397,36422.2584,0,1.6572,5.3389,5.3389,36.4811
2,398,36427.4159,0,2.1926,7.3067,7.3067,49.3562
2,399,36493.1209,0,4.7829,14.1346,14.1346,40.987
2,400,36516.8232,0,8.8221,12.6114,12.6114,38.9717
2,401,36733.0161,0,6.1984,10.2076,10.2076,41.7056
2,402,36745.8191,0,3.6957,8.0567,8.0567,59.9529
2,403,37077.3199,0,9.881,14.1673,14.1673,59.1563
2,404,37105.2035,0,7.8304,8.907,8.907,38.2048
2,405,37615.7447,0,2.564,8.8069,8.8069,53.1946
2,406,37798.8325,0,3.2018,63.2018,63.2018,129.7005
2,407,37941.7772,0,1.7068,3.5478,3.5478,30.8341
2,408,37996.8592,0,6.9495,11.5873,11.5873,32.6404
2,409,38130.4269,0,5.4697,8.9598,8.9598,50.0779
2,410,38125.3466,0,10.7363,15.1218,15.1218,74.9974
2,411,38180.5029,0,5.9837,7.9198,7.9198,60.6605
2,412,38288.8578,0,5.9015,12.6526,12.6526,49.5362
2,413,38313.3728,0,3.1807,6.3375,6.3375,34.5362
2,414,38322.4496,0,4.7439,7.0186,7.0186,50.1492
2,415,38385.3178,0,1.4445,7.2998,7.2998,64.9898
2,416,38418.5148,0,2.7894,8.0263,8.0263,36.2649
2,417,38439.9351,0,2.1042,9.6001,9.6001,52.8122
2,418,38439.9034,0,8.3739,14.3921,14.3921,54.2479
2,419,38539.1113,0,1.6588,6.5207,6.5207,46.702
2,420,38554.9913,0,5.8498,8.9762,8.9762,41.8866
2,421,38635.7528,0,11.5012,17.2192,17.2192,99.2778
2,422,38682.7612,0,1.8867,8.8027,8.8027,53.6533
2,423,38717.4643,0,5.8606,12.1191,12.1191,44.5228
2,424,38935.0348,0,3.1773,14.5317,14.5317,77.0358
2,425,39017.1536,0,1.783,5.2236,5.2236,71.4227
2,426,39079.0787,0,4.7349,9.693,9.693,61.5676
2,427,39245.3273,0,2.3899,6.4943,6.4943,88.8519
2,428,39304.6292,0,4.0419,21.4676,21.4676,59.3939
2,429,39387.7188,0,6.7688,14.0398,14.0398,45.0283
2,430,39640.6001,0,3.4857,23.0988,23.0988,71.6316
2,431,39704.2344,0,2.4908,16.5966,16.5966,51.4885
2,432,39831.51,0,2.0091,8.8863,8.8863,75.8979
2,433,40029.1334,0,3.4406,5.8194,5.8194,44.5966
2,434,40070.644,0,8.7563,10.9945,10.9945,43.8147
2,435,40085.1851,0,3.7055,6.3235,6.3235,38.8274
2,436,40087.3603,0,0.9037,5.3854,5.3854,52.0635
2,437,40132.6716,0,8.9672,13.8321,13.8321,52.284
2,438,40202.8157,0,2.0449,6.6574,6.6574,51.2398
2,439,40283.7077,0,1.5044,7.5761,7.5761,35.5347
2,440,40322.2617,0,5.8957,11.875,11.875,36.285
2,441,40664.0972,0,1.5371,13.1072,13.1072,39.7673
2,442,40847.3394,0,5.8773,15.0141,15.0141,66.7078
2,443,40958.2533,0,5.3161,14.3939,14.3939,54.4363
2,444,41131.5436,0,1.4389,8.1693,8.1693,61.7178
2,445,41187.8306,0,5.8437,10.5371,10.5371,48.9057
2,446,41262.3563,0,1.0087,7.8117,7.8117,35.1373
2,447,41297.8039,0,5.0783,46.5508,46.5508,74.0023
2,448,41369.6786,0,10.6583,14.0208,14.0208,35.7667
2,449,41374.0521,0,13.0773,19.6287,19.6287,53.1712
2,450,41387.1854,0,1.2941,6.9615,6.9615,64.5979
2,451,41466.2968,0,3.4588,9.8674,9.8674,52.2456
2,452,41510.9311,0,1.0588,16.1311,16.1311,66.1673
2,453,41511.8591,0,7.0383,23.4957,23.4957,79.3506
2,454,41537.6596,0,12.2062,15.4947,15.4947,75.5346
2,455,41673.1384,0,2.1708,4.948,4.948,41.1407
2,456,41789.2148,0,1.9023,8.8084,8.8084,48.3077
2,457,41863.8642,0,3.4762,11.079,11.079,42.8548
2,458,42368.0079,0,9.4228,18.3929,18.3929,56.5103
2,459,42356.4058,0,5.9071,31.8398,31.8398,57.0098
2,460,42417.8061,0,4.6423,12.5051,12.5051,51.0917
2,461,42479.203,0,2.6409,6.5565,6.5565,34.0498
2,462,42606.0938,0,4.5564,13.3696,13.3696,58.9313
2,463,42688.6366,0,1.2471,7.9546,7.9546,32.2592
2,464,42742.7105,0,5.9811,18.7845,18.7845,50.0244
2,465,43094.3977,0,5.0137,27.6815,27.6815,66.8726
2,466,43176.7444,0,2.6656,6.2129,6.2129,54.2388
3,1,0.0,0,6.068,11.3159,11.3159,59.3478
3,2,106.5043,0,5.4,9.7278,9.7278,37.1276
3,3,106.8441,0,8.8823,16.7883,16.7883,44.8077
3,4,116.7362,0,1.2007,14.4926,14.4926,53.2123
3,5,349.9164,0,1.1724,3.8181,3.8181,36.111
3,6,418.2302,0,9.5537,12.3326,12.3326,59.1156
3,7,516.2415,0,4.0224,5.538,5.538,46.2205
3,8,517.9605,0,6.7726,7.7127,7.7127,58.8137
3,9,564.3873,0,6.8273,11.8812,11.8812,65.6636
3,10,562.2572,0,7.8061,15.0103,15.0103,112.6686
3,11,640.5631,0,12.4793,16.7325,16.7325,56.6394
3,12,662.1264,0,4.1007,6.7771,6.7771,78.5186
3,13,670.7427,0,10.7521,16.0699,16.0699,98.7935
3,14,689.1583,0,2.9754,9.7893,9.7893,92.1653
3,15,709.2362,0,10.4286,17.4422,17.4422,81.8996
3,16,798.1549,0,5.9592,8.5582,8.5582,49.638
3,17,912.1771,0,2.3408,7.2101,7.2101,44.8138
3,18,946.3028,0,1.704,4.9335,4.9335,54.4533
3,19,1102.9015,0,3.4636,6.0997,6.0997,28.1629
3,20,1130.4097,0,6.3005,13.119,13.119,51.2003
3,21,1351.9292,0,3.3231,4.7516,4.7516,53.5382
3,22,1499.5862,0,4.2738,12.2516,12.2516,85.1928
3,23,1891.8465,0,7.0167,9.6675,9.6675,49.0807
3,24,1920.4413,0,3.4134,7.9443,7.9443,35.9225
3,25,2126.5613,0,4.039,8.238,8.238,61.7335
3,26,2432.9865,0,0.8573,8.7091,8.7091,68.6758
3,27,2514.4476,0,5.5547,9.083,9.083,66.3127
3,28,2532.1466,0,4.4683,9.3502,9.3502,64.4621
3,29,2539.7372,0,9.2823,41.8257,41.8257,77.7113
3,30,2926.753,0,2.0296,2.6314,2.6314,26.1677
3,31,2961.6307,0,3.7567,15.6086,15.6086,60.4063
3,32,3287.4913,0,6.4183,9.5784,9.5784,57.348
3,33,3403.3931,0,3.112,11.7749,11.7749,43.2415
3,34,3422.9706,0,5.919,6.6768,6.6768,67.2971
3,35,3472.3636,0,3.472,9.0453,9.0453,51.8895
3,36,3556.4441,0,6.2244,8.0177,8.0177,57.9093
3,37,3618.6202,0,8.397,10.442,10.442,77.4507
3,38,3658.9482,0,7.3539,11.4389,11.4389,43.6237
3,39,3684.3737,0,4.7434,13.654,13.654,44.6348
3,40,3685.599,0,12.4682,15.0385,15.0385,52.7017
3,41,3713.585,0,13.8056,20.2479,20.2479,63.3995
3,42,3710.9182,0,2.2074,36.5549,36.5549,81.92
3,43,3771.4965,0,13.612,19.2886,19.2886,78.9481
3,44,3841.6372,0,1.48,5.562,5.562,37.8648
3,45,3887.8719,0,5.5005,7.4638,7.4638,22.0827
3,46,3889.4759,0,2.9321,7.7479,7.7479,35.6052
3,47,3917.5362,0,16.6234,22.8676,22.8676,71.6975
3,48,4056.3499,0,5.68,6.8284,6.8284,55.5083
3,49,4149.032,0,1.0628,3.3482,3.3482,27.769
3,50,4264.6194,0,1.1191,3.6776,3.6776,27.6206
3,51,4338.3096,0,2.6486,10.7526,10.7526,51.5127
3,52,4548.1973,0,4.6796,29.4665,29.4665,37.7417
3,53,4571.2409,0,7.5844,13.6999,13.6999,86.0269
3,54,4603.9567,0,6.4635,11.704,11.704,52.2502
3,55,4797.8778,0,3.7337,8.4769,8.4769,31.7989
3,56,4980.9012,0,16.137,18.7987,18.7987,69.6409
3,57,5035.8714,0,2.9004,6.5612,6.5612,23.88
3,58,5044.1253,0,1.0465,3.9566,3.9566,47.9593
3,59,5231.0578,0,8.0645,14.7546,14.7546,47.8048
3,60,5474.1478,0,2.475,4.4671,4.4671,58.1136
3,61,5474.1433,0,5.2739,12.0978,12.0978,67.5792
3,62,5493.0322,0,12.6659,18.9328,18.9328,77.3087
3,63,5635.2795,0,7.4374,10.1586,10.1586,56.6119
3,64,5681.5298,0,5.3904,14.1088,14.1088,62.7662
3,65,5725.4151,0,4.1374,7.9375,7.9375,51.1955
3,66,5768.0589,0,1.7397,12.9263,12.9263,41.4207
3,67,5799.7185,0,2.7249,3.064,3.064,38.9352
3,68,5842.4072,0,1.4696,11.2109,11.2109,74.0932
3,69,5894.6994,0,4.6144,17.7815,17.7815,31.5654
3,70,5933.4498,0,4.8752,13.1034,13.1034,108.231
3,71,5931.3831,0,12.8748,17.3127,17.3127,90.3533
3,72,5958.6987,0,1.0447,10.0106,10.0106,74.0682
3,73,6342.3028,0,7.2459,19.385,19.385,66.7808
3,74,6435.615,0,2.0733,7.8893,7.8893,22.6728
3,75,6453.4189,0,5.3115,10.5722,10.5722,39.8729
3,76,6469.0034,0,1.8109,2.427,2.427,52.5929
3,77,6694.1356,0,7.8626,19.4811,19.4811,72.5379
3,78,6725.2643,0,2.2418,9.2906,9.2906,75.7111
3,79,6810.4627,0,2.5046,7.2748,7.2748,60.3215
3,80,6860.3201,0,3.5293,7.4573,7.4573,85.6477
3,81,6902.0108,0,6.1233,17.3695,17.3695,90.3524
3,82,6939.0786,0,3.2503,12.8846,12.8846,60.7199
3,83,6961.9886,0,6.8119,10.226,10.226,40.9978
3,84,7086.3688,0,8.6119,11.83,11.83,84.5869
3,85,7271.3955,0,3.207,6.3249,6.3249,56.3542
3,86,7357.0716,0,2.138,8.0882,8.0882,37.6881
3,87,7521.5398,0,3.704,10.6787,10.6787,73.1939
3,88,7697.0813,0,1.3426,8.9956,8.9956,50.9074
3,89,7761.2506,0,2.3499,7.9705,7.9705,47.8675
3,90,7808.1366,0,0.2976,5.7521,5.7521,57.7131
3,91,7854.6573,0,3.5651,10.0461,10.0461,102.8702
3,92,7962.0729,0,7.4149,9.3019,9.3019,54.7472
3,93,8071.8936,0,2.0023,6.8262,6.8262,36.9677
3,94,8414.2648,0,1.0771,7.2368,7.2368,43.8443
3,95,8405.4266,0,9.2877,16.4635,16.4635,52.3136
3,96,8594.9576,0,4.2728,10.8822,10.8822,60.0331
3,97,8623.1937,0,12.4958,18.2436,18.2436,43.761
3,98,9014.1547,0,1.022,3.7459,3.7459,76.8224
3,99,9052.9005,0,3.4593,8.375,8.375,78.564
3,100,9147.37,0,2.4445,4.9504,4.9504,50.1871
3,101,9150.7777,0,2.2534,4.5163,4.5163,61.5383
3,102,9189.7433,0,12.2729,17.1684,17.1684,61.3678
3,103,9284.2402,0,2.9603,4.2193,4.2193,36.7024
3,104,9469.1662,0,2.7702,8.8881,8.8881,43.2733
3,105,9476.486,0,4.0975,6.4341,6.4341,43.6339
3,106,9507.8294,0,5.5926,9.2584,9.2584,58.5329
3,107,9648.0741,0,5.2419,9.0231,9.0231,62.5793
3,108,9765.3387,0,4.0801,10.5238,10.5238,43.8509
3,109,9840.0166,0,3.3178,7.342,7.342,94.1341
3,110,10080.2184,0,2.727,14.3439,14.3439,71.1639
3,111,10174.4906,0,0.2425,2.492,2.492,18.2183
3,112,10433.0515,0,1.9856,21.1124,21.1124,61.7267
3,113,10508.1777,0,7.4294,10.3033,10.3033,113.5747
3,114,10559.0978,0,2.0782,5.9149,5.9149,78.4822
3,115,10572.5723,0,4.9909,7.3656,7.3656,70.1575
3,116,10688.9185,0,4.5315,9.0058,9.0058,57.1587
3,117,10720.7657,0,13.5929,22.1195,22.1195,83.9153
3,118,10770.7889,0,12.3071,14.8338,14.8338,59.3973
3,119,10834.3415,0,3.8398,5.1471,5.1471,32.6314
3,120,10839.4845,0,2.6909,8.0315,8.0315,50.7385
3,121,10929.6099,0,6.2925,7.6444,7.6444,86.3718
3,122,10983.9068,0,1.6067,20.1531,20.1531,97.9136
3,123,11016.0366,0,19.4762,24.3186,24.3186,94.5394
3,124,11067.8488,0,4.3753,12.5363,12.5363,56.1905
3,125,11079.5178,0,8.9556,16.4387,16.4387,61.3186
3,126,11150.6638,0,1.3081,4.3225,4.3225,89.8014
3,127,11345.0809,0,3.6435,14.3975,14.3975,51.1851
3,128,11392.3956,0,2.8321,4.5843,4.5843,43.0726
3,129,11498.3313,0,0.6105,5.2142,5.2142,33.4255
3,130,11656.4676,0,1.5188,4.9076,4.9076,28.1863
3,131,11847.7498,0,1.6224,10.6386,10.6386,46.3801
3,132,11934.8568,0,8.5997,16.402,16.402,68.3684
3,133,11970.6576,0,3.2272,14.0883,14.0883,54.6175
3,134,12068.0834,0,5.8281,11.2631,11.2631,42.545
3,135,12148.9469,0,1.3598,9.1378,9.1378,60.6042
3,136,12144.9212,0,6.6758,15.8107,15.8107,63.6709
3,137,12247.5539,0,8.0873,10.3177,10.3177,44.9181
3,138,12327.1823,0,5.1375,12.0452,12.0452,51.8201
3,139,12358.7341,0,7.4559,12.6683,12.6683,60.8462
3,140,12414.4115,0,1.9634,6.2594,6.2594,39.9116
3,141,12454.9183,0,3.7762,13.3628,13.3628,55.1997
3,142,12501.3561,0,2.7743,7.1157,7.1157,34.0664
3,143,12552.9418,0,9.881,15.8544,15.8544,75.5
3,144,12581.628,0,2.6311,6.8491,6.8491,90.1484
3,145,12720.1889,0,2.9941,6.3069,6.3069,35.0426
3,146,12750.1305,0,2.5551,11.3185,11.3185,44.3941
3,147,12845.1753,0,2.5169,4.9169,4.9169,28.6937
3,148,12850.7371,0,7.8392,11.6678,11.6678,47.8341
3,149,13337.3307,0,2.9329,6.0949,6.0949,32.8893
3,150,13353.8176,0,4.0509,7.5016,7.5016,45.1461
3,151,13396.6821,0,3.8185,6.8336,6.8336,64.564
3,152,13426.6,0,5.7431,12.5022,12.5022,31.6786
3,153,13436.0847,0,4.4669,5.8638,5.8638,50.8196
3,154,13528.9531,0,5.3291,9.4419,9.4419,71.5585
3,155,13558.8999,0,9.8025,17.6624,17.6624,83.215
3,156,13663.6606,0,4.014,16.1456,16.1456,74.4502
3,157,13717.7095,0,1.3355,3.8459,3.8459,65.0961
3,158,13720.7216,0,8.1515,10.7841,10.7841,109.637
3,159,13713.6862,0,5.3232,21.14,21.14,117.5376
3,160,13728.6274,0,4.7205,18.5492,18.5492,124.2487
3,161,13748.9934,0,9.6126,11.6952,11.6952,164.1972
3,162,13768.4363,0,3.4741,9.0913,9.0913,148.8799
3,163,13770.6275,0,24.2162,26.9698,26.9698,155.1996
3,164,13790.0622,0,47.9304,49.4989,49.4989,147.699
3,165,13834.6299,0,34.2824,46.0798,46.0798,122.0802
3,166,13891.394,0,2.013,5.3375,5.3375,73.2825
3,167,14092.4788,0,6.4493,13.0194,13.0194,31.9691
3,168,14158.2239,0,3.2507,9.0723,9.0723,34.0396
3,169,14160.3723,0,4.6283,12.3689,12.3689,44.5112
3,170,14262.3821,0,2.0038,3.5204,3.5204,57.1919
3,171,14448.9789,0,3.8108,12.4816,12.4816,53.966
3,172,14447.3465,0,5.7423,15.3218,15.3218,60.166
3,173,14523.3553,0,1.2762,18.54,18.54,40.0889
3,174,14583.8481,0,1.5494,5.8045,5.8045,25.373
3,175,14864.2312,0,2.7723,8.3388,8.3388,87.6594
3,176,14876.0086,0,1.8815,7.5839,7.5839,80.9267
3,177,14901.6969,0,2.8462,13.058,13.058,59.2111
3,178,14919.289,0,3.0744,6.5751,6.5751,45.3776
3,179,14952.2169,0,12.451,37.8308,37.8308,72.4411
3,180,15024.9215,0,8.8431,17.1073,17.1073,42.5274
3,181,15075.2964,0,1.8863,4.712,4.712,25.2544
3,182,15090.0167,0,2.9331,4.485,4.485,24.57
3,183,15128.3595,0,4.5116,12.7175,12.7175,38.1898
3,184,15157.4887,0,2.2008,6.7735,6.7735,29.4647
3,185,15160.1551,0,5.7545,10.8478,10.8478,82.4062
3,186,15224.0034,0,2.9744,11.632,11.632,44.6667
3,187,15228.0003,0,5.2159,14.1184,14.1184,96.0857
3,188,15424.4024,0,1.7278,8.728,8.728,39.4051
3,189,15488.5466,0,3.6834,9.0987,9.0987,37.8626
3,190,15501.8296,0,7.1491,18.1577,18.1577,71.8203
3,191,15646.0383,0,9.1772,19.2402,19.2402,75.4105
3,192,15668.3885,0,13.4799,18.1405,18.1405,91.1278
3,193,15699.1156,0,2.9845,6.6001,6.6001,71.1922
3,194,15813.6114,0,2.7095,6.6769,6.6769,67.7645
3,195,15881.1681,0,5.4194,7.7801,7.7801,48.9174
3,196,16002.8117,0,4.4167,9.4224,9.4224,39.1693
3,197,16189.9123,0,6.161,10.7393,10.7393,40.3268
3,198,16248.2785,0,2.942,10.9037,10.9037,55.7656
3,199,16285.0038,0,6.8485,7.5996,7.5996,63.1538
3,200,16356.164,0,6.4257,10.4148,10.4148,72.0275
3,201,16401.2541,0,4.0788,59.4776,59.4776,175.1438
3,202,16486.8672,0,4.4227,12.2457,12.2457,99.0355
3,203,16577.9673,0,13.3714,20.8554,20.8554,58.2237
3,204,16808.8741,0,1.5666,6.253,6.253,34.8603
3,205,17170.3097,0,0.9833,4.5513,4.5513,57.2288
3,206,17218.0581,0,7.6952,12.9659,12.9659,38.0255
3,207,17231.841,0,3.2978,7.6541,7.6541,31.7856
3,208,17333.869,0,4.1989,14.6954,14.6954,58.1952
3,209,17506.0942,0,1.393,7.1673,7.1673,31.8116
3,210,17572.4124,0,6.1046,9.4878,9.4878,48.4282
3,211,17640.0371,0,3.8762,23.8686,23.8686,62.4998
3,212,17684.126,0,0.7026,6.6349,6.6349,50.3958
3,213,17868.1379,0,3.6358,8.6715,8.6715,49.9563
3,214,17889.7736,0,2.8601,6.002,6.002,105.2116
3,215,17886.0332,0,5.6689,9.9757,9.9757,103.3464
3,216,17888.9645,0,4.8379,22.3775,22.3775,111.2401
3,217,17908.9314,0,14.1044,21.2286,21.2286,94.5615
3,218,17948.6522,0,9.0782,16.4988,16.4988,80.6298
3,219,17948.7107,0,12.6169,17.0181,17.0181,86.3199
3,220,18050.0792,0,7.1891,11.1845,11.1845,43.2343
3,221,18056.7365,0,5.4697,12.8768,12.8768,68.3751
3,222,18220.6179,0,4.7609,10.1638,10.1638,68.4987
3,223,18254.5268,0,3.4652,10.2541,10.2541,40.8831
3,224,18524.6798,0,3.6345,6.6595,6.6595,43.4647
3,225,18547.2207,0,7.3171,15.2333,15.2333,59.1327
3,226,18617.322,0,4.4683,5.7472,5.7472,73.8696
3,227,18793.3736,0,1.3105,7.64,7.64,77.2424
3,228,18807.6658,0,2.6409,6.958,6.958,73.4231
3,229,18818.2803,0,2.2991,9.6875,9.6875,69.0318
3,230,19033.9311,0,4.2513,11.3342,11.3342,44.0066
3,231,19209.4235,0,3.694,7.6092,7.6092,29.5391
3,232,19315.3605,0,4.9029,9.6422,9.6422,56.6175
3,233,19340.3517,0,9.4523,16.3905,16.3905,50.8124
3,234,19394.8713,0,1.7372,6.9937,6.9937,37.5718
3,235,19441.4306,0,1.2822,8.2846,8.2846,55.0722
3,236,19437.4365,0,13.1104,17.3759,17.3759,61.6067
3,237,19678.4666,0,5.1862,8.6917,8.6917,43.3836
3,238,19717.0029,0,3.1995,11.011,11.011,39.9493
3,239,19745.1748,0,8.302,13.819,13.819,47.6798
3,240,19787.1053,0,3.446,6.161,6.161,98.1595
3,241,19785.2652,0,3.0724,63.0724,63.0724,61.214
3,242,19849.3071,0,9.2056,15.5654,15.5654,131.3649
3,243,19943.7875,0,3.9608,8.9118,8.9118,51.1854
3,244,20136.0976,0,9.2877,15.8245,15.8245,40.085
3,245,20174.7429,0,4.7816,9.2318,9.2318,61.514
3,246,20273.9016,0,7.8309,15.3883,15.3883,64.0275
3,247,20407.2121,0,2.931,7.1434,7.1434,48.4411
3,248,20558.4774,0,2.1329,7.7314,7.7314,47.9143
3,249,20563.0671,0,5.7095,10.8007,10.8007,49.1844
3,250,20597.1625,0,1.8858,12.0378,12.0378,39.2382
3,251,20641.4647,0,4.7484,19.5835,19.5835,50.5872
3,252,20741.1748,0,4.6497,8.6118,8.6118,59.5393
3,253,20757.0747,0,6.3935,9.7022,9.7022,80.1016
3,254,20778.4296,0,9.3493,18.9359,18.9359,80.0978
3,255,20817.533,0,4.1451,8.2409,8.2409,55.7295
3,256,20827.0928,0,9.8091,13.8861,13.8861,52.8274
3,257,20889.1782,0,2.0091,4.7426,4.7426,34.3362
3,258,20894.8529,0,10.8723,16.0222,16.0222,99.5009
3,259,21007.797,0,1.8896,13.5611,13.5611,39.1999
3,260,21168.6496,0,7.2664,12.9591,12.9591,61.6051
3,261,21221.93,0,7.2989,14.104,14.104,39.4637
3,262,21249.8336,0,2.0498,7.6407,7.6407,58.3301
3,263,21335.4116,0,2.7194,6.3364,6.3364,42.7944
3,264,21362.7735,0,3.446,6.3968,6.3968,105.5584
3,265,21500.7713,0,3.8254,7.3675,7.3675,49.3005
3,266,21626.9088,0,2.1142,6.2539,6.2539,35.2037
3,267,21623.0838,0,3.54,11.763,11.763,59.5113
3,268,21703.9382,0,3.3934,7.3477,7.3477,43.8387
3,269,21851.159,0,5.1005,8.0009,8.0009,40.0776
3,270,22079.6355,0,1.9328,13.6785,13.6785,32.3126
3,271,22091.6853,0,0.7311,4.6355,4.6355,30.7758
3,272,22077.1984,0,2.2909,25.8637,25.8637,81.9245
3,273,22169.8228,0,0.3818,2.8323,2.8323,40.4585
3,274,22249.2039,0,4.0679,12.7848,12.7848,50.5201
3,275,22319.4809,0,3.4279,5.3067,5.3067,61.0125
3,276,22326.0795,0,7.7098,18.2401,18.2401,69.8156
3,277,22398.4454,0,9.0791,12.4098,12.4098,57.1953
3,278,22529.7384,0,5.7948,9.5055,9.5055,85.5657
3,279,22601.8184,0,8.009,9.9695,9.9695,76.6382
3,280,22634.2133,0,1.016,7.1764,7.1764,47.8358
3,281,22705.0896,0,4.0367,7.2604,7.2604,32.8038
3,282,22803.4665,0,2.0056,6.183,6.183,40.6925
3,283,22880.0378,0,3.4748,9.8073,9.8073,23.3944
3,284,22897.5923,0,4.77,10.3948,10.3948,52.707
3,285,22925.6243,0,6.1491,16.0087,16.0087,69.534
3,286,23070.1216,0,4.4449,8.7274,8.7274,51.8423
3,287,23551.9642,0,5.3291,13.6681,13.6681,39.5304
3,288,23564.6645,0,1.123,3.1676,3.1676,89.9413
3,289,23649.9941,0,11.355,12.9146,12.9146,59.9557
3,290,23667.6885,0,4.3891,12.6207,12.6207,62.7826
3,291,23704.1445,0,10.7638,13.9262,13.9262,25.8494
3,292,23712.757,0,3.5382,7.1836,7.1836,69.7496
3,293,23747.196,0,3.3507,8.0968,8.0968,46.2012
3,294,23789.2747,0,10.7996,13.152,13.152,56.3585
3,295,23809.0964,0,8.1889,13.6818,13.6818,134.3291
3,296,23872.9975,0,2.9885,15.6152,15.6152,91.8753
3,297,24005.6038,0,1.5936,4.0932,4.0932,56.2309
3,298,24038.857,0,7.89,11.3771,11.3771,43.5814
3,299,24044.0567,0,4.7276,9.7309,9.7309,88.274
3,300,24089.0373,0,1.4405,2.3369,2.3369,102.7542
3,301,24134.9762,0,1.4168,7.6345,7.6345,127.7539
3,302,24141.6878,0,3.5459,5.6427,5.6427,140.1984
3,303,24185.1046,0,2.6866,10.9229,10.9229,104.2748
3,304,24201.1166,0,9.8303,16.7254,16.7254,107.2164
3,305,24360.9842,0,2.6184,4.9368,4.9368,41.1723
3,306,24363.0026,0,8.3711,9.9564,9.9564,84.8854
3,307,24382.1975,0,5.2682,23.0255,23.0255,104.5282
3,308,24645.8027,0,0.8263,6.893,6.893,37.1412
3,309,24709.555,0,5.8682,6.7163,6.7163,50.9777
3,310,24800.9183,0,4.5786,8.6057,8.6057,46.989
3,311,25096.475,0,4.7829,19.4745,19.4745,60.1967
3,312,25160.9018,0,3.0492,5.3129,5.3129,55.8326
3,313,25217.6251,0,16.137,19.0442,19.0442,60.1866
3,314,25216.443,0,1.9873,24.8709,24.8709,65.1014
3,315,25250.7991,0,2.4909,4.784,4.784,35.8983
3,316,25273.0282,0,8.646,11.1977,11.1977,57.4964
3,317,25348.7328,0,3.5163,14.0974,14.0974,70.3221
3,318,25371.3315,0,3.3297,6.4045,6.4045,61.833
3,319,25406.4929,0,3.1081,5.3763,5.3763,42.5192
3,320,25492.5657,0,2.7586,12.604,12.604,48.7405
3,321,25598.4902,0,1.3643,5.9379,5.9379,26.8488
3,322,25785.328,0,6.2481,11.6309,11.6309,51.6125
3,323,25833.3395,0,1.5936,5.5638,5.5638,39.4391
3,324,25846.1058,0,3.7366,28.7723,28.7723,71.1414
3,325,25896.9413,0,4.0357,5.9108,5.9108,116.1395
3,326,26179.1583,0,6.1061,8.1196,8.1196,54.5159
3,327,26409.5353,0,4.6477,8.8137,8.8137,59.607
3,328,26434.0129,0,13.5475,16.2307,16.2307,68.7619
3,329,26478.2718,0,6.3743,8.1321,8.1321,48.4295
3,330,26503.6563,0,3.2994,6.6866,6.6866,35.9703
3,331,26565.7685,0,3.7432,10.8544,10.8544,61.7215
3,332,26583.8062,0,3.7002,10.0881,10.0881,89.0545
3,333,26614.6485,0,15.9035,30.1354,30.1354,80.3247
3,334,26608.2082,0,19.969,48.2846,48.2846,30.6321
3,335,26652.6359,0,10.832,12.5949,12.5949,63.9093
3,336,26673.8007,0,4.4523,6.4585,6.4585,113.1302
3,337,26696.6713,0,7.1011,18.5494,18.5494,59.3898
3,338,26697.1257,0,23.4297,26.6788,26.6788,97.3208
3,339,27132.6195,0,2.1575,7.6055,7.6055,69.5343
3,340,27475.9946,0,3.4969,9.3981,9.3981,57.4773
3,341,27538.4095,0,0.3189,25.2261,25.2261,77.6007
3,342,27582.0156,0,4.3279,10.7956,10.7956,42.0463
3,343,27618.8197,0,4.8536,9.4746,9.4746,47.8871
3,344,27640.7437,0,5.8678,8.6509,8.6509,52.094
3,345,27755.2593,0,3.8442,8.933,8.933,38.9452
3,346,27975.7043,0,5.0046,5.6344,5.6344,42.2163
3,347,28043.9998,0,5.9761,11.704,11.704,38.8633
3,348,28307.8845,0,1.8616,18.975,18.975,49.0481
3,349,28334.9521,0,0.836,6.6801,6.6801,47.5109
3,350,28637.5049,0,3.0749,42.1927,42.1927,71.4605
3,351,28715.6652,0,4.9538,6.5836,6.5836,46.3503
3,352,28940.699,0,7.5603,11.743,11.743,43.0807
3,353,29210.9293,0,2.564,6.9617,6.9617,118.5189
3,354,29238.8077,0,4.2146,10.4582,10.4582,96.5387
3,355,29336.5931,0,5.8641,15.3785,15.3785,108.4948
3,356,29416.6832,0,6.7631,7.6,7.6,37.2575
3,357,29444.1805,0,1.7072,5.3867,5.3867,45.7006
3,358,29536.5129,0,8.2063,11.6676,11.6676,53.7981
3,359,29752.9959,0,5.8275,11.3107,11.3107,41.1296
3,360,29765.1902,0,1.1217,8.7735,8.7735,41.4934
3,361,29828.6112,0,4.09,5.4253,5.4253,47.8527
3,362,30099.7026,0,2.7743,12.7062,12.7062,28.9312
3,363,30105.3016,0,6.9272,11.0171,11.0171,46.7204
3,364,30168.5281,0,6.0572,10.7726,10.7726,49.8351
3,365,30388.9005,0,2.587,17.7172,17.7172,70.9623
3,366,30427.5441,0,1.4311,3.9844,3.9844,44.653
3,367,30523.4759,0,2.2475,5.3562,5.3562,24.6347
3,368,30542.3192,0,3.8658,13.0548,13.0548,40.2883
3,369,30891.646,0,3.7279,10.0587,10.0587,26.0579
3,370,31145.6012,0,4.7289,9.1164,9.1164,41.3997
3,371,31220.6319,0,0.8928,10.4609,10.4609,80.6588
3,372,31245.402,0,6.4493,14.9033,14.9033,68.5425
3,373,31289.6565,0,1.9947,3.4979,3.4979,61.6111
3,374,31288.398,0,3.4552,23.0898,23.0898,126.2101
3,375,31445.8923,0,10.6655,19.8275,19.8275,67.2277
3,376,31539.5377,0,1.6761,6.2762,6.2762,82.5828
3,377,31540.3373,0,2.6409,9.8523,9.8523,87.5982
3,378,31557.9853,0,3.2089,9.131,9.131,94.3793
3,379,31612.0853,0,8.6274,14.8503,14.8503,43.2114
3,380,31645.5355,0,3.4487,7.7954,7.7954,34.3157
3,381,31654.268,0,14.2801,25.476,25.476,77.4851
3,382,31679.3424,0,3.3566,10.2937,10.2937,106.6968
3,383,31680.6978,0,11.8563,34.3282,34.3282,118.3393
3,384,31742.2397,0,3.4816,6.3479,6.3479,83.336
3,385,31933.2011,0,1.5652,17.423,17.423,84.2251
3,386,32116.7774,0,4.9792,7.1332,7.1332,50.0687
3,387,32144.0009,0,5.7861,13.9867,13.9867,45.1613
3,388,32156.7865,0,4.809,7.4871,7.4871,33.0284
3,389,32185.229,0,6.868,10.0546,10.0546,89.2505
3,390,32207.8923,0,2.3688,7.3893,7.3893,39.8248
3,391,32336.8432,0,7.7393,19.1837,19.1837,69.7558
3,392,32478.1306,0,1.8639,6.046,6.046,25.6148
3,393,32690.4242,0,1.8418,10.0243,10.0243,76.8236
3,394,32861.607,0,6.3377,25.1211,25.1211,74.7116
3,395,32997.2722,0,3.8037,10.0106,10.0106,50.9666
3,396,33036.7355,0,1.0905,5.6753,5.6753,34.1786
3,397,33033.3396,0,3.1147,9.7938,9.7938,37.5615
3,398,33031.4275,0,10.0716,29.3286,29.3286,55.6488
3,399,33363.3546,0,3.2708,7.0635,7.0635,26.1058
3,400,33414.0748,0,10.0603,11.1304,11.1304,42.1574
3,401,33601.0398,0,2.9203,8.1156,8.1156,48.0668
3,402,33636.5171,0,9.5245,31.4256,31.4256,62.3733
3,403,33718.7976,0,4.9002,8.704,8.704,54.3769
3,404,33795.8415,0,2.3828,5.6827,5.6827,42.5167
3,405,33846.7398,0,4.7272,8.2544,8.2544,41.5488
3,406,33920.8711,0,4.1007,8.8121,8.8121,44.6188
3,407,33951.6664,0,12.5418,17.329,17.329,75.1077
3,408,34040.9639,0,1.5224,9.9326,9.9326,42.6267
3,409,34052.8395,0,1.2078,6.4824,6.4824,34.7906
3,410,34102.1784,0,9.5898,16.1178,16.1178,60.3244
3,411,34128.7056,0,9.6572,18.7617,18.7617,44.9597
3,412,34217.7752,0,3.6951,13.1168,13.1168,70.339
3,413,34259.4292,0,4.8509,10.051,10.051,34.8431
3,414,34302.7045,0,8.9768,14.1486,14.1486,57.4342
3,415,34435.2854,0,3.2587,13.9388,13.9388,37.2579
3,416,34575.0582,0,1.3782,7.6622,7.6622,36.7179
3,417,34574.6852,0,2.931,20.7862,20.7862,41.8257
3,418,34586.3037,0,7.74,37.1028,37.1028,61.5778
3,419,35003.0728,0,2.1044,8.158,8.158,23.1521
3,420,35006.0672,0,3.1492,8.1063,8.1063,35.9881
3,421,35055.3404,0,1.6916,6.3798,6.3798,44.6424
3,422,35190.8703,0,1.9328,3.7454,3.7454,51.227
3,423,35213.5639,0,7.7766,15.1029,15.1029,85.8933
3,424,35271.1664,0,9.8025,11.5732,11.5732,50.3919
3,425,35388.5219,0,6.1504,11.7716,11.7716,66.2801
3,426,35410.7915,0,11.984,18.0293,18.0293,72.0098
3,427,35542.5849,0,6.8334,10.6024,10.6024,65.8162
3,428,35533.346,0,5.7218,25.032,25.032,128.3623
3,429,35564.6298,0,12.2577,23.8586,23.8586,109.386
3,430,35658.5272,0,0.9165,11.7473,11.7473,52.0524
3,431,35817.8526,0,1.2639,12.0389,12.0389,54.2293
3,432,35894.8399,0,3.4487,7.8799,7.8799,44.9283
3,433,36023.0763,0,5.0217,12.6739,12.6739,34.0814
3,434,36135.3131,0,3.8062,9.4886,9.4886,41.3556
3,435,36435.4511,0,1.158,4.8809,4.8809,39.9706
3,436,36532.966,0,2.5407,10.1965,10.1965,80.9377
3,437,36648.4033,0,2.7639,4.8141,4.8141,108.2512
3,438,36722.0721,0,3.053,8.6736,8.6736,50.7034
3,439,36761.0993,0,8.7647,11.8435,11.8435,68.8964
3,440,36800.9229,0,3.6223,10.6404,10.6404,41.5883
3,441,36882.4715,0,1.7751,7.1284,7.1284,33.9147
3,442,37082.3588,0,4.5968,8.811,8.811,66.0675
3,443,37208.6294,0,1.4517,4.2193,4.2193,41.3093
3,444,37583.6079,0,3.5981,5.9207,5.9207,29.432
3,445,37593.9244,0,6.5002,8.5105,8.5105,52.988
3,446,38103.4543,0,0.409,7.2676,7.2676,50.0008
3,447,38138.8548,0,6.1272,66.1272,66.1272,98.125
3,448,38204.6061,0,5.3129,16.8613,16.8613,63.8778
3,449,38239.1102,0,0.9973,1.7041,1.7041,49.8554
3,450,38288.1783,0,1.5858,6.2232,6.2232,65.9544
3,451,38516.068,0,3.908,20.8174,20.8174,65.5385
3,452,38540.3341,0,2.577,9.8653,9.8653,51.7641
3,453,38736.182,0,4.392,14.0288,14.0288,66.3519
3,454,38872.38,0,1.5223,6.6964,6.6964,62.6534
3,455,38923.6692,0,1.496,11.366,11.366,67.7767
3,456,39023.0639,0,1.1982,10.6082,10.6082,66.5512
3,457,39099.8809,0,3.7576,7.4362,7.4362,47.1651
3,458,39271.0887,0,1.7746,4.969,4.969,43.4403
3,459,39368.6529,0,1.9912,11.3489,11.3489,37.7101
3,460,39386.0559,0,4.4404,8.7669,8.7669,44.3859
3,461,39435.8322,0,4.8574,14.1236,14.1236,45.929
3,462,39492.3579,0,0.6961,3.0714,3.0714,32.8072
3,463,39507.4872,0,2.3986,7.156,7.156,61.1376
3,464,39571.9464,0,0.384,2.9569,2.9569,35.8211
3,465,39592.8703,0,2.5003,10.1598,10.1598,49.075
3,466,39657.556,0,4.1299,6.3187,6.3187,35.198
3,467,39708.3015,0,3.5395,19.0913,19.0913,45.6282
3,468,39802.1004,0,2.364,9.353,9.353,62.775
3,469,39804.2361,0,6.2244,17.5492,17.5492,65.8406
3,470,39827.9153,0,23.3733,28.3885,28.3885,76.6095
3,471,39877.1807,0,4.0502,13.0255,13.0255,66.21
3,472,39906.5562,0,1.0843,6.044,6.044,50.9055
3,473,39954.7188,0,6.249,9.5798,9.5798,39.5596
3,474,39993.6503,0,0.0,5.2257,5.2257,33.1553
3,475,40001.4023,0,3.5693,6.2281,6.2281,30.4783
3,476,40033.1944,0,10.2272,13.6565,13.6565,38.7818
3,477,40075.4823,0,4.4741,8.0677,8.0677,51.9951
3,478,40069.7629,0,13.2869,22.6656,22.6656,82.3923
3,479,40111.1344,0,1.8282,9.6535,9.6535,56.8874
3,480,40192.7525,0,5.7923,11.0068,11.0068,59.3246
3,481,40197.1287,0,9.3828,10.8146,10.8146,69.2196
3,482,40183.1362,0,1.2459,48.0351,48.0351,91.4744
3,483,40440.4817,0,4.0214,7.839,7.839,48.1181
3,484,40527.9711,0,3.6181,5.9238,5.9238,49.1569
3,485,40668.3791,0,1.6539,11.1917,11.1917,68.481
3,486,40860.822,0,7.6065,9.9506,9.9506,51.0434
3,487,41046.2882,0,8.6756,13.5671,13.5671,67.1281
3,488,41060.4858,0,9.8282,11.7861,11.7861,54.9082
3,489,41155.5962,0,2.364,5.072,5.072,55.1527
3,490,41166.323,0,3.9095,9.5802,9.5802,72.0794
3,491,41174.7449,0,8.8221,14.5195,14.5195,79.5382
3,492,41201.3304,0,10.1095,13.267,13.267,60.8455
3,493,41200.8068,0,10.5481,14.0616,14.0616,80.3592
3,494,41201.9776,0,4.5492,22.1966,22.1966,111.6669
3,495,41221.9212,0,1.3477,8.3947,8.3947,149.8991
3,496,41555.4739,0,9.0183,29.7188,29.7188,81.4887
3,497,41640.0566,0,3.517,12.145,12.145,61.5886
3,498,42096.7366,0,1.9262,3.8308,3.8308,121.4039
3,499,42187.2685,0,7.2585,11.671,11.671,44.4084
3,500,42231.6792,0,2.9337,7.5281,7.5281,48.1115
3,501,42288.2202,0,4.6365,9.0622,9.0622,75.8343
3,502,42337.7788,0,5.5124,15.8367,15.8367,113.692
3,503,42394.6399,0,8.8719,17.3344,17.3344,58.2064
3,504,42510.5712,0,1.9999,6.5998,6.5998,52.6905
3,505,42497.9772,0,8.7888,24.1539,24.1539,68.5297
3,506,42542.5627,0,6.6856,12.6522,12.6522,58.9963
3,507,42596.5372,0,3.0319,6.2351,6.2351,68.6573
3,508,42623.0876,0,2.5806,6.6419,6.6419,51.9333
3,509,42853.7099,0,3.9779,5.712,5.712,64.1476
3,510,42900.9612,0,9.0216,16.4672,16.4672,52.9994
3,511,42927.816,0,4.1639,12.4495,12.4495,60.4384
3,512,43024.1729,0,9.8378,16.8293,16.8293,61.5217
3,513,43079.0989,0,7.3627,9.1735,9.1735,47.0172
4,1,0.0,0,2.8242,21.8549,21.8549,66.9914
4,2,149.2304,0,3.5919,6.3739,6.3739,36.8097
4,3,210.0769,0,6.1681,9.3872,9.3872,51.4188
4,4,229.0734,0,1.616,5.1602,5.1602,51.6395
4,5,485.162,0,3.4789,6.1752,6.1752,43.8636
4,6,490.8673,0,9.9963,12.6693,12.6693,43.9469
4,7,532.0139,0,1.2717,7.6707,7.6707,34.7961
4,8,548.5705,0,8.424,15.7485,15.7485,50.6612
4,9,551.1092,0,5.9931,14.1707,14.1707,54.441
4,10,713.8926,0,3.0812,8.3093,8.3093,31.8245
4,11,769.6141,0,4.2916,8.2715,8.2715,39.7709
4,12,802.6252,0,8.4673,13.1925,13.1925,83.5313
4,13,878.1354,0,4.6663,12.1305,12.1305,58.9514
4,14,888.0247,0,4.6497,6.5435,6.5435,48.1784
4,15,893.8517,0,8.4654,15.9326,15.9326,68.9111
4,16,1342.5604,0,3.2638,7.2537,7.2537,44.9399
4,17,1420.7752,0,2.1964,9.7664,9.7664,36.1471
4,18,1552.9875,0,3.2833,10.9777,10.9777,38.6532
4,19,1577.1091,0,2.01,30.6412,30.6412,46.1462
4,20,2113.946,0,6.2244,10.009,10.009,54.615
4,21,2149.0799,0,13.2493,17.7235,17.7235,45.6282
4,22,2209.7135,0,6.415,12.2109,12.2109,38.3791
4,23,2256.5985,0,3.3141,5.6002,5.6002,64.8343
4,24,2256.8221,0,1.6183,12.9125,12.9125,83.334
4,25,2283.1395,0,8.29,13.4225,13.4225,92.4795
4,26,2299.7883,0,4.3621,10.4306,10.4306,100.1048
4,27,2399.4956,0,1.2459,3.7902,3.7902,41.9685
4,28,2497.5989,0,3.8588,59.264,59.264,95.7789
4,29,2557.3914,0,7.83,11.7751,11.7751,34.8717
4,30,2549.1504,0,1.5503,25.8718,25.8718,98.9846
4,31,2583.7097,0,0.153,4.0971,4.0971,104.903
4,32,2704.2241,0,2.2728,9.9793,9.9793,55.027
4,33,2768.7292,0,9.0216,13.7475,13.7475,47.7231
4,34,2875.1054,0,9.881,13.9466,13.9466,58.656
4,35,3159.1606,0,3.0113,4.9538,4.9538,27.376
4,36,3197.8574,0,4.9512,9.7598,9.7598,61.1947
4,37,3282.3813,0,6.0464,14.7057,14.7057,45.9549
4,38,3300.325,0,6.9007,13.6265,13.6265,44.8255
4,39,3483.0704,0,3.6957,5.7279,5.7279,42.0061
4,40,3511.7392,0,12.3035,17.3304,17.3304,62.2868
4,41,3562.0843,0,11.3884,26.1362,26.1362,72.6601
4,42,3759.4636,0,4.0034,9.7631,9.7631,67.6475
4,43,3814.0971,0,2.9672,5.752,5.752,25.1695
4,44,4077.2965,0,9.2548,18.3463,18.3463,84.2468
4,45,4169.2106,0,5.9087,13.5402,13.5402,57.7083
4,46,4175.3242,0,11.1974,14.9448,14.9448,58.8349
4,47,4414.8393,0,3.072,6.9821,6.9821,56.6097
4,48,4429.6873,0,7.6108,19.1492,19.1492,90.5574
4,49,4595.5936,0,1.8612,5.6053,5.6053,27.7399
4,50,4759.0024,0,0.7994,9.2371,9.2371,35.1257
4,51,4836.94,0,6.0286,14.5734,14.5734,58.3847
4,52,4961.8299,0,9.434,13.6217,13.6217,56.446
4,53,4962.8225,0,10.1218,15.8833,15.8833,72.258
4,54,5052.8141,0,5.5933,12.3285,12.3285,77.4636
4,55,5149.8885,0,7.2819,18.3408,18.3408,42.6756
4,56,5163.4284,0,9.434,16.1762,16.1762,55.3223
4,57,5182.0545,0,9.4991,16.6645,16.6645,73.9031
4,58,5175.1711,0,12.661,28.6509,28.6509,89.2171
4,59,5215.2875,0,4.2962,10.7699,10.7699,45.9645
4,60,5218.3633,0,9.1829,13.0236,13.0236,50.7869
4,61,5300.7108,0,4.0964,6.5594,6.5594,46.227
4,62,5306.9863,0,2.248,7.8211,7.8211,45.7236
4,63,5352.5445,0,2.0047,11.8958,11.8958,48.4769
4,64,5365.0415,0,5.5145,14.8489,14.8489,75.841
4,65,5446.6104,0,6.4622,8.9834,8.9834,39.464
4,66,5558.3283,0,4.1541,7.9955,7.9955,62.7769
4,67,5602.7149,0,2.6656,5.8903,5.8903,73.3016
4,68,5833.2458,0,3.1687,5.3527,5.3527,22.509
4,69,5962.3075,0,3.022,5.6377,5.6377,31.6412
4,70,6273.7157,0,5.3821,7.2988,7.2988,53.0975
4,71,6353.2064,0,4.0295,9.9551,9.9551,26.2046
4,72,6400.2665,0,0.0512,4.8868,4.8868,48.8443
4,73,6484.34,0,0.9135,3.9032,3.9032,63.641
4,74,6721.9874,0,6.4493,10.3027,10.3027,41.4228
4,75,6735.2204,0,7.7986,10.3363,10.3363,49.865
4,76,6888.7527,0,7.8352,10.7657,10.7657,52.4588
4,77,7088.0771,0,3.5459,8.6948,8.6948,29.3225
4,78,7213.9584,0,0.918,5.4268,5.4268,64.9075
4,79,7238.3549,0,4.2229,7.0886,7.0886,51.6742
4,80,7253.5029,0,8.321,15.9048,15.9048,55.926
4,81,7299.96,0,4.1455,6.589,6.589,29.9337
4,82,7364.6742,0,0.4212,10.5643,10.5643,53.2996
4,83,7530.1636,0,2.6952,5.5349,5.5349,49.3421
4,84,7546.0683,0,2.9775,14.918,14.918,44.3268
4,85,7784.0841,0,0.2976,5.8567,5.8567,62.3948
4,86,7838.4843,0,4.3872,16.6225,16.6225,44.6953
4,87,7893.2679,0,6.362,13.4907,13.4907,60.6358
4,88,7903.2587,0,3.4666,6.9598,6.9598,78.7946
4,89,7943.1552,0,6.6395,7.7197,7.7197,64.5479
4,90,7951.1286,0,13.0507,21.587,21.587,88.3296
4,91,8012.0951,0,3.9506,9.9413,9.9413,62.6464
4,92,8220.1846,0,6.3448,8.9693,8.9693,40.791
4,93,8272.1926,0,4.4984,9.0179,9.0179,58.0125
4,94,8315.6454,0,3.0661,9.1579,9.1579,74.1858
4,95,8325.6417,0,3.1358,7.2731,7.2731,74.133
4,96,8356.1713,0,5.5005,25.9763,25.9763,56.7589
4,97,8468.0266,0,6.3539,8.6338,8.6338,48.486
4,98,8470.0956,0,9.9541,15.2848,15.2848,51.3043
4,99,8476.6816,0,9.7768,13.2471,13.2471,75.48
4,100,8474.153,0,8.8151,15.8131,15.8131,84.3106
4,101,8517.2645,0,3.0568,8.0803,8.0803,52.5378
4,102,8543.2042,0,14.6415,18.0511,18.0511,62.0439
4,103,9226.3296,0,1.9337,6.0232,6.0232,44.3492
4,104,9246.8806,0,3.3279,7.4651,7.4651,59.6418
4,105,9243.5949,0,6.3295,12.8062,12.8062,79.126
4,106,9349.2925,0,7.502,10.3206,10.3206,40.6537
4,107,9408.18,0,6.1848,11.0728,11.0728,46.9578
4,108,9475.1863,0,9.3081,14.0814,14.0814,69.1921
4,109,9522.4496,0,8.4654,17.3758,17.3758,77.3554
4,110,9538.3611,0,2.6828,17.8364,17.8364,67.428
4,111,9552.5061,0,2.6197,6.9614,6.9614,95.1924
4,112,9567.234,0,7.8127,12.4372,12.4372,69.4479
4,113,9571.8941,0,3.7337,13.7368,13.7368,75.5148
4,114,9603.3412,0,0.8694,4.8165,4.8165,50.2138
4,115,9754.9558,0,5.1604,15.9674,15.9674,35.3874
4,116,9774.0219,0,1.9008,5.7888,5.7888,76.8909
4,117,9832.8318,0,4.9451,7.595,7.595,65.3368
4,118,9919.3589,0,2.2709,5.4892,5.4892,46.7003
4,119,10015.1149,0,1.1655,2.6521,2.6521,47.3778
4,120,10315.7549,0,8.5066,11.8187,11.8187,38.398
4,121,10323.9926,0,9.6889,14.1563,14.1563,98.4842
4,122,10527.6441,0,1.7754,7.0467,7.0467,24.1668
4,123,10567.0866,0,3.8651,4.9551,4.9551,26.7123
4,124,10692.8344,0,3.4952,7.685,7.685,49.6349
4,125,10798.9755,0,4.4171,8.9865,8.9865,49.0464
4,126,10808.0405,0,10.9701,17.8433,17.8433,82.1464
4,127,10809.1694,0,6.035,44.7118,44.7118,83.6724
4,128,10861.1938,0,3.4338,6.4371,6.4371,73.6186
4,129,10903.2227,0,8.9234,15.3524,15.3524,55.3508
4,130,11029.973,0,4.7238,10.5499,10.5499,37.6866
4,131,11037.9351,0,0.4579,12.2935,12.2935,65.209
4,132,11060.8628,0,12.8636,15.7154,15.7154,66.38
4,133,11096.9989,0,4.9449,6.355,6.355,31.9762
4,134,11106.6135,0,15.5235,17.7831,17.7831,77.424
4,135,11128.5399,0,4.1084,14.3734,14.3734,75.6291
4,136,11229.1959,0,3.2242,11.0892,11.0892,45.5402
4,137,11349.7913,0,5.1185,10.3521,10.3521,36.4632
4,138,11599.0577,0,3.7655,5.508,5.508,38.8067
4,139,11604.2308,0,4.6007,9.0424,9.0424,48.1058
4,140,12045.8793,0,3.2166,6.0237,6.0237,80.5938
4,141,12205.2897,0,4.2108,6.2567,6.2567,36.0329
4,142,12217.9338,0,5.3942,11.563,11.563,39.558
4,143,12230.6305,0,2.5078,7.1579,7.1579,50.2871
4,144,12454.7772,0,1.0135,2.4174,2.4174,22.3929
4,145,12481.3659,0,3.9371,9.7637,9.7637,28.7604
4,146,12487.2024,0,9.2008,10.6924,10.6924,57.6591
4,147,12592.7556,0,14.2005,19.8172,19.8172,62.3705
4,148,12687.8538,0,9.5379,13.8427,13.8427,101.3467
4,149,12710.3146,0,3.3127,10.0498,10.0498,83.3315
4,150,12753.3852,0,2.5201,6.5378,6.5378,71.2305
4,151,12822.4743,0,11.042,18.5411,18.5411,83.7178
4,152,13014.5059,0,3.1066,4.9201,4.9201,41.7871
4,153,13051.9336,0,6.6891,13.9045,13.9045,45.499
4,154,13076.8097,0,5.3538,13.0495,13.0495,58.3133
4,155,13281.4443,0,4.7615,9.5957,9.5957,34.3655
4,156,13295.2053,0,5.0154,7.8763,7.8763,53.1215
4,157,13481.2302,0,1.9833,8.4585,8.4585,45.5034
4,158,13610.0484,0,4.0342,6.0013,6.0013,50.7434
4,159,13652.449,0,13.0819,19.4269,19.4269,64.6835
4,160,13873.5561,0,1.1054,6.5652,6.5652,51.5932
4,161,13868.4859,0,3.1065,13.3696,13.3696,64.2012
4,162,13894.9981,0,4.1619,7.1825,7.1825,55.1986
4,163,13951.5676,0,6.5163,8.5511,8.5511,38.6864
4,164,13951.0157,0,14.6157,19.6127,19.6127,66.4682
4,165,14136.0538,0,2.6184,6.9626,6.9626,42.9393
4,166,14172.8485,0,11.2089,14.3925,14.3925,73.3015
4,167,14253.5936,0,5.6932,10.6824,10.6824,45.1776
4,168,14296.6097,0,1.5019,14.141,14.141,57.188
4,169,15056.6786,0,3.3279,8.2372,8.2372,59.6651
4,170,15095.2172,0,1.1453,7.5838,7.5838,56.3405
4,171,15100.3755,0,12.8821,22.8944,22.8944,59.7788
4,172,15136.393,0,2.4517,5.5105,5.5105,26.8933
4,173,15146.7567,0,4.0657,7.7473,7.7473,56.8944
4,174,15272.8052,0,5.5249,9.3436,9.3436,59.4748
4,175,15305.8234,0,2.7261,7.128,7.128,47.6351
4,176,15353.7417,0,5.5723,10.3475,10.3475,39.4363
4,177,15387.2694,0,4.5222,17.9782,17.9782,79.5253
4,178,15428.7603,0,6.4351,14.3105,14.3105,44.497
4,179,15460.3029,0,4.9215,9.3394,9.3394,37.7967
4,180,15548.614,0,0.8673,5.6287,5.6287,28.4782
4,181,15552.4644,0,4.1897,8.8554,8.8554,44.2409
4,182,15503.079,0,5.9117,65.9117,65.9117,62.0196
4,183,15566.1904,0,1.5024,3.806,3.806,126.18
4,184,15595.6425,0,3.4552,8.0532,8.0532,42.6339
4,185,15616.273,0,2.0329,7.3936,7.3936,53.1895
4,186,15659.9039,0,5.7821,9.8315,9.8315,52.9054
4,187,15715.5392,0,6.0013,20.0297,20.0297,53.5387
4,188,15730.0224,0,10.2272,18.2438,18.2438,96.7298
4,189,15843.0555,0,2.4574,5.7172,5.7172,42.1072
4,190,16069.3198,0,3.0791,10.3335,10.3335,30.0317
4,191,16326.9447,0,4.9002,8.2394,8.2394,56.6128
4,192,16440.4057,0,2.1789,5.7527,5.7527,25.0043
4,193,16501.1116,0,1.7012,9.3475,9.3475,54.5444
4,194,16537.659,0,3.8398,7.7288,7.7288,36.806
4,195,16588.9524,0,3.5224,6.0953,6.0953,43.2011
4,196,16648.0686,0,11.3115,18.3676,18.3676,70.9535
4,197,17110.6161,0,0.3843,3.4788,3.4788,55.5946
4,198,17115.248,0,4.2505,6.3408,6.3408,65.0884
4,199,17179.6732,0,7.2664,13.232,13.232,52.1622
4,200,17356.8574,0,3.7126,10.4271,10.4271,57.395
4,201,17745.7149,0,0.7025,8.9735,8.9735,72.3727
4,202,17925.6949,0,0.6961,2.3094,2.3094,94.5448
4,203,17969.6866,0,2.8781,13.5071,13.5071,68.7107
4,204,18001.5976,0,2.3202,6.7551,6.7551,38.5832
4,205,18020.8158,0,11.7175,14.0594,14.0594,56.1979
4,206,18039.4107,0,6.0258,9.8222,9.8222,65.7701
4,207,18133.0106,0,4.5116,13.348,13.348,48.6297
4,208,18189.9802,0,0.6961,4.0829,4.0829,44.8576
4,209,18213.1628,0,3.2404,11.5551,11.5551,80.8918
4,210,18366.1419,0,2.6656,7.5923,7.5923,44.0964
4,211,18471.6324,0,4.0573,8.7639,8.7639,59.7732
4,212,18486.0487,0,4.2454,11.8576,11.8576,56.3289
4,213,18487.1037,0,8.3966,27.9608,27.9608,96.1902
4,214,18540.3363,0,8.7671,11.8392,11.8392,63.2073
4,215,18770.3256,0,2.0847,47.5377,47.5377,37.5962
4,216,18813.1562,0,2.7623,5.6451,5.6451,92.5384
4,217,19406.7544,0,3.2805,9.5022,9.5022,42.0512
4,218,19453.4889,0,4.0106,14.7306,14.7306,78.9683
4,219,19537.9208,0,0.8623,1.2869,1.2869,32.171
4,220,19531.0281,0,4.2962,8.4291,8.4291,47.0631
4,221,19596.3043,0,5.6436,14.9574,14.9574,42.806
4,222,19631.9268,0,4.0657,15.9603,15.9603,58.5431
4,223,19663.4789,0,5.1111,10.3421,10.3421,45.9124
4,224,20018.3531,0,1.9546,9.19,9.19,42.2167
4,225,20063.381,0,2.976,5.5473,5.5473,97.9539
4,226,20199.2718,0,0.7994,3.5026,3.5026,27.869
4,227,20326.7017,0,2.0395,6.5303,6.5303,55.2322
4,228,20417.7001,0,1.0132,10.4216,10.4216,37.7437
4,229,20480.7715,0,6.6689,12.0097,12.0097,44.12
4,230,20504.737,0,5.3538,7.6458,7.6458,45.9184
4,231,20645.3436,0,1.2808,2.5786,2.5786,81.9503
4,232,20706.8579,0,9.2288,12.2357,12.2357,50.9285
4,233,20712.3873,0,9.6042,14.4123,14.4123,54.3453
4,234,20748.4389,0,9.3098,15.1041,15.1041,65.4174
4,235,20851.8783,0,5.8985,10.4811,10.4811,58.3017
4,236,20869.4723,0,6.7707,12.9113,12.9113,87.9981
4,237,21013.2368,0,2.2842,5.5311,5.5311,41.0423
4,238,21072.5926,0,3.33,10.8524,10.8524,54.872
4,239,21083.7355,0,4.7377,8.4901,8.4901,72.5941
4,240,21215.2493,0,4.7569,7.973,7.973,47.2793
4,241,21252.1517,0,10.5953,16.6568,16.6568,58.7566
4,242,21354.232,0,2.7245,6.59,6.59,38.1452
4,243,21381.6373,0,3.4487,7.2213,7.2213,48.6427
4,244,21392.7907,0,3.797,8.9056,8.9056,44.704
4,245,21409.8787,0,4.0007,9.7597,9.7597,39.059
4,246,21410.2216,0,7.2011,20.3213,20.3213,47.2299
4,247,21436.0274,0,20.9142,26.8626,26.8626,53.5252
4,248,21462.5072,0,7.4537,10.4662,10.4662,40.1279
4,249,21606.293,0,6.1105,7.6467,7.6467,29.9191
4,250,21774.0615,0,1.8934,7.021,7.021,34.233
4,251,22269.5116,0,3.1526,7.9928,7.9928,40.6871
4,252,22293.1198,0,8.3964,20.7112,20.7112,58.0754
4,253,22374.4275,0,9.3493,17.2516,17.2516,57.4832
4,254,22412.8183,0,11.8004,14.1871,14.1871,74.1318
4,255,22460.2949,0,2.3441,4.6462,4.6462,65.4461
4,256,22476.0753,0,7.2295,13.6728,13.6728,55.5701
4,257,22499.1691,0,2.4348,7.9079,7.9079,50.8747
4,258,22507.8315,0,11.7085,17.118,17.118,45.912
4,259,22514.6793,0,15.359,24.968,24.968,109.3558
4,260,22510.0349,0,28.6622,31.4894,31.4894,130.8046
4,261,22835.9811,0,4.6782,7.1299,7.1299,42.9508
4,262,22868.5887,0,6.7209,22.3453,22.3453,81.6677
4,263,22994.4759,0,6.7029,8.7346,8.7346,40.5474
4,264,23032.209,0,4.9688,9.7581,9.7581,44.386
4,265,23136.9491,0,7.2046,47.5362,47.5362,92.9958
4,266,23479.5661,0,6.9997,12.2441,12.2441,33.5677
4,267,23643.1013,0,5.8397,12.058,12.058,51.7817
4,268,23651.514,0,4.9904,10.0414,10.0414,54.6779
4,269,23660.5527,0,10.7643,14.2055,14.2055,48.868
4,270,23663.2074,0,12.006,14.9492,14.9492,70.7115
4,271,23697.5971,0,3.1831,14.6385,14.6385,40.486
4,272,23753.3987,0,8.1198,10.6131,10.6131,49.0109
4,273,23745.7667,0,4.1299,33.6418,33.6418,81.9263
4,274,23809.4733,0,6.8196,17.1562,17.1562,64.8796
4,275,23822.7414,0,10.9925,16.2475,16.2475,61.6825
4,276,23905.1447,0,2.5296,10.9106,10.9106,46.1671
4,277,23940.9286,0,6.3295,8.5268,8.5268,55.4739
4,278,24240.036,0,8.2346,11.5346,11.5346,61.2526
4,279,24371.608,0,2.577,32.8395,32.8395,58.3954
4,280,24428.5671,0,4.9248,11.7097,11.7097,81.1913
4,281,24539.0847,0,3.9352,7.4339,7.4339,31.6393
4,282,24699.4913,0,1.5494,12.2244,12.2244,47.4585
4,283,24742.2069,0,1.3862,9.0337,9.0337,40.7872
4,284,24759.6728,0,9.3902,14.9526,14.9526,54.3116
4,285,24974.205,0,5.7267,12.7208,12.7208,116.0644
4,286,25084.8679,0,3.7755,5.0698,5.0698,40.688
4,287,25113.6322,0,4.7238,7.3887,7.3887,76.1502
4,288,25178.2177,0,19.0327,25.3365,25.3365,65.1839
4,289,25198.557,0,7.1884,21.96,21.96,35.6389
4,290,25225.2662,0,3.425,9.9883,9.9883,93.47
4,291,25357.0717,0,0.3531,1.9941,1.9941,48.1264
4,292,25369.3977,0,2.0411,7.9839,7.9839,54.2056
4,293,25492.9317,0,10.2632,12.5109,12.5109,39.4241
4,294,25499.3745,0,1.564,6.915,6.915,63.7888
4,295,25696.6259,0,4.4772,8.8346,8.8346,48.4767
4,296,25731.4456,0,1.836,3.7219,3.7219,36.1633
4,297,25832.7174,0,4.8928,11.5674,11.5674,25.7759
4,298,26296.3302,0,7.9854,8.2647,8.2647,66.1385
4,299,26626.7227,0,2.3802,7.7485,7.7485,38.8783
4,300,26649.8729,0,5.623,13.9119,13.9119,78.2779
4,301,26688.0736,0,8.167,11.4746,11.4746,80.6415
4,302,26766.9978,0,2.2534,6.6053,6.6053,52.1356
4,303,26811.0243,0,3.5995,12.0967,12.0967,81.8394
4,304,26863.7624,0,1.2581,24.6836,24.6836,100.3714
4,305,26970.9618,0,2.1616,9.5998,9.5998,44.0611
4,306,26979.2199,0,5.1151,12.7154,12.7154,47.3588
4,307,27043.3332,0,8.9288,13.0503,13.0503,90.8384
4,308,27212.4761,0,3.4314,8.0177,8.0177,34.7862
4,309,27258.4909,0,2.3487,6.5778,6.5778,61.4642
4,310,27253.5818,0,7.7417,28.1833,28.1833,118.4849
4,311,27362.6754,0,4.2761,21.792,21.792,112.9533
4,312,27426.6193,0,1.4755,12.4518,12.4518,74.1874
4,313,27479.8159,0,5.0861,8.6445,8.6445,42.3022
4,314,27516.5194,0,6.1899,12.8812,12.8812,40.8857
4,315,27542.851,0,7.5852,12.0225,12.0225,83.2106
4,316,27616.3624,0,1.8279,7.733,7.733,40.9441
4,317,27648.0243,0,8.6612,17.5577,17.5577,40.9233
4,318,27808.9283,0,3.277,8.2828,8.2828,30.8788
4,319,27929.8995,0,6.5082,17.9785,17.9785,64.4352
4,320,27989.9728,0,4.3938,13.2167,13.2167,33.4717
4,321,27996.7814,0,2.3144,9.5417,9.5417,55.608
4,322,28144.8984,0,4.6213,8.212,8.212,45.7847
4,323,28207.3766,0,1.9283,2.8271,2.8271,29.0519
4,324,28238.9557,0,0.7797,3.2181,3.2181,68.5428
4,325,28230.8441,0,2.6386,21.8182,21.8182,35.719
4,326,28258.065,0,9.4145,12.6505,12.6505,81.4815
4,327,28451.9246,0,1.1927,5.2881,5.2881,42.9688
4,328,28476.1369,0,2.1673,7.8147,7.8147,44.995
4,329,28481.0159,0,2.0968,26.9513,26.9513,71.0758
4,330,28510.298,0,1.7008,4.6117,4.6117,52.5943
4,331,28516.3921,0,10.2248,14.4541,14.4541,49.9495
4,332,28593.0558,0,5.3628,8.12,8.12,36.6211
4,333,28602.5662,0,2.9737,4.6058,4.6058,97.3747
4,334,28738.5083,0,4.5158,15.2238,15.2238,50.2634
4,335,28767.3088,0,4.9215,14.1488,14.1488,68.5255
4,336,28835.0032,0,10.0546,22.5266,22.5266,69.791
4,337,28836.7617,0,3.6657,32.3153,32.3153,51.1301
4,338,28876.024,0,10.1627,20.7478,20.7478,96.8222
4,339,29114.145,0,5.2847,11.2826,11.2826,59.6084
4,340,29256.2519,0,6.7646,9.0201,9.0201,44.0598
4,341,29323.6996,0,6.0667,7.17,7.17,51.2875
4,342,29419.6015,0,7.4424,15.9978,15.9978,57.9602
4,343,29449.1095,0,2.3802,7.9786,7.9786,80.7893
4,344,29460.9635,0,3.987,7.1681,7.1681,73.7152
4,345,29528.2806,0,3.2563,15.225,15.225,47.756
4,346,29547.6236,0,7.4594,14.0059,14.0059,51.4909
4,347,29570.149,0,5.1316,18.7348,18.7348,73.8127
4,348,29608.6877,0,10.58,13.1724,13.1724,54.1789
4,349,29679.1209,0,11.8708,17.3271,17.3271,70.6745
4,350,29757.9888,0,8.7334,12.6454,12.6454,45.4065
4,351,29772.6313,0,2.0056,6.3057,6.3057,55.742
4,352,29779.5798,0,3.6413,11.5391,11.5391,74.008
4,353,29813.4481,0,2.4414,15.4226,15.4226,64.9429
4,354,29886.7771,0,4.0096,9.0947,9.0947,46.3096
4,355,29995.8948,0,2.9137,7.9409,7.9409,71.789
4,356,30171.3014,0,5.7894,10.1394,10.1394,69.0115
4,357,30199.0644,0,3.1591,10.3324,10.3324,60.0934
4,358,30272.0901,0,3.1905,8.8734,8.8734,23.3225
4,359,30408.6823,0,2.3083,6.4744,6.4744,36.2586
4,360,30422.3145,0,5.1233,9.9354,9.9354,66.0766
4,361,30484.1576,0,4.5617,12.7946,12.7946,52.5081
4,362,30691.8195,0,7.9855,10.5318,10.5318,59.2379
4,363,30945.3465,0,4.3621,9.329,9.329,28.6943
4,364,30967.0507,0,0.5981,2.8924,2.8924,73.0528
4,365,31011.3182,0,3.472,13.4861,13.4861,74.1988
4,366,31076.623,0,2.7853,10.8963,10.8963,52.9553
4,367,31095.457,0,8.2574,14.8351,14.8351,56.6279
4,368,31168.36,0,3.6957,8.8936,8.8936,45.6444
4,369,31181.9635,0,10.0542,14.7651,14.7651,95.3172
4,370,31325.7047,0,6.249,17.088,17.088,54.5918
4,371,31457.7065,0,3.5866,6.7362,6.7362,49.2151
4,372,31502.8652,0,9.4727,11.9714,11.9714,54.2669
4,373,31639.0571,0,3.1627,12.7456,12.7456,49.1625
4,374,32037.4322,0,2.9541,6.8819,6.8819,42.7194
4,375,32244.0316,0,3.2183,6.6129,6.6129,88.791
4,376,32287.1313,0,2.6145,9.6994,9.6994,79.5713
4,377,32366.9451,0,10.8816,22.6248,22.6248,56.0121
4,378,32521.2254,0,5.9837,26.1977,26.1977,60.0775
4,379,32563.8106,0,4.441,7.1349,7.1349,61.195
4,380,32617.6608,0,5.8985,8.0398,8.0398,65.5846
4,381,32633.5233,0,5.8363,8.0312,8.0312,98.2129
4,382,32659.6648,0,8.1282,10.2313,10.2313,84.6608
4,383,32816.7186,0,3.5704,14.9283,14.9283,56.8524
4,384,32852.5623,0,5.0995,11.1682,11.1682,100.8903
4,385,32896.512,0,11.1021,16.0643,16.0643,67.5656
4,386,32939.1617,0,2.9886,5.3464,5.3464,37.6761
4,387,32949.1106,0,11.0512,21.5714,21.5714,44.1252
4,388,32962.3409,0,5.8955,9.8382,9.8382,86.3547
4,389,32973.7469,0,1.3783,16.1275,16.1275,85.4523
4,390,33174.0278,0,2.6209,5.5178,5.5178,38.3973
4,391,33329.9798,0,1.6452,2.6529,2.6529,74.5661
4,392,33455.5638,0,3.3994,9.3938,9.3938,39.2153
4,393,33460.3252,0,2.6982,8.3353,8.3353,39.6703
4,394,33609.6201,0,2.3802,6.0131,6.0131,30.9495
4,395,33635.1181,0,8.7198,13.058,13.058,45.0438
4,396,33628.1294,0,3.3,30.3603,30.3603,85.5522
4,397,33879.2979,0,3.9109,7.9221,7.9221,59.291
4,398,33937.5223,0,3.5971,14.4821,14.4821,50.2108
4,399,33962.0117,0,9.6909,17.5389,17.5389,53.3002
4,400,33973.533,0,10.74,13.3009,13.3009,63.494
4,401,34079.4499,0,2.5622,6.893,6.893,32.5764
4,402,34089.0287,0,3.0661,10.0303,10.0303,45.3846
4,403,34121.4758,0,1.768,9.7649,9.7649,55.1605
4,404,34179.3178,0,0.9914,9.8316,9.8316,60.8173
4,405,34276.7875,0,1.9008,9.3566,9.3566,37.889
4,406,34287.2098,0,3.8187,11.7487,11.7487,42.7888
4,407,34418.8493,0,5.1359,11.5384,11.5384,49.6222
4,408,34545.4742,0,2.2418,9.3304,9.3304,38.504
4,409,34736.6377,0,2.792,14.9131,14.9131,63.866
4,410,34760.1127,0,8.5857,11.4966,11.4966,53.2662
4,411,35001.6267,0,1.5649,3.1835,3.1835,88.3177
4,412,35054.4008,0,3.2477,7.6081,7.6081,42.9712
4,413,35103.6323,0,9.0052,11.4946,11.4946,64.9859
4,414,35227.193,0,7.5408,13.1622,13.1622,54.9982
4,415,35279.4526,0,1.7072,4.3926,4.3926,37.2915
4,416,35289.8043,0,7.2717,8.4859,8.4859,44.4293
4,417,35321.0899,0,0.0791,5.7765,5.7765,50.4459
4,418,35427.3946,0,1.2681,3.5196,3.5196,53.5323
4,419,35469.1276,0,2.319,5.1765,5.1765,127.162
4,420,35488.8977,0,4.7444,23.8524,23.8524,122.8701
4,421,35702.2534,0,5.6433,8.5138,8.5138,38.7454
4,422,35798.2765,0,2.623,5.9429,5.9429,45.3871
4,423,35847.3196,0,9.9575,13.1799,13.1799,56.4276
4,424,36146.0754,0,1.1001,7.2175,7.2175,33.3583
4,425,36458.2931,0,4.4167,13.2057,13.2057,72.1758
4,426,36479.8317,0,1.4158,4.3704,4.3704,104.8722
4,427,36510.3614,0,2.693,8.9837,8.9837,89.0434
4,428,36581.9672,0,6.163,11.8797,11.8797,55.8224
4,429,36613.4006,0,10.7027,45.6977,45.6977,88.6997
4,430,36659.1465,0,11.3115,18.0305,18.0305,105.6009
4,431,36765.836,0,2.1794,8.5468,8.5468,45.7622
4,432,36775.2199,0,4.4523,23.8131,23.8131,59.0833
4,433,36838.9947,0,6.9697,12.6883,12.6883,48.7931
4,434,36837.2229,0,2.693,19.7728,19.7728,53.7668
4,435,36953.7938,0,5.8934,8.6534,8.6534,44.2767
4,436,37017.3683,0,2.7432,7.6288,7.6288,55.5974
4,437,37063.8143,0,5.9086,11.3315,11.3315,42.1679
4,438,37123.2348,0,3.5163,7.0413,7.0413,70.3962
4,439,37132.8492,0,1.7303,12.998,12.998,86.3887
4,440,37139.3699,0,2.5023,14.6468,14.6468,75.6103
4,441,37171.9672,0,1.3292,8.6557,8.6557,52.0824
4,442,37186.7114,0,1.5288,12.8572,12.8572,60.6143
4,443,37187.0068,0,10.7354,18.2847,18.2847,66.8539
4,444,37256.0352,0,4.6332,10.1021,10.1021,51.8749
4,445,37277.8436,0,3.2909,11.0279,11.0279,56.6093
4,446,37342.7086,0,3.8668,13.1724,13.1724,33.1423
4,447,37531.4355,0,3.7034,22.847,22.847,87.3735
4,448,37608.8361,0,7.503,14.524,14.524,44.8032
4,449,37621.5874,0,2.0328,5.5631,5.5631,45.1695
4,450,37612.589,0,6.3073,15.2021,15.2021,43.993
4,451,37633.8303,0,1.4755,17.9839,17.9839,99.4576
4,452,37708.8544,0,3.3736,7.6941,7.6941,67.0673
4,453,37939.9736,0,1.2978,11.3283,11.3283,63.9708
4,454,38012.7782,0,7.3934,10.326,10.326,64.6743
4,455,38079.3374,0,3.2744,9.3229,9.3229,32.5515
4,456,38081.1204,0,2.9203,9.3543,9.3543,83.2592
4,457,38083.9034,0,12.3697,13.5544,13.5544,107.366
4,458,38135.1169,0,5.127,7.6143,7.6143,91.5419
4,459,38160.3238,0,2.7657,11.7843,11.7843,85.6228
4,460,38342.7351,0,11.3884,18.5362,18.5362,76.7858
4,461,38605.6492,0,1.3643,3.0466,3.0466,64.3663
4,462,38615.503,0,2.6799,7.4309,7.4309,101.9331
4,463,38685.9038,0,3.2456,4.4286,4.4286,46.9537
4,464,38680.5939,0,2.8545,11.1916,11.1916,61.9212
4,465,38745.6832,0,1.8633,7.3187,7.3187,39.543
4,466,38846.4157,0,5.682,11.4755,11.4755,51.2071
4,467,38879.716,0,4.401,14.5215,14.5215,87.4701
4,468,39061.3764,0,1.1309,4.507,4.507,29.3358
4,469,39118.0073,0,3.4475,5.9253,5.9253,91.0935
4,470,39143.4255,0,5.9527,12.3349,12.3349,72.7922
4,471,39364.063,0,6.0102,9.0689,9.0689,78.8072
4,472,39398.9208,0,3.6107,7.3607,7.3607,70.0799
4,473,39465.1811,0,5.8029,12.6022,12.6022,98.6581
4,474,39482.7621,0,3.0202,41.6357,41.6357,91.9836
4,475,39685.6333,0,1.9209,12.6972,12.6972,48.3718
4,476,39736.7251,0,4.4426,10.5374,10.5374,95.2526
4,477,39878.1984,0,5.4235,16.4081,16.4081,74.5169
4,478,39995.6235,0,5.5554,19.3394,19.3394,79.5943
4,479,40242.997,0,5.7032,10.1557,10.1557,53.3136
4,480,40379.5908,0,13.2132,29.395,29.395,74.3958
4,481,40726.1283,0,1.6021,5.9929,5.9929,49.2601
4,482,40719.9599,0,5.9075,13.1166,13.1166,56.6935
4,483,40888.4568,0,2.1459,6.0694,6.0694,95.0117
4,484,40979.9276,0,4.6213,7.1273,7.1273,37.8815
4,485,41043.034,0,5.5926,9.6958,9.6958,48.3829
4,486,41081.4007,0,8.0947,10.4204,10.4204,41.9823
4,487,41224.5518,0,5.5919,14.6077,14.6077,48.9565
4,488,41293.1254,0,0.6245,2.0738,2.0738,37.625
4,489,41293.1632,0,4.1545,6.8702,6.8702,97.9757
4,490,41346.2398,0,3.341,7.2339,7.2339,49.6633
4,491,41390.0745,0,3.9027,10.7164,10.7164,55.8514
4,492,41400.8427,0,1.8616,4.002,4.002,53.4736
4,493,41419.4913,0,6.1834,17.9799,17.9799,62.2157
4,494,41453.7258,0,1.872,3.2954,3.2954,43.5602
4,495,41456.1076,0,2.3986,9.4275,9.4275,67.1493
4,496,41533.3896,0,0.9902,14.8026,14.8026,66.1872
4,497,41577.2243,0,9.1218,12.0939,12.0939,58.3723
4,498,41575.4801,0,1.6567,19.4248,19.4248,65.0008
4,499,41620.507,0,2.263,4.2962,4.2962,63.0274
4,500,41718.7274,0,1.4139,8.2851,8.2851,52.0664
4,501,41767.7402,0,3.0869,9.412,9.412,68.3816
4,502,41878.0788,0,3.8244,5.6641,5.6641,25.3174
4,503,41894.2643,0,3.2871,7.8797,7.8797,33.6506
4,504,42037.7142,0,6.1791,13.9219,13.9219,157.4781
4,505,42125.4247,0,2.958,10.9846,10.9846,73.6733
4,506,42320.0418,0,4.4097,25.718,25.718,36.5734
4,507,42346.1382,0,6.9877,23.9654,23.9654,74.2755
4,508,42354.2156,0,14.1998,17.308,17.308,76.0152
4,509,42390.8994,0,4.42,5.3269,5.3269,61.7981
4,510,42381.6206,0,16.2063,17.4384,17.4384,85.6875
4,511,42477.5035,0,1.476,5.8754,5.8754,44.4237
4,512,42487.1584,0,3.4811,8.201,8.201,41.4644
4,513,42491.8929,0,10.0509,19.0343,19.0343,65.9539
4,514,42565.7405,0,3.2177,10.6111,10.6111,40.5202
4,515,42601.7285,0,1.9327,8.8237,8.8237,32.5295
4,516,42647.6515,0,3.908,16.6881,16.6881,61.0665
4,517,42762.5998,0,5.8529,11.474,11.474,48.6605
4,518,42863.9455,0,4.7887,10.1311,10.1311,44.4251
4,519,42880.5854,0,2.7245,6.4998,6.4998,39.5027
4,520,42930.6678,0,2.5245,7.3689,7.3689,38.1964
4,521,42941.7234,0,3.9046,5.8095,5.8095,49.4207
4,522,42981.9203,0,3.8775,5.4661,5.4661,41.324
4,523,42977.2321,0,6.4622,10.6415,10.6415,43.7758
4,524,43116.1418,0,2.4322,4.3246,4.3246,47.7322
4,525,43171.2122,0,1.7352,7.0264,7.0264,49.4322
5,1,0.0,0,4.4208,12.3061,12.3061,35.6702
5,2,263.7036,0,3.8244,15.8925,15.8925,64.7204
5,3,461.2224,0,11.3715,16.4716,16.4716,73.838
5,4,495.3525,0,6.8294,12.6225,12.6225,44.937
5,5,560.2514,0,0.6007,4.4393,4.4393,61.2958
5,6,647.5305,0,3.6464,8.2904,8.2904,49.9304
5,7,996.7048,0,2.9824,7.1087,7.1087,29.9247
5,8,1033.9355,0,2.6409,19.2053,19.2053,58.5491
5,9,1065.5625,0,2.2828,10.4058,10.4058,43.9562
5,10,1268.4578,0,2.858,15.7484,15.7484,51.4736
5,11,1337.9248,0,6.702,13.746,13.746,42.3831
5,12,1489.1369,0,4.8548,9.3037,9.3037,34.7111
5,13,1542.0258,0,2.564,7.7795,7.7795,57.9433
5,14,1570.2956,0,11.7887,20.0259,20.0259,62.5013
5,15,1585.8771,0,5.7021,8.0685,8.0685,52.5507
5,16,1904.8695,0,4.06,10.3528,10.3528,55.9608
5,17,1967.9115,0,1.2733,5.665,5.665,35.0746
5,18,2049.5353,0,3.3349,13.1059,13.1059,86.0238
5,19,2090.9964,0,3.9264,9.6528,9.6528,53.2315
5,20,2211.0965,0,0.4856,3.475,3.475,26.8713
5,21,2233.7951,0,3.7337,5.2899,5.2899,60.253
5,22,2274.1226,0,10.3091,15.3517,15.3517,91.6583
5,23,2267.168,0,4.7599,25.9042,25.9042,122.3318
5,24,2292.6832,0,3.5395,7.3524,7.3524,125.1213
5,25,2324.7227,0,0.9856,8.3195,8.3195,97.8383
5,26,2493.1033,0,10.6487,15.3685,15.3685,37.7006
5,27,2512.8688,0,4.7681,7.7669,7.7669,65.534
5,28,2526.6972,0,11.2651,20.3792,20.3792,58.4834
5,29,2579.6385,0,5.2037,7.5708,7.5708,39.709
5,30,2705.174,0,1.142,13.5821,13.5821,44.0133
5,31,2938.3247,0,4.0512,17.58,17.58,46.5804
5,32,3401.2897,0,4.8328,14.2493,14.2493,42.2131
5,33,3440.2468,0,2.2893,12.7197,12.7197,93.59
5,34,3512.0124,0,8.5719,10.5687,10.5687,52.1773
5,35,3525.4436,0,4.9961,8.2345,8.2345,79.2664
5,36,3620.2683,0,2.0772,8.9584,8.9584,46.1428
5,37,3650.086,0,2.9285,5.5751,5.5751,133.2735
5,38,3658.0639,0,5.0776,25.8454,25.8454,148.4083
5,39,3720.1628,0,3.4736,6.1026,6.1026,94.0388
5,40,3732.068,0,2.9899,4.5135,4.5135,94.7627
5,41,3777.898,0,9.6067,13.3042,13.3042,74.8933
5,42,3805.3872,0,4.0745,10.1726,10.1726,50.2854
5,43,3858.8166,0,3.8806,6.3879,6.3879,36.4586
5,44,3836.0029,0,17.5388,34.8244,34.8244,67.4894
5,45,3981.7686,0,0.988,7.5501,7.5501,39.0765
5,46,4019.3517,0,6.6821,15.3832,15.3832,37.2219
5,47,4042.3542,0,5.9312,17.4175,17.4175,63.1316
5,48,4088.2505,0,3.9075,14.8857,14.8857,35.8385
5,49,4097.5537,0,2.5245,12.2156,12.2156,37.1728
5,50,4166.848,0,1.0588,5.9169,5.9169,31.259
5,51,4174.2392,0,0.4579,2.3741,2.3741,43.8316
5,52,4300.4684,0,2.8327,7.4938,7.4938,80.1111
5,53,4656.8792,0,1.5169,21.6835,21.6835,50.6079
5,54,4972.3765,0,5.8844,13.5319,13.5319,33.823
5,55,5086.2274,0,9.0052,18.0243,18.0243,61.2028
5,56,5209.0246,0,5.6254,10.4834,10.4834,79.1804
5,57,5286.6709,0,3.8775,6.6195,6.6195,28.0344
5,58,5369.3644,0,2.6866,6.2225,6.2225,33.273
5,59,5461.162,0,2.6638,6.4611,6.4611,39.746
5,60,5500.6891,0,3.9822,7.6989,7.6989,19.119
5,61,5691.3169,0,2.4971,7.1428,7.1428,44.1494
5,62,5856.4774,0,4.2564,8.6085,8.6085,40.7573
5,63,5966.1288,0,5.3349,7.8113,7.8113,53.499
5,64,6338.1524,0,8.405,12.8077,12.8077,49.7488
5,65,6458.147,0,4.8554,9.1195,9.1195,65.939
5,66,6482.0273,0,3.3573,10.4163,10.4163,74.8986
5,67,6583.3172,0,3.07,15.1882,15.1882,90.8204
5,68,6668.6535,0,3.3227,7.1582,7.1582,35.4051
5,69,6695.3639,0,4.0628,8.3887,8.3887,114.2027
5,70,6693.2749,0,10.6839,13.8685,13.8685,118.3329
5,71,6716.285,0,22.4366,24.8401,24.8401,112.0572
5,72,6785.7513,0,6.8212,12.4977,12.4977,46.2203
5,73,6809.6318,0,3.7893,17.9252,17.9252,54.7976
5,74,6911.982,0,9.9531,15.7566,15.7566,66.4645
5,75,7005.2642,0,6.7054,12.5489,12.5489,41.1765
5,76,7038.9305,0,3.8049,5.7193,5.7193,40.9695
5,77,7058.5988,0,4.9484,10.2497,10.2497,67.3586
5,78,7103.0896,0,9.8646,12.687,12.687,72.0313
5,79,7197.2769,0,6.4985,17.3123,17.3123,53.3673
5,80,7802.6214,0,2.6141,8.2932,8.2932,74.7157
5,81,7840.6254,0,5.6836,11.2536,11.2536,52.0074
5,82,7862.1675,0,3.7965,16.3509,16.3509,53.497
5,83,7873.1299,0,10.5686,16.2903,16.2903,78.5331
5,84,8045.5341,0,7.0473,11.7436,11.7436,36.5055
5,85,8068.7052,0,7.3883,12.2203,12.2203,70.0623
5,86,8177.9835,0,4.0502,8.9723,8.9723,45.5294
5,87,8227.3765,0,1.958,4.9276,4.9276,46.2085
5,88,8784.84,0,0.4047,4.9588,4.9588,32.2425
5,89,9062.4227,0,4.5569,15.0886,15.0886,59.631
5,90,9126.3905,0,2.7657,8.5369,8.5369,71.3317
5,91,9260.5582,0,4.9716,7.4239,7.4239,40.9107
5,92,9254.4132,0,14.3769,17.1707,17.1707,67.6909
5,93,9278.0998,0,6.5822,20.5094,20.5094,101.7999
5,94,9380.4135,0,6.4696,9.4116,9.4116,59.5542
5,95,9416.4166,0,8.3752,20.2359,20.2359,64.4877
5,96,9517.0967,0,1.9873,5.393,5.393,52.303
5,97,9587.3429,0,3.079,14.6949,14.6949,70.5114
5,98,9630.7553,0,8.6314,16.0294,16.0294,59.8608
5,99,9702.9187,0,1.7364,2.9484,2.9484,74.6709
5,100,9756.6067,0,1.0943,19.4066,19.4066,68.9061
5,101,9925.2984,0,3.8049,5.3701,5.3701,51.3263
5,102,9927.4747,0,0.9037,8.2115,8.2115,80.945
5,103,10040.9452,0,4.7811,13.017,13.017,64.4857
5,104,10059.2301,0,3.7412,5.2736,5.2736,55.6811
5,105,10081.3361,0,1.177,2.6402,2.6402,82.0342
5,106,10169.8712,0,4.9963,6.7571,6.7571,48.89
5,107,10322.1776,0,2.2374,8.049,8.049,57.5135
5,108,10377.8427,0,3.9927,9.4381,9.4381,36.2601
5,109,10482.9366,0,2.7829,6.8888,6.8888,38.532
5,110,10854.7764,0,8.0001,15.4958,15.4958,50.3118
5,111,10927.5363,0,2.693,10.1564,10.1564,49.4401
5,112,11012.3157,0,4.6308,16.0772,16.0772,51.8394
5,113,11023.7913,0,5.8281,7.71,7.71,62.294
5,114,11077.4833,0,1.2353,5.5448,5.5448,43.1742
5,115,11157.3093,0,0.4281,3.5624,3.5624,13.0128
5,116,11210.8199,0,3.3999,7.7471,7.7471,29.6705
5,117,11366.4212,0,4.4741,13.721,13.721,47.2784
5,118,11778.1857,0,3.0472,5.9875,5.9875,25.3324
5,119,11785.0309,0,3.2822,5.8692,5.8692,43.7066
5,120,12006.1386,0,3.6111,9.6879,9.6879,65.4453
5,121,12006.9451,0,5.7252,18.2704,18.2704,78.0672
5,122,12020.3289,0,20.8866,23.7167,23.7167,94.0828
5,123,12197.5999,0,5.1827,19.0787,19.0787,54.2086
5,124,12287.3397,0,3.0471,6.0871,6.0871,38.2839
5,125,12300.6466,0,2.9532,12.0576,12.0576,61.7014
5,126,12350.9544,0,1.1306,21.7808,21.7808,78.1797
5,127,12420.1913,0,1.3669,3.1565,3.1565,48.4218
5,128,12413.5132,0,4.6347,9.9802,9.9802,64.1851
5,129,12453.5845,0,6.8175,9.2902,9.2902,51.2682
5,130,12564.6377,0,2.8215,6.4465,6.4465,30.4024
5,131,12702.6389,0,3.482,23.8506,23.8506,86.4559
5,132,12770.5901,0,11.9592,14.799,14.799,55.7336
5,133,12784.9749,0,3.9192,12.3421,12.3421,77.1945
5,134,12930.9473,0,5.8772,17.9904,17.9904,54.1558
5,135,12950.1006,0,8.2375,10.4835,10.4835,48.8689
5,136,12972.8386,0,2.2383,7.477,7.477,57.6813
5,137,13263.6971,0,4.3428,8.4983,8.4983,60.8895
5,138,13289.5195,0,4.1985,9.0376,9.0376,57.734
5,139,13331.6872,0,14.4522,17.3831,17.3831,96.368
5,140,13714.1146,0,5.8641,11.5757,11.5757,63.526
5,141,13746.3599,0,3.8873,9.8878,9.8878,72.82
5,142,13782.9423,0,13.7355,26.7612,26.7612,66.5043
5,143,13832.2738,0,6.675,13.4289,13.4289,55.2308
5,144,13834.1744,0,19.5499,22.6063,22.6063,71.709
5,145,13907.6641,0,3.8718,9.0138,9.0138,80.6908
5,146,13993.4362,0,6.904,10.3709,10.3709,46.7793
5,147,14096.7379,0,2.1395,10.3577,10.3577,33.16
5,148,14167.7355,0,2.2026,7.0227,7.0227,74.0031
5,149,14155.6699,0,5.4859,19.184,19.184,73.1016
5,150,14401.711,0,4.09,9.6252,9.6252,71.6311
5,151,14428.2491,0,2.7537,7.8121,7.8121,75.3247
5,152,14733.2511,0,2.5554,4.3351,4.3351,32.9186
5,153,14852.6349,0,4.3428,6.8984,6.8984,48.16
5,154,14880.1627,0,5.3695,12.8445,12.8445,56.7006
5,155,14910.482,0,4.2653,8.7076,8.7076,57.3147
5,156,14892.4674,0,7.2556,28.5901,28.5901,66.5447
5,157,14915.6436,0,7.5003,11.6533,11.6533,115.6973
5,158,14979.2873,0,5.3211,9.8619,9.8619,47.0154
5,159,15058.6953,0,6.3129,8.1899,8.1899,59.4616
5,160,15087.3622,0,1.1932,6.8725,6.8725,92.6617
5,161,15155.3935,0,2.0772,14.9034,14.9034,79.3901
5,162,15176.8816,0,7.3064,12.8136,12.8136,66.2596
5,163,15191.5374,0,5.3385,7.4889,7.4889,59.2166
5,164,15179.5264,0,2.5598,30.3971,30.3971,79.7805
5,165,15257.0526,0,8.0919,15.4679,15.4679,54.4241
5,166,15290.8558,0,5.5762,12.8382,12.8382,45.017
5,167,15473.4062,0,8.8477,15.7807,15.7807,64.565
5,168,15489.6027,0,3.7233,8.8876,8.8876,59.3112
5,169,15728.1253,0,2.9567,7.1294,7.1294,62.9245
5,170,15736.7064,0,10.851,16.7724,16.7724,84.9534
5,171,15771.5532,0,5.1933,16.8156,16.8156,47.643
5,172,15831.203,0,2.0845,8.8692,8.8692,47.5946
5,173,15872.7914,0,5.6584,11.9022,11.9022,47.7022
5,174,15946.3088,0,8.5997,13.1121,13.1121,37.7276
5,175,16120.823,0,1.6449,5.217,5.217,24.6382
5,176,16120.1091,0,5.9474,11.562,11.562,77.2369
5,177,16298.7448,0,6.6581,14.5766,14.5766,43.5533
5,178,16385.9389,0,11.9539,14.841,14.841,85.1988
5,179,16463.1654,0,3.3818,5.3254,5.3254,35.4244
5,180,16472.9255,0,0.3394,4.1536,4.1536,70.4278
5,181,16491.8345,0,3.0654,13.7574,13.7574,60.6604
5,182,16502.1627,0,13.5276,14.9683,14.9683,58.1004
5,183,16524.3316,0,3.6388,12.9713,12.9713,68.1826
5,184,16528.2067,0,5.5926,9.1685,9.1685,68.6135
5,185,16547.3268,0,23.4951,25.7357,25.7357,74.1613
5,186,16575.2364,0,1.4389,1.952,1.952,61.8179
5,187,16827.328,0,3.341,10.7918,10.7918,83.9876
5,188,16904.1434,0,15.5877,19.5957,19.5957,56.6523
5,189,17028.7054,0,6.4493,8.9957,8.9957,63.0292
5,190,17235.7743,0,2.2354,8.4435,8.4435,81.3008
5,191,17432.5304,0,3.3492,4.8039,4.8039,25.5386
5,192,17639.9719,0,1.9042,3.3768,3.3768,70.8234
5,193,17864.8606,0,11.5742,19.8909,19.8909,67.325
5,194,17884.7318,0,1.7372,4.5249,4.5249,86.0232
5,195,17956.574,0,3.2437,18.5813,18.5813,56.0423
5,196,17968.6371,0,5.4012,8.8425,8.8425,72.2185
5,197,17992.2272,0,1.236,7.9011,7.9011,61.0006
5,198,18103.7552,0,5.5926,9.8907,9.8907,77.8583
5,199,18170.7592,0,5.8363,10.9428,10.9428,37.7678
5,200,18185.1969,0,1.5858,2.8615,2.8615,32.3632
5,201,18221.555,0,3.6399,7.1688,7.1688,36.4236
5,202,18262.5373,0,10.4273,14.612,14.612,69.2644
5,203,18306.2419,0,0.4761,11.9631,11.9631,46.1595
5,204,18374.3617,0,3.9439,12.3599,12.3599,45.927
5,205,18400.161,0,4.8243,8.3567,8.3567,55.3276
5,206,18916.5258,0,8.5884,17.5272,17.5272,61.8482
5,207,19144.0986,0,3.5612,4.7823,4.7823,83.5955
5,208,19374.6098,0,1.2543,6.327,6.327,60.7684
5,209,19471.1327,0,9.5126,18.7534,18.7534,68.6594
5,210,19694.8345,0,4.0767,8.132,8.132,66.1956
5,211,19732.2528,0,5.98,12.9094,12.9094,45.2193
5,212,19840.2791,0,3.7822,41.4454,41.4454,75.7395
5,213,19998.6231,0,6.6514,17.0641,17.0641,47.9664
5,214,20520.4753,0,0.2765,4.6151,4.6151,38.205
5,215,20527.4988,0,4.6138,15.4146,15.4146,59.3922
5,216,20592.3441,0,3.1824,9.8369,9.8369,36.8924
5,217,20677.6557,0,2.3146,7.1447,7.1447,38.4276
5,218,20678.5203,0,4.306,7.9956,7.9956,56.136
5,219,20755.1601,0,7.0508,10.9293,10.9293,48.6439
5,220,20799.4385,0,6.8636,12.8369,12.8369,31.742
5,221,20804.4758,0,5.7659,10.1036,10.1036,70.3209
5,222,20820.2077,0,12.2472,12.5815,12.5815,53.201
5,223,20865.8151,0,10.7389,13.3459,13.3459,63.1335
5,224,20921.8842,0,6.5713,10.6025,10.6025,53.1898
5,225,20934.4734,0,4.3238,9.8725,9.8725,56.5344
5,226,21058.3288,0,2.5172,6.7007,6.7007,67.8845
5,227,21116.8861,0,3.5264,11.3445,11.3445,50.0674
5,228,21155.1661,0,5.7032,15.2741,15.2741,47.9033
5,229,21239.502,0,4.2919,5.4729,5.4729,53.5576
5,230,21237.6677,0,4.674,8.6276,8.6276,61.6182
5,231,21299.2966,0,3.629,9.5498,9.5498,82.9563
5,232,21360.3952,0,13.3023,22.0417,22.0417,124.8828
5,233,21376.2267,0,14.3492,23.9643,23.9643,115.5057
5,234,21393.5754,0,4.8987,15.1417,15.1417,95.7482
5,235,21394.0999,0,5.1842,25.5136,25.5136,129.5634
5,236,21403.3573,0,4.5361,16.9307,16.9307,106.7404
5,237,21424.6051,0,12.5384,13.4851,13.4851,142.6445
5,238,21496.2825,0,5.0375,21.5008,21.5008,48.941
5,239,21533.2124,0,4.0502,8.7229,8.7229,29.7281
5,240,21524.4396,0,11.9154,18.8509,18.8509,46.3728
5,241,21543.3914,0,4.5968,10.3282,10.3282,72.2404
5,242,21644.5677,0,5.4711,12.7444,12.7444,36.6401
5,243,21654.9597,0,6.965,10.1957,10.1957,33.6782
5,244,21881.205,0,12.7096,14.9403,14.9403,44.8177
5,245,22120.8192,0,4.7599,8.905,8.905,39.9467
5,246,22164.4613,0,11.1401,13.0168,13.0168,36.1578
5,247,22185.4786,0,3.4811,7.3473,7.3473,54.4644
5,248,22296.6772,0,2.9746,7.6535,7.6535,48.0961
5,249,22372.8751,0,2.6384,15.0568,15.0568,60.7285
5,250,22423.8531,0,8.2039,13.1329,13.1329,38.4168
5,251,22721.4547,0,0.3444,5.0633,5.0633,30.9253
5,252,22728.0387,0,1.1191,1.8801,1.8801,29.6993
5,253,22759.5744,0,4.4239,10.8206,10.8206,79.6122
5,254,22756.2232,0,10.0716,16.0895,16.0895,86.8863
5,255,23093.7686,0,7.8705,11.9541,11.9541,46.2052
5,256,23186.4777,0,4.1413,7.6728,7.6728,52.744
5,257,23621.837,0,3.05,4.4411,4.4411,34.1109
5,258,23673.3323,0,7.9755,25.4832,25.4832,66.9593
5,259,23710.5933,0,1.2031,11.1368,11.1368,41.5572
5,260,23804.2696,0,2.1783,5.2549,5.2549,39.1524
5,261,23853.1484,0,6.6121,11.5378,11.5378,143.3422
5,262,23887.572,0,4.7847,5.9089,5.9089,117.9905
5,263,23966.0937,0,20.814,28.5898,28.5898,63.8642
5,264,24027.0724,0,2.2869,3.8269,3.8269,39.7632
5,265,24521.1638,0,4.9185,11.0912,11.0912,46.6713
5,266,24835.0951,0,2.1747,7.5555,7.5555,45.5686
5,267,24989.5952,0,3.3427,5.7333,5.7333,16.8457
5,268,25068.5446,0,3.472,11.2889,11.2889,41.2282
5,269,25076.5563,0,3.4952,28.9906,28.9906,68.9716
5,270,25099.5885,0,3.803,8.5215,8.5215,60.6022
5,271,25148.7378,0,5.0046,8.2655,8.2655,24.8841
5,272,25161.3784,0,3.3279,8.942,8.942,71.4051
5,273,25227.9845,0,1.2808,8.2107,8.2107,29.3679
5,274,25225.5333,0,5.4861,11.7376,11.7376,45.2192
5,275,25241.8257,0,11.05,18.5726,18.5726,70.7622
5,276,25319.3488,0,13.6203,20.6496,20.6496,67.1657
5,277,25343.392,0,4.5204,9.3657,9.3657,49.7595
5,278,25345.7366,0,8.0909,12.7989,12.7989,69.0223
5,279,25394.6114,0,5.1858,33.5523,33.5523,64.7334
5,280,25518.6187,0,4.4191,16.3314,16.3314,57.37
5,281,25592.5984,0,1.3292,6.3553,6.3553,52.4447
5,282,25744.6958,0,7.7079,13.6721,13.6721,52.5459
5,283,25885.0609,0,4.4203,12.6465,12.6465,48.875
5,284,26406.0214,0,6.4769,8.9608,8.9608,76.6191
5,285,26475.6957,0,4.9968,10.5378,10.5378,56.6407
5,286,26562.1003,0,2.9484,10.3721,10.3721,36.6293
5,287,26574.6904,0,8.405,13.1272,13.1272,74.5951
5,288,26621.9064,0,3.8636,11.0569,11.0569,58.0622
5,289,26712.1073,0,10.8853,16.4734,16.4734,71.2793
5,290,26740.0656,0,5.8275,19.5669,19.5669,49.613
5,291,26760.5366,0,5.7521,12.7127,12.7127,91.3532
5,292,26815.6194,0,2.9148,6.8043,6.8043,46.7398
5,293,26825.5332,0,5.1572,13.5089,13.5089,58.5642
5,294,26824.993,0,11.6612,19.603,19.603,62.8349
5,295,26847.2406,0,5.6194,7.9506,7.9506,45.0874
5,296,26935.7678,0,2.0679,8.4383,8.4383,27.4559
5,297,27104.4384,0,2.9258,11.1811,11.1811,31.3479
5,298,27336.0993,0,0.9833,8.5895,8.5895,32.2875
5,299,27418.9828,0,9.1853,17.4738,17.4738,71.6689
5,300,27442.1442,0,3.5342,9.807,9.807,113.3612
5,301,27476.9521,0,8.3974,12.9464,12.9464,71.407
5,302,27519.5467,0,19.681,30.0534,30.0534,115.6375
5,303,27718.4021,0,1.6539,22.2481,22.2481,58.3477
5,304,27829.0906,0,3.6278,9.5725,9.5725,53.6938
5,305,27927.9298,0,7.0004,16.777,16.777,69.3397
5,306,27945.7113,0,6.4418,12.8761,12.8761,57.2711
5,307,28055.2872,0,4.9827,10.4011,10.4011,65.0166
5,308,28091.371,0,1.8716,4.1888,4.1888,35.1564
5,309,28114.0275,0,2.2575,9.3161,9.3161,79.2018
5,310,28183.3849,0,11.9555,42.0043,42.0043,92.0754
5,311,28241.5678,0,1.9327,4.1226,4.1226,45.9436
5,312,28288.9586,0,19.8613,26.1634,26.1634,29.3789
5,313,28315.9465,0,2.8068,7.0666,7.0666,83.4288
5,314,28332.6099,0,7.8663,16.7736,16.7736,73.77
5,315,28365.7622,0,10.8273,16.8664,16.8664,49.9924
5,316,28398.5389,0,10.7481,13.4616,13.4616,78.0598
5,317,28424.6038,0,12.9656,19.3046,19.3046,66.2799
5,318,28561.8841,0,1.3873,4.9277,4.9277,36.5183
5,319,28634.4571,0,1.7962,7.1864,7.1864,37.9225
5,320,28649.6285,0,3.8049,6.7461,6.7461,91.7936
5,321,28715.6875,0,12.1993,13.5891,13.5891,45.1609
5,322,29109.6615,0,3.3732,8.6333,8.6333,43.8129
5,323,29184.3482,0,4.0111,13.0352,13.0352,35.8936
5,324,29234.688,0,4.6023,9.4449,9.4449,42.2288
5,325,29243.6933,0,2.6655,4.3569,4.3569,86.1484
5,326,29346.3438,0,1.9015,5.8242,5.8242,35.826
5,327,29382.5686,0,4.6713,11.4333,11.4333,52.5804
5,328,29396.6785,0,6.7707,16.5552,16.5552,65.9077
5,329,29412.6892,0,18.7549,28.8145,28.8145,72.0873
5,330,29483.8802,0,11.9661,29.6003,29.6003,40.5142
5,331,29517.1324,0,6.1184,14.2446,14.2446,66.6076
5,332,29519.4145,0,4.9719,12.9928,12.9928,104.6129
5,333,29570.5798,0,1.4158,37.1395,37.1395,60.335
5,334,29805.9016,0,14.2005,19.1805,19.1805,68.0331
5,335,29921.3241,0,2.7245,12.0845,12.0845,43.6009
5,336,30031.0069,0,1.3643,8.8953,8.8953,46.4765
5,337,30787.2472,0,1.2756,5.4411,5.4411,39.0099
5,338,30808.3063,0,3.0159,19.3677,19.3677,85.9367
5,339,30877.945,0,3.7088,4.3365,4.3365,29.9351
5,340,30897.8716,0,10.8237,18.342,18.342,63.6672
5,341,30910.4252,0,4.8634,8.5533,8.5533,108.5046
5,342,30988.6973,0,1.7072,7.2464,7.2464,38.0946
5,343,30990.9759,0,1.9663,7.6982,7.6982,93.8401
5,344,31033.1904,0,4.3382,7.572,7.572,62.0422
5,345,31076.1838,0,4.2341,6.8848,6.8848,34.508
5,346,31204.4678,0,3.5639,8.2098,8.2098,25.9711
5,347,31209.7272,0,2.2196,4.8687,4.8687,42.2474
5,348,31211.7853,0,5.5727,19.9935,19.9935,69.9613
5,349,31308.5549,0,4.4203,10.0985,10.0985,33.1971
5,350,31358.0496,0,2.7893,18.9219,18.9219,79.0873
5,351,31443.7792,0,14.0141,16.6748,16.6748,44.8299
5,352,31531.4976,0,2.0946,8.1881,8.1881,63.701
5,353,32283.1481,0,7.2099,10.5172,10.5172,81.9632
5,354,32338.6397,0,3.2811,6.804,6.804,42.6531
5,355,32338.396,0,7.0071,13.7338,13.7338,60.3295
5,356,32372.5821,0,12.6819,21.2409,21.2409,42.4117
5,357,32364.1986,0,19.3074,33.4985,33.4985,54.4363
5,358,32505.0331,0,13.3377,15.3421,15.3421,59.6672
5,359,32506.7406,0,2.7639,37.6771,37.6771,71.4513
5,360,32566.7959,0,2.1173,6.0531,6.0531,34.7747
5,361,32777.6113,0,6.3552,16.6165,16.6165,68.4984
5,362,32872.7335,0,3.7546,11.0885,11.0885,45.6847
5,363,33171.0585,0,3.1457,8.2378,8.2378,80.9799
5,364,33304.2167,0,4.4488,8.6791,8.6791,63.1551
5,365,33425.1945,0,2.54,38.9484,38.9484,74.3975
5,366,33609.3899,0,5.8934,14.7871,14.7871,58.1745
5,367,33653.8133,0,7.2295,10.517,10.517,84.44
5,368,33718.8139,0,4.4353,39.4641,39.4641,98.5364
5,369,33795.941,0,2.8867,10.1194,10.1194,44.6672
5,370,33850.9855,0,6.5282,12.4117,12.4117,49.5658
5,371,33957.9381,0,2.3237,8.2906,8.2906,58.3153
5,372,33993.6234,0,6.2505,9.1247,9.1247,36.8607
5,373,34021.4641,0,2.6794,5.1216,5.1216,44.3191
5,374,34026.1425,0,5.0271,10.1221,10.1221,79.0453
5,375,34032.3805,0,9.9524,26.3769,26.3769,129.0921
5,376,34205.5922,0,5.111,8.2451,8.2451,66.6376
5,377,34331.0892,0,1.7715,7.6824,7.6824,44.3674
5,378,34463.0912,0,3.3826,6.8734,6.8734,52.2108
5,379,34459.5329,0,3.8775,10.7393,10.7393,61.9495
5,380,34791.1463,0,1.0132,5.5584,5.5584,25.3021
5,381,34987.935,0,1.8361,5.5846,5.5846,40.4678
5,382,35107.298,0,2.7639,8.839,8.839,58.7076
5,383,35136.0003,0,6.8411,16.5226,16.5226,49.6083
5,384,35177.6632,0,6.2858,13.9941,13.9941,58.0276
5,385,35191.7385,0,4.4537,13.2596,13.2596,118.6824
5,386,35282.1075,0,4.0142,7.1152,7.1152,45.1537
5,387,35287.8564,0,8.827,18.92,18.92,53.704
5,388,35304.5151,0,13.1259,14.8222,14.8222,38.0482
5,389,35311.7008,0,9.5307,22.7106,22.7106,52.4168
5,390,35363.7693,0,3.3908,11.5331,11.5331,51.8965
5,391,35377.4274,0,1.2822,3.7537,3.7537,71.7539
5,392,35369.8411,0,21.6791,26.2631,26.2631,100.2871
5,393,35451.9066,0,8.1615,68.1615,68.1615,95.0379
5,394,35639.5059,0,3.8608,8.3101,8.3101,37.8379
5,395,35636.1512,0,3.3639,12.9622,12.9622,53.2259
5,396,35690.2794,0,4.1689,15.2801,15.2801,55.4168
5,397,35800.5369,0,5.0995,14.0963,14.0963,42.0024
5,398,35912.3021,0,3.0936,5.6759,5.6759,69.314
5,399,36055.9706,0,7.8256,12.8675,12.8675,41.4741
5,400,36073.6935,0,7.1604,11.8018,11.8018,56.5845
5,401,36253.0966,0,2.4458,7.679,7.679,51.1209
5,402,36438.3642,0,1.7932,6.4871,6.4871,40.9047
5,403,36685.6883,0,4.7614,34.5272,34.5272,54.4908
5,404,36710.4432,0,10.5542,22.3216,22.3216,97.7486
5,405,36722.7432,0,8.1695,13.481,13.481,70.9613
5,406,36760.394,0,12.0265,17.302,17.302,54.7338
5,407,36845.1704,0,11.3884,15.878,15.878,86.8307
5,408,36914.4035,0,8.1893,21.2989,21.2989,77.0245
5,409,37010.4997,0,10.4555,13.7813,13.7813,82.221
5,410,37039.2153,0,1.8104,5.5578,5.5578,63.886
5,411,37375.3912,0,9.1449,12.797,12.797,50.3761
5,412,37388.1515,0,5.6032,11.8372,11.8372,71.9032
5,413,37457.7082,0,8.094,14.4863,14.4863,71.9706
5,414,37477.2119,0,4.2402,8.6077,8.6077,87.4695
5,415,37549.4394,0,6.9298,12.2517,12.2517,39.4052
5,416,37562.0315,0,12.8629,23.2023,23.2023,58.8497
5,417,37956.3786,0,1.1227,10.7933,10.7933,46.4092
5,418,38022.8528,0,6.9447,12.2057,12.2057,87.1831
5,419,38080.4489,0,1.4389,5.4697,5.4697,35.913
5,420,38085.0005,0,2.0298,5.0531,5.0531,44.5602
5,421,38132.7801,0,3.538,5.4805,5.4805,61.7823
5,422,38255.7364,0,6.3683,14.6942,14.6942,80.2519
5,423,38218.8959,0,2.4248,62.4248,62.4248,71.0897
5,424,38276.1908,0,5.0046,12.4241,12.4241,58.6994
5,425,38426.0001,0,6.6539,17.2837,17.2837,86.0251
5,426,38604.4414,0,4.753,15.2243,15.2243,81.9136
5,427,38663.4149,0,3.6431,7.3896,7.3896,42.1942
5,428,39042.8289,0,2.1926,7.1161,7.1161,37.5286
5,429,39221.3485,0,7.2114,23.6173,23.6173,46.7034
5,430,39291.3708,0,2.6125,8.2012,8.2012,47.6638
5,431,39330.1028,0,1.5649,16.2089,16.2089,41.7078
5,432,39364.4017,0,7.3701,8.8502,8.8502,25.0506
5,433,39368.8175,0,8.1404,11.2026,11.2026,72.9308
5,434,39388.2595,0,15.901,22.1289,22.1289,75.3248
5,435,39487.9089,0,4.0073,8.6596,8.6596,78.0175
5,436,39615.1935,0,7.7145,12.4814,12.4814,61.6701
5,437,39708.9523,0,4.3052,4.8813,4.8813,39.4422
5,438,39772.1148,0,11.3115,18.3519,18.3519,61.1191
5,439,39912.8471,0,5.5406,10.1314,10.1314,43.4542
5,440,39961.4849,0,12.7249,18.859,18.859,51.8371
5,441,39977.3191,0,11.7214,18.5372,18.5372,58.6844
5,442,40157.831,0,9.1925,10.7193,10.7193,36.3369
5,443,40422.8408,0,3.4276,7.0581,7.0581,60.0693
5,444,40439.6917,0,4.8626,6.7177,6.7177,51.7729
5,445,40724.4694,0,3.8986,12.8381,12.8381,47.5558
5,446,40856.3204,0,6.2999,9.3355,9.3355,52.8511
5,447,41062.0526,0,5.0832,24.2339,24.2339,63.899
5,448,41082.9794,0,5.3298,13.525,13.525,48.7791
5,449,41095.3627,0,6.4775,15.3162,15.3162,75.8975
5,450,41143.9231,0,11.3115,16.1871,16.1871,62.3944
5,451,41149.087,0,19.1881,22.2502,22.2502,43.8773
5,452,41183.3142,0,4.1252,12.8184,12.8184,81.7816
5,453,41260.6613,0,3.3857,5.2296,5.2296,60.5219
5,454,41514.9225,0,4.3753,8.9083,8.9083,31.0829
5,455,41520.4581,0,6.3258,9.6216,9.6216,74.6388
5,456,41911.2717,0,0.8177,5.8365,5.8365,61.7536
5,457,42274.2087,0,7.8666,9.7466,9.7466,49.9333
5,458,42328.919,0,6.4272,8.4915,8.4915,51.2904
5,459,42477.352,0,2.6345,5.5211,5.5211,40.0683
5,460,42542.231,0,4.9716,29.0881,29.0881,51.6032
5,461,42569.1761,0,3.9454,6.6951,6.6951,104.9644
5,462,42724.4843,0,6.2224,8.8322,8.8322,46.3782
5,463,42944.5363,0,4.9816,11.1335,11.1335,61.8217
5,464,43034.8442,0,3.1072,8.7012,8.7012,42.3078
5,465,43057.4635,0,5.5547,20.7518,20.7518,73.3354
5,466,43096.8451,0,8.4099,11.2649,11.2649,48.0625
6,1,0.0,0,4.9784,6.2516,6.2516,48.9996
6,2,126.7245,0,1.2112,4.3656,4.3656,33.0175
6,3,426.2037,0,2.01,8.1301,8.1301,33.735
6,4,564.4152,0,6.9393,11.0859,11.0859,36.4781
6,5,593.9712,0,4.4703,12.25,12.25,74.5878
6,6,761.8423,0,4.6213,10.2879,10.2879,64.724
6,7,896.8723,0,7.502,13.283,13.283,38.4306
6,8,916.1756,0,12.5314,22.2718,22.2718,165.4899
6,9,1002.7178,0,4.2055,10.6613,10.6613,109.4439
6,10,1035.6806,0,2.0773,5.0544,5.0544,81.1452
6,11,1224.5122,0,6.4268,12.3435,12.3435,51.1072
6,12,1256.976,0,1.1217,16.827,16.827,33.8091
6,13,1442.4814,0,3.4641,10.1085,10.1085,40.6165
6,14,1576.9364,0,2.931,7.856,7.856,72.4768
6,15,1613.0715,0,6.3926,11.5553,11.5553,68.1059
6,16,1723.0025,0,2.9251,9.6695,9.6695,72.5491
6,17,1801.3073,0,2.8769,10.7572,10.7572,55.7108
6,18,1871.1343,0,2.0857,5.3499,5.3499,88.3099
6,19,1957.0857,0,3.3779,9.3385,9.3385,61.8043
6,20,1993.5992,0,5.8275,6.6282,6.6282,58.0494
6,21,2121.9376,0,5.8281,8.6952,8.6952,31.006
6,22,2122.3655,0,8.0591,10.9947,10.9947,57.431
6,23,2172.2643,0,5.4797,10.8448,10.8448,39.3013
6,24,2127.0714,0,4.2757,64.2757,64.2757,99.4002
6,25,2266.3971,0,8.5047,23.1417,23.1417,91.7498
6,26,2327.947,0,2.5094,10.5897,10.5897,39.8281
6,27,2446.2491,0,8.315,10.7258,10.7258,69.3946
6,28,2665.6675,0,3.3956,9.1833,9.1833,54.196
6,29,2722.1839,0,0.8499,3.8183,3.8183,57.5089
6,30,2754.4267,0,3.3338,4.8215,4.8215,69.4152
6,31,2749.0321,0,9.441,12.2323,12.2323,86.8954
6,32,2940.7189,0,2.8479,10.318,10.318,64.8995
6,33,3098.8673,0,0.7927,1.7079,1.7079,27.6798
6,34,3446.8105,0,6.675,12.8515,12.8515,38.497
6,35,3499.5512,0,6.198,10.2535,10.2535,50.8052
6,36,3893.4539,0,0.5264,2.8147,2.8147,36.0453
6,37,4021.3285,0,5.6731,8.3614,8.3614,64.7176
6,38,4104.4401,0,4.7732,11.6243,11.6243,38.2517
6,39,4108.5122,0,3.7807,18.0478,18.0478,63.2202
6,40,4173.494,0,1.2402,15.7745,15.7745,57.6864
6,41,4394.4269,0,3.3165,6.8544,6.8544,34.548
6,42,4394.9538,0,7.7019,8.8807,8.8807,40.5228
6,43,4841.4267,0,3.2951,10.922,10.922,52.3191
6,44,4908.9822,0,0.3531,3.0937,3.0937,62.1373
6,45,5163.6813,0,2.397,5.881,5.881,61.3165
6,46,5244.4071,0,8.1931,9.9505,9.9505,54.5799
6,47,5399.6029,0,7.4707,13.6454,13.6454,65.7339
6,48,5783.3245,0,5.7659,34.1111,34.1111,65.2751
6,49,6393.3597,0,8.3608,25.9517,25.9517,62.5808
6,50,6411.7765,0,9.0518,13.6919,13.6919,63.256
6,51,6505.9032,0,5.2039,7.6966,7.6966,45.3359
6,52,6531.5946,0,12.4795,13.7619,13.7619,49.248
6,53,6557.6062,0,0.4856,6.4363,6.4363,38.9569
6,54,6565.6789,0,5.7545,10.7495,10.7495,48.3179
6,55,6568.1097,0,15.0549,18.601,18.601,118.1588
6,56,6624.4426,0,5.4849,8.1795,8.1795,64.2273
6,57,6775.5989,0,3.5338,11.6098,11.6098,42.231
6,58,6860.3836,0,3.918,10.5906,10.5906,50.1923
6,59,6865.4059,0,5.7032,10.8502,10.8502,58.2354
6,60,6881.8166,0,4.569,6.1836,6.1836,36.0414
6,61,6902.5843,0,6.9692,11.1013,11.1013,80.3833
6,62,6920.4698,0,13.7061,17.8587,17.8587,70.0189
6,63,6960.8365,0,0.7122,4.8969,4.8969,40.7888
6,64,6997.5157,0,7.2664,13.9823,13.9823,57.8364
6,65,7079.149,0,7.2292,17.9575,17.9575,59.6682
6,66,7153.0025,0,4.6435,10.8805,10.8805,35.9409
6,67,7212.8196,0,2.3059,8.3102,8.3102,41.6231
6,68,7238.3676,0,9.3256,14.3925,14.3925,46.6956
6,69,7749.7911,0,4.5337,15.4473,15.4473,44.1476
6,70,7822.153,0,3.5138,6.1245,6.1245,32.9308
6,71,7835.2276,0,3.5307,6.3274,6.3274,79.4134
6,72,7954.8892,0,1.6084,5.938,5.938,48.6883
6,73,7967.4799,0,3.7206,8.689,8.689,49.223
6,74,8040.4765,0,4.9804,10.8891,10.8891,50.5254
6,75,8113.5117,0,3.4736,6.0202,6.0202,70.078
6,76,8196.2134,0,2.0374,5.2925,5.2925,65.6809
6,77,8225.635,0,5.3723,10.5528,10.5528,53.8988
6,78,8257.6138,0,5.8309,17.1197,17.1197,36.7874
6,79,8297.3641,0,11.9816,18.2805,18.2805,62.5633
6,80,8397.7361,0,1.497,8.3711,8.3711,52.1969
6,81,8422.2291,0,1.7888,4.5888,4.5888,57.5456
6,82,8433.9899,0,2.8997,5.9891,5.9891,98.2466
6,83,8476.484,0,12.6814,15.8553,15.8553,51.5445
6,84,8705.9113,0,4.1455,7.9847,7.9847,39.5091
6,85,8876.1135,0,1.4311,4.7316,4.7316,76.4139
6,86,9086.7512,0,9.9737,13.3398,13.3398,68.8453
6,87,9202.5156,0,3.2177,26.0763,26.0763,51.5046
6,88,9365.6121,0,3.2138,6.0784,6.0784,48.8735
6,89,9473.4681,0,4.1451,14.485,14.485,59.5736
6,90,9544.4844,0,7.2033,7.847,7.847,39.4567
6,91,9575.787,0,3.5395,11.8257,11.8257,58.373
6,92,9601.5712,0,5.094,7.6261,7.6261,56.5612
6,93,9593.129,0,2.9908,16.9354,16.9354,79.4827
6,94,9776.4177,0,3.2522,7.0384,7.0384,34.723
6,95,9771.6944,0,7.5222,19.6187,19.6187,51.6483
6,96,9859.6511,0,4.3848,12.8866,12.8866,50.9675
6,97,9892.408,0,5.6548,8.0644,8.0644,48.1498
6,98,10072.6589,0,3.2522,5.8108,5.8108,58.3984
6,99,10136.2899,0,2.1277,11.132,11.132,60.2767
6,100,10199.9948,0,8.1896,23.4593,23.4593,57.1421
6,101,10233.1671,0,2.7524,8.2703,8.2703,37.2742
6,102,10607.9045,0,8.2961,13.9755,13.9755,69.3363
6,103,10640.0887,0,5.5132,9.3298,9.3298,42.5858
6,104,10657.0599,0,7.1512,12.2733,12.2733,42.2073
6,105,10867.4921,0,2.2184,6.1015,6.1015,34.3405
6,106,10886.4294,0,3.3507,12.4411,12.4411,47.5763
6,107,10888.0959,0,10.9326,13.612,13.612,59.3046
6,108,10914.1063,0,9.6888,12.2982,12.2982,45.996
6,109,10951.4703,0,2.277,9.596,9.596,58.2016
6,110,10958.2904,0,7.5049,19.3651,19.3651,64.3663
6,111,10973.3332,0,0.6961,6.4277,6.4277,52.7557
6,112,11021.9429,0,0.95,10.0072,10.0072,36.0612
6,113,11093.4117,0,2.0787,5.967,5.967,37.338
6,114,11094.5198,0,1.9741,11.7961,11.7961,66.2702
6,115,11138.9864,0,7.8805,14.9875,14.9875,76.0993
6,116,11334.9124,0,2.5958,7.7784,7.7784,22.1412
6,117,11387.2052,0,5.4166,8.1392,8.1392,31.1991
6,118,11442.7658,0,2.2003,6.8395,6.8395,45.189
6,119,11508.3011,0,2.9301,6.1598,6.1598,31.9404
6,120,11517.6271,0,0.4874,3.7234,3.7234,57.5229
6,121,11710.9304,0,3.5169,9.7557,9.7557,28.3198
6,122,11864.0732,0,5.6625,9.4113,9.4113,48.807
6,123,11907.8056,0,3.9175,11.4797,11.4797,47.6896
6,124,11918.6181,0,2.3335,3.7233,3.7233,48.2834
6,125,12152.1132,0,5.3935,10.5153,10.5153,41.2055
6,126,12206.8667,0,3.3795,7.8936,7.8936,77.3781
6,127,12242.1595,0,9.3994,26.7379,26.7379,66.2466
6,128,12276.1257,0,10.341,20.6072,20.6072,76.8046
6,129,12385.0459,0,3.3442,11.0182,11.0182,41.4645
6,130,12449.6449,0,3.7521,10.8187,10.8187,78.1915
6,131,12548.509,0,0.8774,5.7237,5.7237,44.6589
6,132,12733.1742,0,5.289,10.7078,10.7078,81.5577
6,133,12825.0898,0,6.8598,9.0591,9.0591,48.277
6,134,12838.8801,0,9.4721,14.3602,14.3602,56.8592
6,135,12905.9202,0,1.5666,15.2778,15.2778,49.9134
6,136,12915.0046,0,10.3179,17.8733,17.8733,76.4361
6,137,12922.0811,0,3.6343,23.8948,23.8948,94.5963
6,138,13165.5502,0,1.5359,6.4376,6.4376,52.8748
6,139,13192.1029,0,2.388,6.079,6.079,93.5436
6,140,13246.7695,0,10.6463,14.4556,14.4556,65.5122
6,141,13270.4915,0,7.037,15.411,15.411,71.787
6,142,13540.9997,0,8.8504,11.4106,11.4106,48.0756
6,143,13683.8303,0,1.9193,5.0208,5.0208,29.7935
6,144,13685.4553,0,4.1068,11.4474,11.4474,44.9137
6,145,13695.2618,0,2.3293,5.3455,5.3455,48.3319
6,146,13725.563,0,9.6016,19.3012,19.3012,40.5872
6,147,13745.7658,0,3.2994,11.4063,11.4063,64.5308
6,148,13830.9176,0,3.143,5.7485,5.7485,38.5512
6,149,13941.9998,0,1.5291,36.964,36.964,72.3035
6,150,13974.9144,0,10.7319,15.4422,15.4422,58.3794
6,151,13996.9133,0,2.9131,7.1746,7.1746,93.0549
6,152,14058.9676,0,6.5946,15.2814,15.2814,62.4902
6,153,14261.2389,0,2.9131,22.264,22.264,65.8372
6,154,14287.5358,0,1.8208,3.8029,3.8029,68.3403
6,155,14306.8424,0,3.1574,7.6299,7.6299,68.6071
6,156,14335.518,0,11.2534,18.435,18.435,56.2455
6,157,14425.3763,0,2.7638,9.8409,9.8409,61.0462
6,158,14533.2555,0,3.1011,8.2412,8.2412,45.4371
6,159,14584.4445,0,3.5116,11.0378,11.0378,34.0089
6,160,14828.6962,0,5.528,11.0906,11.0906,40.4563
6,161,14839.9983,0,4.5786,8.4412,8.4412,62.1999
6,162,14879.1141,0,7.8014,12.0972,12.0972,54.4397
6,163,14985.0749,0,1.5693,6.4583,6.4583,28.3648
6,164,15024.1735,0,3.8497,11.646,11.646,75.1909
6,165,15260.0629,0,11.6775,16.2393,16.2393,85.6411
6,166,15348.1227,0,8.4894,14.0767,14.0767,56.6456
6,167,15353.1269,0,5.6857,10.751,10.751,62.9724
6,168,15445.2988,0,3.6082,8.5618,8.5618,51.5905
6,169,15448.9109,0,7.6223,23.6671,23.6671,81.4952
6,170,15494.4511,0,0.4273,12.5897,12.5897,54.1754
6,171,15679.9607,0,5.2134,13.2004,13.2004,45.4688
6,172,15745.872,0,6.0688,8.8064,8.8064,26.6108
6,173,16014.313,0,3.0194,11.9051,11.9051,61.4629
6,174,16272.9252,0,4.4149,15.0979,15.0979,40.7623
6,175,16293.8475,0,4.3774,8.4215,8.4215,25.5604
6,176,16376.6864,0,4.3374,11.2553,11.2553,47.2489
6,177,16432.9749,0,7.1807,14.1439,14.1439,52.3706
6,178,16443.0343,0,10.5511,17.9845,17.9845,54.1901
6,179,16484.1152,0,11.3274,22.5559,22.5559,70.599
6,180,16539.1713,0,2.9778,10.808,10.808,56.6207
6,181,16666.3334,0,6.3157,11.2116,11.2116,42.3664
6,182,16684.6032,0,11.8953,16.4775,16.4775,61.3918
6,183,16718.7428,0,4.6686,12.1362,12.1362,49.335
6,184,16842.5654,0,3.1739,7.8603,7.8603,38.7783
6,185,16892.7875,0,5.5977,19.4078,19.4078,65.9628
6,186,16916.6473,0,1.5389,9.6541,9.6541,63.7896
6,187,17004.8235,0,5.5225,10.1647,10.1647,65.9919
6,188,17115.7562,0,1.5936,2.2467,2.2467,34.7146
6,189,17129.292,0,4.0957,8.9095,8.9095,79.4792
6,190,17173.0643,0,2.0467,3.9081,3.9081,49.9495
6,191,17178.457,0,1.2817,4.3653,4.3653,68.6506
6,192,17693.4109,0,4.9861,8.1186,8.1186,35.4847
6,193,17841.1168,0,5.0046,11.2211,11.2211,34.1739
6,194,17999.9258,0,2.933,6.3112,6.3112,52.8761
6,195,18261.7605,0,3.239,13.1234,13.1234,52.563
6,196,18337.4751,0,2.0946,4.6528,4.6528,21.8924
6,197,18413.7494,0,3.3338,6.6614,6.6614,50.6881
6,198,18485.4975,0,0.9414,3.4823,3.4823,25.2417
6,199,18523.4163,0,2.3487,36.5532,36.5532,61.6913
6,200,18597.805,0,0.4549,2.4932,2.4932,38.8432
6,201,18786.3045,0,5.0217,16.9214,16.9214,70.776
6,202,19295.1979,0,4.9781,13.6071,13.6071,64.6843
6,203,19330.6092,0,3.4447,9.0082,9.0082,54.3055
6,204,19451.6007,0,0.3914,2.1179,2.1179,39.8192
6,205,19631.8425,0,4.7614,11.6826,11.6826,67.2966
6,206,19678.0466,0,6.249,14.4957,14.4957,45.4302
6,207,19766.8661,0,4.0594,10.1923,10.1923,72.4353
6,208,19815.2954,0,1.6403,7.2596,7.2596,31.7499
6,209,19826.115,0,1.7642,5.6659,5.6659,35.1065
6,210,20121.1521,0,1.2662,8.3468,8.3468,31.8161
6,211,20156.8956,0,6.5653,15.4852,15.4852,33.8794
6,212,20163.0394,0,6.7911,10.1835,10.1835,55.2481
6,213,20221.0555,0,1.3105,6.6271,6.6271,27.7858
6,214,20249.0464,0,10.1018,13.4521,13.4521,46.5437
6,215,20538.5238,0,2.6735,10.5962,10.5962,43.7281
6,216,20648.0064,0,4.3304,6.0988,6.0988,48.622
6,217,20668.9815,0,6.2771,10.2502,10.2502,57.5287
6,218,20712.1913,0,1.6734,14.3901,14.3901,40.4218
6,219,20925.526,0,2.2842,5.3179,5.3179,29.6998
6,220,20938.5468,0,4.3052,9.1867,9.1867,49.0601
6,221,20941.2205,0,5.9837,8.4267,8.4267,118.3535
6,222,20894.669,0,0.3394,60.3394,60.3394,78.6127
6,223,21104.9108,0,2.7559,4.8784,4.8784,32.0515
6,224,21075.9626,0,3.7662,63.7662,63.7662,101.0247
6,225,21153.7298,0,11.2438,19.7539,19.7539,58.8366
6,226,21208.3601,0,3.1657,5.1798,5.1798,28.1292
6,227,21279.939,0,4.1895,10.5917,10.5917,56.2716
6,228,21427.9244,0,3.4071,46.8668,46.8668,80.366
6,229,21529.7345,0,0.836,15.7262,15.7262,71.2067
6,230,21550.8545,0,3.3178,29.9092,29.9092,78.671
6,231,21698.3021,0,3.1288,17.87,17.87,32.2316
6,232,21726.9963,0,2.5554,4.775,4.775,49.0393
6,233,21948.4171,0,4.641,10.2698,10.2698,59.4709
6,234,22255.4134,0,3.8718,7.7494,7.7494,23.9069
6,235,22263.3825,0,0.9499,9.7246,9.7246,121.3162
6,236,22260.5445,0,9.4835,13.0048,13.0048,134.3244
6,237,22327.0056,0,2.364,7.8916,7.8916,83.4071
6,238,22344.0465,0,7.3042,11.6044,11.6044,82.6911
6,239,22382.6552,0,9.6778,11.8261,11.8261,49.7893
6,240,22474.6147,0,2.4836,5.565,5.565,116.5267
6,241,22646.8636,0,1.7152,6.0809,6.0809,59.1643
6,242,22808.7934,0,1.6526,3.8466,3.8466,64.0292
6,243,23496.0355,0,5.488,7.8044,7.8044,34.4486
6,244,23686.041,0,4.6713,9.7879,9.7879,31.5415
6,245,23718.502,0,4.186,10.9273,10.9273,69.7966
6,246,23755.609,0,3.3442,8.9892,8.9892,48.1306
6,247,23784.7742,0,5.6641,10.7374,10.7374,67.1635
6,248,23798.1156,0,7.0077,18.1299,18.1299,76.1507
6,249,24062.6185,0,8.0353,14.1833,14.1833,62.6841
6,250,24071.5863,0,8.9861,11.5908,11.5908,66.4802
6,251,24089.0474,0,2.248,11.7258,11.7258,55.0578
6,252,24160.2819,0,2.0374,4.3297,4.3297,46.7585
6,253,24263.1094,0,4.1987,8.9313,8.9313,46.2028
6,254,24605.0385,0,1.9805,3.6764,3.6764,32.9411
6,255,24801.6465,0,6.3634,26.8655,26.8655,93.6972
6,256,25053.3428,0,4.7444,4.9064,4.9064,22.1176
6,257,25069.088,0,15.4422,19.2426,19.2426,74.8803
6,258,25145.2194,0,6.0945,41.1771,41.1771,67.6081
6,259,25231.472,0,1.6094,5.46,5.46,74.6772
6,260,25338.9549,0,1.8109,4.0123,4.0123,65.079
6,261,25369.516,0,5.1572,11.4919,11.4919,64.9641
6,262,25421.4662,0,5.6164,11.9864,11.9864,15.533
6,263,25442.193,0,3.7032,7.9551,7.9551,39.4321
6,264,25457.3488,0,2.2047,6.47,6.47,69.8292
6,265,25530.3228,0,5.1287,7.6753,7.6753,51.7579
6,266,25640.5314,0,3.9007,6.4147,6.4147,55.9232
6,267,25783.5071,0,3.3124,7.9806,7.9806,88.5236
6,268,25858.1446,0,11.8556,26.635,26.635,71.9456
6,269,25914.3661,0,3.3179,7.9536,7.9536,59.3919
6,270,26187.3403,0,2.0757,2.6125,2.6125,42.9455
6,271,26282.9076,0,2.5586,7.8869,7.8869,27.8911
6,272,26308.6329,0,3.1545,7.8192,7.8192,44.3576
6,273,26371.3239,0,4.5617,6.7488,6.7488,51.7633
6,274,26567.3936,0,4.585,14.3828,14.3828,49.7348
6,275,26630.4108,0,9.434,13.4769,13.4769,69.5411
6,276,26719.9444,0,7.6144,13.8192,13.8192,53.6205
6,277,26863.0731,0,2.3911,15.6829,15.6829,45.9124
6,278,26983.8237,0,1.5936,13.3487,13.3487,72.507
6,279,26958.8512,0,2.6893,62.6893,62.6893,126.7676
6,280,27054.4796,0,12.4673,13.0418,13.0418,61.3259
6,281,27089.78,0,3.5712,11.9457,11.9457,56.4573
6,282,27146.928,0,5.5547,9.623,9.623,33.6185
6,283,27243.9359,0,3.379,8.9521,8.9521,40.7576
6,284,27371.8853,0,1.3046,5.7698,5.7698,66.4577
6,285,27399.5146,0,8.4033,9.6839,9.6839,45.4136
6,286,27700.2825,0,2.587,7.5733,7.5733,27.1027
6,287,27709.4867,0,3.3613,5.7601,5.7601,38.4351
6,288,27886.902,0,6.4901,9.1736,9.1736,40.8943
6,289,27960.3698,0,7.1332,12.086,12.086,75.2139
6,290,28038.8174,0,7.1486,13.0495,13.0495,65.8509
6,291,28097.016,0,4.6376,8.7522,8.7522,49.3795
6,292,28100.7605,0,8.7806,11.5169,11.5169,84.4154
6,293,28160.2803,0,6.209,18.7755,18.7755,48.1692
6,294,28181.5576,0,3.6005,5.9079,5.9079,28.6778
6,295,28210.1892,0,8.261,12.8529,12.8529,35.7282
6,296,28285.3999,0,2.3828,10.4815,10.4815,51.2308
6,297,28478.4791,0,1.9257,10.2839,10.2839,66.1972
6,298,28490.3481,0,0.8096,4.5428,4.5428,95.6585
6,299,28564.7095,0,1.9303,10.0857,10.0857,60.5401
6,300,28808.8156,0,2.9285,5.372,5.372,34.6884
6,301,28987.8646,0,9.2168,11.8804,11.8804,58.316
6,302,29289.7644,0,5.1952,32.4784,32.4784,66.7315
6,303,29512.2759,0,4.7372,6.5541,6.5541,56.2651
6,304,29696.7293,0,4.1358,14.3325,14.3325,41.3337
6,305,29761.5739,0,3.2242,18.3095,18.3095,56.2287
6,306,29835.7722,0,3.9027,10.2304,10.2304,53.0529
6,307,29940.1738,0,3.7233,12.0684,12.0684,58.872
6,308,30108.8155,0,3.2166,12.6232,12.6232,56.3632
6,309,30145.0505,0,12.947,15.981,15.981,53.6423
6,310,30150.7261,0,1.7303,17.103,17.103,78.517
6,311,30510.5403,0,2.2088,4.3512,4.3512,39.784
6,312,30736.8762,0,4.5204,15.9912,15.9912,45.3329
6,313,30798.2763,0,4.0107,11.7152,11.7152,43.458
6,314,30815.4828,0,7.9036,14.3825,14.3825,42.6942
6,315,30845.9217,0,5.3777,7.1461,7.1461,60.3849
6,316,30835.493,0,15.8889,20.4439,20.4439,60.5138
6,317,30906.9018,0,1.4565,3.9233,3.9233,41.2244
6,318,30924.2011,0,0.7657,5.246,5.246,81.1327
6,319,31011.2203,0,0.7564,7.102,7.102,87.3704
6,320,31046.666,0,3.0016,6.36,6.36,61.2683
6,321,31055.1457,0,4.9904,10.1673,10.1673,55.0256
6,322,31063.6663,0,7.2207,10.499,10.499,41.0888
6,323,31073.3709,0,4.6512,7.592,7.592,61.074
6,324,31123.9043,0,10.7261,15.1716,15.1716,44.2831
6,325,31186.4266,0,5.5926,8.752,8.752,38.0073
6,326,31270.5805,0,0.8714,3.0178,3.0178,61.85
6,327,31388.9932,0,2.6692,27.8164,27.8164,111.7289
6,328,31554.5198,0,2.0076,6.8169,6.8169,44.1754
6,329,31558.8364,0,10.2078,18.8656,18.8656,58.2594
6,330,31606.7144,0,4.5444,9.9357,9.9357,52.2375
6,331,31739.6536,0,1.7657,10.78,10.78,77.8067
6,332,31992.1039,0,2.4124,3.6161,3.6161,59.731
6,333,32179.8708,0,3.9735,7.8069,7.8069,33.6811
6,334,32188.2835,0,8.9552,12.9889,12.9889,112.4201
6,335,32160.1554,0,8.3967,68.3967,68.3967,114.1527
6,336,32299.7027,0,8.933,13.1088,13.1088,61.6742
6,337,32401.5224,0,3.4811,63.4811,63.4811,91.1331
6,338,32478.1845,0,7.3114,12.8689,12.8689,59.5178
6,339,32501.3203,0,3.0562,7.1562,7.1562,51.1533
6,340,32491.7187,0,12.4103,25.6287,25.6287,66.6736
6,341,32740.4898,0,4.9104,12.4714,12.4714,43.9797
6,342,33032.2014,0,4.4621,14.7117,14.7117,49.5526
6,343,33079.0593,0,1.918,2.8713,2.8713,33.7148
6,344,33215.3969,0,5.8572,13.5797,13.5797,57.5385
6,345,33249.8538,0,1.8535,4.3051,4.3051,54.1723
6,346,33556.9554,0,2.4714,5.0252,5.0252,49.2968
6,347,33633.6419,0,2.7904,10.4947,10.4947,59.1223
6,348,33660.3633,0,12.5547,25.564,25.564,67.5806
6,349,33734.7531,0,9.7836,13.7097,13.7097,63.4537
6,350,33780.6888,0,2.7583,12.1898,12.1898,26.6905
6,351,33825.438,0,7.8454,12.3776,12.3776,36.9813
6,352,33827.2691,0,2.0091,12.7504,12.7504,61.2255
6,353,33838.9301,0,1.2681,6.861,6.861,68.0265
6,354,33852.3311,0,3.0264,9.1887,9.1887,47.631
6,355,33897.1438,0,10.2297,12.7885,12.7885,59.6749
6,356,33947.6304,0,17.243,24.6995,24.6995,98.7032
6,357,34000.4284,0,7.066,10.1059,10.1059,49.5564
6,358,34002.3955,0,2.9827,9.2534,9.2534,71.3442
6,359,34064.0737,0,6.5705,16.205,16.205,42.9091
6,360,34132.9835,0,6.7275,10.2584,10.2584,67.8802
6,361,34157.6102,0,4.7505,17.0351,17.0351,115.5882
6,362,34241.1209,0,2.6893,6.7529,6.7529,67.3208
6,363,34303.0854,0,3.7233,9.6621,9.6621,45.3774
6,364,34481.1528,0,3.4238,17.554,17.554,110.3624
6,365,34584.881,0,4.3897,11.8951,11.8951,54.1263
6,366,34748.1754,0,7.6869,13.9464,13.9464,54.8006
6,367,34871.1792,0,7.6189,15.2934,15.2934,77.3387
6,368,34932.4238,0,1.1903,5.9101,5.9101,30.4253
6,369,34999.4424,0,3.3128,7.049,7.049,52.0244
6,370,35047.4408,0,6.2925,8.5209,8.5209,40.6933
6,371,35059.5435,0,2.1671,5.2193,5.2193,40.5218
6,372,35089.7714,0,3.6399,6.5697,6.5697,46.3857
6,373,35146.363,0,13.2199,21.0116,21.0116,70.5666
6,374,35194.6338,0,2.8617,7.5441,7.5441,26.5915
6,375,35207.4124,0,3.7279,12.4117,12.4117,60.8143
6,376,35249.9285,0,14.9107,19.0098,19.0098,60.712
6,377,35383.7773,0,3.2951,10.9806,10.9806,72.6638
6,378,35446.7374,0,3.9989,10.8272,10.8272,59.1508
6,379,35489.0099,0,7.0072,10.5262,10.5262,62.6681
6,380,35497.133,0,6.6995,13.333,13.333,79.2643
6,381,35614.5266,0,6.4493,14.2886,14.2886,42.3837
6,382,35665.0208,0,10.1414,17.9897,17.9897,34.7121
6,383,35674.9933,0,4.0101,13.2447,13.2447,68.3195
6,384,35743.1655,0,3.2166,9.8896,9.8896,23.5931
6,385,35754.7158,0,3.0038,7.4969,7.4969,45.5051
6,386,35799.2653,0,6.3857,10.3168,10.3168,57.8058
6,387,35872.6136,0,2.0845,7.7616,7.7616,54.4676
6,388,36159.5706,0,10.5016,13.8035,13.8035,47.8451
6,389,36424.1195,0,1.5931,8.0095,8.0095,53.8175
6,390,36685.2967,0,2.0091,5.5869,5.5869,45.1189
6,391,36701.3521,0,5.0046,7.702,7.702,69.338
6,392,36713.4253,0,11.379,13.2457,13.2457,74.2585
6,393,36741.4993,0,7.1054,10.8468,10.8468,73.4774
6,394,36761.1244,0,0.9856,5.4687,5.4687,117.8957
6,395,36837.5781,0,7.8579,18.2557,18.2557,74.9498
6,396,36993.2733,0,6.4296,17.5384,17.5384,62.2853
6,397,37126.077,0,4.7409,7.3437,7.3437,44.1154
6,398,37141.2287,0,10.112,25.1158,25.1158,52.1848
6,399,37181.4902,0,5.2061,16.0797,16.0797,60.5951
6,400,37471.0472,0,1.8361,6.6,6.6,32.163
6,401,37552.0534,0,0.2877,5.8474,5.8474,72.5975
6,402,37941.828,0,5.0877,8.4865,8.4865,29.892
6,403,37992.6047,0,3.8302,6.9416,6.9416,47.6438
6,404,38120.8528,0,1.7375,14.0553,14.0553,81.1117
6,405,38151.0158,0,2.3071,8.4227,8.4227,63.8722
6,406,38165.249,0,4.1007,8.4579,8.4579,123.4603
6,407,38179.9898,0,3.1348,20.2228,20.2228,106.0396
6,408,38209.1604,0,1.9327,3.5945,3.5945,79.0035
6,409,38296.2243,0,5.1921,9.8774,9.8774,62.5182
6,410,38589.0438,0,1.5936,5.9816,5.9816,49.6181
6,411,38587.8034,0,3.519,29.1068,29.1068,66.9188
6,412,38645.492,0,2.5057,6.1378,6.1378,62.0523
6,413,38733.9108,0,2.2731,5.3332,5.3332,34.9366
6,414,38829.1433,0,1.4971,17.5685,17.5685,54.4856
6,415,38871.3742,0,2.4236,23.1994,23.1994,49.2643
6,416,38972.6633,0,4.809,7.9494,7.9494,62.072
6,417,39028.5812,0,8.0361,11.995,11.995,102.7608
6,418,39467.4482,0,2.2212,5.1048,5.1048,60.761
6,419,39515.3456,0,3.8005,8.7805,8.7805,56.7459
6,420,39569.1263,0,3.703,17.0897,17.0897,53.0912
6,421,39590.7463,0,4.5578,10.1991,10.1991,48.9045
6,422,39593.1742,0,14.3211,29.0919,29.0919,79.5503
6,423,39740.5974,0,2.9778,33.4626,33.4626,52.1933
6,424,39764.6358,0,5.3211,10.8711,10.8711,84.6175
6,425,39836.427,0,0.746,6.7773,6.7773,43.2638
6,426,39867.3525,0,1.9126,4.5665,4.5665,61.2688
6,427,40026.6804,0,3.5293,8.698,8.698,68.9929
6,428,40077.1885,0,5.3175,8.5334,8.5334,53.2345
6,429,40081.0517,0,9.3671,17.0837,17.0837,69.9285
6,430,40150.7905,0,1.2489,6.6222,6.6222,76.5035
6,431,40184.1715,0,0.6313,5.4943,5.4943,54.3076
6,432,40250.3668,0,5.7653,8.9919,8.9919,60.6825
6,433,40302.0171,0,9.0711,17.5407,17.5407,46.5538
6,434,40483.2857,0,5.2882,13.8092,13.8092,44.1434
6,435,40758.254,0,6.4229,8.6403,8.6403,54.1631
6,436,40915.6982,0,2.1272,8.7664,8.7664,51.1515
6,437,41071.5891,0,3.1896,5.559,5.559,55.1335
6,438,41062.0015,0,7.2545,15.6294,15.6294,75.7974
6,439,41058.3722,0,8.8364,36.1357,36.1357,103.2999
6,440,41209.2772,0,2.0327,6.4153,6.4153,37.2961
6,441,41245.6797,0,11.7291,16.8412,16.8412,74.1331
6,442,41358.0325,0,5.6044,18.8101,18.8101,52.4347
6,443,41386.0309,0,1.0905,4.6856,4.6856,99.4748
6,444,41476.6291,0,3.547,8.8669,8.8669,28.4311
6,445,41657.8223,0,1.872,18.9721,18.9721,76.7612
6,446,41887.8512,0,0.9332,4.9563,4.9563,42.0899
6,447,41997.5934,0,0.7444,17.2231,17.2231,58.1036
6,448,42035.3242,0,3.0994,6.3483,6.3483,40.5352
6,449,42089.5239,0,2.9854,7.5571,7.5571,46.6239
6,450,42156.6905,0,5.5439,8.3692,8.3692,32.124
6,451,42228.0857,0,4.2229,9.2591,9.2591,40.2271
6,452,42224.8881,0,6.0245,12.6861,12.6861,26.098
6,453,42254.1403,0,1.8366,8.1781,8.1781,69.7275
6,454,42280.8156,0,8.7302,11.9557,11.9557,59.2391
6,455,42340.8598,0,2.6278,30.7473,30.7473,37.803
6,456,42389.5474,0,6.4307,8.5952,8.5952,89.9717
6,457,42391.065,0,10.6156,15.5254,15.5254,69.2083
6,458,42421.0536,0,3.2404,5.5986,5.5986,78.2837
6,459,42456.7139,0,4.7829,7.6861,7.6861,72.1009
6,460,42484.6508,0,0.9813,5.3467,5.3467,55.4195
6,461,42647.7768,0,1.9107,5.4428,5.4428,39.899
6,462,42747.3842,0,2.5796,5.9203,5.9203,65.0776
6,463,43050.4259,0,4.7252,17.3236,17.3236,90.7405
7,1,1.0586,0,1.2632,5.7227,5.7227,23.3569
7,2,0.0,0,5.9251,22.7269,22.7269,55.0761
7,3,227.6625,0,1.1724,4.5157,4.5157,34.9336
7,4,484.0584,0,6.4115,10.4299,10.4299,27.6355
7,5,719.6713,0,6.5702,8.8804,8.8804,66.8422
7,6,810.2716,0,3.9966,9.9654,9.9654,37.5271
7,7,820.7922,0,3.0501,5.0185,5.0185,76.1563
7,8,884.4802,0,1.4158,9.3329,9.3329,47.1751
7,9,894.9047,0,9.6894,17.2431,17.2431,61.1428
7,10,966.9701,0,3.2638,6.7705,6.7705,43.3243
7,11,1016.7459,0,5.1437,9.7819,9.7819,68.05
7,12,1136.5069,0,8.0221,11.287,11.287,46.4273
7,13,1112.3294,0,3.9386,63.9386,63.9386,39.3113
7,14,1167.3247,0,2.34,10.6151,10.6151,103.5071
7,15,1195.8686,0,6.5053,7.8754,7.8754,63.1364
7,16,1218.3159,0,8.5567,16.2535,16.2535,61.778
7,17,1208.5385,0,14.7969,28.7306,28.7306,59.6789
7,18,1355.2249,0,2.0641,13.302,13.302,139.4694
7,19,1390.1379,0,1.0628,5.961,5.961,110.245
7,20,1480.6539,0,3.5399,9.2068,9.2068,43.7404
7,21,1627.0181,0,5.7325,7.4681,7.4681,50.6298
7,22,1980.586,0,3.7002,7.7327,7.7327,25.6482
7,23,2067.9674,0,6.6178,12.879,12.879,67.2027
7,24,2187.527,0,6.4066,13.0012,13.0012,50.0774
7,25,2307.7119,0,3.4024,9.134,9.134,42.5649
7,26,2365.5293,0,2.8781,12.3225,12.3225,65.4499
7,27,2498.6693,0,1.6733,12.9699,12.9699,48.0074
7,28,2516.9867,0,1.5536,8.3951,8.3951,47.9579
7,29,2650.7104,0,4.7556,13.4323,13.4323,46.2885
7,30,3320.6715,0,3.8611,6.6399,6.6399,66.9586
7,31,3531.415,0,3.6542,6.8583,6.8583,41.0662
7,32,3537.8085,0,3.1367,11.7044,11.7044,52.8859
7,33,3626.379,0,3.2131,6.9162,6.9162,37.0979
7,34,3643.5792,0,2.2534,6.4194,6.4194,79.4517
7,35,3699.1157,0,5.3821,8.853,8.853,40.5562
7,36,3818.4587,0,1.0087,4.3568,4.3568,23.1305
7,37,3796.7465,0,6.5789,48.6004,48.6004,90.6594
7,38,3833.8748,0,12.6169,14.2053,14.2053,62.4984
7,39,3860.4806,0,3.4865,15.0147,15.0147,82.4461
7,40,3999.2531,0,2.6184,8.8613,8.8613,42.4069
7,41,4004.1326,0,3.6477,23.119,23.119,54.5793
7,42,4046.0717,0,1.8353,3.29,3.29,57.8962
7,43,4044.7486,0,10.2535,15.0433,15.0433,87.4121
7,44,4082.9414,0,6.3258,11.1188,11.1188,56.1844
7,45,4080.9493,0,13.0126,16.843,16.843,64.3379
7,46,4377.7716,0,0.774,7.1976,7.1976,29.8249
7,47,4422.0477,0,3.5673,7.8349,7.8349,49.3706
7,48,4520.0002,0,1.5555,5.4055,5.4055,45.792
7,49,4537.6579,0,3.7887,7.2884,7.2884,60.5524
7,50,4835.2838,0,8.3149,11.9217,11.9217,81.8179
7,51,4928.8476,0,3.3254,12.3855,12.3855,68.8716
7,52,4971.5763,0,3.269,6.8647,6.8647,56.8063
7,53,4981.7575,0,13.2595,18.2559,18.2559,86.4799
7,54,5113.7079,0,0.6961,22.4019,22.4019,56.8746
7,55,5200.7621,0,8.7156,11.8414,11.8414,54.1591
7,56,5273.4905,0,14.7466,17.1052,17.1052,64.5983
7,57,5299.449,0,11.3631,18.7324,18.7324,56.0906
7,58,5324.5904,0,1.5936,4.6839,4.6839,42.8077
7,59,5382.5577,0,2.9464,20.5124,20.5124,93.9049
7,60,5475.9644,0,7.9091,12.6527,12.6527,56.6476
7,61,5521.9815,0,3.2662,11.9219,11.9219,44.7793
7,62,5693.5302,0,5.8872,17.9275,17.9275,63.4901
7,63,6115.9238,0,1.9301,3.9089,3.9089,63.8408
7,64,6325.7974,0,2.9924,14.719,14.719,40.9747
7,65,6367.3171,0,8.4894,30.9394,30.9394,62.2686
7,66,6511.0807,0,3.9989,7.3511,7.3511,29.0119
7,67,6636.4673,0,1.8639,3.1957,3.1957,52.7175
7,68,6726.8097,0,1.2402,5.1849,5.1849,54.91
7,69,7151.9696,0,8.4517,23.8496,23.8496,71.2403
7,70,7196.3926,0,2.1866,6.9252,6.9252,38.5572
7,71,7528.54,0,2.5051,3.8911,3.8911,43.8223
7,72,7546.2906,0,0.4851,10.1362,10.1362,44.2373
7,73,7564.2468,0,3.5342,11.2379,11.2379,65.8119
7,74,7571.6774,0,1.981,15.7202,15.7202,86.3073
7,75,7678.9217,0,6.2344,12.3304,12.3304,58.6629
7,76,7670.3777,0,3.0097,63.0097,63.0097,117.0153
7,77,7785.0373,0,9.7683,12.0447,12.0447,42.4913
7,78,7914.5636,0,12.4444,14.3697,14.3697,56.0581
7,79,7944.2551,0,3.1749,5.7839,5.7839,39.609
7,80,7990.3135,0,7.898,16.879,16.879,65.428
7,81,8000.6109,0,4.3304,13.6249,13.6249,68.8585
7,82,8040.0445,0,1.8704,4.4258,4.4258,38.5208
7,83,8128.2759,0,2.8638,5.5882,5.5882,46.4032
7,84,8162.7398,0,3.918,12.2989,12.2989,66.4328
7,85,8455.4052,0,2.2082,4.284,4.284,36.3824
7,86,8556.5645,0,5.9618,9.5322,9.5322,46.8067
7,87,8565.4823,0,2.4367,11.3516,11.3516,93.1598
7,88,8524.2209,0,3.3557,63.3557,63.3557,60.2345
7,89,8685.2402,0,6.1976,6.992,6.992,68.8541
7,90,8719.5239,0,6.2144,13.3253,13.3253,38.3463
7,91,8879.7796,0,2.4852,21.9367,21.9367,58.8126
7,92,8994.1667,0,2.6973,6.5986,6.5986,37.5915
7,93,9268.0693,0,1.3897,5.7507,5.7507,38.4389
7,94,9285.506,0,9.4081,12.8007,12.8007,49.4427
7,95,9338.3776,0,2.624,5.8089,5.8089,35.2428
7,96,9379.9601,0,3.1983,5.1838,5.1838,61.5339
7,97,9499.2677,0,5.9279,9.8186,9.8186,33.8884
7,98,9514.0585,0,4.1822,7.0588,7.0588,101.6303
7,99,9554.6305,0,7.6301,16.1562,16.1562,67.8486
7,100,9614.1108,0,5.6935,11.2168,11.2168,43.7358
7,101,9631.8171,0,0.4579,5.9261,5.9261,27.4574
7,102,9654.5252,0,6.8119,12.9009,12.9009,48.09
7,103,9695.2413,0,6.8619,11.8101,11.8101,40.5024
7,104,9801.4236,0,5.9798,13.5835,13.5835,51.2604
7,105,9821.3907,0,5.3374,11.0933,11.0933,65.0498
7,106,9820.2195,0,10.6102,13.0851,13.0851,94.9159
7,107,9917.8572,0,0.8673,4.549,4.549,38.4067
7,108,10032.1773,0,4.6742,8.9395,8.9395,37.424
7,109,10135.0506,0,2.5733,9.4852,9.4852,101.6481
7,110,10164.5781,0,5.4379,17.6226,17.6226,85.152
7,111,10455.295,0,3.5884,19.6489,19.6489,33.1859
7,112,10496.4493,0,0.805,5.3072,5.3072,54.7367
7,113,10630.9543,0,4.4349,7.4633,7.4633,26.7909
7,114,10792.1806,0,8.7152,12.8951,12.8951,69.8798
7,115,10891.5179,0,3.2506,16.0643,16.0643,95.4692
7,116,10911.7137,0,2.3444,10.1387,10.1387,62.7858
7,117,10936.3395,0,3.4139,8.4714,8.4714,97.3476
7,118,10955.1022,0,7.1012,15.2478,15.2478,88.1029
7,119,11198.1543,0,6.4012,9.5048,9.5048,37.497
7,120,11263.5597,0,2.34,51.9821,51.9821,90.6782
7,121,11318.7627,0,12.0031,15.3444,15.3444,42.9735
7,122,11369.4099,0,13.2084,19.1142,19.1142,67.6904
7,123,11422.6771,0,7.6549,9.0122,9.0122,30.3513
7,124,11456.3696,0,1.4139,3.499,3.499,78.62
7,125,11590.5784,0,2.7615,8.8439,8.8439,47.5812
7,126,11592.7438,0,2.6209,7.4097,7.4097,69.1963
7,127,11637.54,0,5.2156,10.355,10.355,72.4505
7,128,11754.122,0,2.9235,5.5923,5.5923,97.7574
7,129,12067.431,0,8.0981,13.9307,13.9307,62.0011
7,130,12124.4023,0,5.0877,13.9384,13.9384,29.5782
7,131,12154.5126,0,2.6197,5.6272,5.6272,80.1185
7,132,12153.2984,0,2.6384,9.1758,9.1758,98.9977
7,133,12153.1345,0,11.3115,13.7545,13.7545,109.9928
7,134,12172.1381,0,4.7826,11.4073,11.4073,176.9197
7,135,12259.1882,0,4.0122,7.2242,7.2242,117.8653
7,136,12307.1372,0,3.842,8.1372,8.1372,64.9842
7,137,12327.2871,0,7.5876,13.446,13.446,96.5477
7,138,12337.4641,0,14.4101,19.9056,19.9056,118.8036
7,139,12343.265,0,23.6899,28.4885,28.4885,130.4229
7,140,12618.0792,0,2.0467,14.6398,14.6398,42.1439
7,141,12711.1159,0,5.6122,7.3655,7.3655,29.573
7,142,12714.028,0,3.7233,6.3096,6.3096,45.9782
7,143,12740.6045,0,4.2682,9.4804,9.4804,37.3353
7,144,12748.4787,0,5.7404,10.536,10.536,42.029
7,145,12787.4294,0,0.4549,3.4468,3.4468,48.1002
7,146,12849.728,0,4.0108,10.7789,10.7789,51.3108
7,147,12847.8932,0,5.6452,14.739,14.739,68.7431
7,148,12978.7191,0,7.3024,10.4673,10.4673,56.1678
7,149,13201.5183,0,3.7225,25.595,25.595,54.0383
7,150,13346.0972,0,1.0447,3.1871,3.1871,29.6676
7,151,13543.5105,0,2.6671,16.0538,16.0538,61.4819
7,152,13592.9746,0,3.6732,15.0528,15.0528,42.5035
7,153,13602.3782,0,5.4375,6.0356,6.0356,56.0486
7,154,13628.6565,0,6.0313,11.9668,11.9668,36.2181
7,155,13635.8997,0,0.4966,6.2196,6.2196,65.5336
7,156,13644.1267,0,3.6005,9.1155,9.1155,71.996
7,157,13714.6192,0,3.6935,17.89,17.89,67.8864
7,158,13772.518,0,2.6207,28.6304,28.6304,51.325
7,159,13779.7409,0,7.0483,21.6681,21.6681,82.0371
7,160,13798.3456,0,16.6287,21.8782,21.8782,66.2977
7,161,13877.7434,0,3.4228,6.2324,6.2324,54.0233
7,162,13977.5417,0,1.8633,4.3852,4.3852,22.882
7,163,13992.0901,0,9.0038,15.2175,15.2175,50.2026
7,164,14005.4564,0,6.3258,10.4894,10.4894,70.2823
7,165,14329.3846,0,3.3466,6.3461,6.3461,49.6057
7,166,14430.5249,0,0.8177,4.2754,4.2754,36.6567
7,167,14811.944,0,1.158,5.1647,5.1647,48.1253
7,168,14955.9914,0,4.6365,7.8663,7.8663,31.3435
7,169,14965.2574,0,5.5428,8.6777,8.6777,66.9517
7,170,15332.9966,0,2.9497,8.4703,8.4703,73.9511
7,171,15432.4649,0,6.3264,12.1258,12.1258,58.2405
7,172,16023.944,0,1.8942,6.4037,6.4037,53.5143
7,173,16104.1032,0,4.2146,8.0582,8.0582,51.3283
7,174,16331.0909,0,7.3002,12.8706,12.8706,47.3718
7,175,16345.711,0,10.195,16.8166,16.8166,59.2438
7,176,16411.414,0,1.609,2.4614,2.4614,39.6632
7,177,16423.8117,0,6.415,12.0261,12.0261,52.6642
7,178,16503.8027,0,8.7806,16.6597,16.6597,64.7928
7,179,16608.1723,0,5.0877,9.2041,9.2041,42.1561
7,180,16629.766,0,6.2771,9.9643,9.9643,74.3926
7,181,16666.3736,0,1.9719,6.9072,6.9072,61.4234
7,182,16875.9741,0,1.0771,7.7104,7.7104,65.5257
7,183,16913.8703,0,11.5012,17.6737,17.6737,58.5229
7,184,17035.764,0,3.3291,6.7039,6.7039,39.0657
7,185,17045.6371,0,0.9209,8.396,8.396,51.7904
7,186,17059.9803,0,3.375,11.9638,11.9638,47.4293
7,187,17071.232,0,3.2166,7.7539,7.7539,42.3973
7,188,17108.9933,0,2.623,8.4692,8.4692,41.3226
7,189,17317.3327,0,1.0436,22.1614,22.1614,87.5744
7,190,17457.4816,0,2.7419,11.7911,11.7911,40.5859
7,191,17753.9074,0,11.1877,13.8052,13.8052,67.3736
7,192,17832.7556,0,4.4401,27.4057,27.4057,69.8924
7,193,17915.5568,0,2.9899,10.1482,10.1482,65.6678
7,194,17993.5556,0,0.6714,3.3014,3.3014,72.0532
7,195,18017.0748,0,2.9647,24.2421,24.2421,72.2708
7,196,18123.5001,0,1.7959,5.5019,5.5019,30.5983
7,197,18138.3976,0,5.3255,7.6826,7.6826,54.6842
7,198,18212.9206,0,7.7145,11.6101,11.6101,62.194
7,199,18269.1235,0,1.2402,3.3908,3.3908,68.0603
7,200,18502.1268,0,0.8251,8.7586,8.7586,57.3221
7,201,18551.8491,0,4.8165,14.7435,14.7435,68.7284
7,202,18575.8447,0,7.3904,13.9801,13.9801,71.0377
7,203,18636.1861,0,4.2449,7.0556,7.0556,35.7507
7,204,18660.1757,0,11.4128,18.9595,18.9595,63.4505
7,205,18644.6781,0,10.5653,47.9212,47.9212,81.7477
7,206,18903.0592,0,4.6423,7.1628,7.1628,74.786
7,207,19224.593,0,9.5465,11.8843,11.8843,70.1802
7,208,19400.2013,0,5.1389,10.3706,10.3706,52.0111
7,209,19433.5884,0,1.7751,9.5783,9.5783,41.7161
7,210,19442.2434,0,6.2943,15.051,15.051,53.564
7,211,19497.0592,0,6.7391,12.6889,12.6889,53.4536
7,212,19531.0507,0,3.9607,8.2342,8.2342,87.5945
7,213,19545.5828,0,3.6358,7.1878,7.1878,113.0329
7,214,19539.9163,0,11.4469,14.0619,14.0619,123.6071
7,215,19676.7009,0,9.7107,18.1905,18.1905,51.4852
7,216,19702.0511,0,2.3905,11.5094,11.5094,32.8159
7,217,19806.2128,0,5.8606,9.4431,9.4431,43.4078
7,218,19935.3691,0,1.1042,5.6952,5.6952,64.2403
7,219,19990.7621,0,2.6298,4.0325,4.0325,47.2152
7,220,20571.8911,0,6.7312,16.0133,16.0133,63.7968
7,221,20620.357,0,2.4362,4.3102,4.3102,56.7809
7,222,20699.4318,0,1.7471,5.0846,5.0846,20.4356
7,223,20744.7382,0,3.7031,6.3081,6.3081,34.1718
7,224,20820.8907,0,4.2748,8.9505,8.9505,37.8317
7,225,20857.0054,0,1.1546,4.4504,4.4504,68.7245
7,226,20854.4946,0,0.1739,10.9888,10.9888,81.462
7,227,20906.436,0,0.2015,3.5804,3.5804,51.5184
7,228,20906.4237,0,12.7558,22.1412,22.1412,59.2911
7,229,20929.3018,0,5.2183,13.9356,13.9356,72.4632
7,230,20991.8035,0,4.6347,12.4635,12.4635,54.1328
7,231,21065.9604,0,6.8411,9.6734,9.6734,37.1816
7,232,21529.3167,0,7.6877,11.7858,11.7858,44.7981
7,233,21595.8219,0,8.5264,12.6658,12.6658,56.4599
7,234,21753.4307,0,2.3451,4.4157,4.4157,37.5408
7,235,22074.5342,0,2.4574,6.1863,6.1863,65.1645
7,236,22137.1091,0,2.6409,8.2109,8.2109,37.5058
7,237,22183.0212,0,4.4756,18.2464,18.2464,107.3671
7,238,22221.1035,0,7.066,11.0248,11.0248,69.7569
7,239,22231.3632,0,7.1145,10.7709,10.7709,86.3758
7,240,22323.9136,0,4.2281,5.6195,5.6195,30.4835
7,241,22339.6809,0,2.6101,4.1489,4.1489,90.4786
7,242,22382.5262,0,6.2102,13.5096,13.5096,42.7275
7,243,22430.3497,0,3.703,6.3643,6.3643,33.5497
7,244,22435.2964,0,2.3802,7.6941,7.6941,49.3783
7,245,22518.6204,0,2.4369,6.1251,6.1251,52.0973
7,246,22569.4108,0,3.5778,6.6276,6.6276,68.6018
7,247,22763.278,0,3.4949,21.1264,21.1264,68.2451
7,248,22878.4721,0,12.0432,19.6997,19.6997,49.2292
7,249,22921.1534,0,11.3102,18.2491,18.2491,116.3603
7,250,23018.665,0,1.983,6.7406,6.7406,46.6503
7,251,23428.0608,0,0.673,8.8441,8.8441,96.0504
7,252,23953.9786,0,13.7743,22.2188,22.2188,53.7495
7,253,24019.9054,0,3.2856,22.2574,22.2574,62.1951
7,254,24408.5902,0,1.2459,4.7712,4.7712,24.9264
7,255,24614.5797,0,1.5241,6.4704,6.4704,76.5353
7,256,24815.4447,0,2.7149,4.5845,4.5845,21.6932
7,257,24928.5863,0,6.7838,19.0067,19.0067,126.9342
7,258,25139.6492,0,2.4319,16.414,16.414,72.6
7,259,25212.5497,0,3.4842,16.3006,16.3006,40.845
7,260,25423.1967,0,9.2754,42.5724,42.5724,65.6262
7,261,25484.9891,0,4.7363,10.9148,10.9148,73.9747
7,262,25599.7173,0,3.3338,12.7064,12.7064,66.456
7,263,25623.9316,0,4.0672,30.5146,30.5146,61.9145
7,264,25735.1582,0,4.8561,7.8866,7.8866,55.4247
7,265,25739.0704,0,3.4416,15.7221,15.7221,74.1916
7,266,25743.2062,0,12.2109,15.5236,15.5236,78.4052
7,267,25746.9907,0,17.3033,21.6355,21.6355,90.8627
7,268,25833.6912,0,4.0007,10.6568,10.6568,60.3905
7,269,25876.4651,0,5.8115,12.343,12.343,104.3344
7,270,25994.3181,0,5.3109,12.3388,12.3388,45.0418
7,271,26028.5952,0,3.7655,8.3036,8.3036,85.1983
7,272,26208.1284,0,1.981,5.1681,5.1681,33.8448
7,273,26233.7927,0,7.2585,9.5464,9.5464,33.5305
7,274,26247.3451,0,4.7647,9.8095,9.8095,61.907
7,275,26419.9615,0,4.1451,6.0882,6.0882,44.0848
7,276,26438.8698,0,2.8793,8.6344,8.6344,37.1911
7,277,26509.4824,0,1.9328,5.8384,5.8384,71.0857
7,278,26518.6938,0,7.0764,15.7705,15.7705,76.2621
7,279,26590.7711,0,11.1995,17.0599,17.0599,62.8931
7,280,26612.3188,0,3.8718,13.2726,13.2726,45.9008
7,281,26607.784,0,2.3688,17.9172,17.9172,56.2568
7,282,26646.1456,0,14.4572,18.547,18.547,60.3094
7,283,26659.1274,0,11.5737,22.2157,22.2157,59.0692
7,284,26785.3583,0,1.9328,14.7246,14.7246,42.1633
7,285,26779.5261,0,1.9107,22.7975,22.7975,64.9164
7,286,26821.0536,0,2.0237,7.4502,7.4502,97.3616
7,287,26881.3638,0,4.9711,14.5486,14.5486,53.8959
7,288,26956.6105,0,2.2232,6.18,6.18,28.696
7,289,26968.408,0,2.0946,5.1083,5.1083,40.6402
7,290,26971.0453,0,2.4984,4.7315,4.7315,55.2972
7,291,27035.3268,0,1.617,6.3024,6.3024,37.9883
7,292,27147.3816,0,6.2016,24.8604,24.8604,52.8966
7,293,27178.858,0,1.6904,3.8064,3.8064,25.0168
7,294,27240.7119,0,5.3075,9.5969,9.5969,40.3389
7,295,27260.1687,0,0.4797,4.4813,4.4813,71.0014
7,296,27443.0245,0,1.4972,3.4588,3.4588,39.1378
7,297,27598.0913,0,2.1151,6.7723,6.7723,27.2079
7,298,27685.3183,0,5.4129,6.7143,6.7143,37.3855
7,299,27718.4499,0,3.7243,7.6008,7.6008,91.4675
7,300,27981.3494,0,3.4942,11.9948,11.9948,41.9521
7,301,28073.1475,0,2.1351,4.227,4.227,57.4595
7,302,28104.9423,0,8.9166,13.0205,13.0205,59.1783
7,303,28250.4348,0,4.972,7.2058,7.2058,44.9323
7,304,28297.9769,0,1.6818,5.9745,5.9745,47.1513
7,305,28334.1966,0,6.8667,9.7475,9.7475,71.6357
7,306,28332.0671,0,7.4526,16.5987,16.5987,79.6939
7,307,28360.6068,0,10.951,16.4911,16.4911,58.4586
7,308,28433.6151,0,4.0502,7.9225,7.9225,45.8268
7,309,28502.1529,0,3.9954,7.6412,7.6412,47.7017
7,310,28550.2807,0,2.852,22.6372,22.6372,44.5005
7,311,28563.7233,0,1.7988,14.4526,14.4526,60.7736
7,312,28590.5295,0,8.3287,12.5515,12.5515,45.7312
7,313,28672.359,0,3.1684,8.2554,8.2554,31.2471
7,314,28711.6887,0,7.2384,35.7871,35.7871,58.9822
7,315,28768.3132,0,1.2214,5.6661,5.6661,33.7316
7,316,29226.9919,0,8.8823,45.3536,45.3536,90.4485
7,317,29366.916,0,5.7309,8.7835,8.7835,53.4325
7,318,29466.1028,0,0.7008,8.9032,8.9032,55.3923
7,319,29507.707,0,8.8364,14.2,14.2,70.5099
7,320,29532.4528,0,9.6777,13.7143,13.7143,51.7655
7,321,29580.285,0,13.8335,24.03,24.03,80.4044
7,322,29624.9551,0,6.1662,13.7326,13.7326,69.8844
7,323,29692.0728,0,8.167,11.6653,11.6653,85.5038
7,324,29766.5398,0,1.5936,4.7921,4.7921,53.1642
7,325,29796.6437,0,1.7008,6.6266,6.6266,100.9562
7,326,29836.9161,0,1.6744,7.1633,7.1633,90.1914
7,327,29989.4766,0,6.4587,11.0188,11.0188,42.5292
7,328,30057.0143,0,11.041,19.3999,19.3999,70.3225
7,329,30073.5374,0,9.8587,16.9064,16.9064,88.4778
7,330,30042.8317,0,1.3952,61.3952,61.3952,78.9692
7,331,30159.0358,0,3.5543,33.1687,33.1687,95.7873
7,332,30243.6846,0,3.7655,8.9373,8.9373,47.5867
7,333,30386.9728,0,0.4924,6.0313,6.0313,61.4573
7,334,30538.7701,0,1.8775,18.5081,18.5081,85.3877
7,335,30730.1696,0,1.2978,7.5398,7.5398,44.768
7,336,30920.9513,0,4.1971,17.023,17.023,36.431
7,337,30964.6286,0,2.0687,3.3646,3.3646,72.7475
7,338,30987.2045,0,11.2284,25.7229,25.7229,79.3273
7,339,31014.3927,0,6.651,10.3826,10.3826,54.3041
7,340,31113.2542,0,1.9951,5.0395,5.0395,42.3512
7,341,31111.8084,0,5.8797,9.0399,9.0399,59.6641
7,342,31230.0583,0,0.1841,5.495,5.495,57.0034
7,343,31229.464,0,7.4959,12.4753,12.4753,70.8449
7,344,31260.3921,0,3.2638,6.3549,6.3549,76.7034
7,345,31282.2208,0,4.1311,7.4932,7.4932,65.4851
7,346,31349.1283,0,1.4241,13.3139,13.3139,56.3673
7,347,31433.281,0,3.3338,8.1669,8.1669,46.4991
7,348,31535.6684,0,5.68,11.1573,11.1573,43.9655
7,349,31543.3478,0,6.1491,24.7056,24.7056,59.1047
7,350,31551.9269,0,9.6352,16.4748,16.4748,57.5716
7,351,32091.4661,0,1.4101,12.6351,12.6351,49.3614
7,352,32269.2516,0,4.3181,8.6584,8.6584,42.3821
7,353,32321.0996,0,2.3258,9.0424,9.0424,47.6022
7,354,32372.4124,0,7.8017,17.632,17.632,57.2278
7,355,32391.8053,0,8.3121,21.0755,21.0755,100.1851
7,356,32480.4835,0,2.5585,5.2516,5.2516,29.6751
7,357,32607.3615,0,5.1532,8.5023,8.5023,55.6616
7,358,32809.9296,0,3.2145,36.4157,36.4157,62.2444
7,359,32845.821,0,4.2184,7.8149,7.8149,76.3373
7,360,32872.135,0,4.3848,7.9503,7.9503,80.1564
7,361,32932.5203,0,11.6892,17.2069,17.2069,48.9527
7,362,32990.982,0,3.8775,7.6618,7.6618,41.5298
7,363,33035.8533,0,2.0038,3.5423,3.5423,40.4441
7,364,33031.6319,0,2.0804,8.2795,8.2795,44.09
7,365,33070.1033,0,3.014,6.765,6.765,32.9919
7,366,33067.4603,0,6.2959,16.8594,16.8594,63.4198
7,367,33324.3088,0,7.2153,10.2729,10.2729,49.5857
7,368,33375.281,0,6.3659,9.731,9.731,51.3056
7,369,33677.6318,0,6.1142,9.3323,9.3323,77.9186
7,370,33749.3904,0,4.6686,10.8445,10.8445,84.5374
7,371,33787.4314,0,3.6107,9.0923,9.0923,55.6456
7,372,33839.3571,0,1.6854,4.0714,4.0714,33.3087
7,373,33854.8305,0,1.9285,7.6682,7.6682,22.7862
7,374,33871.6484,0,10.0456,15.4191,15.4191,59.8678
7,375,33937.0611,0,5.1389,6.0217,6.0217,26.6806
7,376,33973.8181,0,3.9095,8.2623,8.2623,44.8114
7,377,34077.4511,0,4.569,8.8437,8.8437,27.9961
7,378,34079.7412,0,2.6638,13.3635,13.3635,54.3816
7,379,34124.8387,0,1.8336,6.3551,6.3551,35.9056
7,380,34175.9112,0,2.16,24.9988,24.9988,44.8523
7,381,34194.7871,0,4.1923,12.2977,12.2977,113.7392
7,382,34246.5406,0,9.2822,17.1356,17.1356,85.1185
7,383,34280.4863,0,7.1871,11.5744,11.5744,66.7636
7,384,34355.9779,0,2.3579,5.0747,5.0747,49.5253
7,385,34489.527,0,10.0956,12.6517,12.6517,39.5154
7,386,34552.4094,0,10.6826,39.9892,39.9892,75.1088
7,387,34587.0404,0,7.5097,11.4655,11.4655,57.49
7,388,34959.0107,0,2.4852,9.9835,9.9835,166.6079
7,389,34970.9825,0,2.9424,7.6061,7.6061,166.1276
7,390,35001.2029,0,5.7814,10.9466,10.9466,141.1296
7,391,35089.6703,0,4.6512,7.8491,7.8491,60.0683
7,392,35128.9957,0,8.8552,17.6087,17.6087,68.3413
7,393,35173.6687,0,8.0001,16.6958,16.6958,83.0557
7,394,35208.1161,0,2.0646,5.5352,5.5352,61.052
7,395,35415.1087,0,3.8543,7.2088,7.2088,47.8822
7,396,35417.755,0,4.8113,6.4097,6.4097,50.7275
7,397,35517.5867,0,3.9964,15.5793,15.5793,47.9163
7,398,35649.6365,0,2.9567,7.1464,7.1464,68.5294
7,399,35666.6636,0,17.139,20.5025,20.5025,35.1996
7,400,35701.6118,0,3.4013,6.3844,6.3844,83.1477
7,401,35749.5145,0,0.8271,11.5846,11.5846,35.0299
7,402,35794.4603,0,0.8579,4.9,4.9,30.9428
7,403,35856.6918,0,3.7898,18.559,18.559,100.4783
7,404,35974.7681,0,5.7075,14.6077,14.6077,42.0422
7,405,36003.3719,0,3.3732,12.0308,12.0308,105.9588
7,406,36070.2305,0,1.6722,3.6381,3.6381,63.9284
7,407,36433.4782,0,3.5086,10.9369,10.9369,50.7076
7,408,36604.6993,0,3.2719,9.5553,9.5553,61.9916
7,409,36805.9057,0,4.0499,10.1556,10.1556,25.5664
7,410,37084.9266,0,0.7293,8.0833,8.0833,42.2182
7,411,37091.5848,0,9.544,20.3473,20.3473,59.255
7,412,37100.7013,0,2.6741,42.1064,42.1064,63.2643
7,413,37195.2056,0,4.9064,6.8635,6.8635,48.0305
7,414,37261.2291,0,1.1037,4.9188,4.9188,87.5462
7,415,37364.2388,0,5.4775,13.4975,13.4975,59.1044
7,416,37452.3006,0,5.2734,12.9264,12.9264,44.0867
7,417,37534.4633,0,0.774,7.9464,7.9464,23.9879
7,418,37682.225,0,5.2881,10.8184,10.8184,65.7609
7,419,37911.0176,0,8.4724,18.9672,18.9672,51.1934
7,420,37954.7722,0,2.3444,8.6002,8.6002,56.4963
7,421,37971.9856,0,5.9415,13.382,13.382,60.8778
7,422,38038.1645,0,7.4243,14.5555,14.5555,62.8087
7,423,38032.3681,0,10.1852,21.4974,21.4974,63.6007
7,424,38071.6264,0,5.9563,11.2149,11.2149,71.4077
7,425,38234.6174,0,4.2962,8.3785,8.3785,46.2075
7,426,38270.1537,0,4.1104,10.0384,10.0384,36.5786
7,427,38357.516,0,3.6358,7.5636,7.5636,36.3507
7,428,38394.0272,0,5.9582,10.663,10.663,51.2267
7,429,38518.6001,0,4.2919,6.9731,6.9731,56.4048
7,430,38569.4121,0,7.9111,11.1929,11.1929,58.9816
7,431,38603.6358,0,7.3986,9.5122,9.5122,43.1209
7,432,38612.024,0,9.3534,16.0559,16.0559,69.1348
7,433,38641.171,0,2.8792,11.2136,11.2136,66.8039
7,434,38810.8357,0,2.3104,6.7267,6.7267,37.9401
7,435,39190.989,0,3.046,13.288,13.288,86.4646
7,436,39195.3474,0,9.8755,11.4607,11.4607,87.5513
7,437,39324.3627,0,4.9963,6.1431,6.1431,34.62
7,438,39348.3635,0,3.8762,8.0664,8.0664,89.6383
7,439,39619.8206,0,3.3164,16.1601,16.1601,57.3607
7,440,39702.447,0,2.4319,4.666,4.666,85.5174
7,441,39751.5443,0,6.426,11.2338,11.2338,60.4394
7,442,39929.5354,0,2.7792,9.258,9.258,53.4605
7,443,40000.1907,0,3.7925,8.0739,8.0739,101.9657
7,444,40184.7016,0,1.8128,5.0994,5.0994,37.3383
7,445,40227.4338,0,2.4322,6.6534,6.6534,69.8915
7,446,40248.6575,0,2.5121,8.272,8.272,60.3346
7,447,40581.823,0,2.2695,10.681,10.681,35.2715
7,448,40744.1679,0,11.0839,21.7186,21.7186,53.5233
7,449,40745.727,0,2.7411,36.3655,36.3655,69.8804
7,450,40873.2191,0,4.4353,7.4055,7.4055,44.1191
7,451,40876.2333,0,3.1145,6.4182,6.4182,42.3204
7,452,40892.1105,0,5.6194,13.4201,13.4201,70.5428
7,453,40915.4009,0,5.8934,19.7113,19.7113,52.3566
7,454,40945.5367,0,1.1054,7.0124,7.0124,52.0565
7,455,40965.6373,0,2.5078,8.4552,8.4552,55.7434
7,456,41008.6604,0,2.1295,6.6731,6.6731,36.8806
7,457,41196.3111,0,3.2088,7.4904,7.4904,46.3681
7,458,41286.5315,0,3.0553,9.049,9.049,53.145
7,459,41281.5084,0,1.142,17.3026,17.3026,64.3994
7,460,41372.618,0,8.1652,11.0235,11.0235,62.3244
7,461,41455.1995,0,1.5358,3.7234,3.7234,29.4108
7,462,41460.7335,0,5.1735,10.1916,10.1916,30.9036
7,463,41504.4316,0,2.8327,6.9477,6.9477,77.9103
7,464,41552.2295,0,6.4289,9.7621,9.7621,73.6764
7,465,41547.8729,0,3.3314,19.1654,19.1654,84.3071
7,466,41649.5002,0,3.2856,7.2145,7.2145,38.4045
7,467,41706.5097,0,2.5801,12.3926,12.3926,58.7341
7,468,41724.2753,0,2.6306,11.5571,11.5571,52.2245
7,469,41931.0678,0,4.3918,16.8408,16.8408,55.8051
7,470,41928.5629,0,1.1859,57.6831,57.6831,93.9052
7,471,41998.7166,0,7.3325,12.8171,12.8171,67.3152
7,472,42235.0232,0,5.9592,29.1416,29.1416,67.7665
7,473,42248.5124,0,9.873,29.5931,29.5931,64.1511
7,474,42447.3088,0,5.5926,8.0952,8.0952,52.0471
7,475,42487.1388,0,4.9298,16.1512,16.1512,54.2264
7,476,42521.15,0,2.3444,6.2804,6.2804,74.8539
7,477,42562.283,0,8.7974,11.7458,11.7458,65.6133
7,478,42707.0555,0,9.3736,13.6339,13.6339,62.4745
7,479,42824.4323,0,7.9264,9.8755,9.8755,38.9944
7,480,42848.1304,0,6.2037,13.0663,13.0663,95.8438
7,481,42917.0888,0,1.7963,3.9901,3.9901,54.1466
7,482,42924.0738,0,5.2165,17.8357,17.8357,55.3771
7,483,43046.9211,0,2.8655,6.5646,6.5646,58.8277
8,1,0.0,0,0.4874,4.06,4.06,24.1154
8,2,419.1231,0,3.7887,7.8824,7.8824,73.7278
8,3,423.723,0,1.4481,5.5121,5.5121,101.853
8,4,565.6214,0,4.8489,21.7866,21.7866,49.8264
8,5,677.9641,0,1.1548,7.9583,7.9583,84.1457
8,6,792.0305,0,1.476,11.3156,11.3156,46.1953
8,7,840.0957,0,2.4908,4.3213,4.3213,39.0061
8,8,889.3134,0,5.3218,9.7494,9.7494,57.4561
8,9,921.1476,0,2.746,8.4756,8.4756,46.3251
8,10,924.8427,0,7.1596,14.2744,14.2744,65.3095
8,11,1029.9464,0,5.172,8.6053,8.6053,45.715
8,12,1622.7987,0,1.7333,5.112,5.112,67.0637
8,13,1898.6013,0,4.9122,9.7274,9.7274,57.1929
8,14,1920.8381,0,4.9827,13.2772,13.2772,66.801
8,15,2056.2138,0,7.6144,28.4043,28.4043,91.0116
8,16,2115.1609,0,2.9778,7.876,7.876,52.1648
8,17,2181.3952,0,4.2095,8.322,8.322,43.0788
8,18,2215.7803,0,3.9264,9.5023,9.5023,37.5486
8,19,2223.9997,0,3.3902,8.1008,8.1008,44.3845
8,20,2225.2322,0,6.4951,9.7119,9.7119,49.6054
8,21,2246.9505,0,2.9497,5.6219,5.6219,38.0145
8,22,2246.5299,0,2.3017,7.2459,7.2459,56.1478
8,23,2250.9573,0,21.5498,37.8268,37.8268,72.6537
8,24,2438.6689,0,3.5778,9.3781,9.3781,73.4116
8,25,2527.1209,0,2.9272,4.3544,4.3544,25.4072
8,26,2548.0743,0,12.4941,23.7059,23.7059,78.7711
8,27,2638.684,0,4.18,8.2606,8.2606,54.5943
8,28,2730.0757,0,3.4057,9.7546,9.7546,53.5539
8,29,2971.1844,0,5.4956,10.5358,10.5358,41.1108
8,30,3034.5283,0,4.4994,7.6426,7.6426,27.2486
8,31,3127.2047,0,3.072,6.1148,6.1148,32.2618
8,32,3281.6553,0,2.9587,10.7651,10.7651,44.9604
8,33,3295.4333,0,4.4488,10.582,10.582,44.0241
8,34,3304.8067,0,11.0704,16.0389,16.0389,75.5793
8,35,3363.1134,0,9.8374,11.5743,11.5743,36.7324
8,36,3725.7274,0,2.1582,7.0858,7.0858,59.8157
8,37,3791.3575,0,7.3287,12.0919,12.0919,45.8947
8,38,3809.2722,0,16.2713,20.4114,20.4114,64.6923
8,39,3818.9256,0,1.7766,16.0849,16.0849,74.0617
8,40,3930.7507,0,0.6245,3.1633,3.1633,66.5394
8,41,3952.8397,0,3.6302,9.7638,9.7638,61.3665
8,42,4097.534,0,6.384,9.246,9.246,55.3017
8,43,4174.5023,0,4.6742,9.2453,9.2453,32.7977
8,44,4264.5599,0,7.1647,13.8113,13.8113,45.0018
8,45,4283.7539,0,4.1505,9.6696,9.6696,82.097
8,46,4710.549,0,4.6518,18.8217,18.8217,92.4254
8,47,4926.9089,0,3.5657,6.8874,6.8874,35.7722
8,48,4967.2336,0,10.81,18.2804,18.2804,64.9804
8,49,5034.572,0,8.3705,15.4502,15.4502,22.1963
8,50,5056.6112,0,3.3427,10.3431,10.3431,56.862
8,51,5058.5917,0,9.7287,13.6807,13.6807,101.4896
8,52,5071.4327,0,3.3037,6.5255,6.5255,76.3519
8,53,5087.4757,0,20.0156,22.3099,22.3099,71.2218
8,54,5112.7573,0,2.0776,15.7236,15.7236,52.5079
8,55,5149.0471,0,5.8526,8.8468,8.8468,31.5354
8,56,5385.5648,0,1.6929,7.7475,7.7475,32.6577
8,57,5385.3418,0,4.1699,24.9257,24.9257,60.1061
8,58,5589.1368,0,2.5189,10.2775,10.2775,94.6275
8,59,5621.4184,0,5.2327,13.8731,13.8731,65.4058
8,60,5646.6033,0,8.8799,14.3746,14.3746,79.497
8,61,5678.5569,0,5.1202,13.4452,13.4452,49.7955
8,62,5717.9881,0,1.706,5.9647,5.9647,60.5809
8,63,5800.0623,0,4.5786,8.0493,8.0493,58.1158
8,64,5862.931,0,2.3335,7.3041,7.3041,46.6381
8,65,6165.1982,0,1.9816,8.4668,8.4668,62.2705
8,66,6174.8402,0,7.4459,11.2355,11.2355,56.5765
8,67,6176.6457,0,1.8677,10.2806,10.2806,101.3322
8,68,6330.9196,0,8.9502,21.8006,21.8006,82.8056
8,69,6376.7271,0,3.7925,6.8166,6.8166,39.3972
8,70,6385.2987,0,2.669,7.9232,7.9232,54.0445
8,71,6420.0627,0,6.3093,14.1467,14.1467,49.0804
8,72,6453.319,0,2.2534,13.5237,13.5237,48.5585
8,73,6477.7558,0,3.9837,7.451,7.451,44.6493
8,74,6480.0359,0,15.0299,19.9984,19.9984,70.7173
8,75,6531.915,0,15.6748,20.7968,20.7968,73.544
8,76,6585.8153,0,5.9582,15.8506,15.8506,44.2807
8,77,6657.3304,0,2.3237,4.7974,4.7974,20.5069
8,78,6673.2367,0,13.1104,17.2382,17.2382,62.391
8,79,6767.9927,0,7.776,8.8376,8.8376,38.6605
8,80,6961.3846,0,2.8605,9.6612,9.6612,49.7472
8,81,7077.3051,0,7.7925,11.4073,11.4073,59.8917
8,82,7094.7477,0,1.1546,3.7172,3.7172,49.3613
8,83,7094.3684,0,3.3018,9.7145,9.7145,59.5842
8,84,7685.0727,0,5.344,7.9519,7.9519,115.51
8,85,7726.5689,0,5.8489,12.9692,12.9692,82.6063
8,86,7780.1705,0,11.4781,18.5596,18.5596,54.3226
8,87,7813.6666,0,2.2893,6.1255,6.1255,64.6232
8,88,7893.5967,0,2.1155,4.2405,4.2405,46.3191
8,89,7979.8581,0,6.7955,11.1616,11.1616,55.9028
8,90,8017.3465,0,3.2764,7.4017,7.4017,59.8785
8,91,8396.9736,0,4.1107,5.4491,5.4491,59.4896
8,92,8403.3456,0,6.037,8.0871,8.0871,55.7093
8,93,8409.5318,0,3.5044,17.4788,17.4788,65.9181
8,94,8420.0672,0,9.2707,19.6142,19.6142,75.0556
8,95,8419.4315,0,6.7429,37.6928,37.6928,92.6924
8,96,8466.6559,0,1.0877,5.2892,5.2892,67.1893
8,97,8472.5747,0,3.0195,25.2483,25.2483,98.7476
8,98,8840.0793,0,5.1302,11.539,11.539,58.6275
8,99,8980.8386,0,9.2803,11.4571,11.4571,50.2721
8,100,8986.221,0,8.5382,11.7888,11.7888,63.5007
8,101,9249.8887,0,1.6968,3.9468,3.9468,41.3582
8,102,9326.3319,0,4.0034,8.9374,8.9374,56.2841
8,103,9361.3831,0,7.0441,12.2577,12.2577,37.7338
8,104,9396.1362,0,2.4175,7.3502,7.3502,29.1644
8,105,9453.8438,0,0.3394,3.7083,3.7083,49.9597
8,106,9539.5015,0,1.6369,17.4386,17.4386,59.6217
8,107,9564.0102,0,3.6675,10.5576,10.5576,58.9763
8,108,9749.058,0,0.4579,1.757,1.757,40.0363
8,109,9927.8193,0,2.4252,16.5802,16.5802,61.0419
8,110,10040.0813,0,1.9144,7.3727,7.3727,44.8782
8,111,10064.0164,0,5.712,8.116,8.116,60.2417
8,112,10424.5659,0,3.022,6.6425,6.6425,53.4076
8,113,10601.2077,0,1.2978,7.8495,7.8495,72.1421
8,114,10621.7668,0,11.741,15.1214,15.1214,64.6746
8,115,10674.392,0,5.3115,9.7691,9.7691,49.1533
8,116,10620.6922,0,7.0285,67.0285,67.0285,147.7431
8,117,10751.1873,0,6.5705,16.1456,16.1456,46.5248
8,118,10860.9941,0,7.2903,13.9601,13.9601,40.5012
8,119,10876.3622,0,8.1615,16.5977,16.5977,69.21
8,120,10889.0089,0,13.666,18.0358,18.0358,47.888
8,121,11010.6978,0,3.9635,16.5958,16.5958,84.5798
8,122,11109.3258,0,6.5952,9.4245,9.4245,49.8339
8,123,11137.4098,0,5.6611,27.9882,27.9882,58.0435
8,124,11143.9683,0,8.4504,44.5149,44.5149,91.4163
8,125,11182.5498,0,5.5005,9.9296,9.9296,60.0667
8,126,11184.795,0,25.9006,30.8929,30.8929,59.4626
8,127,11219.8186,0,2.4904,3.9363,3.9363,96.4864
8,128,11222.7679,0,1.9953,8.5282,8.5282,61.7206
8,129,11339.2419,0,1.6557,6.2265,6.2265,49.5536
8,130,11369.3433,0,13.2887,16.8645,16.8645,61.0348
8,131,11722.8934,0,2.5602,7.347,7.347,59.9603
8,132,11821.2038,0,0.6822,2.2227,2.2227,118.0735
8,133,11903.5701,0,1.7272,12.2461,12.2461,51.9597
8,134,11988.938,0,5.9695,10.4851,10.4851,35.5963
8,135,12174.8322,0,4.6311,9.1332,9.1332,67.3789
8,136,12196.4945,0,6.5789,9.485,9.485,69.3444
8,137,12194.0179,0,4.8378,14.978,14.978,75.3534
8,138,12206.9776,0,9.8039,12.7616,12.7616,73.0317
8,139,12386.8922,0,3.3902,13.9928,13.9928,31.0017
8,140,12419.5161,0,3.5896,9.9603,9.9603,62.041
8,141,12637.8245,0,4.785,6.83,6.83,38.2097
8,142,12680.1268,0,6.3146,7.9358,7.9358,49.3953
8,143,12798.2969,0,2.623,12.572,12.572,59.9724
8,144,12952.844,0,6.1155,9.3205,9.3205,37.1144
8,145,13040.9643,0,4.701,10.8847,10.8847,40.4993
8,146,13058.7652,0,5.2715,10.6708,10.6708,57.5989
8,147,13063.5071,0,13.2524,25.2975,25.2975,73.5961
8,148,13156.6349,0,4.4553,14.0742,14.0742,49.6829
8,149,13388.1482,0,8.3534,12.5796,12.5796,55.0735
8,150,13591.2583,0,5.4205,12.2692,12.2692,53.5316
8,151,13639.5302,0,3.3334,11.8161,11.8161,76.6768
8,152,13672.5867,0,3.538,8.0993,8.0993,56.0895
8,153,13718.8233,0,3.0022,8.5974,8.5974,40.1766
8,154,13743.8531,0,4.2916,35.6274,35.6274,76.7955
8,155,13793.3589,0,4.8554,8.9499,8.9499,43.0036
8,156,13847.969,0,5.812,15.6896,15.6896,90.9165
8,157,14023.8876,0,4.16,10.4469,10.4469,65.3586
8,158,14607.5458,0,1.2381,7.1688,7.1688,52.7398
8,159,14858.861,0,9.6148,12.1329,12.1329,75.0835
8,160,14946.6471,0,3.9264,6.8079,6.8079,54.3418
8,161,14947.9576,0,3.425,6.8868,6.8868,60.6987
8,162,15044.7145,0,6.0631,10.2077,10.2077,50.6901
8,163,15068.9085,0,8.1695,11.4701,11.4701,53.3019
8,164,15150.2421,0,1.6818,13.5589,13.5589,52.099
8,165,15183.4109,0,2.746,7.3843,7.3843,59.4587
8,166,15240.5756,0,11.9461,15.126,15.126,74.9493
8,167,15373.4981,0,1.9426,13.2087,13.2087,64.5061
8,168,15518.8668,0,3.0947,13.3779,13.3779,63.2193
8,169,15554.1855,0,5.7617,12.015,12.015,45.1483
8,170,15618.994,0,5.1604,8.7363,8.7363,37.5517
8,171,15617.7226,0,1.1468,10.0851,10.0851,54.5502
8,172,15746.5182,0,3.3179,20.5792,20.5792,43.7563
8,173,16361.8471,0,7.4243,15.3717,15.3717,67.7583
8,174,16385.6651,0,3.0202,9.8546,9.8546,76.2484
8,175,16414.7705,0,3.0869,8.9874,8.9874,59.0257
8,176,16441.8392,0,1.4296,6.7259,6.7259,54.3309
8,177,16442.9914,0,7.6349,12.9168,12.9168,61.4814
8,178,16517.314,0,2.3986,5.8632,5.8632,66.5051
8,179,16544.8648,0,3.678,10.8583,10.8583,52.0581
8,180,16548.8806,0,12.7434,16.9834,16.9834,65.1468
8,181,16581.1326,0,8.0399,11.0489,11.0489,44.8522
8,182,16581.2291,0,7.2101,14.7535,14.7535,100.9673
8,183,16597.5448,0,5.5186,7.5377,7.5377,99.3279
8,184,16666.0961,0,7.7075,39.3517,39.3517,78.8907
8,185,16743.1544,0,4.0657,11.0783,11.0783,44.7623
8,186,16770.9809,0,9.8003,13.1005,13.1005,72.6019
8,187,16852.0125,0,3.3044,14.7908,14.7908,58.7426
8,188,16852.289,0,7.8451,15.6034,15.6034,72.4086
8,189,16852.4415,0,14.2005,20.7211,20.7211,77.6835
8,190,16974.6342,0,5.3842,6.7003,6.7003,61.651
8,191,17012.0134,0,4.4513,7.5534,7.5534,52.183
8,192,17090.561,0,2.5942,11.2659,11.2659,51.1057
8,193,17131.362,0,2.6724,8.5948,8.5948,16.8145
8,194,17135.5594,0,3.6314,5.5558,5.5558,55.0889
8,195,17167.3339,0,5.3917,10.3197,10.3197,51.6271
8,196,17207.4449,0,11.566,14.9304,14.9304,64.9727
8,197,17251.0303,0,1.872,10.4104,10.4104,43.5094
8,198,17260.1291,0,4.0367,11.6915,11.6915,70.4186
8,199,17540.1687,0,3.7384,9.6683,9.6683,57.8821
8,200,17610.2853,0,6.3314,10.1827,10.1827,50.1782
8,201,17774.3139,0,3.7931,6.3714,6.3714,40.5832
8,202,17809.1546,0,1.6916,7.1778,7.1778,47.0018
8,203,17902.3643,0,8.6083,15.662,15.662,84.9171
8,204,17932.8024,0,6.8618,10.2111,10.2111,59.244
8,205,18028.5649,0,4.8824,8.6947,8.6947,105.7688
8,206,18101.5081,0,1.4093,3.9543,3.9543,35.7388
8,207,18104.3749,0,9.5567,13.5142,13.5142,46.3274
8,208,18168.1444,0,1.762,7.3988,7.3988,71.5696
8,209,18311.375,0,3.6673,26.8108,26.8108,68.9756
8,210,18490.4767,0,3.2765,5.5967,5.5967,48.1744
8,211,18519.9763,0,2.2003,7.1469,7.1469,53.4553
8,212,18534.5118,0,6.0099,10.6053,10.6053,50.3402
8,213,18537.7945,0,3.2507,8.9893,8.9893,61.2776
8,214,18756.2385,0,2.4714,7.4534,7.4534,22.3498
8,215,18977.7101,0,2.7587,13.1137,13.1137,38.8165
8,216,19326.6407,0,2.1883,4.5115,4.5115,60.5147
8,217,19378.5211,0,7.5876,10.7819,10.7819,86.1708
8,218,19506.9152,0,6.6738,16.7506,16.7506,60.9221
8,219,19513.5447,0,11.7232,30.0944,30.0944,72.5803
8,220,19557.1757,0,2.9778,10.776,10.776,43.8076
8,221,19586.1056,0,4.5709,8.6218,8.6218,36.2802
8,222,19607.8416,0,6.7446,13.2624,13.2624,88.0585
8,223,19659.7963,0,3.0546,7.8994,7.8994,34.9727
8,224,19728.8542,0,1.6733,5.308,5.308,59.303
8,225,19738.9226,0,1.0588,6.1941,6.1941,74.1194
8,226,19824.7691,0,4.5663,8.0461,8.0461,52.9942
8,227,19824.8536,0,1.4646,9.2282,9.2282,59.0949
8,228,19868.2573,0,1.8992,12.3893,12.3893,62.7019
8,229,19872.4353,0,12.6825,18.9391,18.9391,68.9662
8,230,20413.3165,0,1.2613,3.7282,3.7282,61.8861
8,231,20514.9159,0,2.2383,7.7679,7.7679,51.3356
8,232,20585.1151,0,1.0574,12.5332,12.5332,90.8824
8,233,20630.0787,0,2.6596,18.358,18.358,112.4117
8,234,20706.7723,0,1.6818,21.7997,21.7997,69.124
8,235,20850.5738,0,5.0813,19.9532,19.9532,105.2489
8,236,20870.1623,0,7.2741,13.1563,13.1563,89.3933
8,237,21162.4754,0,2.7893,14.0449,14.0449,51.2919
8,238,21326.4801,0,4.8639,11.4593,11.4593,53.8226
8,239,21462.8923,0,6.6684,10.9865,10.9865,27.826
8,240,21465.8497,0,2.3487,8.727,8.727,49.328
8,241,21619.5554,0,3.3957,14.5375,14.5375,47.6305
8,242,21706.2501,0,4.5869,9.6404,9.6404,53.6551
8,243,21822.4261,0,3.0422,4.5196,4.5196,37.24
8,244,21894.6447,0,3.5169,17.1321,17.1321,77.7348
8,245,21919.3114,0,5.2083,6.6594,6.6594,59.2248
8,246,22174.2173,0,1.9386,3.092,3.092,48.3507
8,247,22190.2884,0,8.2005,22.914,22.914,53.8129
8,248,22316.6888,0,5.5926,7.4036,7.4036,46.3789
8,249,22347.1095,0,5.7658,11.5287,11.5287,83.9913
8,250,22421.5513,0,2.669,6.5042,6.5042,56.7684
8,251,22434.6526,0,7.1757,12.6596,12.6596,58.1958
8,252,22512.6759,0,2.1197,5.9889,5.9889,51.927
8,253,22555.5471,0,2.5201,7.437,7.437,44.4418
8,254,22578.2959,0,6.2181,10.7716,10.7716,73.0487
8,255,22588.7241,0,4.1482,9.6277,9.6277,47.7143
8,256,22755.233,0,12.0827,14.1034,14.1034,47.1414
8,257,22775.2903,0,2.5753,5.8299,5.8299,36.1975
8,258,22948.5965,0,1.7008,10.7807,10.7807,45.9745
8,259,22966.9993,0,7.3423,18.1723,18.1723,60.238
8,260,22975.0716,0,4.252,12.951,12.951,74.0222
8,261,23204.8227,0,4.3278,6.7847,6.7847,55.1667
8,262,23441.4989,0,3.522,6.17,6.17,31.7129
8,263,23482.9327,0,2.1577,3.7488,3.7488,80.0593
8,264,23584.7084,0,2.8601,8.2181,8.2181,78.4478
8,265,23690.9461,0,3.8695,9.078,9.078,66.6742
8,266,23726.9125,0,3.4134,8.9378,8.9378,42.1745
8,267,23744.863,0,12.9949,17.0381,17.0381,63.657
8,268,23796.5719,0,9.6778,11.7933,11.7933,30.5381
8,269,23918.333,0,4.0573,7.3124,7.3124,48.2424
8,270,24084.4567,0,13.2673,17.0387,17.0387,66.5519
8,271,24253.9771,0,2.3062,49.6451,49.6451,88.2371
8,272,24396.7898,0,9.8498,18.1306,18.1306,54.7794
8,273,24426.1591,0,10.6525,20.7984,20.7984,51.7989
8,274,24594.676,0,6.6882,8.1183,8.1183,32.7562
8,275,24946.9897,0,1.8145,7.2129,7.2129,33.3443
8,276,25121.1574,0,8.7156,19.9501,19.9501,73.1779
8,277,25166.3189,0,7.7412,15.0767,15.0767,56.2645
8,278,25209.4457,0,4.3593,8.5036,8.5036,83.8404
8,279,25234.9433,0,0.4864,14.3021,14.3021,74.3265
8,280,25303.1084,0,6.5768,11.4131,11.4131,49.3352
8,281,25411.1745,0,2.1771,7.4783,7.4783,62.4809
8,282,25495.5168,0,1.7888,4.8649,4.8649,19.9437
8,283,25621.3113,0,2.4795,17.0068,17.0068,60.5407
8,284,25628.3705,0,0.8919,12.3417,12.3417,61.1912
8,285,25731.7572,0,3.7999,7.0562,7.0562,21.8721
8,286,25765.2238,0,5.2285,11.5261,11.5261,75.5423
8,287,25787.6525,0,7.4707,11.203,11.203,67.5465
8,288,25818.6071,0,0.8694,7.6839,7.6839,56.36
8,289,25858.9379,0,4.7569,8.7399,8.7399,74.7908
8,290,26039.0234,0,8.8927,17.8272,17.8272,78.3122
8,291,26074.7665,0,4.4649,57.6937,57.6937,89.1319
8,292,26112.5259,0,1.3828,61.2887,61.2887,89.8394
8,293,26271.4278,0,3.841,8.593,8.593,81.6848
8,294,26423.5415,0,4.6213,7.6192,7.6192,33.9532
8,295,26443.0048,0,11.1242,13.8453,13.8453,35.6848
8,296,26552.5837,0,4.2108,6.6656,6.6656,34.2031
8,297,26568.6056,0,16.137,18.8275,18.8275,65.8547
8,298,26624.6548,0,2.0327,10.6954,10.6954,24.7433
8,299,26654.0818,0,1.4192,8.5753,8.5753,52.0065
8,300,26735.4676,0,8.5519,21.258,21.258,77.317
8,301,26782.2277,0,11.3883,19.3867,19.3867,55.1198
8,302,26847.6588,0,6.3041,8.3863,8.3863,50.4405
8,303,26874.0493,0,4.441,9.565,9.565,64.6867
8,304,27321.2698,0,2.4042,23.2771,23.2771,47.7536
8,305,27356.8582,0,2.3724,7.8025,7.8025,62.9457
8,306,27521.1988,0,2.9541,6.8661,6.8661,45.4289
8,307,27549.936,0,2.1531,8.3145,8.3145,38.3959
8,308,27553.4647,0,4.3424,12.0447,12.0447,45.4448
8,309,27618.9385,0,2.162,4.1677,4.1677,35.6642
8,310,27811.5491,0,5.1409,13.6597,13.6597,50.4362
8,311,27909.4474,0,1.3355,7.8204,7.8204,38.5556
8,312,27969.7027,0,4.2281,7.0017,7.0017,53.8162
8,313,27997.18,0,5.7499,9.1057,9.1057,52.8588
8,314,28004.0418,0,5.8751,7.5414,7.5414,108.8597
8,315,28043.4259,0,0.7797,7.7523,7.7523,64.0587
8,316,28064.548,0,2.2402,8.4745,8.4745,60.4848
8,317,28086.4471,0,8.3944,12.2751,12.2751,49.9007
8,318,28155.5759,0,2.8053,4.6905,4.6905,36.8544
8,319,28160.9404,0,7.5478,14.7282,14.7282,44.1882
8,320,28204.9991,0,1.6594,6.3775,6.3775,37.7719
8,321,28382.1687,0,3.4552,6.0065,6.0065,42.6149
8,322,28448.0482,0,12.3933,19.9328,19.9328,58.6977
8,323,28571.1497,0,1.4075,7.0676,7.0676,62.2739
8,324,28604.4792,0,5.5898,9.3621,9.3621,99.3535
8,325,28776.8542,0,9.9541,25.5418,25.5418,86.7204
8,326,28841.9493,0,2.5088,9.5191,9.5191,54.9337
8,327,29294.2211,0,7.5259,8.5153,8.5153,81.2111
8,328,29335.775,0,8.0873,13.0104,13.0104,56.6252
8,329,29358.8364,0,6.9956,10.0741,10.0741,50.9727
8,330,29560.5191,0,4.0372,8.0256,8.0256,46.1442
8,331,29592.4859,0,7.7455,14.9522,14.9522,50.0969
8,332,29638.6806,0,9.6187,11.8138,11.8138,68.2707
8,333,29696.9179,0,12.5105,19.0366,19.0366,97.3112
8,334,29761.8065,0,1.981,4.2941,4.2941,66.7664
8,335,29754.8419,0,3.5177,17.2828,17.2828,72.1573
8,336,29943.0575,0,3.6729,6.3348,6.3348,52.472
8,337,30106.0636,0,10.8504,11.9671,11.9671,64.5316
8,338,30285.8566,0,7.2749,13.0212,13.0212,58.3348
8,339,30352.0868,0,3.7735,9.9989,9.9989,49.6431
8,340,30421.4309,0,5.5272,8.1769,8.1769,56.5756
8,341,30815.7951,0,5.5683,7.8786,7.8786,37.164
8,342,30862.5014,0,5.3038,13.8143,13.8143,47.7181
8,343,30930.0917,0,3.5239,12.8348,12.8348,66.7084
8,344,31013.9248,0,5.3699,9.5759,9.5759,40.2857
8,345,31020.9189,0,7.0145,11.3335,11.3335,60.2
8,346,31025.2292,0,19.9873,23.1588,23.1588,27.2352
8,347,31071.6599,0,4.1971,7.5191,7.5191,84.2975
8,348,31090.7606,0,3.0429,9.757,9.757,55.6428
8,349,31129.8083,0,3.0905,6.3832,6.3832,25.9005
8,350,31215.5282,0,2.0374,7.5992,7.5992,34.797
8,351,31255.5929,0,3.9877,8.9808,8.9808,43.7804
8,352,31374.3442,0,0.3692,18.69,18.69,62.0366
8,353,31520.7924,0,3.5459,5.7261,5.7261,43.0247
8,354,31514.8818,0,4.8754,16.1926,16.1926,69.7391
8,355,31736.5181,0,2.7419,11.8648,11.8648,55.6604
8,356,31743.7441,0,2.4829,8.5952,8.5952,54.39
8,357,31783.0171,0,9.5522,14.9238,14.9238,53.6647
8,358,32118.854,0,1.5905,16.1442,16.1442,24.8259
8,359,32326.2329,0,0.7564,7.2045,7.2045,33.084
8,360,32344.7556,0,2.2212,6.7993,6.7993,58.6995
8,361,32429.0298,0,10.2681,21.1887,21.1887,108.6118
8,362,32514.334,0,5.4599,20.82,20.82,73.0874
8,363,32524.7706,0,4.6213,24.0277,24.0277,108.2127
8,364,32789.105,0,4.9451,20.5139,20.5139,38.3802
8,365,32861.8962,0,8.3221,36.351,36.351,62.3854
8,366,32918.2585,0,1.5249,5.175,5.175,38.2048
8,367,32962.4619,0,6.1066,23.1103,23.1103,67.4028
8,368,33052.1072,0,6.249,11.8082,11.8082,36.8693
8,369,33079.2874,0,3.1682,12.9914,12.9914,100.9274
8,370,33129.2368,0,1.1473,6.8719,6.8719,83.23
8,371,33282.7921,0,4.9159,11.5653,11.5653,48.9649
8,372,33634.2864,0,4.2962,7.3074,7.3074,46.6152
8,373,33674.9578,0,3.4668,6.3937,6.3937,51.9657
8,374,33683.8229,0,8.4577,16.0024,16.0024,55.7772
8,375,33703.9052,0,3.737,7.6126,7.6126,48.017
8,376,33780.6704,0,8.2168,14.3441,14.3441,95.6749
8,377,33748.2542,0,2.5741,62.5741,62.5741,69.2302
8,378,33857.0557,0,8.9162,12.7483,12.7483,39.0108
8,379,34025.9985,0,4.5405,10.9831,10.9831,64.6137
8,380,34071.9043,0,6.897,14.4043,14.4043,82.078
8,381,34157.9155,0,4.6966,16.5161,16.5161,52.5106
8,382,34188.496,0,1.6162,5.1714,5.1714,36.925
8,383,34206.7255,0,4.4095,12.2967,12.2967,56.0139
8,384,34399.3227,0,4.6742,15.0377,15.0377,50.3475
8,385,35037.1447,0,6.7955,10.9632,10.9632,62.3538
8,386,35038.5069,0,2.6435,23.2022,23.2022,79.278
8,387,35146.7467,0,0.8259,10.1849,10.1849,36.2823
8,388,35167.9141,0,4.9716,6.753,6.753,33.9187
8,389,35216.4403,0,7.502,11.0934,11.0934,62.944
8,390,35226.2037,0,3.3891,8.1717,8.1717,80.9796
8,391,35248.7684,0,7.5049,15.8028,15.8028,67.7569
8,392,35314.4548,0,4.4264,8.7276,8.7276,53.4961
8,393,35327.5385,0,1.6595,9.6391,9.6391,47.9815
8,394,35362.9242,0,2.4348,9.7785,9.7785,71.4927
8,395,35421.4001,0,7.2066,15.6333,15.6333,35.9739
8,396,35483.8571,0,7.877,10.7853,10.7853,69.3244
8,397,35758.8877,0,2.1274,4.2598,4.2598,29.7387
8,398,35896.2119,0,3.3231,11.8821,11.8821,61.9051
8,399,35978.2145,0,6.1253,13.4372,13.4372,76.966
8,400,36121.8285,0,3.042,10.5587,10.5587,64.9269
8,401,36375.9957,0,1.6993,6.3517,6.3517,83.5462
8,402,36602.2014,0,7.5537,11.3584,11.3584,59.7331
8,403,36674.3108,0,5.4182,12.8478,12.8478,40.2158
8,404,36692.8281,0,6.163,9.9652,9.9652,67.1487
8,405,36823.808,0,6.1936,7.8942,7.8942,34.7247
8,406,36940.1965,0,3.0905,7.3006,7.3006,37.0969
8,407,36963.5667,0,4.8681,10.1502,10.1502,41.1444
8,408,37089.4664,0,5.0547,11.59,11.59,63.9621
8,409,37175.288,0,2.1274,8.1623,8.1623,48.2179
8,410,37175.0784,0,4.6896,37.19,37.19,108.1146
8,411,37342.8087,0,5.3673,20.8089,20.8089,78.2887
8,412,37378.2633,0,1.1157,4.5119,4.5119,61.6544
8,413,37542.6314,0,3.125,26.7687,26.7687,64.9832
8,414,37593.2638,0,1.6928,3.635,3.635,41.1187
8,415,37658.0142,0,0.5711,4.5711,4.5711,45.2285
8,416,37736.2686,0,3.1482,8.0097,8.0097,84.3504
8,417,37878.8541,0,5.2825,25.0258,25.0258,59.0301
8,418,38034.3581,0,11.3103,17.5129,17.5129,102.6732
8,419,38047.3134,0,0.9973,11.1329,11.1329,105.5994
8,420,38260.9679,0,0.9658,5.5724,5.5724,37.8692
8,421,38268.7476,0,3.4418,7.0682,7.0682,47.2493
8,422,38329.8606,0,1.9206,2.6541,2.6541,29.8007
8,423,38352.5072,0,1.2836,3.8304,3.8304,33.9768
8,424,38686.2685,0,1.8695,6.9167,6.9167,59.6079
8,425,38686.2974,0,7.1068,14.8117,14.8117,39.7929
8,426,38730.4968,0,0.5501,2.7709,2.7709,34.0207
8,427,38744.9203,0,2.9592,5.2736,5.2736,108.2559
8,428,38796.9684,0,1.0336,3.1687,3.1687,71.6279
8,429,38832.5608,0,2.1856,30.9775,30.9775,49.8682
8,430,39318.9967,0,4.4948,6.8454,6.8454,33.4552
8,431,39503.5194,0,1.3696,12.2316,12.2316,80.8847
8,432,39508.9833,0,3.9989,7.7334,7.7334,104.9991
8,433,39537.6877,0,3.2728,8.7026,8.7026,87.5816
8,434,39568.4535,0,4.186,8.2757,8.2757,71.9814
8,435,39613.3384,0,8.0474,11.8662,11.8662,57.9314
8,436,39621.7982,0,1.6595,14.3542,14.3542,57.0225
8,437,39654.6434,0,6.198,14.3296,14.3296,53.5361
8,438,39695.7036,0,3.594,19.4681,19.4681,49.0077
8,439,39761.6431,0,0.7311,6.4684,6.4684,53.3806
8,440,39763.9691,0,5.3385,9.624,9.624,58.8698
8,441,39797.0941,0,3.2951,6.6824,6.6824,63.4995
8,442,39808.8071,0,8.679,47.4648,47.4648,80.5849
8,443,39893.9947,0,9.0446,16.1631,16.1631,80.7006
8,444,40155.0697,0,2.1389,12.1215,12.1215,42.2284
8,445,40178.8232,0,3.7055,4.9943,4.9943,53.2504
8,446,40607.683,0,4.0252,5.493,5.493,42.0714
8,447,40895.2719,0,7.9598,10.7879,10.7879,50.514
8,448,41002.6505,0,3.2177,18.3217,18.3217,31.8174
8,449,41016.3452,0,3.7088,6.0015,6.0015,57.0026
8,450,41010.8414,0,13.0695,16.6655,16.6655,66.5749
8,451,41095.4808,0,0.896,8.4469,8.4469,55.5985
8,452,41123.3085,0,1.2507,8.3634,8.3634,41.4697
8,453,41138.6459,0,10.4106,18.5069,18.5069,64.9277
8,454,41264.2994,0,3.7237,14.9001,14.9001,74.873
8,455,41300.9746,0,5.836,8.8516,8.8516,41.6043
8,456,41332.6028,0,7.5222,8.1928,8.1928,35.9163
8,457,41368.5164,0,2.0587,4.2117,4.2117,71.6807
8,458,41399.7456,0,6.4154,9.9788,9.9788,59.1442
8,459,41435.3695,0,11.5706,18.9477,18.9477,48.1168
8,460,41456.9433,0,9.9541,19.1971,19.1971,55.3977
8,461,41534.1141,0,5.3387,9.4958,9.4958,57.3183
8,462,41535.8372,0,1.2941,13.7376,13.7376,85.5101
8,463,41651.7448,0,7.4644,16.118,16.118,46.7392
8,464,41765.6353,0,4.7483,38.5316,38.5316,69.3134
8,465,41835.0123,0,1.4197,4.5253,4.5253,48.9895
8,466,41836.5138,0,2.9764,6.3562,6.3562,156.4435
8,467,41849.8936,0,11.2863,14.6996,14.6996,160.3784
8,468,41962.995,0,2.4403,5.5934,5.5934,62.1582
8,469,42240.5984,0,7.3272,11.2214,11.2214,40.5224
8,470,42262.3433,0,6.7843,9.4833,9.4833,62.9268
8,471,42275.7675,0,10.4407,13.2792,13.2792,63.8822
8,472,42408.2252,0,3.3627,6.2666,6.2666,48.0385
8,473,42481.1441,0,1.4736,11.7651,11.7651,41.9419
8,474,42589.3481,0,3.0983,6.9446,6.9446,66.0322
8,475,42627.3395,0,6.0313,9.8026,9.8026,62.9046
8,476,42656.8904,0,13.283,31.2178,31.2178,40.0894
8,477,42677.7876,0,7.5003,11.1776,11.1776,81.5087
8,478,42732.9306,0,4.234,14.4722,14.4722,33.0552
8,479,42780.2807,0,1.8245,4.8847,4.8847,42.3936
8,480,42828.7967,0,13.7264,15.4837,15.4837,53.9518
8,481,42912.4846,0,3.1587,6.18,6.18,54.2639
8,482,43096.8532,0,5.1359,8.2792,8.2792,35.1501
8,483,43117.1183,0,2.3905,4.147,4.147,48.6541
9,1,0.0,0,6.2531,12.4303,12.4303,57.2933
9,2,96.7236,0,1.9394,6.3645,6.3645,32.3441
9,3,87.1549,0,14.0498,40.5236,40.5236,77.3693
9,4,226.4262,0,0.8258,4.8243,4.8243,37.2949
9,5,731.5299,0,3.5847,10.5896,10.5896,66.9784
9,6,830.2709,0,10.0493,18.2318,18.2318,75.0212
9,7,865.4169,0,3.8695,31.7223,31.7223,73.2347
9,8,945.6485,0,0.7657,10.9268,10.9268,32.6467
9,9,963.9541,0,0.6955,7.352,7.352,79.1087
9,10,994.8659,0,1.1655,4.256,4.256,56.8131
9,11,1022.8798,0,9.5911,15.243,15.243,51.5823
9,12,1037.9311,0,10.8241,13.3869,13.3869,46.7995
9,13,1120.1449,0,4.753,6.9359,6.9359,50.2979
9,14,1139.2058,0,4.3588,7.3471,7.3471,74.1622
9,15,1244.3062,0,3.8769,8.6576,8.6576,46.403
9,16,1262.5163,0,2.1927,5.2238,5.2238,102.7087
9,17,1291.9651,0,10.719,13.0565,13.0565,84.0349
9,18,1395.2956,0,2.9109,5.5733,5.5733,51.8833
9,19,1423.2705,0,9.3169,12.6992,12.6992,66.5567
9,20,1582.1082,0,2.2374,5.1125,5.1125,72.4611
9,21,1951.3174,0,2.3237,5.2332,5.2332,29.1139
9,22,2092.0833,0,2.3455,11.2478,11.2478,47.4604
9,23,2116.7143,0,2.0776,5.9458,5.9458,42.1875
9,24,2134.548,0,13.1104,16.4701,16.4701,59.2392
9,25,2206.6284,0,7.8995,14.2085,14.2085,58.8133
9,26,2226.7333,0,3.7884,7.7749,7.7749,62.4095
9,27,2353.5044,0,3.5847,15.3518,15.3518,38.4229
9,28,2356.2227,0,5.8029,12.741,12.741,73.439
9,29,2374.4736,0,10.3006,17.9833,17.9833,78.0219
9,30,2547.4685,0,6.3381,12.7145,12.7145,43.4948
9,31,2762.3321,0,1.8992,7.733,7.733,56.2117
9,32,3035.7171,0,4.4269,6.9078,6.9078,50.4379
9,33,3201.3941,0,1.9073,4.6845,4.6845,30.9541
9,34,3347.5138,0,0.0,13.8036,13.8036,79.3115
9,35,3408.1458,0,9.5922,20.7872,20.7872,70.5232
9,36,3417.0529,0,17.6435,43.1244,43.1244,99.2345
9,37,3525.148,0,4.0218,5.6181,5.6181,69.6717
9,38,3527.9925,0,12.4211,23.416,23.416,100.5887
9,39,3579.8452,0,16.8865,18.6618,18.6618,57.9592
9,40,3643.6821,0,10.9925,20.3105,20.3105,53.1045
9,41,3661.4708,0,3.7999,6.1015,6.1015,42.2906
9,42,3658.3548,0,2.3862,13.7318,13.7318,103.7158
9,43,3707.8081,0,5.5219,8.6723,8.6723,83.6503
9,44,3811.9428,0,2.5546,8.8908,8.8908,39.6779
9,45,3827.7259,0,1.2678,10.7139,10.7139,35.36
9,46,3943.4018,0,5.4642,13.0895,13.0895,100.8038
9,47,4036.6893,0,2.9184,8.2743,8.2743,37.9852
9,48,4085.606,0,0.4273,3.7988,3.7988,31.9354
9,49,4102.1034,0,7.4306,17.2608,17.2608,67.2714
9,50,4225.8205,0,4.8221,9.7374,9.7374,38.5526
9,51,4247.1824,0,0.9414,5.2356,5.2356,66.2433
9,52,4565.2295,0,2.8479,6.3484,6.3484,57.3254
9,53,4580.4761,0,4.908,8.42,8.42,45.2521
9,54,4706.5049,0,3.3387,8.5624,8.5624,32.7274
9,55,4711.6466,0,2.993,4.6228,4.6228,49.6447
9,56,4759.365,0,3.8467,7.8189,7.8189,57.4059
9,57,4755.603,0,5.0491,17.7985,17.7985,88.1949
9,58,4871.3885,0,5.6641,7.423,7.423,28.9684
9,59,4934.053,0,4.0824,8.9031,8.9031,67.573
9,60,4993.5881,0,7.4424,9.1459,9.1459,41.4341
9,61,4996.2332,0,5.8275,8.8027,8.8027,41.8901
9,62,5008.2327,0,2.2534,4.7794,4.7794,67.9382
9,63,5161.4149,0,3.7337,26.0505,26.0505,106.6085
9,64,5206.4032,0,5.5668,17.4746,17.4746,97.5693
9,65,5240.6199,0,12.4061,15.533,15.533,85.4547
9,66,5284.3312,0,5.4287,15.8233,15.8233,83.3413
9,67,5474.5355,0,1.1583,3.3903,3.3903,50.6164
9,68,5561.3421,0,4.3314,6.6764,6.6764,64.5915
9,69,5606.3618,0,9.2804,13.1346,13.1346,64.6653
9,70,5687.8707,0,3.0661,4.942,4.942,50.156
9,71,5816.3131,0,4.2229,10.8171,10.8171,33.4871
9,72,5960.7623,0,8.3595,68.3595,68.3595,46.9284
9,73,6029.3795,0,1.5714,8.6249,8.6249,117.89
9,74,6055.5703,0,4.1403,9.3101,9.3101,57.3428
9,75,6232.4986,0,2.4383,8.3226,8.3226,35.1795
9,76,6378.044,0,4.9719,7.5446,7.5446,43.1511
9,77,6389.9001,0,4.5622,14.863,14.863,43.7719
9,78,6581.841,0,4.75,33.4587,33.4587,74.7555
9,79,6697.3003,0,5.5931,10.2136,10.2136,64.0883
9,80,6722.7782,0,2.5201,13.0891,13.0891,79.3175
9,81,6828.6817,0,1.5288,11.8852,11.8852,52.8121
9,82,6870.2295,0,11.592,22.0573,22.0573,58.7395
9,83,6991.4105,0,2.9131,6.4184,6.4184,36.2177
9,84,7053.0866,0,0.5509,5.2553,5.2553,21.0668
9,85,7157.4952,0,4.2089,8.8651,8.8651,92.8203
9,86,7230.9709,0,5.6697,20.0499,20.0499,65.5954
9,87,7316.1619,0,0.0,4.5224,4.5224,77.8685
9,88,7689.2505,0,9.4835,17.7174,17.7174,64.8461
9,89,7716.5542,0,2.9725,10.8766,10.8766,43.8231
9,90,7779.8374,0,9.7126,15.5637,15.5637,47.6393
9,91,7782.782,0,11.9661,16.2282,16.2282,62.6316
9,92,7822.5719,0,3.5307,7.6466,7.6466,43.5852
9,93,7894.6514,0,1.3696,9.4107,9.4107,49.187
9,94,7937.1238,0,12.5244,15.3493,15.3493,55.6422
9,95,7966.8623,0,2.2487,19.5955,19.5955,41.5371
9,96,8026.8352,0,0.9071,6.5688,6.5688,60.3892
9,97,8083.8867,0,7.2014,10.6463,10.6463,55.4805
9,98,8121.0136,0,5.1227,9.8915,9.8915,31.9119
9,99,8123.4808,0,7.1695,11.4509,11.4509,65.1791
9,100,8172.8563,0,7.4775,16.9963,16.9963,39.9826
9,101,8265.1904,0,3.3956,6.7655,6.7655,35.6415
9,102,8268.2429,0,1.116,5.1075,5.1075,74.9567
9,103,8282.3631,0,2.6247,10.0862,10.0862,81.4396
9,104,8437.5727,0,6.0005,13.3283,13.3283,56.9453
9,105,8485.7574,0,8.3181,26.5273,26.5273,39.3939
9,106,8511.9039,0,0.6096,3.7092,3.7092,77.8679
9,107,8518.2687,0,4.1751,12.2754,12.2754,52.7422
9,108,8551.6631,0,3.7925,12.7731,12.7731,27.5524
9,109,8660.7003,0,7.5942,17.1212,17.1212,61.7596
9,110,8695.1052,0,2.4548,8.1711,8.1711,39.3895
9,111,9169.2782,0,2.2813,6.4688,6.4688,33.9694
9,112,9206.4762,0,5.3821,11.4808,11.4808,47.9128
9,113,9246.8013,0,8.9732,16.123,16.123,52.7856
9,114,9289.326,0,6.0286,13.7095,13.7095,81.8262
9,115,9345.4842,0,9.457,17.8483,17.8483,88.0405
9,116,9384.9371,0,3.5748,12.1411,12.1411,107.1705
9,117,9397.0275,0,13.8464,22.2879,22.2879,112.5603
9,118,9429.4663,0,40.9092,43.2974,43.2974,85.4248
9,119,9612.5365,0,3.2896,7.76,7.76,62.0268
9,120,9630.1513,0,2.9464,12.0894,12.0894,72.4534
9,121,9730.9904,0,3.2522,5.7804,5.7804,46.1627
9,122,9777.4026,0,3.5044,21.3453,21.3453,47.4564
9,123,9790.3547,0,9.5216,15.3236,15.3236,48.3254
9,124,9851.1871,0,10.9659,16.9632,16.9632,45.9565
9,125,9940.247,0,1.0843,9.3838,9.3838,49.2435
9,126,10090.4943,0,0.4125,8.1123,8.1123,35.2863
9,127,10122.2712,0,2.6651,5.5522,5.5522,40.1368
9,128,10128.0409,0,3.1773,16.8889,16.8889,52.8425
9,129,10230.8586,0,7.4188,14.0219,14.0219,44.9127
9,130,10586.8448,0,2.5585,12.0997,12.0997,72.3789
9,131,10641.6323,0,3.1467,5.4848,5.4848,42.4107
9,132,10640.6641,0,2.6909,12.5741,12.5741,87.8089
9,133,10649.6276,0,2.3735,6.7875,6.7875,104.2226
9,134,10670.7089,0,0.8259,4.8455,4.8455,102.8084
9,135,10664.6002,0,3.6223,21.3797,21.3797,144.1817
9,136,10689.4509,0,3.269,7.622,7.622,138.6157
9,137,10744.3903,0,4.1451,9.6549,9.6549,93.65
9,138,10817.3199,0,4.4097,8.6661,8.6661,33.3697
9,139,10829.4857,0,6.5888,9.4721,9.4721,47.3115
9,140,10972.5763,0,5.3115,31.1833,31.1833,88.3724
9,141,11182.1151,0,2.8767,6.5269,6.5269,37.3076
9,142,11382.7428,0,3.519,18.0045,18.0045,63.8374
9,143,11530.4061,0,1.0447,3.8801,3.8801,33.8683
9,144,11549.7803,0,5.1462,22.6244,22.6244,53.815
9,145,11588.3807,0,1.9706,17.8521,17.8521,48.5716
9,146,11948.4846,0,6.9114,12.8108,12.8108,40.7138
9,147,11948.9911,0,5.5691,26.9972,26.9972,60.1948
9,148,12029.592,0,4.4737,7.4007,7.4007,93.9459
9,149,12112.764,0,1.7434,5.8138,5.8138,63.9584
9,150,12121.181,0,9.9099,25.5748,25.5748,63.0995
9,151,12151.3671,0,6.7955,9.3749,9.3749,50.891
9,152,12140.7991,0,8.469,35.9853,35.9853,77.2392
9,153,12199.8644,0,6.9524,12.7973,12.7973,48.6295
9,154,12210.2827,0,5.7892,15.6728,15.6728,89.2498
9,155,12224.3293,0,1.5503,9.1774,9.1774,75.6569
9,156,12308.006,0,4.0755,9.5729,9.5729,92.7051
9,157,12485.2349,0,9.8498,21.6351,21.6351,50.057
9,158,12679.1345,0,1.9126,5.4431,5.4431,50.2824
9,159,12710.1306,0,1.5747,19.8567,19.8567,77.321
9,160,12812.5693,0,7.0385,12.5578,12.5578,67.6056
9,161,12976.9152,0,4.4019,12.6855,12.6855,64.9671
9,162,13041.7719,0,5.9632,10.2005,10.2005,64.702
9,163,13144.4693,0,5.6384,11.8211,11.8211,78.7651
9,164,13248.7056,0,2.0498,7.768,7.768,41.967
9,165,13452.0641,0,0.7797,6.6866,6.6866,63.3511
9,166,13548.5535,0,6.0118,12.1578,12.1578,57.3856
9,167,13611.2327,0,5.9087,10.8124,10.8124,22.0995
9,168,13710.4832,0,3.7337,9.4853,9.4853,40.1236
9,169,13793.8998,0,2.7533,7.0867,7.0867,35.462
9,170,13792.8181,0,3.3078,8.5306,8.5306,66.4365
9,171,13832.4696,0,11.2518,12.8163,12.8163,36.0693
9,172,13912.2871,0,3.7854,9.6636,9.6636,65.9309
9,173,14059.7551,0,3.8527,11.3501,11.3501,65.4926
9,174,14082.5247,0,1.8336,4.8064,4.8064,50.6762
9,175,14118.3787,0,2.976,10.1034,10.1034,41.1084
9,176,14187.5229,0,1.1157,6.8698,6.8698,23.3854
9,177,14211.3538,0,3.2638,6.1871,6.1871,28.2854
9,178,14258.1841,0,7.9371,12.864,12.864,50.15
9,179,15021.3526,0,7.1561,13.5734,13.5734,65.4959
9,180,15032.7084,0,6.2876,9.9299,9.9299,93.457
9,181,15054.8446,0,14.846,30.785,30.785,79.1987
9,182,15127.0717,0,2.0776,4.39,4.39,41.4242
9,183,15123.8367,0,11.3818,16.0276,16.0276,52.918
9,184,15161.7652,0,7.2388,12.4275,12.4275,65.6222
9,185,15227.5251,0,8.6756,13.8973,13.8973,52.3266
9,186,15273.4477,0,0.409,6.1135,6.1135,69.61
9,187,15318.0903,0,12.3711,15.3866,15.3866,57.1956
9,188,15335.8483,0,5.4205,12.9497,12.9497,80.6562
9,189,15371.4373,0,3.572,12.5159,12.5159,53.6151
9,190,15449.2259,0,3.2166,11.2877,11.2877,62.7001
9,191,15543.8891,0,6.2224,10.1607,10.1607,47.5406
9,192,15626.6789,0,3.8233,11.0823,11.0823,45.1414
9,193,15673.1102,0,2.5651,2.9587,2.9587,40.8159
9,194,15685.4349,0,1.525,3.8475,3.8475,40.385
9,195,15717.5572,0,2.1329,6.1409,6.1409,40.2926
9,196,15736.5453,0,7.2707,10.7111,10.7111,36.7026
9,197,16039.2139,0,2.7621,12.8588,12.8588,47.4325
9,198,16272.794,0,2.3713,4.3643,4.3643,79.6836
9,199,16372.6027,0,6.6787,12.9066,12.9066,75.1679
9,200,16414.3913,0,1.135,9.7788,9.7788,88.6589
9,201,16456.6487,0,5.919,9.7122,9.7122,64.5605
9,202,16490.7594,0,5.8773,10.7071,10.7071,49.5176
9,203,16514.8672,0,2.3986,5.3199,5.3199,52.6197
9,204,16508.0827,0,23.5619,25.4757,25.4757,119.8804
9,205,16551.5299,0,2.2212,3.4376,3.4376,93.5151
9,206,16518.6072,0,20.2369,40.523,40.523,145.6151
9,207,16597.6415,0,5.8281,7.956,7.956,87.2594
9,208,16609.4275,0,17.587,21.1747,21.1747,88.4254
9,209,16656.6668,0,1.5309,5.8857,5.8857,65.1409
9,210,16679.4123,0,3.5309,5.9337,5.9337,69.8108
9,211,16643.7099,0,28.7439,45.6796,45.6796,115.3893
9,212,16775.9369,0,8.4894,13.4411,13.4411,58.1669
9,213,16910.1985,0,5.1282,11.5567,11.5567,58.6535
9,214,17014.5407,0,3.1147,19.8351,19.8351,84.5063
9,215,17134.4567,0,2.579,5.3751,5.3751,30.4117
9,216,17204.1711,0,5.0719,7.3957,7.3957,23.1504
9,217,17218.7177,0,1.2967,4.0579,4.0579,43.4279
9,218,17211.6716,0,2.8316,15.9461,15.9461,65.3231
9,219,17338.7089,0,2.1454,8.3064,8.3064,66.671
9,220,17514.0914,0,1.9247,6.4643,6.4643,40.2657
9,221,17531.4522,0,5.965,10.0204,10.0204,59.9818
9,222,17578.2299,0,2.4245,6.5557,6.5557,37.436
9,223,17699.8721,0,7.2153,12.3815,12.3815,98.5589
9,224,17770.5624,0,2.624,5.1064,5.1064,39.2427
9,225,17843.3452,0,9.3743,15.7485,15.7485,48.6053
9,226,17928.6743,0,3.1348,4.1467,4.1467,44.1897
9,227,18029.7986,0,3.4333,14.3419,14.3419,50.8554
9,228,18133.3512,0,8.7324,12.4253,12.4253,36.4125
9,229,18146.0519,0,3.3164,6.4042,6.4042,64.6748
9,230,18311.4812,0,7.3436,10.0398,10.0398,44.5834
9,231,18535.0775,0,4.0006,5.9932,5.9932,28.9635
9,232,18537.3499,0,9.8587,27.6258,27.6258,62.3419
9,233,18621.8036,0,4.0287,9.5624,9.5624,50.5421
9,234,18785.7783,0,4.3363,5.8384,5.8384,46.9889
9,235,18845.962,0,2.7623,6.8677,6.8677,41.3459
9,236,19054.7767,0,3.3653,18.7115,18.7115,44.4868
9,237,19080.1403,0,4.7039,6.1117,6.1117,41.5592
9,238,19201.9622,0,4.4308,8.5349,8.5349,53.4411
9,239,19317.1377,0,2.1351,8.431,8.431,66.0228
9,240,19422.4255,0,6.5235,21.8719,21.8719,67.1258
9,241,19577.9284,0,2.0776,7.541,7.541,47.5596
9,242,19706.6857,0,4.8563,18.3376,18.3376,49.6353
9,243,19784.6668,0,0.9178,9.3753,9.3753,62.4929
9,244,19914.3011,0,5.3771,9.8545,9.8545,30.797
9,245,20179.5904,0,1.6563,7.6601,7.6601,30.6884
9,246,20588.0875,0,5.6058,8.7556,8.7556,50.7051
9,247,20619.9151,0,2.5088,8.4744,8.4744,48.656
9,248,20694.5784,0,3.4789,7.4177,7.4177,41.2886
9,249,20758.9338,0,10.9033,15.3962,15.3962,53.9604
9,250,20908.5805,0,6.8602,11.7743,11.7743,52.5871
9,251,21036.8194,0,1.2507,8.7373,8.7373,32.7788
9,252,21039.1803,0,7.2991,11.7518,11.7518,50.2082
9,253,21059.7722,0,7.2827,12.5576,12.5576,69.6529
9,254,21117.5751,0,5.4649,8.6631,8.6631,44.2209
9,255,21122.3463,0,2.4273,15.3613,15.3613,98.7639
9,256,21210.132,0,3.1783,7.2034,7.2034,32.504
9,257,21421.7943,0,4.3633,6.9841,6.9841,70.7358
9,258,21573.2929,0,9.1613,11.4879,11.4879,38.7524
9,259,21906.4969,0,3.1066,7.9925,7.9925,94.7982
9,260,22137.005,0,9.4417,15.4622,15.4622,47.8296
9,261,22201.1572,0,5.679,14.5084,14.5084,81.3392
9,262,22350.9014,0,1.4038,34.0059,34.0059,61.0477
9,263,22415.3599,0,2.5546,6.3777,6.3777,25.0206
9,264,22479.7691,0,5.4012,11.0355,11.0355,32.0054
9,265,22566.2151,0,1.6971,6.0798,6.0798,43.5454
9,266,22570.8116,0,2.9487,5.9511,5.9511,52.2608
9,267,22581.1043,0,4.9215,9.9917,9.9917,74.2569
9,268,22760.1841,0,6.0791,9.2718,9.2718,66.8034
9,269,22897.4802,0,7.7677,13.8137,13.8137,54.4244
9,270,22977.3939,0,4.8243,13.8881,13.8881,40.1355
9,271,23600.2244,0,5.8079,13.0254,13.0254,57.7241
9,272,23604.4743,0,8.5908,12.8127,12.8127,64.0006
9,273,23678.1292,0,4.4756,8.9446,8.9446,39.6828
9,274,23754.7649,0,4.1619,21.2509,21.2509,73.3315
9,275,23755.8357,0,4.1546,43.6539,43.6539,87.0649
9,276,23853.2783,0,3.7088,12.3101,12.3101,35.8656
9,277,23970.4979,0,3.6957,8.7946,8.7946,55.9672
9,278,24299.0935,0,3.4617,49.222,49.222,89.8717
9,279,24385.2375,0,4.9886,6.8695,6.8695,35.5541
9,280,24462.1294,0,1.7988,6.4407,6.4407,69.6082
9,281,24572.1525,0,1.9698,3.3565,3.3565,30.7701
9,282,24673.852,0,2.0015,3.5437,3.5437,30.4365
9,283,25141.5867,0,5.7159,11.5841,11.5841,95.0947
9,284,25152.0238,0,7.0651,12.6866,12.6866,110.1818
9,285,25235.4384,0,5.4797,11.2298,11.2298,53.7671
9,286,25451.0861,0,4.7462,7.6937,7.6937,55.5669
9,287,25462.3099,0,1.5044,8.4894,8.4894,52.6741
9,288,25767.2142,0,10.3299,21.6678,21.6678,69.4179
9,289,25795.7574,0,10.0476,19.4486,19.4486,93.3138
9,290,25848.4349,0,6.5251,13.0629,13.0629,31.6039
9,291,25868.9947,0,2.6175,6.6918,6.6918,68.3854
9,292,25971.4533,0,3.7655,7.8594,7.8594,37.7495
9,293,26064.1018,0,3.787,6.1012,6.1012,44.6314
9,294,26631.827,0,5.2236,18.6046,18.6046,46.1604
9,295,26681.1615,0,3.6639,10.3879,10.3879,49.2058
9,296,26758.7583,0,3.5221,22.0691,22.0691,56.0867
9,297,26771.41,0,2.7853,10.0898,10.0898,108.6846
9,298,26805.7456,0,5.1889,13.1585,13.1585,65.8091
9,299,26854.5132,0,3.3078,21.3035,21.3035,63.3667
9,300,26875.4789,0,4.0108,12.4636,12.4636,36.9455
9,301,26885.3404,0,5.9565,10.0121,10.0121,80.5344
9,302,26974.6923,0,8.5522,10.7053,10.7053,47.4268
9,303,27054.1472,0,3.1147,18.0416,18.0416,59.2198
9,304,27149.1033,0,4.5608,7.6726,7.6726,50.1747
9,305,27152.861,0,8.3221,11.439,11.439,65.9491
9,306,27231.5208,0,1.6814,8.7503,8.7503,33.8189
9,307,27247.0876,0,7.0516,10.0899,10.0899,54.5006
9,308,27445.7477,0,6.4283,8.365,8.365,42.6467
9,309,27444.7448,0,2.9251,9.7507,9.7507,51.6438
9,310,27530.5883,0,0.4924,2.4736,2.4736,27.7861
9,311,27577.1301,0,1.1483,4.639,4.639,45.14
9,312,27620.4386,0,4.7324,8.2107,8.2107,55.3217
9,313,27877.7764,0,5.0776,12.3724,12.3724,56.3026
9,314,27892.5175,0,4.4111,6.4012,6.4012,50.7105
9,315,27998.0476,0,16.9782,23.3309,23.3309,70.8627
9,316,28095.1211,0,6.9299,10.9102,10.9102,43.4896
9,317,28112.6709,0,4.9827,8.4719,8.4719,38.0688
9,318,28246.5072,0,2.0691,3.4988,3.4988,50.5043
9,319,28241.9654,0,5.4575,15.4614,15.4614,58.7933
9,320,28342.0296,0,5.4235,10.3108,10.3108,56.4119
9,321,28429.926,0,4.2874,6.7142,6.7142,68.1941
9,322,28450.8035,0,8.4009,14.2976,14.2976,52.622
9,323,28458.9528,0,7.3423,13.629,13.629,52.3174
9,324,28475.1512,0,11.48,22.026,22.026,64.3689
9,325,28561.1023,0,4.3848,9.5396,9.5396,48.6317
9,326,28596.7117,0,5.1937,9.7279,9.7279,42.4857
9,327,28632.7494,0,8.302,13.9713,13.9713,70.7554
9,328,28753.2745,0,8.3018,13.2116,13.2116,85.3687
9,329,29211.2979,0,6.8201,10.0645,10.0645,44.8347
9,330,29305.2624,0,2.1883,7.3675,7.3675,58.7961
9,331,29305.8691,0,3.6675,14.889,14.889,63.0708
9,332,29361.1116,0,8.827,11.4061,11.4061,60.3159
9,333,29404.6537,0,6.2961,16.3559,16.3559,57.4077
9,334,29639.5468,0,11.3884,14.6544,14.6544,39.9292
9,335,29657.1343,0,8.6141,12.7743,12.7743,69.7979
9,336,29714.4654,0,4.7289,14.6721,14.6721,60.8881
9,337,29774.7662,0,1.7292,10.0855,10.0855,73.6697
9,338,29797.5103,0,5.8687,9.1114,9.1114,62.3093
9,339,29900.1587,0,2.8545,8.9487,8.9487,47.9206
9,340,30045.6894,0,5.4504,14.6116,14.6116,40.8171
9,341,30267.5337,0,5.4486,12.4537,12.4537,58.3416
9,342,30510.2158,0,2.7616,7.5794,7.5794,53.4565
9,343,30551.8726,0,1.4119,18.4319,18.4319,39.387
9,344,30638.9728,0,3.6117,5.5221,5.5221,41.744
9,345,30705.8395,0,11.3101,13.0162,13.0162,81.2258
9,346,30740.7038,0,14.3579,17.7684,17.7684,64.2525
9,347,30750.277,0,1.7181,31.6013,31.6013,89.032
9,348,30792.4316,0,4.6311,10.2259,10.2259,54.0388
9,349,30923.2153,0,5.16,9.7236,9.7236,51.6109
9,350,31007.0803,0,6.2102,11.0808,11.0808,31.4991
9,351,31018.3949,0,9.7798,26.3784,26.3784,69.4193
9,352,31049.1935,0,2.9893,11.0309,11.0309,87.5518
9,353,31321.4241,0,1.8283,6.9749,6.9749,126.4654
9,354,31360.3679,0,0.836,8.9975,8.9975,101.2715
9,355,31547.5288,0,4.727,8.4177,8.4177,45.7217
9,356,31694.8084,0,2.1732,21.0418,21.0418,58.1946
9,357,31716.8533,0,5.7668,7.9552,7.9552,53.7508
9,358,32025.4533,0,0.6163,3.8892,3.8892,30.8066
9,359,32176.506,0,3.2437,5.5463,5.5463,36.5698
9,360,32270.9437,0,1.1546,2.5419,2.5419,49.1871
9,361,32276.068,0,10.828,20.8119,20.8119,79.9656
9,362,32553.1137,0,1.8436,4.2922,4.2922,46.2661
9,363,32565.0609,0,4.6209,7.6831,7.6831,65.5346
9,364,32581.5071,0,8.1893,14.8893,14.8893,81.0062
9,365,32589.9583,0,4.1091,16.212,16.212,119.1057
9,366,32646.4819,0,9.0874,13.1682,13.1682,58.9458
9,367,32706.2696,0,3.215,26.8244,26.8244,69.1657
9,368,32858.8001,0,5.1287,7.7689,7.7689,85.3454
9,369,33048.5087,0,5.1982,18.1196,18.1196,60.1023
9,370,33157.2651,0,3.5116,5.4657,5.4657,35.416
9,371,33320.3451,0,1.4249,8.6924,8.6924,32.1424
9,372,33356.7957,0,4.6888,15.8641,15.8641,63.5496
9,373,33565.7956,0,0.4881,60.4881,60.4881,111.6519
9,374,33660.5972,0,5.2582,12.5111,12.5111,49.2978
9,375,33671.7946,0,7.2014,9.8389,9.8389,48.474
9,376,33764.4986,0,5.0978,10.5479,10.5479,158.481
9,377,33870.1689,0,8.5719,14.1538,14.1538,67.142
9,378,33912.1254,0,9.9672,16.7138,16.7138,66.5802
9,379,33963.9303,0,2.5003,5.2709,5.2709,44.6057
9,380,33999.4803,0,4.0372,16.3696,16.3696,46.508
9,381,34037.3253,0,6.3093,7.6002,7.6002,39.684
9,382,34047.6122,0,6.4706,23.0886,23.0886,75.2388
9,383,34076.3607,0,1.2402,6.0879,6.0879,68.1105
9,384,34114.9813,0,2.5939,36.5219,36.5219,92.5131
9,385,34238.636,0,4.0096,6.8748,6.8748,29.3741
9,386,34323.4389,0,2.9199,8.462,8.462,50.4173
9,387,34455.8941,0,1.2392,7.0099,7.0099,52.5936
9,388,34540.5652,0,5.5986,11.4283,11.4283,56.0583
9,389,34686.1118,0,2.5688,6.0554,6.0554,31.0569
9,390,34691.2795,0,1.8535,5.0284,5.0284,82.643
9,391,34808.0315,0,4.4306,7.6364,7.6364,40.4027
9,392,35116.8063,0,5.0046,6.6348,6.6348,21.3316
9,393,35264.9147,0,4.7372,9.5635,9.5635,57.298
9,394,35336.6316,0,1.1054,4.5311,4.5311,45.9169
9,395,35385.4378,0,1.3031,2.735,2.735,27.696
9,396,35392.813,0,4.4489,8.6522,8.6522,45.0764
9,397,35456.0964,0,4.1227,6.4835,6.4835,57.5361
9,398,35526.4551,0,2.9464,7.3416,7.3416,45.3175
9,399,35860.8362,0,2.5245,4.4251,4.4251,31.8751
9,400,36473.2065,0,5.3538,9.0678,9.0678,60.156
9,401,36501.4065,0,12.2406,15.6955,15.6955,41.2608
9,402,36674.4796,0,8.1845,14.2163,14.2163,70.6298
9,403,36846.2204,0,4.1674,10.0258,10.0258,59.8294
9,404,36859.639,0,12.2253,15.2738,15.2738,85.3671
9,405,36902.4428,0,8.3149,11.8349,11.8349,30.7903
9,406,36922.7452,0,4.3954,6.612,6.612,63.0734
9,407,37210.8322,0,9.9531,17.8297,17.8297,49.8228
9,408,37244.0208,0,7.9565,11.8018,11.8018,57.7255
9,409,37360.0508,0,2.7337,3.9461,3.9461,47.0594
9,410,37362.6985,0,5.5238,8.2488,8.2488,56.0171
9,411,37496.139,0,3.1457,6.7718,6.7718,47.7872
9,412,37547.4222,0,4.5569,14.2163,14.2163,56.3977
9,413,37576.6595,0,1.575,14.5224,14.5224,50.5929
9,414,37597.9088,0,4.3789,15.8985,15.8985,69.3787
9,415,37826.5518,0,3.9358,5.3512,5.3512,34.4314
9,416,37822.0486,0,9.3229,15.0862,15.0862,67.344
9,417,38077.6772,0,1.043,5.7869,5.7869,48.5735
9,418,38080.7187,0,15.7795,23.3951,23.3951,55.148
9,419,38099.0107,0,7.0954,14.0748,14.0748,105.4948
9,420,38132.8672,0,4.278,10.9714,10.9714,53.7632
9,421,38146.1266,0,1.9327,5.9055,5.9055,90.4931
9,422,38171.074,0,6.5528,8.0148,8.0148,64.18
9,423,38190.976,0,2.364,5.8323,5.8323,56.2669
9,424,38287.0221,0,5.5403,12.7626,12.7626,52.076
9,425,38356.37,0,1.1069,3.8728,3.8728,36.8154
9,426,38357.3108,0,8.7814,17.8927,17.8927,55.2206
9,427,38403.1608,0,4.8708,9.6715,9.6715,94.0521
9,428,38484.9605,0,6.6288,15.1339,15.1339,45.4477
9,429,38570.4431,0,5.1287,8.881,8.881,46.075
9,430,38621.6426,0,3.6804,7.1659,7.1659,40.977
9,431,38665.2217,0,3.1136,8.1368,8.1368,37.4697
9,432,38711.5147,0,6.838,13.1695,13.1695,37.5899
9,433,38748.9674,0,11.8599,15.6938,15.6938,62.2666
9,434,38714.7617,0,1.1468,61.1468,61.1468,100.735
9,435,38782.317,0,8.9529,13.077,13.077,65.7463
9,436,39055.4397,0,7.93,13.1848,13.1848,82.9057
9,437,39101.4275,0,3.7655,8.6997,8.6997,66.093
9,438,39142.3724,0,1.177,10.6994,10.6994,70.584
9,439,39175.6836,0,1.108,38.8286,38.8286,76.4217
9,440,39226.8609,0,11.0447,11.656,11.656,62.0234
9,441,39460.1625,0,4.4111,10.1271,10.1271,44.5314
9,442,39463.666,0,2.0486,16.2545,16.2545,51.5965
9,443,39507.4698,0,13.3653,18.2214,18.2214,59.0641
9,444,39549.4248,0,5.6631,14.0034,14.0034,38.9073
9,445,39569.3671,0,4.3917,17.3194,17.3194,66.2927
9,446,39613.3022,0,5.9563,7.7734,7.7734,34.9842
9,447,39619.6234,0,9.0353,11.1096,11.1096,76.3071
9,448,39636.7186,0,2.359,9.3346,9.3346,111.8103
9,449,39785.7988,0,3.311,5.7435,5.7435,50.6981
9,450,40103.8396,0,5.4919,15.8711,15.8711,91.5117
9,451,40171.0184,0,11.4613,15.0854,15.0854,57.1516
9,452,40432.1775,0,2.5805,11.8033,11.8033,58.1038
9,453,40803.9527,0,13.3069,20.8845,20.8845,78.5843
9,454,40872.521,0,3.7206,6.6287,6.6287,35.4303
9,455,40907.6379,0,2.364,4.4899,4.4899,45.6937
9,456,41114.7545,0,7.6159,18.1748,18.1748,47.8272
9,457,41123.6679,0,2.2008,9.7683,9.7683,71.8524
9,458,41167.4437,0,3.9109,6.1553,6.1553,35.0491
9,459,41169.8335,0,4.2132,6.1095,6.1095,37.3519
9,460,41265.5723,0,5.7948,8.5285,8.5285,63.2226
9,461,41279.9057,0,3.375,7.1167,7.1167,61.8691
9,462,41284.6741,0,4.8915,38.483,38.483,94.0302
9,463,41401.7798,0,7.2717,11.6355,11.6355,58.407
9,464,41493.1713,0,7.3904,12.4769,12.4769,55.1485
9,465,41556.4906,0,11.6502,25.3513,25.3513,62.3463
9,466,41588.3135,0,2.0038,5.5447,5.5447,31.6326
9,467,41602.5618,0,1.9577,6.6146,6.6146,56.3589
9,468,41737.2921,0,1.6604,6.678,6.678,36.952
9,469,42001.7321,0,9.2168,13.6889,13.6889,63.7709
9,470,42195.8269,0,3.0141,6.4207,6.4207,31.7316
9,471,42207.1613,0,2.9587,7.0014,7.0014,84.8547
9,472,42318.0407,0,5.4375,13.1376,13.1376,55.6698
9,473,42422.3672,0,3.2951,12.2435,12.2435,63.2544
9,474,42437.083,0,3.9506,8.68,8.68,58.0985
9,475,42476.541,0,3.7336,10.3747,10.3747,64.0982
9,476,42480.4165,0,1.4736,9.7265,9.7265,69.9981
9,477,42539.5478,0,2.0188,6.0297,6.0297,31.235
9,478,42543.0077,0,3.1581,7.3483,7.3483,45.7638
9,479,42602.475,0,3.7206,4.6336,4.6336,45.9452
9,480,42626.4514,0,4.9366,10.0319,10.0319,43.7876
9,481,42698.6278,0,5.5403,12.8721,12.8721,45.1553
9,482,42735.4627,0,9.9573,37.3988,37.3988,94.0312
9,483,42832.7465,0,5.4761,8.9991,8.9991,64.8725
9,484,42852.1566,0,23.6529,27.3939,27.3939,88.8096
10,1,0.0,0,6.3569,14.2849,14.2849,48.9462
10,2,366.7158,0,3.7652,10.0694,10.0694,101.9919
10,3,461.4471,0,2.6636,4.7317,4.7317,40.5549
10,4,478.9884,0,5.8985,7.7853,7.7853,51.4566
10,5,505.0163,0,3.9015,7.5969,7.5969,44.8487
10,6,519.5372,0,2.7875,6.7372,6.7372,38.5725
10,7,584.0564,0,3.7497,7.0623,7.0623,57.2642
10,8,625.2861,0,3.7397,8.6907,8.6907,47.3768
10,9,711.8368,0,5.0046,6.5711,6.5711,73.489
10,10,731.812,0,2.5149,5.748,5.748,70.6687
10,11,754.7984,0,5.2159,13.7452,13.7452,90.2194
10,12,759.4796,0,5.7252,9.9417,9.9417,85.2318
10,13,773.9928,0,5.5833,7.7751,7.7751,89.5351
10,14,774.9487,0,15.5281,17.9495,17.9495,111.1108
10,15,795.287,0,12.2128,16.5074,16.5074,78.4947
10,16,759.3761,0,10.163,70.0756,70.0756,119.5523
10,17,881.9027,0,2.746,7.378,7.378,74.4808
10,18,948.5111,0,4.3313,11.9144,11.9144,68.4469
10,19,1029.6313,0,5.1424,15.5822,15.5822,46.9699
10,20,1210.8715,0,1.6733,3.0881,3.0881,61.3586
10,21,1240.0267,0,2.7385,12.621,12.621,82.6591
10,22,1293.7286,0,6.2908,10.2338,10.2338,52.9999
10,23,1300.7386,0,6.9217,13.6971,13.6971,70.2344
10,24,1316.7383,0,1.6733,17.1669,17.1669,59.6206
10,25,1432.7206,0,4.8133,7.9209,7.9209,62.3512
10,26,1969.6826,0,12.1452,15.9875,15.9875,47.3422
10,27,2032.4401,0,12.0345,16.2656,16.2656,40.8543
10,28,2053.0856,0,5.7252,10.3406,10.3406,86.2505
10,29,2067.2324,0,9.8905,19.6714,19.6714,64.9301
10,30,2271.5041,0,0.4881,7.56,7.56,40.4042
10,31,2326.7945,0,0.4864,5.2189,5.2189,44.2685
10,32,2376.0207,0,5.5755,14.9339,14.9339,54.2768
10,33,2409.2026,0,5.1321,9.753,9.753,49.5023
10,34,2406.3302,0,10.5427,13.7115,13.7115,68.2416
10,35,2484.0859,0,2.9459,5.3324,5.3324,26.1398
10,36,2549.495,0,6.6891,23.2849,23.2849,44.2653
10,37,3237.8743,0,0.7792,5.8596,5.8596,29.7348
10,38,3229.9543,0,7.0726,15.0946,15.0946,61.1012
10,39,3269.8531,0,0.805,18.81,18.81,80.3081
10,40,3460.9187,0,5.3218,11.62,11.62,34.6479
10,41,3539.9708,0,2.3997,10.8596,10.8596,46.7242
10,42,3594.4725,0,1.965,4.5918,4.5918,43.2383
10,43,3640.0278,0,14.3579,15.9777,15.9777,56.833
10,44,3726.6471,0,3.9989,16.8655,16.8655,71.6862
10,45,3824.1791,0,2.8902,17.1585,17.1585,47.1785
10,46,3857.4333,0,5.2201,8.6886,8.6886,44.9589
10,47,3979.5066,0,2.2418,5.1258,5.1258,44.3534
10,48,4082.1451,0,5.1937,10.5228,10.5228,66.895
10,49,4085.2667,0,3.0595,9.8685,9.8685,88.7743
10,50,4104.607,0,6.8458,10.8153,10.8153,86.9812
10,51,4117.2833,0,5.4595,7.2494,7.2494,83.9067
10,52,4125.0699,0,3.4013,7.8591,7.8591,79.8687
10,53,4165.377,0,2.1526,8.4964,8.4964,51.4688
10,54,4132.7552,0,20.0283,46.4001,46.4001,90.793
10,55,4628.9452,0,5.1089,15.1283,15.1283,42.847
10,56,4772.0774,0,5.8309,13.9429,13.9429,61.9079
10,57,4838.2767,0,13.7366,18.9741,18.9741,63.6525
10,58,5000.192,0,7.1807,16.4188,16.4188,53.0006
10,59,5097.072,0,3.832,7.7311,7.7311,30.392
10,60,5093.8681,0,10.0685,19.3295,19.3295,46.8566
10,61,5114.0396,0,4.4523,14.5084,14.5084,59.3431
10,62,5135.758,0,4.6663,10.9616,10.9616,50.2244
10,63,5195.6259,0,2.3144,6.8425,6.8425,119.0081
10,64,5269.9725,0,1.6011,8.0781,8.0781,19.9035
10,65,5293.3025,0,3.3361,5.5905,5.5905,54.7362
10,66,5274.0594,0,11.7609,26.041,26.041,91.2746
10,67,5404.2954,0,2.623,6.9676,6.9676,37.1866
10,68,5438.4713,0,6.7968,11.9249,11.9249,43.0198
10,69,5509.9608,0,1.8283,6.6495,6.6495,49.9296
10,70,5695.3049,0,0.6313,5.9662,5.9662,45.735
10,71,5698.3517,0,6.9035,10.5217,10.5217,47.1423
10,72,5727.7392,0,7.806,8.6255,8.6255,51.563
10,73,5851.2524,0,1.6836,9.0657,9.0657,46.8796
10,74,5953.1163,0,3.05,5.6197,5.6197,26.5141
10,75,6195.0604,0,2.2212,3.1676,3.1676,40.5754
10,76,6212.4657,0,4.5292,9.6622,9.6622,55.1408
10,77,6287.1148,0,1.3554,1.7751,1.7751,21.759
10,78,6285.4977,0,1.6595,5.5905,5.5905,51.686
10,79,6320.0892,0,4.5578,7.4604,7.4604,50.6286
10,80,6437.9167,0,1.1453,3.6076,3.6076,57.9732
10,81,6506.9887,0,12.1732,16.9375,16.9375,61.9161
10,82,6635.998,0,4.0106,15.4138,15.4138,51.1481
10,83,6718.6961,0,0.8499,11.4372,11.4372,27.7103
10,84,6724.4754,0,2.5955,9.6871,9.6871,49.4504
10,85,6807.8188,0,3.5338,5.9147,5.9147,53.4125
10,86,7021.6525,0,3.6649,6.5063,6.5063,36.074
10,87,7037.3532,0,4.8811,8.2483,8.2483,70.8529
10,88,7463.5884,0,0.3964,5.2765,5.2765,38.2464
10,89,7761.2638,0,6.1255,10.4526,10.4526,44.3941
10,90,7784.1729,0,4.1143,8.3786,8.3786,38.2113
10,91,7855.7109,0,3.4024,10.1602,10.1602,92.4843
10,92,7908.6197,0,7.4149,9.5675,9.5675,94.6441
10,93,8028.6786,0,8.9595,11.5542,11.5542,81.8718
10,94,8275.1975,0,4.7461,7.0431,7.0431,45.2804
10,95,8273.739,0,2.0367,9.2226,9.2226,56.3411
10,96,8299.0123,0,1.6383,6.3295,6.3295,67.7687
10,97,8371.3154,0,2.9109,8.7057,8.7057,69.1785
10,98,8548.2879,0,4.3472,7.4705,7.4705,28.2242
10,99,8857.3825,0,5.2095,8.0811,8.0811,37.7069
10,100,8898.4714,0,3.0422,9.0293,9.0293,47.1331
10,101,9125.2436,0,12.4847,35.8574,35.8574,96.3817
10,102,9211.1142,0,4.3304,12.4337,12.4337,42.9891
10,103,9356.5424,0,7.2709,13.3293,13.3293,49.407
10,104,9394.1865,0,4.6361,13.6979,13.6979,53.6092
10,105,9445.8886,0,0.896,7.9707,7.9707,37.5295
10,106,9445.2363,0,6.2244,31.2027,31.2027,74.1429
10,107,9554.617,0,3.7884,8.6358,8.6358,47.9067
10,108,9801.6483,0,1.4517,16.6435,16.6435,57.2035
10,109,9827.71,0,1.4995,22.4954,22.4954,49.8466
10,110,9858.4753,0,1.7278,5.7848,5.7848,36.7201
10,111,9883.0512,0,6.4483,11.6804,11.6804,33.5036
10,112,9895.8631,0,5.9187,10.5031,10.5031,44.2611
10,113,9897.0715,0,8.0471,10.8111,10.8111,58.4011
10,114,10408.1214,0,0.8258,9.5424,9.5424,41.7548
10,115,10625.2157,0,5.4068,18.8257,18.8257,64.345
10,116,10747.6636,0,3.7337,7.5114,7.5114,43.9378
10,117,10756.7913,0,5.0825,10.4515,10.4515,37.4475
10,118,10781.7183,0,0.9811,6.5432,6.5432,68.2023
10,119,10959.57,0,2.9924,10.4207,10.4207,48.831
10,120,10991.949,0,3.5382,9.2904,9.2904,42.5863
10,121,11055.9346,0,4.785,6.105,6.105,67.9547
10,122,11061.7931,0,4.631,10.8349,10.8349,80.6939
10,123,11079.9551,0,4.8678,7.3487,7.3487,71.4126
10,124,11096.3208,0,13.5282,17.8346,17.8346,61.7726
10,125,11136.5631,0,17.0188,19.5494,19.5494,47.1806
10,126,11154.0353,0,1.3783,6.1371,6.1371,77.7381
10,127,11160.8437,0,2.3153,8.409,8.409,57.0548
10,128,11220.9219,0,1.9257,14.8271,14.8271,106.643
10,129,11309.568,0,4.9215,8.9111,8.9111,49.2013
10,130,11345.1917,0,6.1674,9.7396,9.7396,40.9665
10,131,11387.5915,0,2.4273,6.93,6.93,27.1198
10,132,11476.6956,0,0.8441,9.5697,9.5697,51.9952
10,133,11552.1443,0,1.8642,4.0669,4.0669,29.9142
10,134,11616.8002,0,1.4476,5.0316,5.0316,53.9481
10,135,11766.918,0,1.4948,12.3428,12.3428,56.4864
10,136,11779.3823,0,2.931,15.8219,15.8219,89.3164
10,137,12036.7684,0,6.1206,9.2966,9.2966,37.7251
10,138,12081.9225,0,2.9759,7.3273,7.3273,45.5769
10,139,12097.9308,0,11.7175,23.4675,23.4675,57.4009
10,140,12138.5223,0,3.8219,11.9727,11.9727,40.5043
10,141,12120.8105,0,16.9559,30.4651,30.4651,77.3785
10,142,12178.7515,0,7.1596,13.7013,13.7013,42.0826
10,143,12201.2297,0,4.1371,9.3737,9.3737,65.7983
10,144,12283.3004,0,4.8038,15.336,15.336,33.9351
10,145,12313.0682,0,5.5926,13.419,13.419,33.6929
10,146,12373.3906,0,1.1266,5.9017,5.9017,27.2979
10,147,12400.1197,0,5.0877,8.624,8.624,58.5701
10,148,12419.2501,0,2.1173,6.2276,6.2276,69.5436
10,149,12460.9669,0,2.093,10.7267,10.7267,49.3764
10,150,12543.9074,0,7.5197,18.5614,18.5614,70.5835
10,151,12583.396,0,5.1266,8.8059,8.8059,40.0257
10,152,12586.9796,0,3.4068,15.1707,15.1707,76.555
10,153,12700.4486,0,4.0374,26.8583,26.8583,68.359
10,154,12963.89,0,7.3801,30.1882,30.1882,61.237
10,155,13121.5354,0,1.537,18.4907,18.4907,33.5528
10,156,13139.0048,0,3.3732,5.9057,5.9057,62.0087
10,157,13312.689,0,5.804,14.3798,14.3798,63.0951
10,158,13456.7819,0,16.1444,20.4096,20.4096,86.4664
10,159,13482.1602,0,13.3069,16.791,16.791,78.9917
10,160,13515.0966,0,11.4968,13.1026,13.1026,65.9777
10,161,13698.318,0,3.7884,8.9842,8.9842,64.0759
10,162,13738.3334,0,3.803,11.7069,11.7069,68.3034
10,163,13783.6356,0,8.5451,17.7748,17.7748,69.8806
10,164,13824.0699,0,6.3743,8.7632,8.7632,60.9274
10,165,13837.6863,0,6.6578,16.5118,16.5118,52.6462
10,166,13891.3709,0,7.5386,13.3059,13.3059,33.2975
10,167,13961.23,0,5.2165,20.5519,20.5519,90.7868
10,168,14145.5369,0,2.4877,7.0041,7.0041,42.7863
10,169,14195.944,0,3.0501,5.534,5.534,63.1217
10,170,14252.6172,0,2.2652,5.2609,5.2609,38.9424
10,171,14259.5548,0,9.5929,15.5649,15.5649,59.0408
10,172,14342.1914,0,0.153,17.3006,17.3006,43.15
10,173,14419.7495,0,2.7173,9.9402,9.9402,45.3413
10,174,14736.4071,0,6.1067,16.0497,16.0497,53.4854
10,175,14990.9176,0,3.2011,9.3849,9.3849,65.0659
10,176,15032.4304,0,12.8884,15.2565,15.2565,53.9273
10,177,15063.2533,0,10.2594,15.4891,15.4891,104.5635
10,178,15092.2645,0,8.0634,17.3143,17.3143,99.0761
10,179,15265.7115,0,2.5475,3.9812,3.9812,38.3889
10,180,15293.6615,0,10.4111,27.6491,27.6491,102.9882
10,181,15325.2967,0,13.9074,17.62,17.62,77.1342
10,182,15339.664,0,1.2031,4.295,4.295,108.3734
10,183,15365.443,0,2.9941,9.1326,9.1326,71.3031
10,184,15455.6295,0,6.9823,11.6283,11.6283,43.6203
10,185,15526.668,0,4.7431,8.564,8.564,29.6917
10,186,15618.7854,0,5.3919,14.2669,14.2669,46.0289
10,187,16281.3637,0,3.9579,8.106,8.106,51.2791
10,188,16364.5182,0,4.3621,7.2053,7.2053,58.8765
10,189,16327.0354,0,2.9899,62.9899,62.9899,104.5147
10,190,16514.7578,0,1.4865,3.986,3.986,35.3681
10,191,16579.465,0,3.4952,4.9183,4.9183,42.5571
10,192,16585.1575,0,7.7359,10.5949,10.5949,62.0377
10,193,16653.7703,0,7.7204,15.6477,15.6477,54.1893
10,194,16720.8298,0,4.6537,8.6073,8.6073,30.3838
10,195,16738.661,0,1.5194,4.4491,4.4491,32.795
10,196,16906.716,0,2.5338,6.2603,6.2603,61.5957
10,197,16984.52,0,5.5699,10.6755,10.6755,50.2475
10,198,17006.1689,0,7.1209,9.0916,9.0916,46.3504
10,199,17021.5703,0,5.6005,9.1357,9.1357,74.4183
10,200,17016.3817,0,8.0407,23.7469,23.7469,75.1475
10,201,17075.1266,0,4.9001,14.8046,14.8046,57.0381
10,202,17251.0838,0,4.4715,7.7535,7.7535,70.6258
10,203,17323.5005,0,6.5738,8.8339,8.8339,41.0564
10,204,17335.3226,0,4.3854,13.8129,13.8129,38.6665
10,205,17425.8734,0,4.3854,8.8716,8.8716,70.5462
10,206,17500.9526,0,3.6328,6.71,6.71,49.711
10,207,17722.1664,0,10.8531,12.1999,12.1999,48.1033
10,208,17782.6883,0,2.4517,11.2476,11.2476,41.4761
10,209,17784.7826,0,5.6194,9.9471,9.9471,52.3052
10,210,17878.3502,0,3.9643,18.9823,18.9823,64.515
10,211,17952.6342,0,2.8687,6.1039,6.1039,31.116
10,212,17960.3141,0,4.7374,10.3404,10.3404,76.9371
10,213,17960.4684,0,12.6611,18.7599,18.7599,71.6856
10,214,18064.1254,0,5.1499,38.6608,38.6608,95.061
10,215,18166.3692,0,2.3293,8.2287,8.2287,49.5337
10,216,18610.8325,0,2.4367,9.294,9.294,48.7205
10,217,18655.3713,0,2.2196,5.3786,5.3786,24.9035
10,218,18676.1805,0,5.5738,11.4702,11.4702,53.528
10,219,18686.1766,0,2.8767,8.6401,8.6401,71.0456
10,220,18715.2558,0,11.7736,14.6264,14.6264,67.0157
10,221,18772.5144,0,4.2539,11.2124,11.2124,78.8707
10,222,18908.3959,0,3.6307,6.1818,6.1818,76.0402
10,223,19100.0884,0,3.841,6.0068,6.0068,42.9702
10,224,19276.3648,0,11.193,14.7095,14.7095,61.2051
10,225,19361.8586,0,5.5319,8.2689,8.2689,45.0596
10,226,19452.8282,0,2.3102,6.9476,6.9476,20.8413
10,227,19526.648,0,3.842,8.2351,8.2351,65.5609
10,228,19631.6215,0,3.2177,5.5633,5.5633,33.8987
10,229,19691.486,0,2.0845,6.6273,6.6273,26.4199
10,230,19698.083,0,1.8867,3.9133,3.9133,63.9793
10,231,19799.3905,0,3.9095,14.1699,14.1699,45.2469
10,232,19813.9373,0,4.0006,7.9251,7.9251,38.837
10,233,20093.8094,0,3.4416,10.3583,10.3583,24.6179
10,234,20238.7231,0,4.1985,25.3686,25.3686,57.2393
10,235,20321.2222,0,1.6993,6.8544,6.8544,44.4056
10,236,20686.2478,0,4.9078,10.4361,10.4361,69.3542
10,237,20706.984,0,1.0353,5.6797,5.6797,58.0815
10,238,20707.1084,0,3.2409,10.4513,10.4513,86.5765
10,239,20815.1467,0,2.8376,4.6666,4.6666,53.4769
10,240,20829.2802,0,4.3304,7.1441,7.1441,43.8236
10,241,20950.2902,0,6.9524,26.8418,26.8418,60.4621
10,242,21069.6302,0,2.5078,7.3632,7.3632,47.1777
10,243,21099.0808,0,9.6187,21.9298,21.9298,81.5977
10,244,21268.5559,0,0.836,2.9354,2.9354,42.0909
10,245,21263.8515,0,4.8371,10.7041,10.7041,70.2852
10,246,21451.8334,0,5.2739,18.9358,18.9358,48.9739
10,247,21473.6017,0,13.8865,19.4616,19.4616,82.0739
10,248,21563.406,0,3.0568,10.3714,10.3714,34.911
10,249,21688.1612,0,1.9301,8.8129,8.8129,43.8134
10,250,21900.4968,0,2.7959,5.7453,5.7453,48.4048
10,251,21997.8965,0,3.6674,7.1283,7.1283,63.722
10,252,22039.7518,0,4.5027,7.9115,7.9115,43.4154
10,253,22170.8608,0,0.2731,2.7695,2.7695,47.8754
10,254,22172.4964,0,11.5243,14.2446,14.2446,65.7379
10,255,22302.6099,0,9.8315,13.8943,13.8943,34.8405
10,256,22308.2545,0,5.5245,10.7387,10.7387,48.966
10,257,22453.3375,0,4.0657,9.5738,9.5738,45.3625
10,258,22462.5237,0,1.9425,4.1785,4.1785,47.5585
10,259,22469.5486,0,4.5709,8.568,8.568,55.3877
10,260,22474.9993,0,9.1034,21.8886,21.8886,39.3324
10,261,22500.1875,0,3.1526,5.6448,5.6448,76.3673
10,262,22602.3149,0,7.519,15.1405,15.1405,50.3275
10,263,22613.3527,0,3.5044,16.4187,16.4187,78.6038
10,264,22641.6125,0,2.368,8.2774,8.2774,65.8828
10,265,22749.2865,0,9.9541,13.8746,13.8746,37.0618
10,266,22944.7525,0,3.7959,7.2293,7.2293,93.8643
10,267,23076.404,0,5.0217,10.706,10.706,57.6624
10,268,23550.8187,0,7.6749,12.5467,12.5467,57.0712
10,269,23620.0758,0,4.2108,16.1659,16.1659,44.7183
10,270,23676.6215,0,3.029,8.9309,8.9309,42.7298
10,271,23690.8258,0,7.57,11.9018,11.9018,81.739
10,272,23909.9974,0,11.5542,12.2527,12.2527,69.3978
10,273,23954.2754,0,6.7769,11.0344,11.0344,82.0268
10,274,23977.346,0,26.2999,31.6009,31.6009,110.8369
10,275,24051.5589,0,4.0108,14.3099,14.3099,90.6986
10,276,24104.9806,0,5.1973,25.2879,25.2879,69.6215
10,277,24186.4191,0,1.8173,7.8014,7.8014,86.5885
10,278,24218.4111,0,3.3338,5.8053,5.8053,67.7609
10,279,24292.3603,0,2.2069,30.2908,30.2908,64.3304
10,280,24312.5322,0,1.9077,15.9932,15.9932,71.9077
10,281,24427.7821,0,7.0328,18.5744,18.5744,64.322
10,282,24751.3112,0,2.829,8.7974,8.7974,36.9825
10,283,25066.4647,0,4.6614,14.1678,14.1678,48.2791
10,284,25080.5751,0,7.21,12.8286,12.8286,52.9294
10,285,25091.7427,0,3.7521,7.1677,7.1677,100.6692
10,286,25092.199,0,4.8379,10.0488,10.0488,99.4742
10,287,25241.771,0,4.4126,8.6604,8.6604,81.891
10,288,25302.6793,0,2.5003,5.2639,5.2639,79.7474
10,289,25333.7966,0,15.1536,16.2847,16.2847,68.2705
10,290,25423.2852,0,2.6094,7.3062,7.3062,64.0142
10,291,25734.744,0,4.0667,14.6717,14.6717,73.8108
10,292,25794.1019,0,3.7272,54.6018,54.6018,93.5259
10,293,26114.2017,0,2.2536,8.3319,8.3319,124.7859
10,294,26368.2493,0,6.5282,56.6088,56.6088,128.0476
10,295,26579.4285,0,13.1727,18.9414,18.9414,70.7803
10,296,26582.9343,0,14.0769,19.2028,19.2028,83.8956
10,297,26738.8331,0,1.5105,5.567,5.567,29.0197
10,298,26737.7005,0,6.163,11.5554,11.5554,76.0741
10,299,26968.9029,0,3.0568,8.1485,8.1485,39.5588
10,300,27225.8811,0,1.48,16.0833,16.0833,47.2446
10,301,27249.7329,0,4.9319,64.9319,64.9319,118.4449
10,302,27701.2154,0,3.431,5.6612,5.6612,32.2393
10,303,27862.8751,0,2.1155,7.1636,7.1636,21.4679
10,304,27925.4494,0,5.563,13.8819,13.8819,62.6665
10,305,27969.8777,0,2.3268,10.4307,10.4307,100.3787
10,306,28026.537,0,0.9071,10.954,10.954,52.7369
10,307,28052.1716,0,5.8773,7.5513,7.5513,64.4025
10,308,28073.3931,0,8.7837,12.4432,12.4432,50.9782
10,309,28084.2238,0,13.5409,19.1653,19.1653,61.2919
10,310,28111.278,0,7.7969,14.3602,14.3602,120.5563
10,311,28117.1376,0,14.5836,16.4286,16.4286,101.4815
10,312,28157.2054,0,3.1885,11.6155,11.6155,69.5425
10,313,28245.9017,0,3.9295,23.8174,23.8174,98.5937
10,314,28373.3444,0,1.673,11.1266,11.1266,69.2789
10,315,28415.0502,0,1.7488,6.6507,6.6507,66.8627
10,316,28422.4019,0,1.9426,17.4974,17.4974,73.3719
10,317,28439.0046,0,3.5155,7.4372,7.4372,65.853
10,318,28583.1548,0,6.4087,11.5836,11.5836,60.179
10,319,28696.9119,0,2.2003,7.4958,7.4958,41.5588
10,320,28734.1615,0,3.0568,6.9949,6.9949,27.5488
10,321,28955.9346,0,9.5434,15.548,15.548,46.949
10,322,29138.5459,0,5.8832,20.4739,20.4739,42.8601
10,323,29268.5465,0,2.9335,9.6258,9.6258,45.3149
10,324,29455.3048,0,1.9551,7.5187,7.5187,36.261
10,325,29494.1804,0,4.6209,9.3536,9.3536,91.2205
10,326,29646.2071,0,2.3293,6.3133,6.3133,64.6949
10,327,29654.1931,0,3.5651,5.9156,5.9156,57.7669
10,328,29857.806,0,3.465,13.6789,13.6789,38.1766
10,329,29964.0502,0,3.7975,7.8922,7.8922,34.7876
10,330,30000.8067,0,3.9031,7.7403,7.7403,35.3459
10,331,30009.2619,0,3.1954,5.3173,5.3173,59.5066
10,332,30159.7875,0,3.7925,12.1814,12.1814,53.7127
10,333,30490.8705,0,8.0912,10.603,10.603,70.3737
10,334,30804.3382,0,6.0667,12.0362,12.0362,115.2741
10,335,30953.5582,0,2.3247,20.5558,20.5558,57.2148
10,336,30986.3542,0,6.7339,10.3314,10.3314,42.6126
10,337,31040.3581,0,4.3374,8.6487,8.6487,39.3637
10,338,31237.6773,0,4.9783,12.5853,12.5853,64.159
10,339,31363.2942,0,3.5527,12.5866,12.5866,41.211
10,340,31433.2738,0,6.8239,66.8239,66.8239,124.8635
10,341,31552.8392,0,4.19,8.1037,8.1037,55.7258
10,342,31581.8631,0,3.261,7.5585,7.5585,37.7136
10,343,31974.5759,0,5.274,9.7185,9.7185,42.5807
10,344,32189.0698,0,2.7875,11.4934,11.4934,28.6026
10,345,32196.08,0,6.4115,12.8973,12.8973,48.9176
10,346,32299.3804,0,8.8364,21.3969,21.3969,66.4342
10,347,32298.2883,0,1.476,26.8801,26.8801,71.5549
10,348,32317.6702,0,9.0908,10.3894,10.3894,67.9504
10,349,32360.1625,0,11.7147,13.5712,13.5712,39.3602
10,350,32449.7153,0,1.4736,4.4416,4.4416,54.2014
10,351,32517.4782,0,3.7884,6.7781,6.7781,33.7746
10,352,32543.5865,0,6.5508,11.943,11.943,77.6495
10,353,32608.984,0,5.4352,9.0966,9.0966,37.2114
10,354,32624.4976,0,9.6777,16.1829,16.1829,116.3336
10,355,32676.2138,0,0.4295,8.4915,8.4915,78.5759
10,356,32675.7598,0,4.2728,42.192,42.192,84.8098
10,357,32775.168,0,2.0566,5.5213,5.5213,94.9128
10,358,32892.768,0,3.8775,8.4542,8.4542,34.1329
10,359,33003.098,0,0.7368,2.426,2.426,33.7312
10,360,33105.7051,0,3.1876,8.4617,8.4617,72.4256
10,361,33148.8762,0,1.8653,14.0567,14.0567,41.356
10,362,33333.0104,0,2.7074,15.9253,15.9253,33.8662
10,363,33486.7726,0,2.2869,8.0573,8.0573,49.4564
10,364,33564.1838,0,2.6636,9.2975,9.2975,59.3583
10,365,33691.6703,0,3.9307,8.7373,8.7373,51.4387
10,366,33721.4064,0,2.6249,7.8218,7.8218,64.7033
10,367,33830.7577,0,3.4024,9.2079,9.2079,45.9923
10,368,34060.172,0,1.4736,2.7587,2.7587,34.8097
10,369,34055.3781,0,7.8449,15.0089,15.0089,84.1142
10,370,34092.714,0,0.8714,4.1522,4.1522,66.368
10,371,34180.4399,0,6.3427,8.5927,8.5927,39.7611
10,372,34431.7353,0,8.3313,13.9321,13.9321,72.4468
10,373,34540.6793,0,5.1151,5.6961,5.6961,43.4001
10,374,34610.7904,0,1.5188,4.97,4.97,43.4236
10,375,34687.2177,0,4.4994,7.5206,7.5206,64.4334
10,376,34700.2827,0,2.4814,3.6493,3.6493,71.1945
10,377,34853.1532,0,1.2112,4.7951,4.7951,36.0819
10,378,34891.6584,0,4.1043,8.947,8.947,55.2181
10,379,34997.8142,0,0.4874,8.6595,8.6595,37.5801
10,380,35024.1109,0,4.2147,6.4123,6.4123,38.5574
10,381,35172.6962,0,7.1145,10.9275,10.9275,36.4662
10,382,35156.2287,0,5.2039,28.082,28.082,63.7823
10,383,35263.5879,0,8.8274,10.6669,10.6669,63.2784
10,384,35279.2891,0,4.75,11.5697,11.5697,54.619
10,385,35297.7481,0,5.16,10.1574,10.1574,47.0456
10,386,35346.4469,0,0.9856,5.2511,5.2511,30.1143
10,387,35384.7318,0,3.4036,5.2529,5.2529,38.0537
10,388,35528.6147,0,3.6673,6.611,6.611,51.1864
10,389,35554.3957,0,2.0631,6.8152,6.8152,45.7747
10,390,35729.1917,0,5.9087,11.7708,11.7708,48.6659
10,391,35825.0228,0,0.9988,4.9448,4.9448,46.1293
10,392,35881.6039,0,0.6433,4.2388,4.2388,24.7601
10,393,36415.9092,0,4.5304,5.903,5.903,38.2367
10,394,36436.3091,0,7.9775,11.2036,11.2036,54.2711
10,395,36497.8639,0,4.931,9.7227,9.7227,41.992
10,396,36648.7198,0,0.8287,8.724,8.724,36.4988
10,397,36726.4652,0,3.1526,6.0149,6.0149,52.4097
10,398,36762.0673,0,2.3688,5.6062,5.6062,77.6982
10,399,36781.2102,0,12.7878,34.7683,34.7683,65.2057
10,400,36822.8225,0,5.1499,8.1348,8.1348,33.0781
10,401,36843.495,0,5.1827,9.4591,9.4591,65.4875
10,402,36846.0696,0,8.3555,10.538,10.538,81.1318
10,403,36871.4629,0,11.0488,26.9144,26.9144,58.8345
10,404,36940.8772,0,6.2093,14.2869,14.2869,45.7593
10,405,36987.626,0,1.1157,2.2863,2.2863,42.8806
10,406,36997.8402,0,1.646,10.257,10.257,38.1751
10,407,37067.0556,0,1.2967,9.5513,9.5513,33.9554
10,408,37157.801,0,7.0597,10.7765,10.7765,51.1993
10,409,37255.9343,0,2.0845,13.0021,13.0021,55.1876
10,410,37306.9922,0,7.2292,12.7238,12.7238,61.4289
10,411,37351.8839,0,2.4698,5.2231,5.2231,56.9945
10,412,37705.1482,0,2.4244,5.3168,5.3168,36.9981
10,413,37939.3294,0,0.4364,3.382,3.382,73.6892
10,414,37959.7427,0,10.5542,15.511,15.511,55.5856
10,415,38003.9088,0,4.306,11.2716,11.2716,69.3167
10,416,38183.2874,0,1.043,7.1944,7.1944,49.2852
10,417,38237.7469,0,1.3355,5.8903,5.8903,35.6889
10,418,38244.6707,0,4.9668,8.3559,8.3559,54.9096
10,419,38244.7125,0,4.4158,18.0864,18.0864,63.1391
10,420,38318.9052,0,2.5755,7.9522,7.9522,84.5849
10,421,38503.2158,0,5.1282,8.112,8.112,68.6805
10,422,38603.5445,0,2.2108,19.2195,19.2195,70.2526
10,423,38769.1915,0,4.415,13.2477,13.2477,34.0552
10,424,38810.6678,0,3.7423,6.5499,6.5499,27.7126
10,425,38896.9271,0,5.1147,16.3267,16.3267,46.9575
10,426,38917.9348,0,6.4857,19.8212,19.8212,34.9358
10,427,38956.0248,0,1.4149,12.5891,12.5891,85.8823
10,428,39097.3429,0,4.6744,9.3575,9.3575,49.0159
10,429,39098.7933,0,10.6492,19.8207,19.8207,56.7821
10,430,39175.1174,0,1.4733,4.5259,4.5259,63.4301
10,431,39295.5611,0,8.1896,11.2093,11.2093,30.7965
10,432,39362.1137,0,7.0072,8.8066,8.8066,51.5748
10,433,39364.3965,0,3.6067,8.8124,8.8124,47.0957
10,434,39393.3639,0,3.3902,8.9125,8.9125,90.6021
10,435,39547.8606,0,9.1872,17.1329,17.1329,45.2108
10,436,39559.8734,0,8.1385,19.4308,19.4308,48.0105
10,437,39588.0995,0,3.0961,8.7201,8.7201,25.4819
10,438,39611.2199,0,1.8109,11.1242,11.1242,45.1754
10,439,39665.7272,0,1.2822,9.1963,9.1963,44.9954
10,440,39679.9624,0,4.94,26.5917,26.5917,48.8724
10,441,39734.6451,0,1.6575,6.6709,6.6709,52.4012
10,442,39738.4375,0,6.7135,15.0873,15.0873,70.4892
10,443,39751.189,0,9.2996,12.1238,12.1238,98.0805
10,444,39856.0727,0,4.3406,7.7406,7.7406,46.4794
10,445,39919.8388,0,2.8201,5.4903,5.4903,74.8173
10,446,40017.9971,0,0.5264,2.5896,2.5896,24.2835
10,447,40022.6382,0,1.7148,5.5196,5.5196,53.6367
10,448,40100.3431,0,4.8593,10.3211,10.3211,30.8424
10,449,40109.5916,0,5.571,11.0076,11.0076,45.7388
10,450,40112.6196,0,1.2353,9.6216,9.6216,81.1601
10,451,40407.9812,0,6.9173,8.6819,8.6819,46.2307
10,452,40658.3594,0,1.8098,4.2862,4.2862,63.2596
10,453,40813.7035,0,9.6187,13.7613,13.7613,85.0195
10,454,40905.5003,0,3.001,18.4332,18.4332,70.0905
10,455,41045.4827,0,5.2138,12.3158,12.3158,49.2124
10,456,41068.2481,0,5.6416,13.3889,13.3889,47.693
10,457,41142.0512,0,10.3131,15.3374,15.3374,66.5462
10,458,41231.1397,0,9.6878,17.5304,17.5304,58.6735
10,459,41258.1725,0,9.8032,19.7058,19.7058,72.0226
10,460,41298.5961,0,5.6287,14.5975,14.5975,57.6185
10,461,41432.4213,0,4.6215,18.8666,18.8666,60.1977
10,462,41454.9462,0,8.7789,17.1338,17.1338,60.9997
10,463,41494.5029,0,2.1108,4.2618,4.2618,36.2884
10,464,41526.012,0,6.8242,10.3003,10.3003,27.0532
10,465,41567.4889,0,2.2834,16.2849,16.2849,40.5753
10,466,41658.1745,0,1.7638,41.0642,41.0642,112.8879
10,467,42047.813,0,1.9918,6.7607,6.7607,114.9964
10,468,42307.4469,0,0.626,8.5847,8.5847,71.8738
10,469,42360.8284,0,2.6318,6.9786,6.9786,60.7834
10,470,42483.1246,0,4.7829,14.633,14.633,35.2474
10,471,42599.5813,0,1.7068,7.8428,7.8428,33.2539
10,472,42598.2439,0,2.9341,9.5787,9.5787,45.2934
10,473,42625.4093,0,5.0143,13.215,13.215,31.0016
10,474,42633.1627,0,5.5755,8.1777,8.1777,34.8512
10,475,42622.4081,0,8.0192,24.366,24.366,92.6816
10,476,42945.3402,0,3.215,15.0465,15.0465,60.2215
11,1,0.0,0,8.838,21.6884,21.6884,69.207
11,2,145.4453,0,3.125,5.8836,5.8836,94.5307
11,3,188.9429,0,4.0244,8.814,8.814,58.7659
11,4,388.62,0,2.1412,9.9564,9.9564,74.8324
11,5,485.2283,0,3.3795,14.1327,14.1327,48.8561
11,6,494.795,0,1.9327,5.9886,5.9886,70.4363
11,7,557.1498,0,11.2841,14.2999,14.2999,68.1018
11,8,672.2551,0,6.6598,14.0551,14.0551,47.9855
11,9,679.2743,0,5.6991,10.5476,10.5476,71.5209
11,10,868.5315,0,6.9495,16.3627,16.3627,56.1634
11,11,992.6638,0,0.5022,2.779,2.779,55.4025
11,12,1004.314,0,5.4426,7.9221,7.9221,59.4898
11,13,1244.2497,0,1.175,3.5219,3.5219,50.899
11,14,1322.8896,0,1.9174,5.2799,5.2799,25.551
11,15,1323.748,0,7.4495,13.699,13.699,66.8023
11,16,1348.6388,0,1.7642,7.6968,7.6968,51.3056
11,17,1412.9479,0,2.6204,8.508,8.508,46.7861
11,18,1614.1554,0,2.4817,8.439,8.439,58.5867
11,19,1707.0286,0,3.8491,7.6849,7.6849,52.7987
11,20,1895.8223,0,3.5162,13.1163,13.1163,70.3805
11,21,1957.853,0,10.8059,16.9238,16.9238,61.4731
11,22,2150.3049,0,6.8456,15.783,15.783,64.8968
11,23,2189.1915,0,4.9298,15.8629,15.8629,67.5526
11,24,2203.3839,0,8.1845,10.1491,10.1491,74.657
11,25,2339.3262,0,8.6239,14.7055,14.7055,45.5485
11,26,2405.0385,0,3.922,6.5884,6.5884,52.3668
11,27,2461.9563,0,4.9081,11.6301,11.6301,50.6689
11,28,2494.078,0,4.3749,7.1422,7.1422,61.6844
11,29,2585.6501,0,10.6355,14.8962,14.8962,60.7701
11,30,2616.8516,0,10.6887,15.8943,15.8943,64.1667
11,31,2665.0162,0,1.9495,14.1821,14.1821,42.8137
11,32,2671.4999,0,4.6896,13.5636,13.5636,75.0022
11,33,2916.8263,0,2.1027,6.2216,6.2216,34.3967
11,34,3018.4235,0,1.2027,18.2136,18.2136,37.8195
11,35,3059.2129,0,1.0251,12.2466,12.2466,60.8824
11,36,3066.641,0,1.0071,17.5653,17.5653,55.5581
11,37,3244.772,0,1.0574,6.6678,6.6678,48.177
11,38,3452.0739,0,7.2571,11.618,11.618,37.2661
11,39,3457.1075,0,2.3394,12.5907,12.5907,48.4435
11,40,3476.1439,0,15.8184,23.8278,23.8278,84.1028
11,41,3522.5503,0,4.1715,25.6512,25.6512,72.3298
11,42,3566.2141,0,9.9505,18.6229,18.6229,60.9256
11,43,3624.232,0,3.6032,6.5023,6.5023,51.2689
11,44,3659.835,0,6.1553,8.818,8.818,41.0736
11,45,3712.3366,0,5.4849,9.5253,9.5253,81.8506
11,46,3685.6599,0,3.3349,38.0733,38.0733,57.148
11,47,3739.2069,0,3.3473,13.636,13.636,72.5316
11,48,4053.9634,0,1.8418,3.6578,3.6578,47.762
11,49,4056.0329,0,7.4681,14.963,14.963,77.1231
11,50,4074.8917,0,5.5476,11.1002,11.1002,71.0074
11,51,4131.4521,0,4.912,10.3797,10.3797,54.5949
11,52,4612.7584,0,2.0782,7.049,7.049,35.574
11,53,4820.28,0,6.9495,13.1992,13.1992,34.8063
11,54,4828.9351,0,6.0093,8.5743,8.5743,46.3148
11,55,4876.0784,0,10.3131,16.4557,16.4557,69.6062
11,56,4922.4378,0,15.0908,17.2725,17.2725,34.8656
11,57,4963.018,0,6.4857,11.4846,11.4846,82.0624
11,58,4987.0461,0,3.2477,7.4763,7.4763,64.1402
11,59,5023.5376,0,2.7934,5.4648,5.4648,39.8666
11,60,5047.6811,0,2.8687,5.3999,5.3999,34.0878
11,61,5056.8797,0,2.9603,4.8559,4.8559,49.3526
11,62,5070.4197,0,3.079,7.0586,7.0586,42.5158
11,63,5483.8319,0,2.0969,13.2096,13.2096,41.3206
11,64,5619.1009,0,3.7975,7.5215,7.5215,27.4632
11,65,5619.1396,0,2.5462,11.3105,11.3105,61.0919
11,66,5601.3575,0,8.302,29.3009,29.3009,57.8611
11,67,5635.983,0,12.9656,17.3166,17.3166,66.7908
11,68,5633.5439,0,15.4586,36.0465,36.0465,112.4551
11,69,5705.9855,0,6.5877,16.3592,16.3592,42.0386
11,70,5745.4628,0,3.7675,24.2283,24.2283,83.5474
11,71,6183.8076,0,2.3516,8.4624,8.4624,29.1494
11,72,6277.9832,0,8.7302,13.9455,13.9455,58.8517
11,73,6356.2364,0,13.6093,18.3498,18.3498,48.9061
11,74,6369.3997,0,1.9386,5.7674,5.7674,49.6144
11,75,6491.3816,0,1.7618,10.0258,10.0258,40.5715
11,76,6603.9129,0,8.3702,12.4543,12.4543,44.8712
11,77,6610.5352,0,10.1699,12.9437,12.9437,53.9106
11,78,6768.1868,0,9.4849,22.9572,22.9572,85.2156
11,79,6970.6799,0,2.6184,11.0454,11.0454,64.0946
11,80,7096.3758,0,4.102,7.7323,7.7323,48.4441
11,81,7274.7195,0,0.2765,5.2317,5.2317,59.7062
11,82,7400.8306,0,7.8705,10.7036,10.7036,41.1316
11,83,7783.111,0,3.2047,51.5054,51.5054,111.5769
11,84,7844.2659,0,3.9095,7.909,7.909,51.7374
11,85,7856.2884,0,13.2052,15.5849,15.5849,41.4258
11,86,7921.4012,0,4.1857,9.5294,9.5294,33.4756
11,87,8011.6976,0,4.7483,10.9759,10.9759,51.6053
11,88,8045.2742,0,5.8275,12.3315,12.3315,39.5071
11,89,8062.0855,0,6.5282,13.1777,13.1777,56.0327
11,90,8124.4353,0,5.7409,9.3042,9.3042,51.9633
11,91,8200.3395,0,8.3293,12.4821,12.4821,57.6676
11,92,8237.283,0,1.6733,6.7224,6.7224,58.6198
11,93,8261.2271,0,4.7732,16.8643,16.8643,57.2579
11,94,8280.0246,0,4.2105,9.5657,9.5657,20.6236
11,95,8301.1587,0,3.2587,7.0507,7.0507,47.7752
11,96,8371.3081,0,4.9439,12.6714,12.6714,53.595
11,97,8419.9373,0,1.3358,7.8075,7.8075,41.8932
11,98,8447.4071,0,4.1615,13.4085,13.4085,86.6748
11,99,8539.9186,0,3.1545,7.9803,7.9803,26.0625
11,100,8542.5228,0,3.2166,6.0932,6.0932,41.6035
11,101,8776.3821,0,1.7351,9.4675,9.4675,79.5694
11,102,8942.9873,0,2.4221,7.4192,7.4192,59.0309
11,103,9029.2184,0,3.51,9.2687,9.2687,32.3356
11,104,9141.6175,0,10.0962,23.5063,23.5063,56.7919
11,105,9180.2079,0,5.3821,7.9217,7.9217,28.7784
11,106,9183.1668,0,6.1365,11.9795,11.9795,41.777
11,107,9225.7371,0,11.3534,17.5492,17.5492,76.9645
11,108,9400.9157,0,3.466,5.6157,5.6157,34.4154
11,109,9411.6217,0,2.8624,6.1276,6.1276,74.3841
11,110,9419.0537,0,3.9989,18.0574,18.0574,74.2181
11,111,9436.3618,0,9.9131,19.1352,19.1352,71.6659
11,112,9586.9202,0,5.7564,20.327,20.327,44.1057
11,113,9652.2243,0,2.2783,15.9813,15.9813,50.0023
11,114,9682.7897,0,3.9964,10.3077,10.3077,30.7877
11,115,9696.8169,0,2.8102,13.3309,13.3309,58.6712
11,116,9846.9078,0,9.6015,14.3129,14.3129,59.5886
11,117,9922.4181,0,2.0786,7.0727,7.0727,55.5196
11,118,10111.1054,0,2.9712,7.787,7.787,71.0133
11,119,10192.1765,0,2.839,5.1355,5.1355,37.6127
11,120,10304.5809,0,1.1483,3.6823,3.6823,53.4497
11,121,10514.3798,0,4.7816,12.721,12.721,50.2471
11,122,10551.7563,0,3.0844,8.3829,8.3829,113.4205
11,123,10589.7284,0,9.3511,15.9362,15.9362,69.4223
11,124,10605.1612,0,1.6968,3.5827,3.5827,112.4778
11,125,10780.7221,0,1.9327,3.3141,3.3141,39.1653
11,126,10863.646,0,1.9663,6.6727,6.6727,32.863
11,127,10887.6664,0,2.277,18.4665,18.4665,41.3742
11,128,10908.5755,0,2.0733,3.9038,3.9038,42.878
11,129,10922.5854,0,4.231,12.0509,12.0509,52.6748
11,130,11074.9996,0,9.6639,14.0436,14.0436,47.0558
11,131,11150.5155,0,2.9794,13.513,13.513,60.0954
11,132,11260.6499,0,0.9355,3.9694,3.9694,30.6337
11,133,11320.1124,0,7.5597,15.5015,15.5015,41.4409
11,134,11336.9768,0,4.3449,6.1332,6.1332,39.3338
11,135,11374.3374,0,3.2166,6.3089,6.3089,48.1112
11,136,11436.9401,0,2.5398,9.8485,9.8485,41.1958
11,137,11501.7569,0,5.6041,8.4683,8.4683,31.9635
11,138,11577.0977,0,1.7485,3.4716,3.4716,47.7307
11,139,11602.9829,0,3.0422,4.8985,4.8985,36.6337
11,140,11839.9036,0,5.7254,41.047,41.047,68.0643
11,141,11967.7541,0,2.9541,7.0097,7.0097,48.6101
11,142,12159.6188,0,2.8687,5.9348,5.9348,77.1472
11,143,12177.778,0,13.6786,19.1156,19.1156,83.4925
11,144,12204.2099,0,22.4217,24.5854,24.5854,68.0645
11,145,12287.5742,0,3.8651,11.4777,11.4777,31.5052
11,146,12297.0887,0,3.7279,10.0724,10.0724,53.2679
11,147,12301.4671,0,4.4411,12.8109,12.8109,52.8938
11,148,12312.6545,0,5.4575,11.5889,11.5889,80.2961
11,149,12367.0743,0,0.6451,3.6868,3.6868,77.9635
11,150,12419.6545,0,6.7843,16.5018,16.5018,72.8425
11,151,12515.7323,0,1.4603,6.1546,6.1546,43.7099
11,152,12561.5657,0,3.6675,7.6974,7.6974,88.8436
11,153,12601.6182,0,3.7055,17.18,17.18,52.3042
11,154,12622.3294,0,6.4232,8.241,8.241,59.5325
11,155,12634.9826,0,9.4727,15.165,15.165,75.9115
11,156,12892.8999,0,6.9552,33.2768,33.2768,60.2611
11,157,13188.6951,0,5.4923,11.4866,11.4866,70.9521
11,158,13405.5953,0,5.6138,10.9948,10.9948,59.3604
11,159,13486.0604,0,2.6051,3.948,3.948,56.9454
11,160,13512.4356,0,2.3688,5.6674,5.6674,36.2657
11,161,13558.5054,0,4.1857,8.7713,8.7713,27.4423
11,162,13597.0832,0,6.5508,9.733,9.733,85.0074
11,163,13786.914,0,6.6105,15.0615,15.0615,43.887
11,164,13801.6796,0,4.2082,5.8849,5.8849,80.2425
11,165,13856.7687,0,1.8121,5.5759,5.5759,58.3646
11,166,14026.0033,0,4.3848,7.9433,7.9433,56.0473
11,167,14302.1058,0,2.6219,8.4128,8.4128,65.758
11,168,14723.9681,0,1.0394,10.6961,10.6961,79.1696
11,169,14877.1555,0,7.6373,12.2287,12.2287,46.9344
11,170,14899.8779,0,10.1768,18.3611,18.3611,38.2959
11,171,14949.3874,0,2.7466,5.7661,5.7661,58.1325
11,172,14992.3395,0,2.2158,5.1483,5.1483,45.4389
11,173,15098.7245,0,1.8864,7.0759,7.0759,46.6408
11,174,15136.4449,0,1.5699,4.1262,4.1262,61.6572
11,175,15182.492,0,5.3114,14.0353,14.0353,65.2066
11,176,15230.3812,0,4.2541,23.0697,23.0697,61.0522
11,177,15240.1684,0,8.1417,17.3315,17.3315,79.0015
11,178,15287.0242,0,5.0046,7.136,7.136,75.9179
11,179,15387.9737,0,1.7008,4.4227,4.4227,36.0259
11,180,15677.3464,0,2.0946,7.4499,7.4499,27.6512
11,181,15677.3181,0,9.2725,10.6419,10.6419,76.0731
11,182,15711.1544,0,1.7888,8.5354,8.5354,64.1422
11,183,15739.9011,0,13.8628,17.8523,17.8523,52.7884
11,184,15778.5925,0,6.5708,9.9901,9.9901,92.3181
11,185,16300.7454,0,1.8038,4.8605,4.8605,52.2495
11,186,16442.459,0,5.7737,9.2744,9.2744,33.6014
11,187,16484.8878,0,2.5574,9.774,9.774,55.3364
11,188,16527.8139,0,4.2962,8.9211,8.9211,45.404
11,189,16628.6942,0,4.0073,17.9834,17.9834,35.1417
11,190,16658.8388,0,0.5029,7.4308,7.4308,83.3866
11,191,16663.6373,0,8.8039,12.5868,12.5868,63.2676
11,192,16814.3531,0,3.4854,8.5474,8.5474,44.3424
11,193,16870.0421,0,3.014,6.4508,6.4508,45.4529
11,194,17044.116,0,4.4172,14.1404,14.1404,34.7211
11,195,17052.2256,0,2.0101,10.2342,10.2342,31.8868
11,196,17361.5305,0,0.4874,5.4968,5.4968,75.0331
11,197,17763.2752,0,6.4165,9.9965,9.9965,40.0845
11,198,17883.0309,0,3.919,10.7589,10.7589,45.4822
11,199,17933.3633,0,0.6467,2.7871,2.7871,45.7902
11,200,18001.8455,0,3.0159,19.2299,19.2299,81.0085
11,201,18053.4893,0,8.3705,14.8582,14.8582,57.4831
11,202,18087.3356,0,5.9187,8.4493,8.4493,71.3918
11,203,18144.0477,0,2.6579,5.8644,5.8644,42.4631
11,204,18152.5417,0,5.7243,10.2361,10.2361,59.4114
11,205,18193.7818,0,6.7544,10.8023,10.8023,42.0745
11,206,18318.2477,0,4.3888,6.2782,6.2782,36.5383
11,207,18326.7725,0,9.6905,11.5139,11.5139,59.3963
11,208,18506.0467,0,7.806,14.4574,14.4574,44.9031
11,209,18506.4281,0,3.2998,31.7602,31.7602,86.5973
11,210,18542.8446,0,9.2988,10.4721,10.4721,91.8491
11,211,18668.3796,0,5.1862,9.7442,9.7442,39.7266
11,212,18724.8728,0,4.8698,9.2024,9.2024,43.9535
11,213,18833.1153,0,7.4599,12.3052,12.3052,48.0382
11,214,18925.1356,0,2.5992,10.3165,10.3165,39.3194
11,215,18982.4594,0,0.5471,5.2114,5.2114,53.8845
11,216,19006.9454,0,5.3597,19.4593,19.4593,95.1546
11,217,19021.2023,0,3.6128,10.5851,10.5851,52.4764
11,218,19034.8691,0,21.8695,22.6111,22.6111,78.6137
11,219,19031.9446,0,9.7798,31.5858,31.5858,71.3922
11,220,19202.3413,0,1.9047,5.8315,5.8315,39.2185
11,221,19273.5889,0,3.7702,7.7831,7.7831,23.3313
11,222,19330.7377,0,8.3601,12.317,12.317,52.4255
11,223,19336.353,0,7.7793,51.1234,51.1234,114.3417
11,224,19461.6412,0,5.8797,11.5442,11.5442,45.2091
11,225,19497.6638,0,4.4988,10.5667,10.5667,42.0469
11,226,19505.9765,0,12.6046,20.7933,20.7933,63.0445
11,227,19522.5481,0,2.359,9.1382,9.1382,72.2831
11,228,19515.2187,0,17.6008,34.0909,34.0909,85.2882
11,229,19591.7424,0,4.2589,8.1332,8.1332,29.8579
11,230,19586.1393,0,16.2168,19.336,19.336,56.9729
11,231,19712.0905,0,5.6981,18.7113,18.7113,44.6896
11,232,19730.8239,0,5.4208,29.0016,29.0016,77.6476
11,233,19865.7382,0,4.3382,10.3892,10.3892,62.1151
11,234,19891.0704,0,10.0291,11.7291,11.7291,91.6602
11,235,19989.102,0,4.3753,6.7978,6.7978,26.7504
11,236,20071.8388,0,2.8791,13.3656,13.3656,58.2171
11,237,20165.4525,0,2.9625,7.0521,7.0521,47.9413
11,238,20199.2135,0,2.2741,3.6094,3.6094,30.0637
11,239,20259.6092,0,4.3489,10.6542,10.6542,40.9911
11,240,20943.8701,0,4.4756,9.1775,9.1775,31.7574
11,241,20947.2932,0,5.1195,7.5965,7.5965,71.3322
11,242,20959.6872,0,10.5542,39.6135,39.6135,66.9755
11,243,21029.0004,0,9.0503,15.62,15.62,34.7424
11,244,21310.2647,0,1.165,5.9055,5.9055,41.9091
11,245,21315.666,0,2.7265,5.6928,5.6928,56.1986
11,246,21641.446,0,3.7655,7.6001,7.6001,37.02
11,247,21649.8354,0,6.6642,14.8722,14.8722,39.6745
11,248,22062.0063,0,5.3633,9.6148,9.6148,83.7775
11,249,22169.5339,0,7.7768,9.8083,9.8083,50.1452
11,250,22167.3196,0,3.1568,24.9398,24.9398,68.5864
11,251,22199.9377,0,9.5313,12.4744,12.4744,45.9016
11,252,22278.7457,0,3.1361,9.2419,9.2419,51.1732
11,253,22289.302,0,4.6512,44.3138,44.3138,110.1759
11,254,22417.0145,0,1.8553,12.4617,12.4617,63.2797
11,255,22433.1034,0,14.7674,26.097,26.097,68.7372
11,256,22504.2471,0,4.8772,19.5283,19.5283,44.3455
11,257,22517.7133,0,6.8634,10.1567,10.1567,67.3196
11,258,22557.0358,0,3.4294,6.9793,6.9793,49.0701
11,259,22785.3363,0,2.7407,6.2842,6.2842,44.7879
11,260,22973.8036,0,5.1842,8.2008,8.2008,38.315
11,261,23076.5269,0,0.5957,2.0783,2.0783,40.266
11,262,23608.7995,0,7.8213,24.0057,24.0057,45.0319
11,263,23624.0316,0,5.1532,12.3341,12.3341,95.4991
11,264,23715.3484,0,2.0411,5.1126,5.1126,44.2255
11,265,23776.4889,0,9.5158,18.3915,18.3915,65.6799
11,266,23829.617,0,12.5466,19.5256,19.5256,66.5724
11,267,23919.6908,0,1.1675,6.0095,6.0095,35.0359
11,268,23926.4258,0,11.8936,24.7316,24.7316,71.8735
11,269,24066.1283,0,1.3371,2.4708,2.4708,33.9551
11,270,24078.1003,0,9.7586,15.7871,15.7871,56.7906
11,271,24300.2393,0,3.3018,11.8241,11.8241,63.1089
11,272,24349.276,0,3.341,7.9023,7.9023,54.8935
11,273,24477.3793,0,4.9697,8.8547,8.8547,36.4102
11,274,24534.5552,0,9.304,11.8066,11.8066,56.0292
11,275,24570.6392,0,7.7057,10.6527,10.6527,28.7588
11,276,24588.9156,0,2.0471,5.7074,5.7074,84.2849
11,277,24913.4355,0,5.6506,10.1046,10.1046,67.8469
11,278,24973.0756,0,4.0307,8.565,8.565,38.534
11,279,24977.5073,0,8.3224,13.9462,13.9462,50.5117
11,280,25260.8879,0,6.8901,12.1732,12.1732,67.728
11,281,25266.5216,0,4.441,11.7845,11.7845,99.5143
11,282,25419.6866,0,2.6278,8.1472,8.1472,50.9834
11,283,25478.1288,0,2.6895,7.2836,7.2836,69.8537
11,284,25530.6881,0,5.1355,11.1966,11.1966,31.37
11,285,25855.5765,0,10.5278,15.5513,15.5513,55.8206
11,286,25927.8098,0,1.4889,8.3915,8.3915,37.4966
11,287,26044.1768,0,1.8942,3.9131,3.9131,25.4449
11,288,26063.9892,0,8.293,11.5596,11.5596,50.4517
11,289,26367.8507,0,2.8713,9.3564,9.3564,60.1628
11,290,26469.9769,0,4.2665,8.9383,8.9383,55.6034
11,291,26548.2611,0,1.3554,3.9538,3.9538,74.2551
11,292,26545.8514,0,6.6504,9.5441,9.5441,77.5656
11,293,26591.1208,0,6.401,10.19,10.19,47.2975
11,294,26592.2352,0,11.0576,20.9034,20.9034,58.2733
11,295,26653.9397,0,10.0023,16.1533,16.1533,55.5729
11,296,26780.6642,0,3.7884,8.3719,8.3719,86.3153
11,297,27328.034,0,4.7363,12.8659,12.8659,44.7008
11,298,27400.803,0,4.6295,9.3884,9.3884,66.1189
11,299,27431.7224,0,11.0387,32.5547,32.5547,156.313
11,300,27649.6214,0,1.5331,11.3096,11.3096,65.5337
11,301,27931.0451,0,3.8543,7.162,7.162,63.9659
11,302,28000.1183,0,2.5506,13.6399,13.6399,45.2019
11,303,28015.4195,0,0.409,4.6058,4.6058,94.4972
11,304,28202.9414,0,2.5827,5.0498,5.0498,42.2535
11,305,28202.5563,0,8.3256,15.8956,15.8956,64.9903
11,306,28234.2939,0,13.8835,20.0145,20.0145,90.6693
11,307,28252.3757,0,5.5804,9.6016,9.6016,94.7457
11,308,29145.8748,0,6.3634,10.4677,10.4677,51.1225
11,309,29450.8874,0,3.9822,8.361,8.361,159.7548
11,310,29455.2605,0,3.7088,14.0359,14.0359,191.3658
11,311,29504.4234,0,2.5806,12.1467,12.1467,149.7049
11,312,29570.0145,0,5.6162,12.5159,12.5159,87.2563
11,313,29604.5625,0,1.7655,5.1231,5.1231,65.4134
11,314,29637.0105,0,18.3902,21.5018,21.5018,77.7722
11,315,29813.8317,0,4.4564,9.5553,9.5553,36.8982
11,316,29983.8355,0,2.9301,5.2318,5.2318,99.2534
11,317,30106.6822,0,4.5319,9.8714,9.8714,58.1022
11,318,30133.4994,0,6.2037,10.9944,10.9944,52.0824
11,319,30305.473,0,3.1493,22.2496,22.2496,73.4337
11,320,30540.5304,0,2.7908,8.7226,8.7226,37.1736
11,321,30609.7846,0,4.1834,8.7009,8.7009,54.4991
11,322,30720.3602,0,5.1499,12.4733,12.4733,54.1035
11,323,30792.5528,0,2.9336,9.2114,9.2114,65.7401
11,324,30848.0124,0,5.3777,7.8621,7.8621,39.4435
11,325,30854.3782,0,4.9719,20.1571,20.1571,56.8611
11,326,30943.3811,0,1.8735,14.1145,14.1145,49.3069
11,327,31202.0186,0,6.1928,8.9254,8.9254,60.3874
11,328,31246.3004,0,2.6414,6.7757,6.7757,44.9839
11,329,31445.6045,0,2.9073,6.2847,6.2847,59.2749
11,330,31539.8069,0,4.0003,6.4943,6.4943,79.2226
11,331,31751.5276,0,0.8689,8.2517,8.2517,46.294
11,332,31768.6933,0,3.7779,5.6811,5.6811,44.1892
11,333,31815.9128,0,4.0195,11.1753,11.1753,58.102
11,334,32182.4626,0,2.5545,7.3617,7.3617,43.6007
11,335,32338.0688,0,2.8125,7.4737,7.4737,55.2279
11,336,32386.5784,0,1.224,9.6253,9.6253,41.8885
11,337,32449.9279,0,2.3436,5.0331,5.0331,60.4835
11,338,32498.4319,0,1.6,6.6541,6.6541,52.3849
11,339,32638.4132,0,4.7681,7.5092,7.5092,94.6244
11,340,32721.3361,0,12.5455,19.9396,19.9396,68.862
11,341,32898.2996,0,2.0076,15.057,15.057,35.4239
11,342,32910.3481,0,1.4153,8.4291,8.4291,52.2483
11,343,32956.5323,0,9.0916,12.3823,12.3823,83.2115
11,344,33512.6038,0,2.5688,6.8699,6.8699,32.3836
11,345,33940.3016,0,2.3293,5.7354,5.7354,50.1191
11,346,34026.5895,0,5.4352,12.4337,12.4337,39.1055
11,347,34043.3108,0,1.6011,8.4991,8.4991,46.9885
11,348,34066.286,0,4.8656,6.9173,6.9173,85.139
11,349,34014.562,0,2.1197,62.1197,62.1197,41.9844
11,350,34175.061,0,1.8028,11.3934,11.3934,45.7875
11,351,34285.4665,0,3.578,8.7178,8.7178,60.8214
11,352,34283.4097,0,2.0566,21.7605,21.7605,70.9421
11,353,34326.5008,0,17.8452,20.9327,20.9327,63.8293
11,354,34338.6362,0,3.0661,13.9179,13.9179,60.4937
11,355,34336.6617,0,18.7472,23.8329,23.8329,70.2683
11,356,34430.08,0,2.7743,12.0864,12.0864,45.0398
11,357,34431.6092,0,1.6761,18.3553,18.3553,83.3149
11,358,34569.5214,0,9.4422,14.8051,14.8051,45.8561
11,359,34641.4337,0,0.9803,4.1688,4.1688,49.7843
11,360,34985.071,0,5.4339,6.6967,6.6967,39.834
11,361,35008.931,0,2.0552,8.856,8.856,55.6867
11,362,35153.6819,0,4.1674,10.7591,10.7591,39.9994
11,363,35301.5506,0,2.2534,7.0271,7.0271,32.6219
11,364,35342.1035,0,2.3293,4.1515,4.1515,26.5722
11,365,35352.3483,0,2.0772,5.1642,5.1642,57.0596
11,366,35379.4362,0,4.2455,19.0358,19.0358,40.1428
11,367,35401.9036,0,2.7164,6.574,6.574,54.2375
11,368,35410.4469,0,3.2437,8.594,8.594,63.7441
11,369,35405.7358,0,11.8986,25.4088,25.4088,99.675
11,370,35403.246,0,25.6761,28.0966,28.0966,80.5029
11,371,35424.6519,0,14.3389,17.6297,17.6297,52.2205
11,372,35444.0847,0,12.4224,19.239,19.239,85.587
11,373,35434.976,0,44.9608,48.645,48.645,111.0831
11,374,35592.5889,0,3.8806,7.9725,7.9725,52.3016
11,375,35642.8924,0,1.706,4.5158,4.5158,30.1821
11,376,35643.0589,0,8.9564,15.117,15.117,62.0023
11,377,35812.091,0,1.6733,8.7631,8.7631,22.0241
11,378,35869.802,0,0.6454,3.2797,3.2797,49.1064
11,379,35889.5259,0,1.4163,3.3819,3.3819,45.0803
11,380,35991.4728,0,3.2856,8.4403,8.4403,62.1571
11,381,36026.951,0,3.6833,20.8544,20.8544,77.2299
11,382,36118.8471,0,2.8438,7.9922,7.9922,33.9032
11,383,36146.1275,0,1.6763,4.8043,4.8043,52.5326
11,384,36313.0881,0,3.3049,6.5714,6.5714,59.6455
11,385,36512.5764,0,3.4736,9.1792,9.1792,34.1514
11,386,36543.5485,0,1.8366,14.8054,14.8054,29.4942
11,387,36597.1022,0,1.2746,6.3967,6.3967,39.8571
11,388,36595.5976,0,7.2022,13.5432,13.5432,41.7673
11,389,36619.9668,0,10.9955,15.9947,15.9947,74.2551
11,390,36755.7979,0,9.3828,12.4155,12.4155,57.3059
11,391,36779.3769,0,5.8773,7.9454,7.9454,62.0857
11,392,36841.6333,0,8.1515,10.8591,10.8591,67.8174
11,393,36899.8243,0,7.2019,17.806,17.806,62.6397
11,394,36902.3718,0,22.9768,27.0212,27.0212,65.0869
11,395,37022.1894,0,8.2871,12.6155,12.6155,52.0498
11,396,37077.8063,0,5.9399,8.0029,8.0029,29.2146
11,397,37211.6499,0,3.679,48.2665,48.2665,95.0362
11,398,37286.8839,0,5.3666,11.1189,11.1189,40.871
11,399,37420.3607,0,3.1209,29.5203,29.5203,67.975
11,400,37743.0934,0,5.0524,14.0749,14.0749,53.6525
11,401,37944.1403,0,4.1619,11.1809,11.1809,54.1407
11,402,37953.5168,0,7.2022,17.4952,17.4952,71.0291
11,403,38107.0346,0,5.4781,10.9085,10.9085,73.9245
11,404,38162.4588,0,3.1173,10.6009,10.6009,51.1705
11,405,38226.3076,0,2.2534,7.5718,7.5718,50.6163
11,406,38233.9496,0,2.4476,9.0337,9.0337,70.7358
11,407,38298.7329,0,2.2534,16.019,16.019,37.673
11,408,38320.6447,0,6.1107,14.6511,14.6511,72.4664
11,409,38343.5515,0,6.5437,19.3091,19.3091,61.225
11,410,38546.0969,0,7.213,15.8828,15.8828,64.9144
11,411,38645.0934,0,4.9451,14.8363,14.8363,47.9547
11,412,38688.4777,0,5.4426,7.438,7.438,55.1337
11,413,38707.4414,0,3.7055,8.0969,8.0969,61.0855
11,414,38956.3909,0,3.9203,10.7043,10.7043,78.0664
11,415,39252.5437,0,2.5307,6.6959,6.6959,27.1085
11,416,39284.5097,0,4.9784,12.0524,12.0524,37.4585
11,417,39345.046,0,5.8641,21.8617,21.8617,62.5776
11,418,39366.1389,0,4.4308,33.6809,33.6809,70.6612
11,419,39743.3207,0,4.5709,10.8148,10.8148,44.4221
11,420,39756.3781,0,7.3429,13.2125,13.2125,78.9691
11,421,39827.0351,0,1.8826,9.8252,9.8252,46.5845
11,422,39862.5061,0,8.0353,13.311,13.311,52.558
11,423,39904.7769,0,4.9449,6.855,6.855,34.4013
11,424,40011.4626,0,6.8219,10.8752,10.8752,65.8724
11,425,40335.7303,0,3.0962,16.0654,16.0654,71.0345
11,426,40426.9538,0,9.0632,14.1948,14.1948,45.2008
11,427,40685.521,0,3.804,9.9997,9.9997,31.6314
11,428,40850.0639,0,4.6441,7.9061,7.9061,53.9517
11,429,40921.1715,0,3.3857,12.9536,12.9536,47.6021
11,430,40976.3078,0,3.7235,6.1104,6.1104,68.2873
11,431,41016.5098,0,2.4917,7.0835,7.0835,38.7902
11,432,41034.6234,0,8.0845,19.267,19.267,77.171
11,433,41125.346,0,2.3688,4.8443,4.8443,38.972
11,434,41138.395,0,5.2773,11.6904,11.6904,54.3483
11,435,41433.6975,0,4.0801,6.5695,6.5695,25.0815
11,436,41441.3155,0,3.7569,14.3279,14.3279,56.7558
11,437,41505.7636,0,4.7641,6.4606,6.4606,56.1
11,438,41708.8408,0,2.0946,4.6663,4.6663,29.9492
11,439,41749.4051,0,1.6403,10.1641,10.1641,80.4296
11,440,41833.09,0,7.6778,12.6027,12.6027,41.5856
11,441,41980.4168,0,4.2094,8.7067,8.7067,48.8841
11,442,42244.268,0,3.4134,10.8449,10.8449,47.1581
11,443,42407.5462,0,10.7663,14.5372,14.5372,50.9171
11,444,42392.3087,0,4.5872,33.8386,33.8386,75.1386
11,445,42410.6186,0,4.1129,24.7074,24.7074,65.5893
11,446,42444.515,0,6.7406,11.1325,11.1325,52.4146
11,447,42479.5273,0,4.7572,7.9497,7.9497,81.3875
11,448,42498.9578,0,5.6817,13.4456,13.4456,65.3158
11,449,42647.4916,0,7.8828,11.6172,11.6172,25.2166
11,450,42665.625,0,3.3114,8.2549,8.2549,69.1242
11,451,42831.1859,0,3.4552,15.1614,15.1614,60.7436
11,452,42876.4457,0,9.1613,17.1461,17.1461,70.0075
11,453,42892.1984,0,1.7808,6.1255,6.1255,57.8275
11,454,42920.1278,0,3.6279,12.6515,12.6515,73.0448
12,1,0.0,0,2.0815,21.2246,21.2246,67.0806
12,2,70.968,0,8.3369,19.7526,19.7526,84.975
12,3,101.9857,0,4.8626,8.3961,8.3961,56.009
12,4,229.2905,0,3.208,7.7474,7.7474,36.6305
12,5,445.9822,0,7.5983,15.7841,15.7841,59.9668
12,6,584.4772,0,1.9329,2.6762,2.6762,45.7691
12,7,623.5391,0,8.7177,14.0915,14.0915,48.2734
12,8,715.5799,0,7.4834,13.763,13.763,41.9793
12,9,761.0484,0,6.1206,7.2476,7.2476,60.469
12,10,787.0614,0,2.7108,8.3642,8.3642,50.9175
12,11,994.3371,0,1.5019,3.6848,3.6848,39.6277
12,12,1004.9553,0,2.6355,6.8231,6.8231,33.9034
12,13,1046.9015,0,8.1637,11.4222,11.4222,43.6527
12,14,1141.7123,0,5.5374,12.0433,12.0433,71.995
12,15,1181.9262,0,7.861,12.6213,12.6213,44.5506
12,16,1204.7173,0,2.0114,7.3629,7.3629,27.147
12,17,1311.4698,0,4.8217,12.253,12.253,31.2606
12,18,1448.9092,0,4.1455,8.9066,8.9066,42.184
12,19,1627.2798,0,2.5688,8.9906,8.9906,34.9809
12,20,1657.0901,0,3.1733,13.0402,13.0402,49.8624
12,21,1718.7342,0,4.0361,8.1312,8.1312,31.0487
12,22,1734.5424,0,0.774,10.2762,10.2762,62.3294
12,23,1745.4582,0,6.2016,11.0884,11.0884,45.657
12,24,1865.4055,0,2.7135,7.6789,7.6789,45.2895
12,25,1999.0472,0,3.588,5.1453,5.1453,50.0132
12,26,2077.1677,0,4.4062,8.5187,8.5187,67.1861
12,27,2103.2588,0,4.8763,8.2853,8.2853,48.8473
12,28,2110.2931,0,1.909,14.5209,14.5209,45.2946
12,29,2093.3248,0,11.6083,31.7341,31.7341,77.2439
12,30,2166.6126,0,12.2261,18.4541,18.4541,56.5944
12,31,2262.2212,0,6.1553,9.5189,9.5189,40.3525
12,32,2328.7391,0,4.1715,13.0021,13.0021,46.4218
12,33,2420.7967,0,4.1806,11.7516,11.7516,57.9583
12,34,2437.5711,0,4.1206,15.778,15.778,43.8044
12,35,2550.0254,0,2.1708,8.4269,8.4269,34.2368
12,36,2606.471,0,1.3376,19.603,19.603,49.1265
12,37,2693.7309,0,2.5403,4.6888,4.6888,50.2583
12,38,2787.3499,0,3.2856,7.3812,7.3812,47.1279
12,39,2796.2258,0,6.0398,8.0462,8.0462,56.2202
12,40,2799.0843,0,2.3004,10.4348,10.4348,122.8444
12,41,2883.5908,0,2.1346,7.1034,7.1034,68.2125
12,42,3123.6515,0,3.0179,5.3379,5.3379,77.5637
12,43,3171.4034,0,1.2871,6.0999,6.0999,44.881
12,44,3186.2453,0,2.8304,6.1473,6.1473,61.1304
12,45,3416.5223,0,4.0372,12.9298,12.9298,52.0682
12,46,3441.0076,0,1.2078,5.232,5.232,142.3923
12,47,3730.157,0,5.6974,9.4484,9.4484,28.8409
12,48,3764.6468,0,2.3649,3.3864,3.3864,74.5348
12,49,3805.9293,0,4.7258,10.199,10.199,37.1448
12,50,3848.339,0,6.4081,19.4373,19.4373,50.3149
12,51,3886.0611,0,6.8728,12.0494,12.0494,89.1825
12,52,3924.376,0,2.5338,6.6672,6.6672,70.8822
12,53,4024.6017,0,4.4232,10.5567,10.5567,55.4935
12,54,4012.8152,0,5.5238,28.4818,28.4818,69.3639
12,55,4273.0921,0,9.188,10.5397,10.5397,77.4419
12,56,4291.6877,0,3.1655,6.9905,6.9905,69.1678
12,57,4576.6533,0,5.4912,8.4284,8.4284,93.4206
12,58,4816.8925,0,5.3243,8.7618,8.7618,50.3127
12,59,4880.1414,0,10.2619,16.6268,16.6268,44.4466
12,60,4935.5561,0,4.0161,14.7225,14.7225,71.6348
12,61,5119.1425,0,2.5585,8.1829,8.1829,33.7329
12,62,5210.8001,0,3.7279,9.7985,9.7985,54.8642
12,63,5310.9756,0,3.2512,10.1373,10.1373,85.8577
12,64,5536.7802,0,2.4322,4.71,4.71,43.6841
12,65,5538.9935,0,2.0071,4.8992,4.8992,80.8624
12,66,5551.3537,0,4.3164,6.28,6.28,76.9588
12,67,5612.455,0,3.1876,5.914,5.914,45.8232
12,68,5607.0701,0,8.0182,12.1138,12.1138,49.699
12,69,5617.9681,0,9.6905,11.0393,11.0393,65.7591
12,70,5651.0988,0,3.8775,8.8058,8.8058,52.4792
12,71,5841.6469,0,4.204,8.1723,8.1723,65.4637
12,72,5902.8881,0,6.1058,8.7956,8.7956,53.8672
12,73,6371.1716,0,7.7521,10.2593,10.2593,26.152
12,74,6388.9458,0,1.9206,4.4679,4.4679,62.7277
12,75,6404.6279,0,2.7471,8.4777,8.4777,45.4451
12,76,6450.3228,0,5.2236,6.8099,6.8099,35.8101
12,77,6461.3881,0,1.3534,4.775,4.775,34.7226
12,78,6617.0883,0,2.9807,8.6818,8.6818,98.7478
12,79,6712.1759,0,2.7072,4.1138,4.1138,82.3879
12,80,6758.662,0,1.1271,2.7647,2.7647,44.539
12,81,6837.7325,0,6.2481,7.7642,7.7642,85.1936
12,82,6959.7179,0,3.0661,4.968,4.968,45.7742
12,83,7054.0098,0,4.7103,20.922,20.922,69.7824
12,84,7450.6843,0,1.0394,12.8555,12.8555,63.6488
12,85,7712.3493,0,3.5576,7.9256,7.9256,54.9436
12,86,7784.1875,0,4.1785,5.7768,5.7768,46.0058
12,87,8025.008,0,2.9949,9.8839,9.8839,57.893
12,88,8116.3212,0,4.4523,7.9005,7.9005,29.4634
12,89,8125.8949,0,3.0983,10.811,10.811,52.1609
12,90,8128.2958,0,6.8602,9.7641,9.7641,57.7378
12,91,8306.6924,0,10.0956,13.215,13.215,51.8199
12,92,8310.0575,0,4.7947,20.553,20.553,75.0971
12,93,8487.8821,0,1.3809,6.9394,6.9394,41.4174
12,94,8550.7733,0,6.215,16.7428,16.7428,62.8323
12,95,8624.2497,0,8.1866,14.9243,14.9243,40.1418
12,96,8767.956,0,7.974,21.0496,21.0496,72.832
12,97,8903.3287,0,4.5075,10.4228,10.4228,56.1407
12,98,8964.513,0,0.6859,8.2615,8.2615,40.6311
12,99,9181.3407,0,0.1739,3.3714,3.3714,59.4844
12,100,9263.7816,0,3.4267,6.5015,6.5015,40.9699
12,101,9326.6799,0,2.9035,9.0374,9.0374,53.0328
12,102,9343.1316,0,9.1179,13.8702,13.8702,74.9937
12,103,9415.7138,0,3.7884,7.3611,7.3611,53.7329
12,104,9523.7908,0,3.4211,9.0452,9.0452,49.6883
12,105,9527.4328,0,7.1891,18.9255,18.9255,61.8765
12,106,9617.5669,0,1.7988,6.4482,6.4482,49.6107
12,107,9675.252,0,10.8866,14.9054,14.9054,79.3374
12,108,9701.2547,0,2.3403,8.9423,8.9423,56.3842
12,109,9794.2618,0,5.664,8.3279,8.3279,66.4302
12,110,9883.3065,0,6.7846,18.4316,18.4316,75.6656
12,111,9909.9263,0,7.0184,11.4486,11.4486,61.7335
12,112,10355.15,0,1.3105,2.5562,2.5562,31.8888
12,113,10610.8864,0,4.0041,6.3699,6.3699,45.3337
12,114,10632.8777,0,0.9071,2.8534,2.8534,38.5592
12,115,10633.3013,0,11.6834,30.26,30.26,60.4592
12,116,10698.0558,0,9.5808,29.9054,29.9054,73.1032
12,117,11003.7528,0,8.0645,19.8868,19.8868,73.0711
12,118,11143.8505,0,2.339,9.6574,9.6574,42.8515
12,119,11297.4804,0,1.3358,12.4753,12.4753,43.3163
12,120,11297.8704,0,7.8657,12.333,12.333,55.5422
12,121,11315.1109,0,4.8619,12.0649,12.0649,61.2204
12,122,11314.9905,0,5.5952,12.8003,12.8003,94.809
12,123,11442.9895,0,1.3795,3.4425,3.4425,46.2889
12,124,11478.8534,0,5.0808,8.9161,8.9161,41.7976
12,125,11706.695,0,4.2258,9.5124,9.5124,57.0567
12,126,11838.6777,0,4.7402,5.2073,5.2073,54.237
12,127,12004.9279,0,1.9999,32.0995,32.0995,68.0587
12,128,12064.0822,0,6.1984,11.5234,11.5234,42.9882
12,129,12069.553,0,12.6536,17.4172,17.4172,85.1684
12,130,12139.8475,0,10.9741,22.3112,22.3112,39.9442
12,131,12152.2846,0,3.883,14.2217,14.2217,96.0511
12,132,12210.4498,0,2.6318,5.3573,5.3573,37.313
12,133,12242.0336,0,28.4326,31.9109,31.9109,78.2518
12,134,12254.6348,0,15.3064,22.7499,22.7499,104.1785
12,135,12290.1325,0,2.1279,4.0525,4.0525,87.9989
12,136,12306.6301,0,9.7655,17.5951,17.5951,76.8355
12,137,12340.5911,0,10.6952,17.263,17.263,83.7176
12,138,12422.1913,0,2.1671,9.6019,9.6019,31.9039
12,139,12533.3272,0,6.1155,10.3391,10.3391,38.3253
12,140,12660.1457,0,4.25,13.3818,13.3818,33.1581
12,141,12742.9923,0,9.7887,16.9954,16.9954,74.067
12,142,12894.7985,0,3.7055,8.7438,8.7438,88.3879
12,143,12997.0432,0,3.3524,6.4897,6.4897,24.6381
12,144,13032.3403,0,4.4167,11.128,11.128,44.2426
12,145,13359.9349,0,7.1729,19.5684,19.5684,45.6086
12,146,13483.6924,0,2.2193,7.6561,7.6561,55.0442
12,147,13624.2734,0,3.9643,11.0715,11.0715,73.3177
12,148,13652.9236,0,1.9209,7.4609,7.4609,58.5413
12,149,13646.63,0,2.9102,14.8183,14.8183,69.1773
12,150,13736.8279,0,3.4666,6.445,6.445,78.6107
12,151,13827.6563,0,5.5186,7.9606,7.9606,76.7983
12,152,13832.6944,0,13.611,20.5214,20.5214,85.0458
12,153,13999.4787,0,1.48,6.0823,6.0823,50.3521
12,154,14022.0552,0,2.8787,16.1534,16.1534,57.2853
12,155,14118.8711,0,10.3321,24.3515,24.3515,76.6229
12,156,14154.8865,0,6.1588,15.6669,15.6669,42.4231
12,157,14208.0653,0,4.0953,30.6072,30.6072,56.5602
12,158,14493.1363,0,0.8689,6.9882,6.9882,43.4301
12,159,14607.2384,0,1.9816,7.4398,7.4398,20.361
12,160,14852.8481,0,4.9784,7.229,7.229,29.7731
12,161,14996.6026,0,1.1428,3.8472,3.8472,24.351
12,162,15130.5914,0,3.4024,8.9779,8.9779,41.6714
12,163,15263.0771,0,2.9684,13.2637,13.2637,51.4079
12,164,15273.6679,0,10.2115,20.3757,20.3757,63.4223
12,165,15302.7348,0,2.3144,7.2248,7.2248,37.2085
12,166,15411.0637,0,1.7599,13.061,13.061,38.2666
12,167,15501.3606,0,5.5547,16.6826,16.6826,61.9547
12,168,15518.3634,0,6.5457,13.0779,13.0779,52.5732
12,169,15724.9174,0,0.8359,5.6519,5.6519,44.196
12,170,15740.6204,0,5.9317,13.434,13.434,43.6602
12,171,15812.8591,0,2.9114,7.5487,7.5487,60.0511
12,172,16044.4993,0,3.2214,18.2678,18.2678,87.2093
12,173,16097.6871,0,6.3089,15.082,15.082,42.524
12,174,16291.2133,0,2.54,6.5577,6.5577,81.7509
12,175,16476.076,0,6.1835,12.9099,12.9099,35.3742
12,176,16547.2622,0,8.1695,12.1771,12.1771,65.725
12,177,16613.0606,0,6.9551,11.6776,11.6776,46.1628
12,178,16613.5189,0,5.0656,16.5967,16.5967,75.4004
12,179,16679.5672,0,11.3115,14.5842,14.5842,48.0753
12,180,16688.5693,0,1.0422,9.367,9.367,82.3801
12,181,16711.3868,0,7.1884,16.6834,16.6834,74.5625
12,182,16744.1201,0,14.8663,19.5719,19.5719,58.735
12,183,16776.674,0,23.1406,27.6718,27.6718,74.8765
12,184,16859.4125,0,1.3116,17.7765,17.7765,41.1122
12,185,16902.2915,0,5.2898,12.0604,12.0604,40.6617
12,186,16937.6787,0,1.7957,22.8578,22.8578,51.9562
12,187,17028.952,0,7.7516,11.6559,11.6559,64.3083
12,188,17064.301,0,1.2662,5.1366,5.1366,55.6499
12,189,17063.6717,0,2.4174,8.2507,8.2507,78.3108
12,190,17345.6517,0,4.8756,14.019,14.019,71.6955
12,191,17584.8441,0,5.1839,9.4614,9.4614,46.0368
12,192,17704.1869,0,5.274,12.7454,12.7454,57.5554
12,193,17753.328,0,3.522,6.6352,6.6352,32.154
12,194,17810.7665,0,3.5942,5.2976,5.2976,61.2686
12,195,17809.0328,0,2.9893,8.2258,8.2258,75.8213
12,196,17818.8184,0,15.8358,22.0031,22.0031,104.0967
12,197,17987.2517,0,1.0631,10.329,10.329,35.673
12,198,18079.1973,0,3.0393,6.6838,6.6838,83.8613
12,199,18356.1273,0,5.4235,9.428,9.428,53.3604
12,200,18808.9686,0,0.9392,12.4841,12.4841,50.1555
12,201,18828.549,0,2.931,8.8927,8.8927,47.4061
12,202,18831.9347,0,8.9569,22.5623,22.5623,83.8681
12,203,18852.8014,0,8.0624,13.6188,13.6188,106.2254
12,204,18872.705,0,1.1724,4.8694,4.8694,93.9332
12,205,18908.9167,0,14.0706,16.1634,16.1634,95.6257
12,206,19197.2274,0,6.4211,14.642,14.642,65.8187
12,207,19366.8954,0,3.8414,15.03,15.03,63.2709
12,208,19384.7299,0,8.3149,12.0806,12.0806,51.936
12,209,19444.6683,0,2.7639,7.169,7.169,44.8221
12,210,19465.3545,0,9.2413,10.4385,10.4385,35.2874
12,211,19493.2875,0,11.5542,15.5721,15.5721,54.7387
12,212,19506.1478,0,14.5436,20.8075,20.8075,36.873
12,213,19529.4103,0,3.4842,7.2171,7.2171,71.3135
12,214,19712.6058,0,2.867,9.6726,9.6726,50.5954
12,215,19746.5801,0,3.5155,9.6365,9.6365,64.5896
12,216,19769.3129,0,1.7504,3.6713,3.6713,44.7448
12,217,19896.5046,0,1.7888,5.1843,5.1843,27.6223
12,218,19986.7687,0,3.6003,10.8119,10.8119,61.2473
12,219,20205.7905,0,2.4403,5.3434,5.3434,24.2946
12,220,20318.176,0,3.0812,13.0412,13.0412,34.1975
12,221,20334.6703,0,5.904,9.017,9.017,53.0413
12,222,20401.4391,0,6.5377,12.8873,12.8873,59.6807
12,223,20724.7271,0,2.3436,8.024,8.024,43.9894
12,224,20789.4414,0,3.2477,7.8537,7.8537,49.014
12,225,20833.9536,0,9.873,14.0206,14.0206,66.036
12,226,20859.9133,0,2.9157,10.7068,10.7068,34.1097
12,227,20866.0594,0,1.3255,4.5864,4.5864,80.2373
12,228,20869.6353,0,4.6555,14.1942,14.1942,80.8436
12,229,20937.8178,0,10.2878,15.6345,15.6345,66.4315
12,230,20955.0501,0,15.7938,18.4527,18.4527,70.6003
12,231,20983.4442,0,5.5755,7.9234,7.9234,52.3706
12,232,21027.3453,0,7.0634,13.6235,13.6235,42.0154
12,233,21165.75,0,4.09,6.979,6.979,70.0507
12,234,21168.5478,0,1.4971,7.6051,7.6051,72.007
12,235,21421.334,0,1.6224,13.4371,13.4371,67.0755
12,236,21534.5728,0,6.2993,10.9121,10.9121,42.9577
12,237,21536.2716,0,5.1151,9.2475,9.2475,63.1906
12,238,21796.7095,0,7.642,11.743,11.743,45.5437
12,239,21993.5288,0,4.9185,7.012,7.012,44.5452
12,240,22012.687,0,9.3658,18.0096,18.0096,72.5781
12,241,22213.3095,0,0.8623,6.3445,6.3445,53.5869
12,242,22225.2421,0,1.9015,7.5489,7.5489,80.9965
12,243,22370.6627,0,4.2082,9.2694,9.2694,39.1851
12,244,22394.3111,0,4.0073,6.4074,6.4074,66.7395
12,245,22418.0649,0,3.8074,13.1419,13.1419,63.3003
12,246,22532.2738,0,11.7232,16.9609,16.9609,93.8803
12,247,22670.0877,0,5.5738,11.2184,11.2184,54.5756
12,248,22711.7495,0,3.3956,9.3084,9.3084,48.6208
12,249,22744.59,0,10.4029,13.3178,13.3178,53.0519
12,250,23038.3171,0,2.8699,15.6471,15.6471,72.0765
12,251,23149.571,0,8.5857,28.1901,28.1901,86.6934
12,252,23255.6097,0,1.7333,3.6027,3.6027,52.8007
12,253,23503.2416,0,1.575,5.0586,5.0586,43.8872
12,254,23518.3202,0,2.9755,9.5626,9.5626,56.1677
12,255,23583.2003,0,6.0377,7.6147,7.6147,85.8646
12,256,23659.6065,0,10.7125,20.9492,20.9492,41.7211
12,257,23684.1723,0,5.5926,8.653,8.653,89.6856
12,258,23782.1207,0,2.4369,4.3821,4.3821,35.7953
12,259,23801.1556,0,3.4827,8.1602,8.1602,72.6263
12,260,23939.0988,0,4.1409,9.4577,9.4577,26.9142
12,261,23990.3141,0,3.7822,10.7209,10.7209,68.2769
12,262,24020.6123,0,9.8882,11.6536,11.6536,54.5667
12,263,24053.9538,0,5.7686,6.9726,6.9726,55.6106
12,264,24155.8178,0,4.8629,10.2991,10.2991,34.3677
12,265,24334.1572,0,4.2505,15.2514,15.2514,39.3932
12,266,24357.6132,0,3.523,6.6086,6.6086,46.2287
12,267,24379.4513,0,3.3854,10.0914,10.0914,39.92
12,268,24395.3626,0,10.03,16.6074,16.6074,47.4514
12,269,24516.647,0,4.56,8.6403,8.6403,93.9887
12,270,24572.351,0,1.6572,8.169,8.169,48.1392
12,271,24745.612,0,3.8796,7.6736,7.6736,102.6363
12,272,24821.4022,0,1.116,2.7846,2.7846,39.8893
12,273,25093.4167,0,2.3237,9.9625,9.9625,39.9349
12,274,25354.3374,0,3.7397,6.0529,6.0529,68.3286
12,275,25810.91,0,10.0988,13.0565,13.0565,71.6774
12,276,25970.779,0,5.2825,15.011,15.011,36.501
12,277,25985.9683,0,3.7384,11.6352,11.6352,50.0065
12,278,26000.1644,0,1.4157,4.8634,4.8634,61.9525
12,279,26212.2976,0,1.9301,21.1234,21.1234,45.1374
12,280,26396.9534,0,1.3595,11.3647,11.3647,55.3013
12,281,26444.2543,0,9.2737,13.1364,13.1364,53.1349
12,282,26448.667,0,19.9796,28.154,28.154,64.5807
12,283,26591.0463,0,7.7848,11.0536,11.0536,96.0778
12,284,26652.2435,0,2.8269,5.1364,5.1364,49.1482
12,285,26752.2027,0,6.1206,12.743,12.743,35.31
12,286,26770.4741,0,6.632,9.7193,9.7193,39.7173
12,287,26800.7621,0,4.3838,8.7256,8.7256,59.2358
12,288,26891.8992,0,11.7372,19.6732,19.6732,93.632
12,289,26914.7885,0,2.867,7.2753,7.2753,93.207
12,290,26942.4885,0,6.8347,9.7566,9.7566,73.9252
12,291,26971.9298,0,6.4107,10.8406,10.8406,64.772
12,292,27049.0275,0,6.8108,10.3546,10.3546,78.5878
12,293,27064.9282,0,1.3643,7.4597,7.4597,68.842
12,294,27084.536,0,10.3314,12.4328,12.4328,67.0163
12,295,27116.2975,0,10.2901,68.3625,68.3625,41.1409
12,296,27207.9138,0,1.8283,7.2295,7.2295,141.6263
12,297,27276.2711,0,2.1163,5.1516,5.1516,36.0274
12,298,27354.9449,0,2.7196,6.6447,6.6447,48.2852
12,299,27363.7471,0,3.5529,12.3096,12.3096,56.9582
12,300,27704.439,0,4.8557,12.4238,12.4238,47.602
12,301,27752.4652,0,2.5554,5.8308,5.8308,41.5259
12,302,27781.9192,0,1.5905,4.8753,4.8753,51.7693
12,303,27866.3162,0,8.827,10.1765,10.1765,41.8405
12,304,27919.026,0,3.5971,9.6599,9.6599,41.4031
12,305,28114.1082,0,2.2878,20.4972,20.4972,69.0764
12,306,28303.4487,0,5.8773,13.2349,13.2349,43.6006
12,307,28463.6099,0,7.9191,15.3289,15.3289,53.2599
12,308,28501.9177,0,11.2151,14.5308,14.5308,47.3449
12,309,28605.6229,0,6.1934,18.2397,18.2397,55.9606
12,310,28707.7248,0,6.9624,10.1596,10.1596,50.4075
12,311,28740.8742,0,9.5615,10.178,10.178,73.7822
12,312,28878.4489,0,1.776,7.858,7.858,29.881
12,313,28878.1605,0,6.9173,12.3789,12.3789,64.1537
12,314,29033.3505,0,2.0552,9.3908,9.3908,65.506
12,315,29199.3847,0,2.8655,8.5616,8.5616,51.8612
12,316,29300.6264,0,5.8437,11.0474,11.0474,48.1971
12,317,29304.5517,0,11.1594,13.7478,13.7478,67.8811
12,318,29323.8052,0,4.586,6.4083,6.4083,70.3435
12,319,29387.4379,0,1.9206,4.4439,4.4439,50.439
12,320,29453.4825,0,5.6436,12.0197,12.0197,52.9139
12,321,29544.1399,0,2.2184,5.0007,5.0007,37.4366
12,322,29545.1551,0,5.8165,12.7078,12.7078,71.598
12,323,29679.7117,0,0.9399,7.3102,7.3102,56.0365
12,324,29796.7964,0,3.5293,23.3866,23.3866,68.2325
12,325,29973.8901,0,2.1575,4.2384,4.2384,32.0897
12,326,30016.9655,0,2.3036,16.0466,16.0466,41.7481
12,327,30028.1448,0,3.6172,8.9082,8.9082,58.1925
12,328,30045.0255,0,5.9702,9.3257,9.3257,36.5875
12,329,30063.4911,0,11.2691,18.8751,18.8751,61.2953
12,330,30153.0822,0,5.0808,15.0658,15.0658,53.3357
12,331,30264.4116,0,5.6187,9.8026,9.8026,37.6081
12,332,30270.976,0,4.6788,7.5995,7.5995,52.0575
12,333,30275.4084,0,5.7575,13.8451,13.8451,85.3376
12,334,30316.8393,0,3.3651,8.5563,8.5563,63.8591
12,335,30328.6866,0,8.9719,17.6528,17.6528,107.1163
12,336,30385.4319,0,2.6674,10.1398,10.1398,56.5322
12,337,30441.943,0,4.9122,6.4214,6.4214,69.155
12,338,30514.1986,0,2.839,9.0968,9.0968,53.6556
12,339,30782.2888,0,1.236,8.3034,8.3034,63.94
12,340,30821.487,0,4.9366,11.669,11.669,45.3783
12,341,30814.7499,0,7.9119,19.7344,19.7344,68.5965
12,342,30873.0064,0,9.1238,10.4188,10.4188,71.6157
12,343,30918.7488,0,4.6247,7.875,7.875,37.7149
12,344,30973.8938,0,3.4279,7.1833,7.1833,32.7425
12,345,30983.9675,0,5.3115,7.8202,7.8202,64.5659
12,346,31069.6389,0,2.3268,7.2742,7.2742,34.7659
12,347,31082.9936,0,2.0486,4.6433,4.6433,66.3265
12,348,31113.2275,0,2.8867,17.3415,17.3415,59.8832
12,349,31207.1805,0,3.5264,7.2796,7.2796,70.8428
12,350,31308.459,0,2.6577,9.899,9.899,71.8673
12,351,31381.4154,0,2.9567,6.4938,6.4938,40.1492
12,352,31493.0879,0,6.8772,10.1739,10.1739,33.3857
12,353,31695.9681,0,3.7239,7.7389,7.7389,42.1121
12,354,31919.0701,0,1.0394,6.9192,6.9192,28.0857
12,355,32284.082,0,2.093,8.2164,8.2164,54.6663
12,356,32367.4958,0,3.1917,4.8086,4.8086,46.0893
12,357,32467.7041,0,4.3954,10.6069,10.6069,46.596
12,358,32472.7859,0,3.7002,8.6028,8.6028,49.2218
12,359,32544.759,0,4.7256,7.8476,7.8476,71.9242
12,360,32592.4768,0,2.0091,5.4028,5.4028,60.7391
12,361,32691.9015,0,2.6692,8.7786,8.7786,49.8608
12,362,32819.9536,0,5.8524,9.4834,9.4834,36.8607
12,363,33161.1437,0,2.5181,7.0723,7.0723,52.1078
12,364,33336.1259,0,3.7655,6.1505,6.1505,96.1529
12,365,33661.2493,0,2.8547,5.9965,5.9965,57.4258
12,366,33724.4223,0,5.811,8.5789,8.5789,67.2133
12,367,33893.4719,0,3.5899,10.0661,10.0661,44.1587
12,368,33954.8998,0,10.1738,21.9233,21.9233,49.9786
12,369,33987.5537,0,2.6671,8.6834,8.6834,52.2139
12,370,34088.9224,0,3.519,6.961,6.961,53.7576
12,371,34184.7576,0,5.5547,12.6892,12.6892,54.2464
12,372,34291.182,0,1.0943,9.5257,9.5257,44.4721
12,373,34487.7113,0,5.111,6.3974,6.3974,53.0449
12,374,34693.7294,0,3.3128,13.9799,13.9799,44.1539
12,375,34858.5549,0,2.6957,9.9296,9.9296,48.1508
12,376,34995.1767,0,12.4344,17.0241,17.0241,54.745
12,377,35010.4957,0,2.284,8.5559,8.5559,83.9094
12,378,35016.5853,0,3.125,11.8873,11.8873,72.4454
12,379,35145.9212,0,10.915,18.3695,18.3695,64.3684
12,380,35204.8961,0,5.5183,10.9003,10.9003,46.3867
12,381,35256.7041,0,1.8704,5.9871,5.9871,47.198
12,382,35340.4108,0,4.8489,12.4611,12.4611,38.583
12,383,35415.2774,0,10.2481,21.6614,21.6614,72.3218
12,384,35420.9111,0,10.6141,30.0748,30.0748,112.2428
12,385,35538.7886,0,4.2505,10.2729,10.2729,51.2752
12,386,35785.4035,0,3.6709,7.825,7.825,31.2948
12,387,35841.8618,0,1.3371,9.6728,9.6728,28.5818
12,388,36198.4042,0,2.668,4.2891,4.2891,59.2605
12,389,36432.2258,0,2.6636,5.4048,5.4048,56.0058
12,390,36454.92,0,0.8453,8.6188,8.6188,61.1008
12,391,36513.5865,0,2.3346,6.5159,6.5159,24.2663
12,392,36592.991,0,2.5598,6.6553,6.6553,32.9036
12,393,36618.3275,0,3.4228,8.9967,8.9967,42.0276
12,394,36634.2383,0,3.1739,6.9355,6.9355,50.5029
12,395,36621.0191,0,2.3455,23.5307,23.5307,88.5115
12,396,36768.2759,0,3.594,6.8312,6.8312,39.0898
12,397,36766.2011,0,8.3288,10.6576,10.6576,74.4132
12,398,36810.0076,0,6.3506,35.5692,35.5692,81.7123
12,399,36955.7301,0,2.9477,6.5616,6.5616,50.2392
12,400,37109.7847,0,9.2877,13.1895,13.1895,37.1941
12,401,37121.913,0,5.9562,20.6034,20.6034,50.3642
12,402,37160.9254,0,3.9428,17.2156,17.2156,90.3158
12,403,37517.9936,0,3.7371,6.0077,6.0077,67.4664
12,404,37975.6523,0,2.6794,5.2642,5.2642,64.684
12,405,38024.49,0,3.1885,5.9659,5.9659,63.9179
12,406,38226.074,0,3.9305,5.1235,5.1235,53.9937
12,407,38260.6935,0,10.4106,16.8249,16.8249,65.1702
12,408,38333.2213,0,10.7752,11.5397,11.5397,97.5431
12,409,38383.3267,0,3.3428,5.6485,5.6485,53.0156
12,410,38397.3049,0,4.9034,11.1342,11.1342,76.8525
12,411,38424.2742,0,4.509,11.7548,11.7548,63.6072
12,412,38559.2705,0,7.4607,10.8448,10.8448,68.6183
12,413,38586.8777,0,7.0653,15.0225,15.0225,66.6794
12,414,38629.829,0,13.8922,21.6053,21.6053,28.9458
12,415,38646.68,0,4.4095,7.6127,7.6127,80.8077
12,416,38669.843,0,5.7111,7.9182,7.9182,44.7568
12,417,38939.0671,0,3.5079,5.476,5.476,21.881
12,418,39042.1385,0,2.0109,4.4784,4.4784,74.8874
12,419,39341.4416,0,1.8361,6.8349,6.8349,70.5593
12,420,39464.0751,0,4.1091,7.0281,7.0281,54.6265
12,421,39476.2091,0,5.667,6.8844,6.8844,43.4495
12,422,39489.3758,0,4.8378,5.1858,5.1858,40.4384
12,423,39555.3474,0,3.6534,6.4909,6.4909,117.3039
12,424,39572.0858,0,2.0298,8.0498,8.0498,108.3314
12,425,39598.9464,0,9.3736,16.1778,16.1778,91.3255
12,426,39603.8399,0,10.0681,15.6494,15.6494,127.2439
12,427,39638.0442,0,27.2083,29.5926,29.5926,99.7013
12,428,39663.854,0,35.2229,40.2213,40.2213,82.5136
12,429,39739.0088,0,17.0219,30.5524,30.5524,63.2489
12,430,39964.5253,0,9.6209,13.0168,13.0168,54.2566
12,431,40089.0664,0,3.7207,7.7333,7.7333,68.9727
12,432,40145.0273,0,6.3625,9.5887,9.5887,73.8975
12,433,40427.8745,0,2.4705,6.5026,6.5026,54.9765
12,434,40897.5564,0,3.2437,7.8235,7.8235,44.8733
12,435,40947.8596,0,3.7088,18.8495,18.8495,62.543
12,436,40986.2179,0,10.1778,16.4923,16.4923,57.8094
12,437,40999.1327,0,9.434,22.3213,22.3213,63.4646
12,438,41000.5248,0,6.3295,40.2505,40.2505,81.8788
12,439,41154.1072,0,4.6308,6.8717,6.8717,31.1594
12,440,41153.0574,0,1.4093,28.1388,28.1388,61.4271
12,441,41279.453,0,2.7245,8.1459,8.1459,62.4473
12,442,41811.5458,0,3.5897,9.0766,9.0766,66.3918
12,443,41825.6053,0,2.6209,6.0429,6.0429,63.4116
12,444,41955.7057,0,13.6033,16.5076,16.5076,77.0459
12,445,42354.4657,0,0.9399,1.8831,1.8831,37.1901
12,446,42359.4145,0,0.7657,12.5483,12.5483,53.7031
12,447,42480.1857,0,3.7336,7.7788,7.7788,26.2874
12,448,42537.1034,0,8.2988,12.7387,12.7387,49.2031
12,449,42579.775,0,4.9654,12.545,12.545,53.5414
12,450,42593.2058,0,6.4418,11.6997,11.6997,73.6396
12,451,42596.5531,0,12.0519,21.9193,21.9193,80.2314
12,452,42755.5929,0,8.2196,15.8871,15.8871,45.6504
12,453,42850.9411,0,3.107,5.3718,5.3718,31.6589
12,454,42910.6519,0,3.1655,9.374,9.374,62.7948
12,455,42990.2559,0,4.1587,10.186,10.186,48.7127
12,456,42984.3455,0,6.5508,20.0049,20.0049,64.6132
12,457,43118.2501,0,3.5236,25.5294,25.5294,62.905
12,450,42900.1112,0,3.1629,3.6913,3.6913,40.4845
12,451,42862.9872,0,4.9449,54.4786,54.4786,128.6528
12,452,42970.0082,0,6.4714,15.7986,15.7986,76.0721
12,453,43099.8136,0,2.0845,7.0547,7.0547,30.9753
12,454,43122.3273,0,1.5936,7.5718,7.5718,34.3532
