replicate,call,t_call_min,queue_wait,travel_time,response_time,response_time_from_assignment,total_service_time
1,1,0.0,0,3.4886,12.9543,12.9543,41.4438
1,2,7.0447,0,5.0218,7.5996,7.5996,44.6805
1,3,10.7746,0,4.2936,8.6092,8.6092,51.3279
1,4,32.8507,0,5.4868,12.355,12.355,40.4478
1,5,87.6528,0,4.3955,18.8915,18.8915,93.5601
1,6,673.839,0,5.5869,15.7592,15.7592,41.5373
1,7,708.1106,0,12.6978,13.8069,13.8069,49.6903
1,8,766.3721,0,4.0165,10.8758,10.8758,60.5424
1,9,818.7398,0,4.0702,8.5943,8.5943,61.7083
1,10,845.4501,0,1.6643,5.9228,5.9228,41.3614
1,11,832.1974,0,12.1199,22.9269,22.9269,78.6442
1,12,1026.8639,0,9.4674,23.175,23.175,65.7634
1,13,1121.9235,0,2.9272,10.0704,10.0704,40.0563
1,14,1107.7838,0,8.5984,26.0108,26.0108,72.1556
1,15,1237.0431,0,6.6471,8.8624,8.8624,23.2979
1,16,1439.5524,0,1.4295,11.3746,11.3746,29.2373
1,17,1923.1986,0,3.9015,6.2434,6.2434,34.6906
1,18,1969.7283,0,5.5178,13.4335,13.4335,59.8534
1,19,2005.9485,0,11.1924,14.5534,14.5534,58.0534
1,20,2088.0269,0,3.2764,15.6808,15.6808,63.0369
1,21,2173.4247,0,4.3938,14.7556,14.7556,47.7524
1,22,2188.2555,0,14.9099,21.6272,21.6272,81.6976
1,23,2205.6564,0,9.0917,22.4053,22.4053,81.0805
1,24,2391.2959,0,2.2519,11.1459,11.1459,77.8489
1,25,2386.9477,0,18.4494,21.6295,21.6295,86.1989
1,26,2467.8791,0,9.2213,12.652,12.652,103.9906
1,27,2586.3292,0,5.4731,11.6453,11.6453,33.1034
1,28,2743.4535,0,5.0633,15.761,15.761,37.6396
1,29,2778.7369,0,2.9648,10.4603,10.4603,25.1661
1,30,2880.7669,0,12.2194,18.0732,18.0732,81.9566
1,31,2923.3482,0,4.8874,8.1234,8.1234,48.777
1,32,3002.3412,0,8.4106,16.413,16.413,89.0571
1,33,3059.3811,0,0.2487,6.6021,6.6021,40.1588
1,34,3114.0998,0,1.1141,19.3383,19.3383,48.5346
1,35,3475.1942,0,10.2964,11.9405,11.9405,36.9789
1,36,3477.3507,0,6.5398,12.1306,12.1306,57.9508
1,37,3503.115,0,6.0313,11.032,11.032,44.1648
1,38,3964.0908,0,9.0037,13.2314,13.2314,55.3355
1,39,3994.8912,0,0.8581,6.5962,6.5962,37.2577
1,40,3996.1537,0,5.3331,8.72,8.72,63.8501
1,41,4048.3518,0,12.8883,14.5762,14.5762,43.4529
1,42,4130.8243,0,2.6733,8.9206,8.9206,50.1361
1,43,4168.3913,0,13.3987,18.7471,18.7471,43.421
1,44,4215.8948,0,1.9789,3.7995,3.7995,104.8938
1,45,4312.8073,0,3.6137,12.1434,12.1434,50.1447
1,46,4771.9906,0,5.1504,64.8904,64.8904,83.2187
1,47,4878.5039,0,3.2404,17.5036,17.5036,42.0695
1,48,4964.0194,0,11.1649,14.7044,14.7044,55.4103
1,49,5012.0808,0,8.6929,11.3934,11.3934,48.5261
1,50,5071.4929,0,2.6217,15.5494,15.5494,50.9168
1,51,5087.7457,0,7.6159,11.4428,11.4428,60.178
1,52,5123.1492,0,7.1548,11.7949,11.7949,68.9359
1,53,5143.3458,0,4.4456,8.4851,8.4851,53.0662
1,54,5147.3399,0,3.2424,11.1139,11.1139,43.121
1,55,5167.8774,0,3.7416,9.9329,9.9329,98.817
1,56,5268.3539,0,15.2006,19.5912,19.5912,27.2496
1,57,5294.1003,0,4.4871,8.6228,8.6228,91.4284
1,58,5393.851,0,3.0801,12.0701,12.0701,52.5111
1,59,5402.9645,0,5.735,10.873,10.873,151.7769
1,60,5676.1914,0,7.9316,15.7361,15.7361,64.9098
1,61,5968.3424,0,5.1522,7.8817,7.8817,40.1496
1,62,6348.3038,0,2.7567,3.6775,3.6775,35.638
1,63,6401.4835,0,4.7998,8.6401,8.6401,28.5368
1,64,6407.72,0,4.8379,7.5095,7.5095,54.3371
1,65,6613.0049,0,7.6159,8.9463,8.9463,53.3219
1,66,6614.5802,0,14.3932,17.067,17.067,93.3153
1,67,6655.0995,0,10.3869,15.0507,15.0507,74.3996
1,68,6678.0959,0,10.2843,17.0759,17.0759,72.6391
1,69,6909.5823,0,1.2925,7.1496,7.1496,46.5617
1,70,6961.2957,0,5.2042,6.8383,6.8383,44.7308
1,71,6999.0956,0,3.8285,17.1026,17.1026,76.6788
1,72,7096.7449,0,2.3071,3.6094,3.6094,56.5486
1,73,7144.635,0,10.5776,11.4834,11.4834,63.0646
1,74,7204.0085,0,5.0748,10.5187,10.5187,33.6926
1,75,7285.1152,0,9.2199,10.9222,10.9222,64.2526
1,76,7396.6629,0,4.7681,14.4815,14.4815,84.0436
1,77,7515.0812,0,6.9298,8.8297,8.8297,56.6659
1,78,7691.4003,0,10.4351,12.9215,12.9215,52.5852
1,79,7760.4697,0,4.986,6.4461,6.4461,45.1114
1,80,7853.6334,0,9.7709,16.5464,16.5464,48.8269
1,81,7991.6101,0,9.9412,10.3054,10.3054,100.4645
1,82,8024.7543,0,5.7008,12.5407,12.5407,106.3375
1,83,8091.8223,0,12.2808,15.6597,15.6597,46.4315
1,84,8130.1888,0,8.4102,14.1577,14.1577,34.9206
1,85,8127.2147,0,15.5295,17.5864,17.5864,80.3759
1,86,8220.5502,0,4.0286,4.756,4.756,57.9353
1,87,8302.8427,0,2.4796,9.7006,9.7006,42.4356
1,88,8431.3717,0,5.4546,65.4546,65.4546,95.8893
1,89,8514.6289,0,2.9132,6.3828,6.3828,60.7431
1,90,8531.7444,0,12.2857,16.443,16.443,66.8721
1,91,8670.2371,0,5.2014,7.8243,7.8243,32.6914
1,92,8810.551,0,15.5268,18.1,18.1,69.7691
1,93,9098.5351,0,5.851,15.0802,15.0802,44.3957
1,94,9149.2551,0,5.7756,11.4826,11.4826,76.6329
1,95,9162.2961,0,13.3506,17.4408,17.4408,76.9411
1,96,9189.6475,0,17.8542,26.2375,26.2375,67.4712
1,97,9375.3894,0,4.9583,10.3742,10.3742,47.7221
1,98,9471.0671,0,12.3071,20.1345,20.1345,72.3197
1,99,9525.745,0,1.6155,5.7447,5.7447,56.9185
1,100,9649.9521,0,11.1359,14.7467,14.7467,76.9781
1,101,9677.5286,0,4.903,13.5066,13.5066,55.5112
1,102,9764.6408,0,0.6433,7.3163,7.3163,74.2017
1,103,9824.0472,0,9.4718,13.9883,13.9883,61.4465
1,104,9846.7802,0,1.3376,3.8776,3.8776,46.1755
1,105,10003.55,0,10.6427,14.6725,14.6725,57.153
1,106,10036.649,0,0.8581,8.8327,8.8327,70.9244
1,107,10117.9703,0,3.7095,25.9749,25.9749,59.8782
1,108,10248.3664,0,9.7099,14.9401,14.9401,52.9561
1,109,10438.9748,0,1.8824,7.2389,7.2389,44.8117
1,110,10614.4629,0,5.3092,9.213,9.213,30.4543
1,111,10653.2538,0,3.1574,7.3485,7.3485,77.9233
1,112,10679.8935,0,6.5845,7.7676,7.7676,43.3655
1,113,10737.0549,0,7.671,12.5489,12.5489,46.5851
1,114,10756.2214,0,2.3102,4.6043,4.6043,37.3041
1,115,10789.3409,0,6.5719,11.2288,11.2288,27.8906
1,116,10805.0713,0,5.9315,13.9486,13.9486,67.1086
1,117,10800.5353,0,19.1247,20.3466,20.3466,76.4939
1,118,10909.5508,0,3.9099,14.5262,14.5262,75.8488
1,119,10935.7996,0,12.5991,17.0571,17.0571,60.2577
1,120,10975.1636,0,6.2282,24.0651,24.0651,63.324
1,121,11139.4697,0,12.2208,15.449,15.449,55.0385
1,122,11315.4803,0,1.3006,21.5164,21.5164,73.7757
1,123,11389.8527,0,4.2757,14.2535,14.2535,42.2763
1,124,11397.5423,0,10.2282,14.5849,14.5849,63.1974
1,125,11416.1489,0,11.3446,15.7025,15.7025,42.1527
1,126,11428.9957,0,8.7878,12.6115,12.6115,71.8695
1,127,11447.7098,0,4.415,11.7246,11.7246,69.5105
1,128,11605.0714,0,1.3331,2.7425,2.7425,39.9349
1,129,11663.891,0,4.1841,7.0381,7.0381,36.0056
1,130,11874.8635,0,1.2918,16.1695,16.1695,76.8995
1,131,12066.6147,0,12.9012,19.4453,19.4453,73.8141
1,132,12154.7743,0,3.8038,6.3128,6.3128,50.8051
1,133,12206.7669,0,7.9205,16.1871,16.1871,47.9226
1,134,12211.1749,0,13.1077,20.8992,20.8992,37.7289
1,135,12223.6489,0,8.8659,11.8291,11.8291,69.9668
1,136,12273.7689,0,6.5707,11.0045,11.0045,21.4872
1,137,12294.1266,0,2.462,5.6272,5.6272,49.669
1,138,12289.6653,0,6.1318,12.6189,12.6189,87.7287
1,139,12352.9532,0,10.5778,12.4797,12.4797,41.0166
1,140,12424.9046,0,4.3169,7.397,7.397,68.0349
1,141,12697.0831,0,4.7681,10.8239,10.8239,46.8746
1,142,12739.4857,0,5.4038,18.8599,18.8599,45.4896
1,143,12799.5446,0,6.4745,15.8853,15.8853,42.1412
1,144,12828.8361,0,6.6726,8.2282,8.2282,37.6784
1,145,13363.6339,0,6.9298,8.9188,8.9188,52.3546
1,146,13487.5509,0,5.7342,11.0383,11.0383,45.4159
1,147,13634.686,0,14.6642,19.6686,19.6686,54.3111
1,148,13654.437,0,10.3853,12.17,12.17,54.1836
1,149,13684.2907,0,7.3523,11.2777,11.2777,87.1116
1,150,13729.8528,0,8.0029,10.7758,10.7758,50.8093
1,151,13842.0526,0,8.7526,14.0668,14.0668,39.0385
1,152,13917.2794,0,8.7996,13.6674,13.6674,53.699
1,153,13916.6388,0,12.8767,15.5281,15.5281,70.0954
1,154,14082.6876,0,1.981,6.7571,6.7571,89.2919
1,155,14140.3963,0,8.3439,13.0252,13.0252,52.8486
1,156,14198.7323,0,3.5795,15.7886,15.7886,75.623
1,157,14239.7294,0,6.1929,8.3815,8.3815,42.6174
1,158,14612.1078,0,8.1896,11.4664,11.4664,36.6469
1,159,14866.6267,0,1.4806,8.2871,8.2871,69.3326
1,160,14977.3424,0,12.647,15.9191,15.9191,55.9432
1,161,15054.597,0,9.2074,11.8419,11.8419,91.9725
1,162,15091.3037,0,3.5254,7.6735,7.6735,60.1352
1,163,15099.6358,0,6.9021,19.7753,19.7753,103.7917
1,164,15288.2373,0,8.2656,16.6208,16.6208,51.3212
1,165,15543.6285,0,10.917,19.9931,19.9931,69.5397
1,166,15610.2769,0,7.3944,13.3343,13.3343,61.1854
1,167,15616.2523,0,11.0791,14.3504,14.3504,66.9666
1,168,15775.2193,0,5.6119,9.5222,9.5222,43.5685
1,169,15893.4033,0,4.1438,8.7102,8.7102,61.0929
1,170,15974.6052,0,7.8686,10.3154,10.3154,55.329
1,171,16390.8075,0,3.3892,5.4893,5.4893,65.6604
1,172,16547.394,0,4.6878,12.8224,12.8224,65.5933
1,173,16563.9649,0,10.452,12.9028,12.9028,64.3655
1,174,16613.1592,0,5.1147,17.3619,17.3619,55.3483
1,175,16753.6202,0,5.4804,7.475,7.475,28.5438
1,176,16791.6914,0,3.5416,9.269,9.269,34.3689
1,177,16804.2392,0,7.2955,19.8839,19.8839,55.2901
1,178,17169.5854,0,10.9626,16.5835,16.5835,53.3001
1,179,17234.6574,0,1.7701,8.0445,8.0445,42.5258
1,180,17241.4652,0,9.8512,12.0937,12.0937,73.3477
1,181,17242.4726,0,9.6637,15.2178,15.2178,90.6748
1,182,17403.1498,0,3.3235,10.2569,10.2569,47.0758
1,183,17430.497,0,8.7428,12.7755,12.7755,54.0438
1,184,17743.6742,0,4.7429,14.4849,14.4849,80.294
1,185,17760.6615,0,11.7213,15.5005,15.5005,66.727
1,186,17791.4853,0,3.736,8.7849,8.7849,177.0683
1,187,17910.1515,0,0.9338,13.558,13.558,45.3855
1,188,17987.6886,0,10.5654,14.5308,14.5308,47.1884
1,189,18059.5045,0,13.3907,17.1567,17.1567,61.0264
1,190,18143.2056,0,3.2424,5.4474,5.4474,26.458
1,191,18167.9197,0,6.7851,14.3228,14.3228,71.4361
1,192,18203.5223,0,6.0306,8.8946,8.8946,57.7878
1,193,18204.0533,0,6.1998,23.5369,23.5369,60.5668
1,194,18239.7887,0,4.1751,7.6337,7.6337,41.1461
1,195,18294.7562,0,7.9264,15.7523,15.7523,52.0876
1,196,18596.7352,0,14.8936,16.8612,16.8612,55.11
1,197,18594.4189,0,8.302,19.3804,19.3804,81.4617
1,198,18842.653,0,3.5086,7.4194,7.4194,48.7097
1,199,18937.7114,0,5.4527,22.4222,22.4222,49.7184
1,200,18954.3139,0,2.7137,9.1619,9.1619,44.3964
1,201,18986.0578,0,3.7302,5.7699,5.7699,53.3249
1,202,19039.26,0,17.3948,19.4358,19.4358,39.569
1,203,19048.1409,0,9.405,13.4772,13.4772,72.3878
1,204,19268.1063,0,2.3605,7.5338,7.5338,36.8915
1,205,19285.441,0,1.6454,8.5232,8.5232,43.6433
1,206,19303.0093,0,8.6597,12.1906,12.1906,38.224
1,207,19329.7638,0,3.9127,9.8817,9.8817,60.3176
1,208,19438.3658,0,12.2545,19.2439,19.2439,71.0247
1,209,19518.9474,0,6.5676,11.8852,11.8852,55.7256
1,210,19529.6697,0,12.4456,19.5779,19.5779,63.928
1,211,19560.6097,0,9.3493,12.6544,12.6544,43.6786
1,212,19578.9609,0,3.254,30.684,30.684,73.8558
1,213,19686.846,0,1.972,8.6973,8.6973,33.7495
1,214,19763.5931,0,2.1694,9.2114,9.2114,64.2969
1,215,19796.4009,0,7.963,18.8857,18.8857,64.6939
1,216,19821.1233,0,14.9391,18.0534,18.0534,61.4122
1,217,19899.808,0,9.136,11.4665,11.4665,57.0249
1,218,20074.0851,0,11.4519,20.6261,20.6261,36.564
1,219,20088.1009,0,10.288,18.7735,18.7735,75.9266
1,220,20137.5691,0,7.5444,11.8867,11.8867,50.5744
1,221,20175.2675,0,9.1323,17.8534,17.8534,40.8725
1,222,20207.7665,0,5.6181,11.2213,11.2213,31.4626
1,223,20573.8154,0,4.4649,19.0937,19.0937,39.6404
1,224,20687.4377,0,4.2934,13.2565,13.2565,52.3727
1,225,20715.7839,0,0.9378,2.6462,2.6462,28.0526
1,226,20786.8717,0,13.451,18.0334,18.0334,103.4838
1,227,20929.4895,0,2.1706,6.6461,6.6461,34.623
1,228,20969.7013,0,6.9021,9.3274,9.3274,39.4683
1,229,20971.6079,0,14.9849,18.9733,18.9733,60.453
1,230,21072.787,0,10.5654,12.6353,12.6353,44.2694
1,231,21208.5215,0,8.1025,12.5974,12.5974,49.9934
1,232,21292.7689,0,5.8451,12.3094,12.3094,57.0021
1,233,21370.7454,0,2.9542,5.2403,5.2403,43.4557
1,234,21458.9811,0,6.5556,13.8042,13.8042,63.7717
1,235,21703.0734,0,2.5306,5.4622,5.4622,31.2818
1,236,21794.3603,0,2.8919,8.9648,8.9648,68.0728
1,237,21790.6263,0,13.356,16.2674,16.2674,76.4776
1,238,22114.1501,0,8.5791,11.6351,11.6351,45.4527
1,239,22146.2072,0,10.7358,12.4902,12.4902,63.8043
1,240,22253.3556,0,4.5402,33.4589,33.4589,75.9825
1,241,22349.2409,0,9.434,13.4067,13.4067,99.5956
1,242,22414.202,0,5.9773,10.6535,10.6535,43.3717
1,243,22547.5791,0,2.2409,9.213,9.213,53.0953
1,244,22658.431,0,2.9648,7.6408,7.6408,29.3105
1,245,22892.3298,0,4.9237,12.2155,12.2155,49.4964
1,246,22899.8071,0,4.4402,11.5187,11.5187,59.0457
1,247,22911.6694,0,1.915,6.7621,6.7621,54.9702
1,248,22937.389,0,2.3259,5.8819,5.8819,57.6551
1,249,22947.7313,0,12.4879,18.4659,18.4659,71.2034
1,250,22990.2716,0,10.4828,70.4828,70.4828,108.4725
1,251,23064.6471,0,4.685,8.7551,8.7551,57.1256
1,252,23166.9415,0,4.7681,11.8487,11.8487,49.9659
1,253,23273.9,0,6.3705,8.6254,8.6254,36.0446
1,254,23470.7929,0,2.5592,6.4083,6.4083,49.6717
1,255,23508.9037,0,3.6088,7.2916,7.2916,68.0342
1,256,23595.8587,0,10.6296,14.411,14.411,37.1598
1,257,23743.7437,0,4.6542,8.5826,8.5826,41.425
1,258,23762.8264,0,2.3439,7.4525,7.4525,29.6312
1,259,23815.6691,0,8.8659,14.9886,14.9886,52.4401
1,260,23847.4934,0,6.2194,8.9422,8.9422,46.3018
1,261,23885.9668,0,4.1378,5.7813,5.7813,35.6878
1,262,23885.6042,0,2.7125,8.9464,8.9464,55.4855
1,263,23952.6728,0,3.7712,5.435,5.435,34.8227
1,264,24112.9449,0,4.3589,9.0659,9.0659,93.3314
1,265,24158.6759,0,11.6112,24.5687,24.5687,56.7428
1,266,24213.4377,0,3.8206,7.5605,7.5605,82.5808
1,267,24266.135,0,0.8581,4.7877,4.7877,34.2416
1,268,24310.3428,0,8.9564,10.0214,10.0214,46.586
1,269,24379.2992,0,10.4581,13.9035,13.9035,44.844
1,270,24745.2182,0,1.0037,8.7985,8.7985,50.3209
1,271,24882.9257,0,2.3375,8.1703,8.1703,37.3367
1,272,24910.724,0,13.7904,19.2808,19.2808,29.8588
1,273,24922.7164,0,5.4233,7.7188,7.7188,67.3477
1,274,25141.4583,0,11.5558,38.8759,38.8759,89.6228
1,275,25364.3184,0,11.7249,31.9466,31.9466,83.5314
1,276,25425.4338,0,4.4742,15.2563,15.2563,48.687
1,277,25442.7322,0,12.1102,19.3789,19.3789,81.2095
1,278,25513.5869,0,2.8694,22.3957,22.3957,40.4847
1,279,25562.8931,0,7.8982,10.6334,10.6334,91.823
1,280,25629.2415,0,4.6268,8.6837,8.6837,53.4289
1,281,25637.5105,0,7.4404,12.174,12.174,51.7396
1,282,25651.107,0,0.6096,8.715,8.715,44.067
1,283,25775.5618,0,3.9027,9.6946,9.6946,38.5017
1,284,25980.8539,0,0.7658,10.4749,10.4749,48.5213
1,285,25988.7741,0,11.8148,16.7988,16.7988,87.4131
1,286,26067.8232,0,3.7359,10.3753,10.3753,49.7315
1,287,26127.716,0,2.7302,5.6482,5.6482,52.1673
1,288,26292.5843,0,12.1258,17.8875,17.8875,69.933
1,289,26313.779,0,5.4042,12.5979,12.5979,62.2774
1,290,26401.856,0,3.2307,12.4142,12.4142,44.3227
1,291,26396.5601,0,12.8672,19.172,19.172,56.7596
1,292,26404.3126,0,4.6176,12.079,12.079,78.4247
1,293,26526.9369,0,7.1225,8.8199,8.8199,40.2438
1,294,26544.5707,0,8.3827,11.8652,11.8652,27.5575
1,295,26553.7187,0,4.3642,8.3004,8.3004,53.338
1,296,26614.5397,0,10.7429,11.1013,11.1013,37.3882
1,297,26763.3603,0,9.796,13.3368,13.3368,78.8987
1,298,26777.7761,0,9.17,33.415,33.415,72.5124
1,299,26942.6167,0,4.6493,7.3842,7.3842,56.383
1,300,26953.441,0,3.2759,12.2828,12.2828,84.3672
1,301,27091.8699,0,4.3284,14.1463,14.1463,36.0268
1,302,27123.1778,0,2.5958,11.9975,11.9975,37.57
1,303,27132.0444,0,5.1359,10.6174,10.6174,81.5647
1,304,27148.0257,0,7.9792,13.7024,13.7024,85.256
1,305,27877.6863,0,3.7999,12.1405,12.1405,50.7319
1,306,27937.4634,0,3.7692,8.1983,8.1983,42.9823
1,307,27976.976,0,18.9486,21.5069,21.5069,76.8051
1,308,28131.1832,0,0.9399,7.9914,7.9914,48.6226
1,309,28185.9277,0,11.8243,16.1548,16.1548,85.5299
1,310,28303.6806,0,4.6582,7.2464,7.2464,25.7347
1,311,28316.733,0,6.5053,15.308,15.308,52.6035
1,312,28349.8642,0,13.4156,16.5948,16.5948,93.7383
1,313,28528.9778,0,11.5465,18.1084,18.1084,94.5219
1,314,28780.7823,0,1.9499,6.6278,6.6278,34.8244
1,315,28926.7464,0,4.7718,15.3742,15.3742,57.3751
1,316,28942.2714,0,1.2072,8.5198,8.5198,50.084
1,317,29019.8656,0,8.0516,14.3159,14.3159,56.1923
1,318,29435.3161,0,7.7413,9.0432,9.0432,43.3249
1,319,29469.4388,0,8.5401,11.4806,11.4806,30.9883
1,320,29474.5161,0,9.8887,16.9396,16.9396,52.1495
1,321,29486.3719,0,1.8105,7.0538,7.0538,64.0441
1,322,29507.8234,0,8.1058,9.6042,9.6042,85.0244
1,323,29518.5939,0,5.7018,8.7582,8.7582,79.4445
1,324,29578.6984,0,9.3467,11.5863,11.5863,78.6349
1,325,29766.4373,0,5.7896,11.0795,11.0795,94.0042
1,326,29825.3263,0,11.1712,19.0614,19.0614,24.3915
1,327,29839.1012,0,2.3486,7.3995,7.3995,55.8339
1,328,29869.8333,0,13.0034,24.3902,24.3902,101.2449
1,329,29928.2348,0,0.8271,3.8974,3.8974,57.7109
1,330,30009.9683,0,0.6433,4.2609,4.2609,24.0781
1,331,30255.3895,0,12.9046,36.0993,36.0993,159.6877
1,332,30404.1816,0,2.0337,18.6826,18.6826,52.9033
1,333,30504.6822,0,9.9851,12.4618,12.4618,63.6018
1,334,30597.1723,0,11.7477,13.5655,13.5655,57.0944
1,335,30716.8866,0,5.9346,9.5394,9.5394,80.7624
1,336,30763.4009,0,4.4349,7.9156,7.9156,35.9918
1,337,30986.7812,0,4.2814,9.8374,9.8374,37.8334
1,338,31025.3048,0,12.2253,16.3073,16.3073,57.3442
1,339,31169.8161,0,13.1869,16.0981,16.0981,59.5674
1,340,31202.495,0,3.604,14.3049,14.3049,60.0446
1,341,31295.5931,0,8.5688,11.4502,11.4502,82.7862
1,342,31426.1442,0,9.9611,14.8196,14.8196,67.3535
1,343,31473.6269,0,7.3029,10.4211,10.4211,65.3396
1,344,31499.6329,0,4.5759,10.7666,10.7666,59.2132
1,345,31686.1839,0,3.1573,5.7437,5.7437,55.9916
1,346,31674.763,0,11.9336,18.9294,18.9294,121.5596
1,347,32158.9568,0,1.5854,6.1283,6.1283,48.9419
1,348,32159.9817,0,9.17,15.5439,15.5439,147.8115
1,349,32176.461,0,3.3514,22.7526,22.7526,139.3906
1,350,32326.2884,0,2.3688,6.737,6.737,38.9272
1,351,32361.8739,0,10.5772,19.5075,19.5075,57.1
1,352,32433.9349,0,19.5091,25.1228,25.1228,68.4268
1,353,32509.6583,0,10.6296,16.5692,16.5692,49.5528
1,354,32549.7881,0,9.7199,18.6137,18.6137,55.7233
1,355,32654.0269,0,6.702,12.2584,12.2584,44.9988
1,356,32698.1864,0,3.7676,10.5532,10.5532,33.1116
1,357,32731.8221,0,9.8571,13.6612,13.6612,69.0924
1,358,32734.5368,0,5.3069,18.3561,18.3561,75.4998
1,359,32757.5741,0,10.3829,16.3025,16.3025,54.3243
1,360,32981.9301,0,14.3218,17.3791,17.3791,75.5021
1,361,33006.6644,0,2.6778,9.81,9.81,58.8201
1,362,33009.7077,0,8.7811,22.4609,22.4609,73.1021
1,363,33085.0978,0,6.8686,13.5884,13.5884,57.0979
1,364,33194.7586,0,1.4386,36.3056,36.3056,61.5675
1,365,33563.8915,0,1.5388,6.4802,6.4802,41.8742
1,366,33644.3519,0,2.4917,12.7834,12.7834,34.5245
1,367,33653.4607,0,15.7711,23.6635,23.6635,70.3945
1,368,33764.9888,0,10.133,12.2533,12.2533,39.3221
1,369,33774.6024,0,6.0286,9.6468,9.6468,43.9871
1,370,33777.3963,0,8.9735,15.5306,15.5306,50.357
1,371,33853.3538,0,5.1725,19.6485,19.6485,39.0904
1,372,33867.5192,0,7.3574,11.2332,11.2332,59.5885
1,373,33898.2177,0,14.3178,16.736,16.736,66.9879
1,374,34145.7705,0,4.1708,12.8698,12.8698,33.1471
1,375,34207.2246,0,6.309,9.8209,9.8209,48.0353
1,376,34218.8746,0,16.2447,18.9475,18.9475,68.3641
1,377,34271.2705,0,12.0038,17.0081,17.0081,63.8183
1,378,34328.394,0,8.9225,26.6995,26.6995,62.992
1,379,34350.9536,0,1.4417,5.16,5.16,53.3331
1,380,34369.9254,0,3.907,5.8325,5.8325,50.2991
1,381,34362.0216,0,6.4268,14.332,14.332,47.2431
1,382,34543.4516,0,1.9425,5.4993,5.4993,48.5545
1,383,34588.7652,0,1.994,9.3049,9.3049,46.7058
1,384,34692.0175,0,4.9182,20.1701,20.1701,51.5511
1,385,35203.9564,0,10.7784,14.1612,14.1612,53.7786
1,386,35238.9976,0,5.9031,14.3688,14.3688,80.1288
1,387,35258.8408,0,13.6407,18.2169,18.2169,78.1038
1,388,35272.126,0,4.8864,7.941,7.941,71.4045
1,389,35319.8336,0,4.3872,11.1941,11.1941,39.2692
1,390,35338.6611,0,3.7057,8.0881,8.0881,104.2043
1,391,35493.6943,0,2.3605,10.6319,10.6319,43.6627
1,392,35516.5231,0,0.8581,9.7706,9.7706,45.5963
1,393,35572.3214,0,12.1375,15.7516,15.7516,75.8125
1,394,35713.0131,0,2.9592,5.8635,5.8635,50.4949
1,395,35730.6398,0,7.2861,9.5823,9.5823,50.8881
1,396,35843.0068,0,3.551,8.9826,8.9826,48.2531
1,397,35876.4544,0,11.5012,18.1996,18.1996,77.2938
1,398,35881.226,0,12.2989,19.6875,19.6875,47.5904
1,399,35910.761,0,3.2409,6.9079,6.9079,87.8077
1,400,35949.9313,0,5.248,9.8315,9.8315,50.8275
1,401,35964.3838,0,9.5803,18.3714,18.3714,52.733
1,402,35973.43,0,14.8202,25.21,25.21,88.8054
1,403,36107.1201,0,13.0038,16.5607,16.5607,62.0099
1,404,36494.9065,0,23.4463,42.1136,42.1136,85.9941
1,405,36561.7766,0,4.5671,16.1009,16.1009,71.5505
1,406,36654.4577,0,5.1239,14.1284,14.1284,46.8304
1,407,36661.6126,0,5.6868,16.9738,16.9738,68.4298
1,408,36669.0485,0,1.1932,23.2177,23.2177,66.2916
1,409,36683.6747,0,3.7692,9.451,9.451,125.5016
1,410,36680.5607,0,13.3892,25.084,25.084,109.9438
1,411,36836.066,0,5.265,11.2322,11.2322,40.6771
1,412,36837.6934,0,15.2411,19.5646,19.5646,53.8501
1,413,36909.2043,0,14.1908,20.7133,20.7133,71.0205
1,414,36969.4569,0,3.2431,9.1289,9.1289,69.4301
1,415,37089.9693,0,4.6371,8.4087,8.4087,68.658
1,416,37117.996,0,4.4133,8.5524,8.5524,71.5686
1,417,37150.6169,0,14.7283,19.6331,19.6331,75.8639
1,418,37155.4572,0,10.5547,18.5626,18.5626,61.6925
1,419,37121.9043,0,5.5331,65.5331,65.5331,58.9374
1,420,37228.2825,0,4.4064,10.2715,10.2715,39.8398
1,421,37695.6896,0,4.2146,12.9442,12.9442,38.1538
1,422,37887.0905,0,1.7709,6.2792,6.2792,30.6219
1,423,38018.5754,0,1.4037,4.0336,4.0336,82.9307
1,424,38021.6039,0,1.0591,5.1668,5.1668,103.6988
1,425,38033.8514,0,10.4686,19.2784,19.2784,91.7925
1,426,38088.6419,0,4.5849,64.5849,64.5849,92.9366
1,427,38153.0887,0,5.399,14.5354,14.5354,41.909
1,428,38289.1622,0,5.9442,14.1309,14.1309,65.7175
1,429,38332.7812,0,5.0002,7.6855,7.6855,55.207
1,430,38423.6091,0,3.3492,6.4182,6.4182,37.0242
1,431,38433.3733,0,14.0153,46.6326,46.6326,94.6651
1,432,38551.9153,0,6.0462,23.6528,23.6528,50.1894
1,433,38587.2554,0,0.6862,5.959,5.959,50.0837
1,434,38701.4507,0,13.0754,20.1065,20.1065,57.1522
1,435,38758.0343,0,7.4644,10.3631,10.3631,49.2866
1,436,38849.3751,0,3.4132,5.2305,5.2305,34.3868
1,437,38873.957,0,4.019,5.0966,5.0966,75.3535
1,438,39474.3487,0,12.3796,14.9581,14.9581,72.1554
1,439,39568.8194,0,10.4686,22.194,22.194,55.4047
1,440,39795.6071,0,10.5654,15.1417,15.1417,61.8035
1,441,39836.0226,0,8.2135,11.6912,11.6912,54.4285
1,442,39845.9624,0,7.4624,15.1327,15.1327,57.4574
1,443,39917.1948,0,4.6958,13.7165,13.7165,55.9129
1,444,40095.8813,0,7.6239,12.0471,12.0471,64.5568
1,445,40126.2781,0,7.482,10.6714,10.6714,36.7833
1,446,40141.4191,0,2.9132,5.78,5.78,41.339
1,447,40160.6665,0,1.8888,5.4718,5.4718,49.4728
1,448,40186.3756,0,15.6676,17.3993,17.3993,87.1253
1,449,40380.0362,0,7.2212,18.0327,18.0327,47.1203
1,450,40465.1191,0,7.0103,14.2361,14.2361,46.2653
1,451,40495.2984,0,2.5727,5.6258,5.6258,86.953
1,452,40845.3707,0,3.2811,6.7573,6.7573,56.8111
1,453,40869.886,0,9.397,52.473,52.473,75.3347
1,454,40928.7538,0,5.2833,7.9214,7.9214,40.5384
1,455,40952.6876,0,2.6848,8.6398,8.6398,38.3858
1,456,41069.3453,0,6.209,11.6022,11.6022,75.4368
1,457,41145.0311,0,8.1542,10.2923,10.2923,45.8444
1,458,41151.5634,0,11.0023,12.9033,12.9033,53.0542
1,459,41155.5148,0,5.9037,9.6766,9.6766,55.422
1,460,41211.6888,0,6.3658,11.6648,11.6648,56.3613
1,461,41252.3299,0,1.3477,8.5657,8.5657,52.3919
1,462,41304.4844,0,3.1165,4.1901,4.1901,47.5769
1,463,41362.3867,0,7.5444,19.3808,19.3808,31.2813
1,464,41391.1578,0,5.9783,9.1517,9.1517,75.1868
1,465,41482.4876,0,7.2664,8.7398,8.7398,41.0913
1,466,41504.0669,0,1.8888,6.2614,6.2614,28.8661
1,467,41528.7663,0,4.9803,6.7837,6.7837,44.6042
1,468,41535.401,0,6.1788,8.5339,8.5339,64.3375
1,469,41720.9433,0,4.3041,7.1085,7.1085,57.7419
1,470,42033.5779,0,3.3577,24.3371,24.3371,59.653
1,471,42232.2788,0,12.9078,18.6576,18.6576,75.3394
1,472,42298.7053,0,5.1504,9.3302,9.3302,32.6504
1,473,42290.8185,0,13.4808,29.8325,29.8325,66.4522
1,474,42298.7026,0,24.024,34.2591,34.2591,115.4662
1,475,42373.0421,0,12.1837,17.6192,17.6192,86.9776
1,476,42476.2707,0,8.4092,16.8919,16.8919,56.8783
1,477,42583.9091,0,13.7324,16.6705,16.6705,60.883
1,478,42648.5687,0,6.6192,12.7643,12.7643,46.6892
1,479,42679.5266,0,7.7107,12.571,12.571,44.67
1,480,42708.0959,0,4.1431,18.4472,18.4472,46.7562
1,481,42738.635,0,14.7831,34.6069,34.6069,93.6863
1,482,42945.9815,0,5.7865,26.8812,26.8812,60.3034
1,483,43008.1601,0,13.7337,22.196,22.196,71.9612
2,1,0.0,0,4.1667,7.4832,7.4832,33.0541
2,2,101.1622,0,5.5549,10.0506,10.0506,74.8872
2,3,344.7657,0,5.4327,9.8216,9.8216,55.1162
2,4,408.8613,0,4.6796,6.1633,6.1633,39.6832
2,5,499.7375,0,9.4818,14.0153,14.0153,43.6717
2,6,504.1194,0,7.7015,12.0794,12.0794,68.2135
2,7,795.8231,0,10.4106,13.9778,13.9778,44.6
2,8,811.6881,0,8.6285,20.8987,20.8987,71.3689
2,9,890.4669,0,5.4697,37.504,37.504,85.2175
2,10,1004.3213,0,13.0594,16.2332,16.2332,82.8517
2,11,1201.1017,0,5.32,11.6273,11.6273,45.8002
2,12,1241.703,0,8.5405,9.1227,9.1227,30.4428
2,13,1285.5566,0,12.7712,17.7848,17.7848,58.578
2,14,1300.6789,0,2.904,6.3328,6.3328,109.9863
2,15,1474.2503,0,1.1841,8.5923,8.5923,47.1963
2,16,1786.6853,0,6.8703,11.3864,11.3864,59.9196
2,17,1925.5688,0,14.6458,21.3239,21.3239,56.5526
2,18,1973.5139,0,1.3238,6.759,6.759,70.461
2,19,2029.6288,0,4.9002,7.5872,7.5872,54.1649
2,20,2108.1409,0,9.3091,11.1084,11.1084,45.8507
2,21,2121.2069,0,5.3945,10.9892,10.9892,63.9076
2,22,2303.9474,0,3.7604,8.7618,8.7618,64.9035
2,23,2355.5745,0,4.9542,9.0999,9.0999,47.057
2,24,2356.0891,0,15.2758,18.4725,18.4725,73.8797
2,25,2584.0559,0,2.6442,7.7782,7.7782,54.2568
2,26,2648.5849,0,11.5465,15.5042,15.5042,59.1085
2,27,2736.6358,0,2.048,6.1255,6.1255,34.857
2,28,2938.1981,0,4.0904,7.031,7.031,88.8352
2,29,2958.1488,0,6.5182,13.2217,13.2217,76.1551
2,30,2961.085,0,5.1591,15.5701,15.5701,102.6299
2,31,3075.0049,0,5.3934,5.8228,5.8228,49.5683
2,32,3109.1739,0,6.6427,9.388,9.388,31.3294
2,33,3257.2132,0,11.2819,22.0157,22.0157,69.1547
2,34,3348.3458,0,0.5957,9.2845,9.2845,51.1448
2,35,3444.9766,0,7.2962,11.4616,11.4616,22.5096
2,36,3564.711,0,7.0119,17.8222,17.8222,78.1369
2,37,3625.7951,0,11.959,14.9361,14.9361,57.4339
2,38,3722.2093,0,0.7797,7.9832,7.9832,47.585
2,39,3778.8671,0,8.0029,16.7264,16.7264,63.7916
2,40,3806.8132,0,5.623,12.4118,12.4118,46.7535
2,41,3946.2212,0,0.1678,7.4833,7.4833,45.1437
2,42,3904.1057,0,4.4176,56.9546,56.9546,97.5569
2,43,4142.6414,0,9.2975,13.5388,13.5388,49.7607
2,44,4321.4183,0,2.54,7.9741,7.9741,95.7687
2,45,4375.3506,0,9.6115,12.6295,12.6295,58.337
2,46,4429.5625,0,6.0552,10.8036,10.8036,50.472
2,47,4471.4017,0,4.4404,10.931,10.931,40.6102
2,48,4746.9789,0,1.4022,3.5884,3.5884,32.2084
2,49,4857.2498,0,7.2314,10.5302,10.5302,76.7112
2,50,4869.6946,0,10.4351,15.6148,15.6148,73.1268
2,51,5091.4817,0,11.1781,17.953,17.953,93.882
2,52,5249.0272,0,11.0794,12.1829,12.1829,64.5682
2,53,5334.9521,0,7.8124,12.1511,12.1511,31.2013
2,54,5343.4829,0,3.2431,9.44,9.44,47.1336
2,55,5417.8073,0,3.7782,15.4671,15.4671,69.581
2,56,5436.2865,0,8.4077,10.0528,10.0528,101.3054
2,57,5522.9464,0,2.0773,5.1333,5.1333,85.2851
2,58,5736.4318,0,4.5541,10.3262,10.3262,36.7457
2,59,5751.2442,0,8.3618,16.9075,16.9075,58.7053
2,60,5877.5936,0,13.3824,18.1234,18.1234,90.0462
2,61,6196.8099,0,10.7537,14.1564,14.1564,56.5957
2,62,6280.6054,0,4.8688,6.602,6.602,37.0879
2,63,6389.147,0,20.1722,27.3401,27.3401,65.1606
2,64,6455.9936,0,3.4336,10.506,10.506,49.4955
2,65,6478.9527,0,8.6603,10.756,10.756,97.3751
2,66,6598.613,0,4.7464,8.5413,8.5413,38.7522
2,67,6690.5276,0,10.5654,14.3264,14.3264,54.8474
2,68,6767.4824,0,8.7451,28.3414,28.3414,78.5766
2,69,6873.2695,0,2.8281,8.4969,8.4969,41.3455
2,70,7013.9503,0,10.7839,13.412,13.412,39.6501
2,71,7044.8012,0,7.2292,11.4857,11.4857,52.8439
2,72,7058.1718,0,12.8596,16.1966,16.1966,46.468
2,73,7201.669,0,4.4676,9.2288,9.2288,57.9397
2,74,7298.1009,0,7.4483,13.1536,13.1536,70.918
2,75,7388.344,0,6.6793,11.7763,11.7763,51.1338
2,76,7691.3359,0,3.7999,7.9739,7.9739,35.1777
2,77,7690.908,0,6.496,15.5611,15.5611,37.516
2,78,7702.5873,0,2.1342,10.2933,10.2933,36.2947
2,79,7745.6318,0,3.1574,7.3415,7.3415,34.8886
2,80,7720.8671,0,7.8258,32.8965,32.8965,62.5735
2,81,7978.3211,0,9.2289,17.9761,17.9761,39.2648
2,82,7987.2519,0,11.3462,13.8922,13.8922,54.9364
2,83,7979.7149,0,11.0516,24.1208,24.1208,64.734
2,84,7982.7802,0,24.9734,33.5574,33.5574,82.786
2,85,8113.7339,0,6.5092,15.5643,15.5643,63.3188
2,86,8138.31,0,2.9759,8.2845,8.2845,44.58
2,87,8138.6627,0,15.0594,26.3043,26.3043,66.0695
2,88,8173.8735,0,17.0623,26.5293,26.5293,89.3349
2,89,8249.0743,0,7.4191,11.2934,11.2934,61.1186
2,90,8406.9756,0,8.1572,12.5815,12.5815,32.2739
2,91,8428.8403,0,16.6748,22.084,22.084,78.0325
2,92,8526.7381,0,7.9528,24.1481,24.1481,64.8758
2,93,8869.6955,0,3.539,15.5901,15.5901,42.0629
2,94,9116.1916,0,8.2656,17.9328,17.9328,46.6668
2,95,9158.8327,0,4.347,12.4684,12.4684,45.7619
2,96,9242.0634,0,2.7966,7.3158,7.3158,43.6098
2,97,9248.5548,0,13.9209,23.6521,23.6521,77.0588
2,98,9286.1673,0,2.5017,12.113,12.113,84.923
2,99,9309.5576,0,18.2769,24.9844,24.9844,87.9411
2,100,9339.0285,0,2.9275,10.9225,10.9225,67.5778
2,101,9350.6615,0,14.6243,17.9452,17.9452,98.6997
2,102,9402.9565,0,8.9228,13.2696,13.2696,58.1507
2,103,9407.029,0,10.1171,11.7709,11.7709,67.8113
2,104,9423.1947,0,2.4744,4.2105,4.2105,49.3576
2,105,9477.7399,0,13.5712,23.6311,23.6311,49.5847
2,106,9509.865,0,7.066,9.382,9.382,113.5181
2,107,9465.831,0,4.374,60.7377,60.7377,70.5868
2,108,9504.61,0,11.2078,40.0172,40.0172,86.881
2,109,9629.4327,0,12.009,15.8023,15.8023,56.5376
2,110,9680.6986,0,2.2354,5.5193,5.5193,36.2342
2,111,9690.13,0,4.0374,10.644,10.644,51.728
2,112,9761.4197,0,10.454,16.6128,16.6128,47.6326
2,113,9816.0481,0,3.3187,6.9523,6.9523,29.1462
2,114,10018.9466,0,5.199,9.8184,9.8184,55.8426
2,115,10668.059,0,15.245,28.4364,28.4364,85.2187
2,116,10682.4419,0,20.5122,25.0275,25.0275,77.3003
2,117,10744.445,0,2.4668,9.2269,9.2269,72.8118
2,118,10741.5813,0,5.5869,13.838,13.838,72.5514
2,119,10770.6211,0,4.4546,11.998,11.998,52.359
2,120,10883.4734,0,15.4154,28.055,28.055,110.7037
2,121,10945.0708,0,20.0515,26.1833,26.1833,63.1661
2,122,10973.4962,0,10.941,13.9019,13.9019,108.6415
2,123,11112.6394,0,1.2214,6.2704,6.2704,41.1292
2,124,11114.8545,0,10.7149,21.224,21.224,66.5411
2,125,11122.8992,0,8.8441,13.2748,13.2748,82.3281
2,126,11131.2157,0,12.6956,72.6956,72.6956,122.9376
2,127,11302.737,0,4.1545,13.91,13.91,57.3385
2,128,11344.4144,0,5.6639,7.8156,7.8156,76.7224
2,129,11351.9839,0,5.7035,9.0534,9.0534,73.1731
2,130,11371.3371,0,5.8052,14.4905,14.4905,89.653
2,131,11447.8128,0,6.448,16.2343,16.2343,50.2531
2,132,11888.6735,0,2.5552,6.9942,6.9942,67.3376
2,133,11972.2369,0,7.3732,30.5673,30.5673,60.4756
2,134,12123.9233,0,5.1528,7.8086,7.8086,76.6429
2,135,12173.6762,0,3.3694,10.9095,10.9095,64.3115
2,136,12221.5849,0,18.7534,21.9886,21.9886,37.9037
2,137,12259.6367,0,4.9286,13.1796,13.1796,93.3584
2,138,12289.6792,0,6.0197,7.671,7.671,40.2784
2,139,12303.5554,0,14.7359,15.5894,15.5894,54.9392
2,140,12323.6349,0,4.9001,12.6235,12.6235,43.77
2,141,12348.361,0,7.7367,13.3987,13.3987,40.3275
2,142,12354.5082,0,6.0286,13.9529,13.9529,83.7382
2,143,12368.4611,0,10.3572,17.1705,17.1705,122.7621
2,144,12415.1934,0,8.1612,10.8687,10.8687,72.9036
2,145,12434.5357,0,18.4713,21.1957,21.1957,66.2562
2,146,12479.4891,0,4.3536,9.41,9.41,52.5824
2,147,12514.6351,0,6.3665,8.9095,8.9095,53.3327
2,148,12544.1354,0,13.46,19.3887,19.3887,66.3986
2,149,12625.6766,0,2.5801,9.887,9.887,57.7036
2,150,12691.1191,0,7.3527,14.1531,14.1531,56.6443
2,151,12723.6705,0,5.4004,9.0076,9.0076,45.1022
2,152,12744.6787,0,2.3243,16.6945,16.6945,55.8938
2,153,13401.6528,0,6.3948,11.525,11.525,37.2878
2,154,13424.7025,0,4.3126,14.6512,14.6512,41.3194
2,155,13485.9467,0,8.5731,14.9919,14.9919,61.3727
2,156,13690.5082,0,1.1932,4.9356,4.9356,39.0873
2,157,13716.9282,0,3.3514,13.9807,13.9807,39.6726
2,158,13969.4734,0,4.2555,8.6452,8.6452,37.0912
2,159,14038.0045,0,3.4494,5.228,5.228,41.7557
2,160,14043.003,0,2.5493,10.1244,10.1244,55.9926
2,161,14117.4364,0,0.6096,2.317,2.317,65.6479
2,162,14115.0281,0,11.6371,14.8427,14.8427,122.1051
2,163,14091.5199,0,4.2327,40.0016,40.0016,113.8514
2,164,14185.2625,0,9.7531,22.1669,22.1669,60.2547
2,165,14256.7174,0,5.4004,9.1075,9.1075,55.4765
2,166,14368.1726,0,7.8146,11.0698,11.0698,42.9578
2,167,14478.5852,0,5.528,18.4818,18.4818,60.6294
2,168,14626.3488,0,3.8305,11.6763,11.6763,60.2346
2,169,14703.2613,0,4.0445,8.9607,8.9607,34.7955
2,170,14865.49,0,4.4568,9.3666,9.3666,39.6062
2,171,14961.7234,0,8.9426,12.2565,12.2565,49.6156
2,172,14997.8657,0,11.753,14.5958,14.5958,56.2692
2,173,15086.6488,0,4.0269,11.3366,11.3366,41.6097
2,174,15122.0339,0,9.363,15.847,15.847,52.3641
2,175,15145.8747,0,13.1104,14.6123,14.6123,64.4582
2,176,15226.5516,0,3.233,6.6355,6.6355,45.0219
2,177,15249.2483,0,7.4103,15.4781,15.4781,43.8719
2,178,15259.8221,0,7.132,16.1497,16.1497,57.0743
2,179,15287.3142,0,5.709,7.1217,7.1217,69.1672
2,180,15311.6674,0,5.8526,8.4713,8.4713,57.6811
2,181,15336.4211,0,11.8945,16.3538,16.3538,58.7374
2,182,15493.1832,0,9.6328,11.5976,11.5976,37.6703
2,183,15549.6797,0,7.4199,11.3472,11.3472,72.9544
2,184,15648.1248,0,8.3018,9.9942,9.9942,53.8634
2,185,15678.47,0,2.1208,12.5916,12.5916,47.076
2,186,15692.3553,0,3.5947,18.8834,18.8834,63.739
2,187,15748.9626,0,14.6444,17.7275,17.7275,68.7277
2,188,15747.5132,0,16.7878,21.4146,21.4146,110.5261
2,189,15850.5413,0,2.8644,4.9137,4.9137,39.5126
2,190,16015.8433,0,6.9139,10.9868,10.9868,64.2624
2,191,16174.866,0,6.3469,17.3733,17.3733,76.3903
2,192,16275.5877,0,1.781,4.5067,4.5067,21.3535
2,193,16363.9738,0,7.128,9.6328,9.6328,52.6869
2,194,16405.8552,0,8.2136,11.2936,11.2936,55.4248
2,195,16419.9779,0,5.2534,12.7123,12.7123,45.9715
2,196,16527.5114,0,3.1574,7.4804,7.4804,50.0447
2,197,16563.4612,0,9.874,11.9925,11.9925,41.9912
2,198,16570.5366,0,14.2037,25.7763,25.7763,60.2946
2,199,16624.253,0,3.2308,5.8399,5.8399,22.3939
2,200,16625.8321,0,5.5958,10.0323,10.0323,50.6483
2,201,16691.2336,0,10.831,12.8455,12.8455,40.965
2,202,16807.7645,0,2.5169,4.7086,4.7086,112.0377
2,203,16896.5325,0,4.4416,6.9743,6.9743,56.4539
2,204,16884.7534,0,12.9458,24.6179,24.6179,105.0331
2,205,17017.7124,0,4.9499,8.8697,8.8697,45.0662
2,206,17020.0423,0,8.3158,16.0514,16.0514,47.7104
2,207,17127.5995,0,4.9409,21.5855,21.5855,55.209
2,208,17181.0033,0,12.8883,16.4448,16.4448,64.7515
2,209,17294.6977,0,8.6843,13.3802,13.3802,47.7966
2,210,17429.9581,0,7.5297,11.864,11.864,81.9578
2,211,17727.9132,0,8.9193,14.2871,14.2871,77.2959
2,212,17759.3538,0,2.3572,5.5439,5.5439,56.616
2,213,17733.4003,0,6.4627,31.8231,31.8231,84.7105
2,214,17766.3813,0,9.5542,15.1049,15.1049,60.146
2,215,17776.2723,0,16.9608,19.7702,19.7702,71.8683
2,216,17904.653,0,3.6829,11.1642,11.1642,68.1578
2,217,17965.9809,0,12.4803,15.796,15.796,58.6795
2,218,18088.8879,0,0.7797,12.9231,12.9231,29.5416
2,219,18180.5258,0,9.434,10.5667,10.5667,45.2652
2,220,18202.2063,0,7.5816,9.6686,9.6686,71.2885
2,221,18218.4294,0,6.1565,15.8767,15.8767,43.7601
2,222,18217.0706,0,13.6654,21.9947,21.9947,59.384
2,223,18243.2184,0,7.3791,12.3103,12.3103,67.9413
2,224,18254.0423,0,8.037,10.4765,10.4765,77.1729
2,225,18436.0205,0,8.8939,16.0456,16.0456,109.6707
2,226,18501.7497,0,7.5444,9.1712,9.1712,131.0914
2,227,18562.6936,0,7.3791,12.6577,12.6577,84.6271
2,228,18591.2386,0,11.5058,16.7948,16.7948,62.2344
2,229,18734.8645,0,2.5552,5.5418,5.5418,56.7252
2,230,18816.9347,0,0.7453,6.0937,6.0937,38.7446
2,231,19239.3818,0,2.9755,7.8077,7.8077,48.9835
2,232,19469.98,0,5.2927,8.9732,8.9732,30.4359
2,233,19489.5186,0,11.8945,15.8091,15.8091,49.202
2,234,19498.8268,0,3.8961,12.6967,12.6967,81.3649
2,235,19679.7915,0,3.8131,16.3549,16.3549,55.3002
2,236,19690.3449,0,10.0721,14.1742,14.1742,49.9507
2,237,19769.7959,0,2.4698,16.439,16.439,126.089
2,238,19945.5432,0,8.1572,10.769,10.769,64.1523
2,239,20010.0335,0,11.6508,15.2376,15.2376,57.556
2,240,20019.0336,0,9.9027,24.8245,24.8245,44.3957
2,241,20043.044,0,5.5334,11.1884,11.1884,101.9111
2,242,20055.3242,0,13.5478,15.1804,15.1804,69.585
2,243,20070.3707,0,3.7774,15.8278,15.8278,59.0246
2,244,20114.6535,0,4.6869,8.2185,8.2185,106.2016
2,245,20192.9398,0,9.0991,13.1216,13.1216,48.2416
2,246,20213.344,0,7.7239,12.3625,12.3625,43.8028
2,247,20326.2134,0,2.642,14.329,14.329,47.849
2,248,20384.9504,0,1.6822,5.7286,5.7286,38.8919
2,249,20446.107,0,1.1498,4.4256,4.4256,60.1583
2,250,20652.9035,0,9.6894,16.1055,16.1055,41.7912
2,251,20804.3399,0,4.927,7.11,7.11,44.153
2,252,20841.1132,0,5.5951,10.2917,10.2917,38.1672
2,253,20909.4297,0,4.344,21.8258,21.8258,73.3739
2,254,20961.8194,0,15.8304,18.509,18.509,113.7491
2,255,21010.1525,0,4.0536,6.4669,6.4669,74.1749
2,256,21038.9456,0,4.8947,12.4007,12.4007,55.1096
2,257,21046.0754,0,7.2849,14.016,14.016,104.0017
2,258,21137.5328,0,3.907,4.1315,4.1315,28.1134
2,259,21370.0841,0,2.8381,8.5094,8.5094,68.8561
2,260,21393.619,0,1.9235,6.9767,6.9767,72.8414
2,261,21578.3624,0,5.2224,9.4875,9.4875,64.671
2,262,21682.4124,0,12.1433,14.8615,14.8615,53.0464
2,263,21813.9133,0,3.05,5.0797,5.0797,57.7306
2,264,22085.4881,0,5.02,16.0202,16.0202,45.6513
2,265,22096.322,0,2.6413,8.6179,8.6179,38.8073
2,266,22107.8965,0,8.7713,13.007,13.007,47.2389
2,267,22108.9252,0,11.9087,14.6497,14.6497,61.906
2,268,22256.1953,0,1.3238,3.6768,3.6768,45.5018
2,269,22263.087,0,14.9845,17.7336,17.7336,78.411
2,270,22328.659,0,7.0408,9.4421,9.4421,30.6843
2,271,22411.1134,0,5.5825,22.3613,22.3613,58.6988
2,272,22449.5428,0,11.6768,20.0379,20.0379,92.3672
2,273,22524.41,0,4.9266,10.8684,10.8684,69.0778
2,274,22630.9643,0,9.6757,15.2661,15.2661,49.8352
2,275,22751.8404,0,13.5656,24.8909,24.8909,78.6453
2,276,22776.3478,0,14.9875,17.6891,17.6891,80.1331
2,277,22953.9376,0,1.165,4.8364,4.8364,68.0178
2,278,23303.9284,0,9.897,12.923,12.923,58.1205
2,279,23392.4488,0,4.6695,12.1872,12.1872,63.7914
2,280,23600.3279,0,11.4871,14.9945,14.9945,60.7004
2,281,23863.2363,0,3.3473,8.6415,8.6415,59.511
2,282,23939.3711,0,12.4241,14.5395,14.5395,44.09
2,283,23976.512,0,4.6176,9.1803,9.1803,39.5582
2,284,24001.4703,0,7.467,9.4318,9.4318,89.7487
2,285,24045.2718,0,3.0568,9.5744,9.5744,78.7471
2,286,24105.2918,0,8.2251,16.8213,16.8213,85.2634
2,287,24119.8717,0,29.792,36.1052,36.1052,76.7145
2,288,24133.5002,0,15.8706,23.2824,23.2824,91.6774
2,289,24519.1619,0,12.9421,20.7324,20.7324,68.6864
2,290,24621.3104,0,5.4327,10.4572,10.4572,56.1034
2,291,24932.3671,0,9.1691,15.0289,15.0289,42.3711
2,292,25026.6653,0,3.4711,7.2053,7.2053,36.3665
2,293,25029.4735,0,6.5355,9.3815,9.3815,47.4678
2,294,25084.4097,0,8.9804,16.7374,16.7374,66.413
2,295,25127.699,0,3.254,14.1734,14.1734,46.8932
2,296,25301.9257,0,5.2645,9.7871,9.7871,34.9608
2,297,25314.3723,0,10.4708,17.047,17.047,66.5138
2,298,25376.5997,0,4.3603,7.8738,7.8738,44.6573
2,299,25405.6757,0,2.0898,6.1518,6.1518,38.9363
2,300,25428.1505,0,10.3836,12.7429,12.7429,91.5953
2,301,25442.9919,0,3.2367,6.1043,6.1043,84.9834
2,302,25684.3268,0,6.3204,14.2991,14.2991,49.3225
2,303,25784.1695,0,1.8489,12.1299,12.1299,61.5923
2,304,25798.8248,0,4.9409,11.8105,11.8105,58.7633
2,305,25828.1845,0,12.1635,20.5533,20.5533,78.5442
2,306,26073.8602,0,3.4886,6.9063,6.9063,37.6785
2,307,26159.2139,0,3.1011,8.7703,8.7703,57.7841
2,308,26325.0662,0,1.0787,10.8055,10.8055,61.5669
2,309,26406.2914,0,7.8921,9.548,9.548,56.3541
2,310,26419.9672,0,7.7553,16.8869,16.8869,64.4783
2,311,26445.3635,0,3.9159,17.5613,17.5613,61.2003
2,312,26469.6623,0,4.3095,12.0531,12.0531,60.4567
2,313,26478.8003,0,5.0381,10.4659,10.4659,59.5606
2,314,26479.008,0,34.1093,35.8752,35.8752,77.7565
2,315,26581.8666,0,14.7069,17.0806,17.0806,81.4384
2,316,26813.8902,0,11.7994,25.0212,25.0212,59.9469
2,317,26837.3919,0,4.3331,13.0671,13.0671,44.0898
2,318,26888.5086,0,8.7372,17.7276,17.7276,58.6849
2,319,26954.5319,0,5.5297,9.7592,9.7592,45.1225
2,320,26997.1824,0,1.5143,6.957,6.957,45.5392
2,321,27135.5768,0,6.4693,10.8271,10.8271,44.6322
2,322,27403.5424,0,3.8058,4.8197,4.8197,75.7178
2,323,27403.708,0,3.5729,63.5729,63.5729,112.2035
2,324,27524.865,0,9.0277,13.7772,13.7772,92.6958
2,325,27964.4962,0,6.651,11.2831,11.2831,52.1924
2,326,27975.2619,0,4.9357,10.4713,10.4713,64.2327
2,327,28105.6482,0,3.4333,9.8083,9.8083,36.4862
2,328,28171.4594,0,6.5643,13.7658,13.7658,42.7917
2,329,28209.5481,0,6.1248,43.261,43.261,63.1148
2,330,28256.3451,0,11.1683,15.1078,15.1078,70.4261
2,331,28348.8538,0,12.2278,17.4542,17.4542,59.3077
2,332,28438.2633,0,9.2975,12.1452,12.1452,72.6505
2,333,28531.714,0,1.693,5.3138,5.3138,35.5705
2,334,28581.8007,0,3.2409,14.4381,14.4381,58.8872
2,335,28639.3632,0,0.4761,3.0315,3.0315,29.1476
2,336,28694.5044,0,2.6778,7.3135,7.3135,69.7557
2,337,28816.3395,0,3.6186,14.1586,14.1586,47.1351
2,338,28830.9471,0,4.3087,6.2193,6.2193,57.517
2,339,28883.5019,0,8.1843,14.3577,14.3577,55.2272
2,340,28987.3848,0,4.4149,6.8958,6.8958,48.8845
2,341,29023.599,0,3.3165,5.9186,5.9186,51.669
2,342,29098.3606,0,5.0364,6.6773,6.6773,39.9216
2,343,29263.4949,0,4.5756,7.4577,7.4577,62.8614
2,344,29331.419,0,4.4631,10.4386,10.4386,63.6814
2,345,29335.8317,0,6.4766,9.539,9.539,68.2446
2,346,29441.3064,0,6.0313,12.7019,12.7019,46.0441
2,347,29471.8341,0,3.7228,7.8069,7.8069,29.9224
2,348,29567.7439,0,7.5331,14.4392,14.4392,61.2111
2,349,29579.7746,0,2.1857,7.8463,7.8463,83.993
2,350,29884.7445,0,9.8498,14.3975,14.3975,68.5835
2,351,30197.3661,0,6.627,16.4896,16.4896,72.1322
2,352,30427.6044,0,4.5756,16.4086,16.4086,67.6129
2,353,30665.2881,0,5.9803,16.9262,16.9262,55.7887
2,354,30728.8395,0,13.1778,23.6731,23.6731,59.8337
2,355,30757.4942,0,14.1558,28.5102,28.5102,81.8912
2,356,30780.1924,0,8.7625,15.2079,15.2079,62.3887
2,357,30849.95,0,2.9754,4.1035,4.1035,62.2293
2,358,30856.2349,0,17.8347,25.6988,25.6988,69.6316
2,359,30923.2621,0,12.5065,17.1568,17.1568,52.413
2,360,30940.6839,0,3.0869,9.0877,9.0877,73.661
2,361,30956.27,0,8.3345,10.7454,10.7454,52.3009
2,362,31007.1493,0,8.7917,16.3717,16.3717,38.9286
2,363,31121.8584,0,2.0284,6.5151,6.5151,50.6401
2,364,31132.6048,0,2.6384,7.2396,7.2396,54.4539
2,365,31229.7205,0,10.5476,15.3145,15.3145,45.4879
2,366,31299.4637,0,4.6328,6.4776,6.4776,38.9416
2,367,31581.1816,0,6.6539,10.4431,10.4431,49.5547
2,368,31616.1584,0,2.9132,24.7159,24.7159,32.7832
2,369,31641.6879,0,5.501,15.478,15.478,83.5039
2,370,32014.0026,0,12.4218,16.8921,16.8921,74.5484
2,371,32286.9989,0,6.7145,12.9262,12.9262,53.1166
2,372,32350.0137,0,13.9137,17.6218,17.6218,79.1923
2,373,32410.8727,0,5.5654,12.6792,12.6792,45.8871
2,374,32450.7667,0,4.4039,14.3116,14.3116,53.0723
2,375,32497.8375,0,2.1318,14.546,14.546,34.5977
2,376,32557.0702,0,8.9383,13.4286,13.4286,60.5421
2,377,32701.3606,0,1.1815,3.459,3.459,31.9681
2,378,32715.3007,0,1.4957,6.4938,6.4938,47.8391
2,379,32730.5364,0,4.1543,13.8601,13.8601,47.1438
2,380,32918.5046,0,9.5412,13.8455,13.8455,42.3473
2,381,32996.983,0,6.1788,18.7925,18.7925,75.1222
2,382,33084.6772,0,3.525,8.154,8.154,70.3488
2,383,33188.7054,0,10.1793,11.7354,11.7354,60.0062
2,384,33296.7449,0,3.5306,7.6537,7.6537,30.4154
2,385,33348.9678,0,9.9034,17.0672,17.0672,49.0818
2,386,33593.5819,0,5.2714,7.0654,7.0654,43.6299
2,387,33760.0815,0,2.6217,6.215,6.215,66.8036
2,388,33849.3124,0,4.6922,9.4186,9.4186,52.6483
2,389,33903.5098,0,15.5235,20.164,20.164,82.912
2,390,33974.2309,0,6.1407,15.4678,15.4678,40.8397
2,391,34002.8327,0,7.382,9.5824,9.5824,63.6808
2,392,34127.26,0,8.724,18.9506,18.9506,60.0766
2,393,34146.0979,0,8.3236,16.8228,16.8228,37.4853
2,394,34159.3307,0,5.2309,8.7058,8.7058,72.0844
2,395,34148.0326,0,4.9264,24.0394,24.0394,84.8367
2,396,34217.3057,0,10.8373,18.9539,18.9539,73.3595
2,397,34249.3766,0,8.9041,10.8254,10.8254,62.1173
2,398,34292.5248,0,5.7896,10.5867,10.5867,41.3372
2,399,34654.8974,0,1.094,4.2074,4.2074,40.6191
2,400,34895.4319,0,4.9031,9.9034,9.9034,68.7034
2,401,35146.2359,0,4.5187,15.8749,15.8749,74.0244
2,402,35182.3183,0,8.1695,15.9607,15.9607,79.3543
2,403,35190.8233,0,8.7329,10.2574,10.2574,138.5119
2,404,35202.3909,0,12.1386,14.1616,14.1616,125.5783
2,405,35269.6018,0,9.7898,12.8487,12.8487,76.9698
2,406,35296.3779,0,6.5398,14.7031,14.7031,54.5357
2,407,35320.4954,0,3.832,13.2912,13.2912,45.908
2,408,35470.0373,0,4.4543,7.7157,7.7157,33.2586
2,409,35584.7351,0,11.6271,15.2045,15.2045,61.4487
2,410,35597.9699,0,5.9882,9.7693,9.7693,52.9413
2,411,35616.9618,0,2.3071,5.4105,5.4105,80.6038
2,412,35671.825,0,4.3877,7.8507,7.8507,76.4154
2,413,35700.5443,0,2.9272,8.0086,8.0086,69.0745
2,414,35718.1131,0,3.6515,25.0057,25.0057,80.9384
2,415,35831.1665,0,7.1647,11.4134,11.4134,45.0697
2,416,36453.6604,0,8.4881,13.8781,13.8781,76.6572
2,417,36542.4646,0,4.708,8.5468,8.5468,65.1906
2,418,36607.2402,0,4.8978,7.016,7.016,34.8855
2,419,36754.9707,0,11.2883,18.5298,18.5298,39.3467
2,420,36968.9328,0,2.1208,14.4576,14.4576,44.0431
2,421,36976.6576,0,4.4402,18.9228,18.9228,69.2456
2,422,37155.2541,0,4.5399,9.8829,9.8829,25.0396
2,423,37249.7625,0,12.6554,15.498,15.498,71.0221
2,424,37502.8748,0,11.1348,13.7634,13.7634,83.2318
2,425,37525.2285,0,5.8103,18.9927,18.9927,72.1926
2,426,37598.5935,0,7.9389,12.2547,12.2547,37.8547
2,427,37653.2561,0,9.3599,11.0409,11.0409,51.5127
2,428,38096.6562,0,6.6178,9.4653,9.4653,87.0297
2,429,38182.7377,0,2.0091,5.6756,5.6756,57.8052
2,430,38247.262,0,3.3651,6.3112,6.3112,21.0516
2,431,38286.0481,0,1.4687,13.7257,13.7257,39.6379
2,432,38392.0861,0,13.0883,19.1107,19.1107,48.3465
2,433,38403.0247,0,5.1307,12.1364,12.1364,37.2233
2,434,38417.3487,0,3.2759,5.2387,5.2387,69.9668
2,435,38435.1426,0,5.3679,7.4003,7.4003,46.0398
2,436,38487.8351,0,6.6751,18.5084,18.5084,58.6279
2,437,38497.7318,0,5.9155,12.3979,12.3979,61.7954
2,438,38500.967,0,10.2942,12.8608,12.8608,66.289
2,439,38547.6666,0,6.5984,8.3315,8.3315,55.9217
2,440,38566.2936,0,0.1773,18.3727,18.3727,65.6784
2,441,38648.9386,0,3.5894,8.7747,8.7747,45.4202
2,442,38647.504,0,8.8414,12.9224,12.9224,62.024
2,443,38738.8657,0,12.2441,19.1692,19.1692,32.1034
2,444,38782.8854,0,6.022,6.9736,6.9736,119.7682
2,445,38870.4327,0,7.0251,12.4615,12.4615,46.3726
2,446,38979.2572,0,9.8485,12.3406,12.3406,45.7642
2,447,39050.1097,0,4.8863,6.7887,6.7887,46.541
2,448,39107.1011,0,5.72,18.2977,18.2977,65.4898
2,449,39417.6579,0,3.1053,6.5262,6.5262,40.6953
2,450,39545.1983,0,13.1077,16.1491,16.1491,51.7708
2,451,39666.9029,0,9.8378,19.0351,19.0351,54.263
2,452,39679.9225,0,8.0121,11.1859,11.1859,74.1946
2,453,39699.1701,0,1.7209,5.5254,5.5254,91.8505
2,454,40082.7135,0,13.1147,19.1436,19.1436,115.2448
2,455,40851.3114,0,9.4216,12.9966,12.9966,47.4816
2,456,40872.4514,0,9.0373,15.9492,15.9492,84.8474
2,457,40921.0228,0,10.2964,13.7898,13.7898,30.3926
2,458,40935.4354,0,1.7333,5.1236,5.1236,66.8908
2,459,41327.4434,0,4.9409,5.8225,5.8225,42.7294
2,460,41496.5411,0,3.2409,8.0231,8.0231,54.8362
2,461,41586.6724,0,4.4829,7.5198,7.5198,63.5352
2,462,41620.0804,0,11.1215,19.737,19.737,27.2691
2,463,41637.8626,0,3.677,5.373,5.373,56.362
2,464,42018.023,0,11.1147,16.7189,16.7189,70.3553
2,465,42120.1387,0,4.4632,7.8422,7.8422,54.1701
2,466,42261.248,0,4.5315,20.6256,20.6256,42.3718
2,467,42273.5091,0,10.0091,21.4673,21.4673,60.8228
2,468,42320.4608,0,4.1839,7.5418,7.5418,68.514
2,469,42399.4951,0,14.3333,18.1107,18.1107,71.6923
2,470,42422.7043,0,4.3527,7.0081,7.0081,72.8829
2,471,42428.3809,0,11.4748,14.0672,14.0672,81.1153
2,472,42481.3016,0,13.7981,16.9002,16.9002,66.5345
2,473,42579.4623,0,3.2011,11.6827,11.6827,50.0727
2,474,42616.8324,0,5.5959,22.7824,22.7824,64.3408
2,475,42667.2824,0,15.8834,22.5159,22.5159,74.1602
2,476,42723.7655,0,10.2282,13.0919,13.0919,65.1479
2,477,42717.26,0,17.2287,24.0655,24.0655,80.7919
2,478,42768.5888,0,14.6388,22.3318,22.3318,58.9107
2,479,42863.4206,0,3.5795,7.1074,7.1074,47.1668
2,480,42922.465,0,4.6137,12.3991,12.3991,47.9067
2,481,42954.5349,0,9.8628,15.5316,15.5316,43.1888
2,482,42925.7957,0,4.9237,56.7258,56.7258,83.5797
2,483,42984.2544,0,6.2607,9.1418,9.1418,33.9295
2,484,43005.3675,0,2.1056,5.7632,5.7632,42.0093
2,485,43029.9187,0,5.2772,8.8437,8.8437,32.5232
3,1,0.0,0,2.4035,5.2709,5.2709,47.7563
3,2,125.0053,0,3.9175,7.0569,7.0569,43.6205
3,3,233.7114,0,2.7808,7.6508,7.6508,39.9891
3,4,469.7956,0,3.6629,6.3241,6.3241,76.4591
3,5,704.0065,0,5.3443,6.6627,6.6627,42.2104
3,6,698.4321,0,2.8191,13.9331,13.9331,82.0076
3,7,732.7002,0,8.1058,11.5258,11.5258,54.9681
3,8,821.999,0,2.5003,14.3844,14.3844,46.039
3,9,962.89,0,1.7488,7.5658,7.5658,119.4319
3,10,1260.0005,0,7.0081,23.5909,23.5909,65.3716
3,11,1316.7956,0,8.518,12.5427,12.5427,53.3862
3,12,1431.1912,0,5.1862,6.0614,6.0614,81.7583
3,13,1660.24,0,7.1638,15.5243,15.5243,78.2866
3,14,1920.8237,0,7.2786,18.3143,18.3143,55.235
3,15,1943.6445,0,9.4991,11.8712,11.8712,40.4379
3,16,1974.7912,0,6.8479,10.9297,10.9297,27.9318
3,17,1985.6947,0,7.0038,12.5182,12.5182,39.2268
3,18,1999.6682,0,4.5744,6.6729,6.6729,52.1707
3,19,2094.4633,0,11.7847,13.9338,13.9338,41.5888
3,20,2119.5777,0,5.1528,9.5686,9.5686,41.1147
3,21,2115.3162,0,11.4871,20.3607,20.3607,47.5519
3,22,2207.2224,0,5.1444,11.6815,11.6815,57.6585
3,23,2398.802,0,0.9822,4.0185,4.0185,35.4068
3,24,2417.2736,0,11.7049,15.5622,15.5622,88.4161
3,25,2544.4851,0,2.3347,13.0027,13.0027,31.4498
3,26,2615.0978,0,7.9585,13.5665,13.5665,76.8149
3,27,2655.1455,0,2.5245,8.7814,8.7814,46.1533
3,28,3232.418,0,4.1439,8.1368,8.1368,45.8849
3,29,3337.53,0,5.0118,6.6264,6.6264,48.4277
3,30,3381.4065,0,4.7847,10.1873,10.1873,51.2859
3,31,3465.1566,0,10.4813,16.7205,16.7205,63.8426
3,32,3592.4064,0,5.7872,16.7393,16.7393,52.1965
3,33,3578.5302,0,11.0176,45.6477,45.6477,93.6022
3,34,3689.0968,0,12.2273,29.1026,29.1026,83.6574
3,35,3729.3634,0,6.785,9.947,9.947,88.1361
3,36,3729.5146,0,5.2355,26.2829,26.2829,96.9107
3,37,3884.6871,0,7.267,16.5676,16.5676,66.9154
3,38,3911.9373,0,7.6268,10.4043,10.4043,78.3452
3,39,4008.8798,0,1.9102,9.4671,9.4671,129.269
3,40,4150.3141,0,10.1087,14.0197,14.0197,42.0073
3,41,4167.2714,0,15.6945,40.6296,40.6296,89.4181
3,42,4300.9471,0,12.9649,14.4696,14.4696,64.8097
3,43,4352.828,0,8.7417,20.8337,20.8337,54.3515
3,44,4415.0333,0,15.049,19.3515,19.3515,34.5501
3,45,4432.7386,0,5.4551,11.2093,11.2093,77.0813
3,46,4456.0801,0,9.519,24.5258,24.5258,43.164
3,47,4891.1117,0,11.7189,14.267,14.267,76.9852
3,48,4921.7711,0,3.9099,9.7542,9.7542,79.7468
3,49,4979.5116,0,6.9659,13.4684,13.4684,55.4613
3,50,4999.3673,0,12.1256,19.3595,19.3595,50.7694
3,51,5232.4933,0,2.9285,8.4117,8.4117,37.5073
3,52,5242.2418,0,2.7798,6.353,6.353,57.138
3,53,5319.072,0,3.3092,8.1961,8.1961,63.4869
3,54,5397.286,0,9.0571,20.8786,20.8786,53.9689
3,55,5423.9349,0,9.0749,28.174,28.174,86.1808
3,56,5568.9886,0,2.3379,4.888,4.888,53.9308
3,57,5597.1674,0,14.4157,18.5077,18.5077,100.4018
3,58,5736.5236,0,3.6562,16.5794,16.5794,67.2397
3,59,5826.4474,0,3.391,10.244,10.244,34.3578
3,60,5913.1092,0,3.0775,9.9579,9.9579,41.447
3,61,5945.9337,0,6.2662,7.8185,7.8185,29.1427
3,62,5996.929,0,4.1497,5.965,5.965,41.2472
3,63,6014.5034,0,1.9805,6.3415,6.3415,68.8756
3,64,6020.8951,0,7.668,17.8461,17.8461,90.8801
3,65,6486.4421,0,0.8657,7.1457,7.1457,40.4404
3,66,6482.4563,0,9.2435,12.7503,12.7503,67.9351
3,67,6518.6602,0,15.6345,20.0119,20.0119,85.2182
3,68,6729.5818,0,10.2848,12.1961,12.1961,48.8435
3,69,6776.7046,0,18.7006,23.2849,23.2849,70.3303
3,70,6865.2104,0,1.5438,13.305,13.305,57.8605
3,71,6908.6078,0,2.5154,14.9717,14.9717,62.5805
3,72,6901.0279,0,14.8936,24.9019,24.9019,78.9051
3,73,7018.7493,0,3.0324,17.0601,17.0601,54.8915
3,74,7143.9467,0,1.409,3.3096,3.3096,55.5672
3,75,7208.911,0,5.9269,13.7523,13.7523,46.7689
3,76,7218.9529,0,1.0667,7.6771,7.6771,60.9658
3,77,7661.8438,0,6.2223,12.0287,12.0287,85.459
3,78,7667.407,0,0.7658,9.7081,9.7081,87.8597
3,79,7800.8723,0,1.5627,11.2118,11.2118,63.1397
3,80,7871.641,0,6.3411,24.0746,24.0746,54.8252
3,81,7891.1702,0,2.6848,16.834,16.834,61.8952
3,82,7939.1907,0,4.441,12.0395,12.0395,66.7454
3,83,8085.248,0,7.0456,9.2786,9.2786,62.57
3,84,8154.4578,0,1.8753,5.6544,5.6544,74.2743
3,85,8238.6808,0,4.6079,13.2118,13.2118,45.1728
3,86,8250.4766,0,3.5543,8.8451,8.8451,73.3552
3,87,8300.5864,0,6.0031,10.0883,10.0883,47.924
3,88,8300.8438,0,8.6096,17.6337,17.6337,73.2989
3,89,8370.0648,0,2.415,7.9805,7.9805,44.8294
3,90,8418.3344,0,3.9143,5.2421,5.2421,45.6492
3,91,8449.143,0,5.1947,9.2299,9.2299,48.5744
3,92,8470.7202,0,7.6044,8.8335,8.8335,58.2175
3,93,8489.4274,0,9.1717,13.5504,13.5504,69.9867
3,94,8631.7741,0,3.2177,7.0104,7.0104,37.0988
3,95,8699.2148,0,4.0959,5.632,5.632,44.619
3,96,9054.4271,0,4.2295,18.8313,18.8313,54.8695
3,97,9135.3357,0,9.2989,15.2972,15.2972,42.7974
3,98,9222.6535,0,3.3507,5.5237,5.5237,44.7782
3,99,9232.1349,0,16.6858,19.9031,19.9031,112.9577
3,100,9315.0451,0,15.2976,22.659,22.659,78.459
3,101,9431.0832,0,2.8829,13.7765,13.7765,68.4441
3,102,9514.9372,0,6.1318,10.4448,10.4448,43.2503
3,103,9623.4639,0,6.5396,12.8029,12.8029,106.011
3,104,9634.736,0,8.7286,20.7715,20.7715,107.253
3,105,9913.7952,0,4.7028,7.9434,7.9434,60.1581
3,106,10160.1963,0,4.817,8.5103,8.5103,30.3424
3,107,10717.0043,0,11.5558,13.571,13.571,76.2385
3,108,10726.736,0,2.6217,6.4518,6.4518,79.6378
3,109,10789.2446,0,8.8663,11.1619,11.1619,53.0301
3,110,10899.4859,0,3.7202,7.0317,7.0317,32.3958
3,111,10932.0339,0,3.4622,9.1796,9.1796,52.3064
3,112,11045.6232,0,4.6476,9.6811,9.6811,31.1535
3,113,11182.8808,0,4.9237,15.6424,15.6424,36.133
3,114,11361.259,0,10.962,15.3588,15.3588,54.4454
3,115,11394.4392,0,13.1212,17.8041,17.8041,55.8613
3,116,11529.4068,0,8.1478,11.4926,11.4926,56.2165
3,117,11551.0801,0,2.0511,5.4795,5.4795,45.047
3,118,11623.994,0,3.5963,6.6264,6.6264,41.6344
3,119,11732.3119,0,3.6051,8.3469,8.3469,47.4728
3,120,11730.5412,0,7.344,13.5574,13.5574,67.1766
3,121,11839.445,0,8.7824,13.2744,13.2744,70.81
3,122,11872.4918,0,3.5948,5.4013,5.4013,73.7893
3,123,11997.4275,0,4.3194,16.7707,16.7707,37.5224
3,124,12032.102,0,1.5252,11.5809,11.5809,36.3327
3,125,12086.0425,0,5.7872,10.4822,10.4822,53.4529
3,126,12115.6879,0,11.0746,17.2694,17.2694,68.5334
3,127,12144.2867,0,11.8379,20.3919,20.3919,81.6686
3,128,12430.917,0,6.2653,11.0763,11.0763,51.0954
3,129,12435.9244,0,11.1343,17.5794,17.5794,70.8147
3,130,12477.2675,0,8.2106,10.2417,10.2417,46.1448
3,131,12476.9571,0,12.7749,19.1611,19.1611,58.6156
3,132,12565.8848,0,2.8533,5.0721,5.0721,24.423
3,133,12607.0939,0,6.8619,18.0897,18.0897,52.6422
3,134,12790.6654,0,1.972,3.7773,3.7773,43.812
3,135,12817.9543,0,10.6655,14.5874,14.5874,59.2073
3,136,13051.0597,0,9.1323,21.2782,21.2782,51.1586
3,137,13105.3106,0,8.0676,13.6259,13.6259,38.8801
3,138,13504.276,0,6.496,13.3192,13.3192,45.0581
3,139,13515.706,0,5.2577,7.469,7.469,50.0638
3,140,13551.6021,0,2.1459,4.4121,4.4121,53.0195
3,141,13623.4868,0,4.588,6.2178,6.2178,55.6274
3,142,13719.2071,0,5.8518,8.3017,8.3017,32.4872
3,143,13851.0671,0,4.7396,8.975,8.975,40.1008
3,144,13902.8391,0,21.4763,28.0622,28.0622,109.0182
3,145,14198.2392,0,8.3618,9.8015,9.8015,49.136
3,146,14272.4788,0,14.1678,18.4798,18.4798,71.1202
3,147,14257.6878,0,9.3541,40.5718,40.5718,120.3753
3,148,14332.3865,0,10.5456,15.6097,15.6097,70.833
3,149,14343.0837,0,12.7849,19.5367,19.5367,63.9984
3,150,14412.801,0,8.0589,14.1969,14.1969,28.3633
3,151,14430.7239,0,1.843,3.8185,3.8185,59.8438
3,152,14494.2595,0,5.3038,13.8102,13.8102,89.5821
3,153,14681.9686,0,7.1545,9.9304,9.9304,54.3387
3,154,14724.3942,0,10.8881,39.2852,39.2852,76.5308
3,155,14899.6447,0,5.4797,14.7617,14.7617,51.6485
3,156,15008.4024,0,2.759,6.7259,6.7259,32.2446
3,157,15073.1419,0,4.6176,7.0318,7.0318,55.0708
3,158,15124.1108,0,2.8601,5.8022,5.8022,29.5528
3,159,15192.9063,0,3.6312,11.225,11.225,38.2756
3,160,15256.7697,0,7.5554,17.1046,17.1046,53.3632
3,161,15303.168,0,5.5216,23.2979,23.2979,61.401
3,162,15369.2249,0,3.5795,6.8972,6.8972,44.7634
3,163,15346.4835,0,1.3827,52.0786,52.0786,93.7651
3,164,15398.8206,0,16.0414,27.5517,27.5517,86.3325
3,165,15466.0341,0,10.0374,13.7488,13.7488,64.7535
3,166,15510.0852,0,9.3419,17.8893,17.8893,65.2094
3,167,15536.9191,0,12.2688,26.8582,26.8582,87.621
3,168,15600.6254,0,2.1665,5.8498,5.8498,36.7638
3,169,15682.638,0,10.7582,17.2613,17.2613,50.3953
3,170,15727.7312,0,5.7859,12.1604,12.1604,33.3521
3,171,15799.214,0,8.574,14.6013,14.6013,46.9459
3,172,15909.8701,0,2.2083,11.6071,11.6071,43.8365
3,173,15927.3262,0,12.8048,18.6566,18.6566,54.1824
3,174,16103.3289,0,12.7186,41.0617,41.0617,94.6822
3,175,16159.8393,0,6.144,11.7655,11.7655,46.0481
3,176,16184.3727,0,9.4705,11.8375,11.8375,39.6347
3,177,16215.5523,0,8.411,14.5485,14.5485,42.9511
3,178,16407.2621,0,3.5968,20.6389,20.6389,65.8708
3,179,16456.7268,0,12.4472,18.5798,18.5798,68.4934
3,180,16512.4806,0,7.5816,19.6392,19.6392,75.2676
3,181,16599.3406,0,4.4309,10.1868,10.1868,43.513
3,182,16686.2436,0,14.6844,18.4851,18.4851,83.7894
3,183,16766.7142,0,11.5274,16.9955,16.9955,88.1796
3,184,16805.8972,0,17.8539,20.8065,20.8065,79.6818
3,185,16887.0246,0,6.2762,9.6402,9.6402,48.825
3,186,16914.7464,0,2.5801,9.7684,9.7684,56.512
3,187,16937.8881,0,10.3179,14.5254,14.5254,85.8104
3,188,17034.6725,0,9.4503,10.9447,10.9447,39.3992
3,189,17095.8752,0,3.2438,10.1001,10.1001,46.3387
3,190,17151.4999,0,4.7028,7.1861,7.1861,43.3428
3,191,17271.1029,0,0.1596,7.1846,7.1846,35.0466
3,192,17309.8518,0,4.0552,7.4977,7.4977,31.448
3,193,17324.8611,0,10.5499,18.1307,18.1307,57.3386
3,194,17367.9213,0,5.8309,14.6533,14.6533,64.5563
3,195,17789.1494,0,7.0625,10.3607,10.3607,44.3546
3,196,17807.1512,0,17.6357,24.671,24.671,67.9887
3,197,17856.6436,0,1.3662,8.5368,8.5368,47.3203
3,198,17934.3717,0,14.6458,19.6076,19.6076,112.4327
3,199,17971.1492,0,1.4389,8.7328,8.7328,83.1272
3,200,18088.509,0,7.3096,12.4184,12.4184,36.3485
3,201,18151.829,0,5.4872,14.2929,14.2929,46.0844
3,202,18218.4233,0,0.9751,10.9225,10.9225,50.9685
3,203,18261.371,0,9.2975,11.6729,11.6729,46.0865
3,204,18314.9127,0,1.165,5.2284,5.2284,43.0434
3,205,18331.5339,0,1.6601,10.3498,10.3498,41.3181
3,206,18351.876,0,2.8722,8.7076,8.7076,27.8048
3,207,18396.5922,0,7.3968,25.0439,25.0439,75.2465
3,208,18459.0981,0,4.3122,9.2707,9.2707,27.0777
3,209,18559.6262,0,15.5109,20.1814,20.1814,63.0564
3,210,18590.5606,0,1.7205,3.5419,3.5419,36.4966
3,211,18972.4428,0,11.6178,19.2892,19.2892,73.2004
3,212,19042.0983,0,12.4218,18.7396,18.7396,55.089
3,213,19102.157,0,7.4176,14.6029,14.6029,62.9568
3,214,19194.7002,0,10.895,22.7078,22.7078,43.8061
3,215,19213.9427,0,3.1735,5.3382,5.3382,38.0143
3,216,19319.5061,0,0.5418,13.9011,13.9011,84.1074
3,217,19504.712,0,6.1407,19.2196,19.2196,64.3735
3,218,19535.5171,0,5.7836,19.1154,19.1154,94.1162
3,219,19606.1081,0,3.4128,11.8271,11.8271,40.5796
3,220,19664.5574,0,3.365,9.6155,9.6155,50.3416
3,221,20004.0504,0,1.9266,3.6476,3.6476,32.9829
3,222,20014.1423,0,9.3324,21.1541,21.1541,47.9759
3,223,20112.6902,0,2.652,9.8711,9.8711,66.7475
3,224,20334.44,0,6.1047,12.1764,12.1764,31.5834
3,225,20367.3679,0,1.6096,6.0191,6.0191,49.1184
3,226,20394.0126,0,3.239,14.3149,14.3149,62.9463
3,227,20519.5508,0,12.3496,20.8,20.8,94.3658
3,228,20673.4148,0,1.9299,2.2308,2.2308,51.6012
3,229,20678.5613,0,11.689,16.9367,16.9367,79.3972
3,230,20792.2477,0,7.5825,13.5325,13.5325,66.9813
3,231,20849.5059,0,4.2814,10.0304,10.0304,48.1779
3,232,20855.9904,0,4.5337,13.2029,13.2029,76.9386
3,233,20869.036,0,1.9936,20.4218,20.4218,66.3098
3,234,20942.0394,0,7.9115,13.8681,13.8681,47.7547
3,235,20983.9056,0,8.3786,12.9307,12.9307,52.8572
3,236,20996.7905,0,12.5991,15.5812,15.5812,74.6438
3,237,21023.0519,0,5.6548,45.3055,45.3055,73.0336
3,238,21191.1962,0,3.9896,7.3125,7.3125,91.3321
3,239,21289.7353,0,10.3117,16.1521,16.1521,52.5414
3,240,21374.5868,0,4.3284,12.3016,12.3016,63.4495
3,241,21455.2682,0,3.9877,26.0728,26.0728,65.6215
3,242,21668.1734,0,2.6651,12.593,12.593,39.0787
3,243,21737.4012,0,4.2775,5.7902,5.7902,29.0508
3,244,21741.8361,0,5.1235,6.7494,6.7494,70.8848
3,245,21821.1732,0,0.7453,15.2508,15.2508,40.7497
3,246,21836.9128,0,10.6786,19.7291,19.7291,74.7474
3,247,21873.2504,0,1.2885,21.9122,21.9122,74.3845
3,248,21908.7348,0,2.0146,8.3704,8.3704,62.3506
3,249,22102.9826,0,9.6737,11.4683,11.4683,53.2865
3,250,22229.6336,0,10.3039,16.4515,16.4515,50.4228
3,251,22260.7536,0,7.1884,15.7,15.7,75.2672
3,252,22309.2313,0,6.4695,9.9778,9.9778,63.4896
3,253,22395.7599,0,12.3913,20.5238,20.5238,58.1926
3,254,22518.6958,0,1.6046,12.1195,12.1195,34.0518
3,255,22568.2359,0,3.0034,11.7044,11.7044,81.8567
3,256,22601.3937,0,9.2106,18.7997,18.7997,79.7378
3,257,22629.0067,0,7.9076,12.5772,12.5772,67.3547
3,258,22665.8231,0,1.768,7.4742,7.4742,36.7961
3,259,22668.4255,0,3.1136,15.1092,15.1092,42.3361
3,260,22841.707,0,4.1688,8.8562,8.8562,42.036
3,261,22905.108,0,5.3723,17.6091,17.6091,72.3773
3,262,23383.8372,0,4.4991,9.4016,9.4016,35.3907
3,263,23501.6062,0,13.8233,17.5226,17.5226,41.4475
3,264,23511.4315,0,6.5182,11.6967,11.6967,120.5605
3,265,23630.108,0,10.2216,14.4284,14.4284,73.5196
3,266,23718.0307,0,2.0898,3.8145,3.8145,33.8976
3,267,23766.59,0,5.9442,7.7032,7.7032,36.076
3,268,23866.7718,0,4.9923,33.4291,33.4291,72.143
3,269,23938.2999,0,17.6804,22.2709,22.2709,78.1694
3,270,24050.6383,0,7.0298,14.2819,14.2819,46.5348
3,271,24027.4507,0,10.323,53.8342,53.8342,113.7327
3,272,24308.022,0,4.5884,7.253,7.253,77.261
3,273,24520.4928,0,4.6933,15.0206,15.0206,98.5865
3,274,25005.9767,0,12.5691,17.9949,17.9949,56.9688
3,275,25070.0526,0,11.8243,18.023,18.023,42.8839
3,276,25171.038,0,5.8518,9.1718,9.1718,38.7766
3,277,25204.7521,0,13.7715,20.0686,20.0686,90.2855
3,278,25247.1855,0,13.451,16.7494,16.7494,80.5533
3,279,25347.3944,0,8.6533,9.4711,9.4711,76.3227
3,280,25372.845,0,10.5654,13.8969,13.8969,56.5189
3,281,25452.1844,0,1.2925,7.9673,7.9673,32.4673
3,282,25467.6723,0,5.8375,12.6031,12.6031,67.4444
3,283,25478.8822,0,0.1841,20.2959,20.2959,84.8872
3,284,25471.2859,0,1.5438,34.464,34.464,89.3163
3,285,25558.6531,0,3.7676,7.2292,7.2292,37.1596
3,286,25605.3974,0,6.9271,12.7364,12.7364,51.426
3,287,25663.1632,0,2.6589,8.275,8.275,50.3739
3,288,25666.7065,0,3.2737,10.984,10.984,36.9123
3,289,25681.025,0,6.1929,8.6563,8.6563,59.9193
3,290,25788.0007,0,0.4549,3.0118,3.0118,25.7513
3,291,25810.7595,0,8.182,18.5319,18.5319,90.732
3,292,25853.8858,0,13.46,25.5519,25.5519,85.6152
3,293,26118.1812,0,7.0803,8.0155,8.0155,71.9594
3,294,26122.2559,0,3.1878,8.0646,8.0646,101.4612
3,295,26257.5981,0,2.0373,9.748,9.748,42.8025
3,296,26266.713,0,10.0344,16.6207,16.6207,49.3291
3,297,26347.8539,0,5.5534,9.8943,9.8943,40.5204
3,298,26477.6493,0,3.8546,6.0589,6.0589,27.2448
3,299,26566.9434,0,3.7712,5.2988,5.2988,47.8616
3,300,26559.9662,0,11.9837,13.7297,13.7297,43.6916
3,301,26562.5926,0,6.7469,11.6868,11.6868,63.8749
3,302,26584.3071,0,16.8496,20.1105,20.1105,65.9896
3,303,26725.5886,0,15.0967,27.8056,27.8056,103.1661
3,304,26743.6473,0,16.3864,26.0693,26.0693,96.9065
3,305,26747.5548,0,3.919,23.4547,23.4547,112.5312
3,306,26956.2026,0,5.2084,7.7441,7.7441,52.605
3,307,27000.4473,0,7.6992,9.1725,9.1725,49.568
3,308,27015.9618,0,9.2235,13.2614,13.2614,68.9228
3,309,27108.6744,0,2.4698,14.2167,14.2167,61.2826
3,310,27172.5143,0,10.0155,12.4574,12.4574,51.0066
3,311,27192.7717,0,4.0348,8.4607,8.4607,76.896
3,312,27221.2768,0,12.758,23.7578,23.7578,62.7404
3,313,27275.8751,0,4.825,6.6459,6.6459,56.3176
3,314,27388.3014,0,6.0503,7.5913,7.5913,72.1399
3,315,27842.1717,0,7.6096,14.1018,14.1018,34.0398
3,316,28013.9448,0,3.7057,5.8753,5.8753,32.4674
3,317,28021.8088,0,7.7507,11.7283,11.7283,45.2716
3,318,28121.9612,0,12.5777,18.3957,18.3957,64.8993
3,319,28130.4771,0,1.5994,11.689,11.689,63.0039
3,320,28209.6236,0,4.3169,8.7878,8.7878,45.6719
3,321,28480.1995,0,6.7986,9.286,9.286,75.8944
3,322,28563.7386,0,4.8258,12.4095,12.4095,41.0357
3,323,28609.07,0,3.2522,11.633,11.633,111.5758
3,324,28677.3637,0,6.6487,10.8339,10.8339,79.3408
3,325,28671.1272,0,12.1926,19.7978,19.7978,91.9448
3,326,28685.4679,0,17.69,24.9171,24.9171,93.8615
3,327,28942.4973,0,2.3451,6.1602,6.1602,32.257
3,328,29325.323,0,6.8707,8.8983,8.8983,41.9747
3,329,29331.9879,0,11.6644,24.3021,24.3021,86.5459
3,330,29451.6143,0,10.5654,19.3267,19.3267,26.3501
3,331,29470.3453,0,5.7591,13.6578,13.6578,50.2308
3,332,29489.512,0,3.429,11.8647,11.8647,51.4681
3,333,29489.7916,0,10.9055,14.9253,14.9253,56.422
3,334,29488.7538,0,4.4559,17.6193,17.6193,60.4658
3,335,29576.3756,0,10.6245,20.574,20.574,78.843
3,336,29600.0467,0,1.2822,4.8582,4.8582,82.7383
3,337,29680.5362,0,13.2126,26.5032,26.5032,63.9969
3,338,29754.2032,0,3.9127,8.4231,8.4231,28.7304
3,339,29862.1768,0,9.4653,18.4109,18.4109,37.5403
3,340,29926.4734,0,5.7943,9.0267,9.0267,34.0595
3,341,29910.1619,0,17.403,33.8243,33.8243,94.9169
3,342,30034.4956,0,9.4422,13.2399,13.2399,45.8363
3,343,30068.7968,0,5.4038,10.9119,10.9119,71.9208
3,344,30297.1701,0,11.9336,38.6249,38.6249,98.0931
3,345,30408.232,0,0.1478,8.6968,8.6968,80.7951
3,346,30449.7704,0,7.3392,13.8481,13.8481,49.3595
3,347,30477.6848,0,4.0904,6.9199,6.9199,29.9872
3,348,30848.0642,0,3.5683,6.2483,6.2483,44.2153
3,349,30938.6155,0,10.5654,13.6911,13.6911,71.0156
3,350,30944.1787,0,5.4182,10.8621,10.8621,81.4409
3,351,30955.2466,0,5.5982,13.5742,13.5742,95.7467
3,352,30972.6126,0,17.2324,22.5737,22.5737,50.3415
3,353,31004.9595,0,5.0987,6.0532,6.0532,106.7132
3,354,31071.3122,0,12.2328,17.368,17.368,65.3174
3,355,31155.7802,0,0.9658,3.7057,3.7057,45.3826
3,356,31493.3388,0,9.1376,35.9805,35.9805,70.3977
3,357,31684.7611,0,0.7946,7.7603,7.7603,33.9587
3,358,31695.2793,0,6.4857,14.7001,14.7001,45.9131
3,359,32021.858,0,7.6338,24.148,24.148,73.6005
3,360,32145.9703,0,7.0782,9.8407,9.8407,48.9292
3,361,32255.448,0,3.1736,11.6589,11.6589,39.9815
3,362,32266.3224,0,4.2814,9.4968,9.4968,35.6239
3,363,32407.8824,0,5.9118,16.3625,16.3625,99.7226
3,364,32431.2005,0,1.7424,9.5911,9.5911,85.5749
3,365,32467.1228,0,7.7326,10.7217,10.7217,71.7887
3,366,32467.4948,0,13.1078,16.0704,16.0704,77.9944
3,367,32495.4528,0,4.6582,7.4269,7.4269,89.8551
3,368,32486.2588,0,18.4056,23.0895,23.0895,77.6357
3,369,32514.5408,0,16.5331,20.9709,20.9709,150.6199
3,370,32589.2205,0,22.6242,28.2058,28.2058,72.7525
3,371,32687.7742,0,4.9409,8.2045,8.2045,46.6796
3,372,32770.0857,0,8.7059,12.0575,12.0575,93.3101
3,373,32815.9935,0,4.3149,32.0195,32.0195,51.1025
3,374,32838.1924,0,6.3258,21.8599,21.8599,73.8171
3,375,32848.7349,0,5.5145,14.0112,14.0112,60.2019
3,376,32872.1965,0,4.3932,8.3312,8.3312,113.3398
3,377,32891.9996,0,15.3002,16.9026,16.9026,90.1603
3,378,32929.0716,0,4.0374,10.681,10.681,67.2943
3,379,33161.6143,0,4.7155,11.0041,11.0041,85.8337
3,380,33257.495,0,2.1751,4.417,4.417,36.0368
3,381,33393.8741,0,9.1202,11.6626,11.6626,33.589
3,382,33602.7498,0,5.7032,13.6855,13.6855,49.7146
3,383,33594.9321,0,7.1166,21.7161,21.7161,49.8866
3,384,33646.4794,0,1.1675,11.7061,11.7061,46.3279
3,385,33657.7192,0,10.5242,12.7405,12.7405,71.349
3,386,33674.8279,0,10.3131,16.152,16.152,34.1862
3,387,33697.8334,0,7.9666,11.4448,11.4448,84.8987
3,388,33753.9429,0,12.2509,16.8018,16.8018,181.614
3,389,33949.5876,0,7.0496,10.643,10.643,62.5827
3,390,33953.2382,0,4.8815,9.6133,9.6133,138.7554
3,391,33989.9872,0,16.9161,20.847,20.847,106.0457
3,392,34184.6356,0,6.9271,16.0371,16.0371,37.201
3,393,34193.2997,0,5.6522,9.1705,9.1705,51.2127
3,394,34203.5448,0,3.3826,10.6066,10.6066,60.1082
3,395,34234.4892,0,2.613,6.2184,6.2184,50.2846
3,396,34222.1986,0,23.7929,27.3486,27.3486,46.6134
3,397,34260.6362,0,4.5114,9.8251,9.8251,43.4361
3,398,34365.6396,0,10.0857,13.8504,13.8504,95.6966
3,399,34410.4393,0,2.6681,7.3125,7.3125,67.5117
3,400,34438.1376,0,4.3,14.0643,14.0643,93.9824
3,401,34451.9044,0,1.084,3.9281,3.9281,118.4708
3,402,34463.9619,0,7.2529,10.6859,10.6859,113.4366
3,403,34623.3085,0,8.0108,11.0473,11.0473,26.1063
3,404,34709.9894,0,2.7237,6.1176,6.1176,31.5517
3,405,34990.6416,0,1.6646,7.024,7.024,41.4793
3,406,35188.346,0,5.8518,13.0443,13.0443,51.2718
3,407,35262.2946,0,9.2989,11.1747,11.1747,56.7726
3,408,35315.4269,0,3.0603,4.9471,4.9471,39.5541
3,409,35305.2084,0,13.0948,20.6764,20.6764,117.8202
3,410,35426.4196,0,12.0434,19.3054,19.3054,58.9993
3,411,35492.3757,0,3.0097,6.7167,6.7167,61.6597
3,412,35533.5584,0,9.7085,13.3381,13.3381,59.3682
3,413,35552.7155,0,0.6976,3.6532,3.6532,57.8287
3,414,35542.8451,0,8.77,14.3052,14.3052,92.5232
3,415,35551.214,0,3.6562,9.3148,9.3148,133.0143
3,416,35757.5807,0,10.6016,13.5029,13.5029,56.7965
3,417,35785.6915,0,9.1709,10.0553,10.0553,61.8091
3,418,35786.8699,0,9.1184,12.1646,12.1646,90.0583
3,419,35786.0805,0,5.6639,48.6222,48.6222,110.7096
3,420,35890.1834,0,4.6071,13.7233,13.7233,44.6968
3,421,35912.8159,0,8.4517,17.5412,17.5412,57.1032
3,422,36153.5805,0,8.2958,11.545,11.545,35.1549
3,423,36271.8896,0,9.897,16.0068,16.0068,45.4442
3,424,36607.044,0,5.9789,13.5179,13.5179,52.0473
3,425,36656.8261,0,2.1614,5.6514,5.6514,35.0909
3,426,36713.5572,0,4.7091,36.4403,36.4403,88.5087
3,427,36794.7411,0,3.6829,9.9529,9.9529,31.5411
3,428,36806.817,0,4.8186,7.8298,7.8298,62.0407
3,429,36806.8763,0,6.5666,11.7232,11.7232,57.5069
3,430,36858.0629,0,3.9159,21.2831,21.2831,51.2574
3,431,36863.9361,0,9.7432,15.4164,15.4164,77.9822
3,432,37238.4774,0,10.2712,16.314,16.314,32.4588
3,433,37359.8052,0,5.8362,11.7545,11.7545,58.9503
3,434,37349.8908,0,3.176,46.7816,46.7816,96.6954
3,435,37425.6887,0,1.8781,10.3224,10.3224,38.6809
3,436,37466.5856,0,3.3165,16.4026,16.4026,60.8883
3,437,37539.085,0,5.8922,10.133,10.133,61.4737
3,438,37829.1031,0,10.1249,12.3841,12.3841,54.6119
3,439,37841.7509,0,2.82,6.3914,6.3914,76.6021
3,440,37950.4752,0,5.9982,9.8793,9.8793,88.3291
3,441,37994.6408,0,11.7216,36.6775,36.6775,65.0101
3,442,38046.8406,0,5.7107,15.3343,15.3343,67.5468
3,443,38076.1986,0,16.9353,21.7905,21.7905,64.6671
3,444,38079.2473,0,8.1815,25.269,25.269,100.2256
3,445,38271.1496,0,8.6869,12.4534,12.4534,61.8721
3,446,38270.1184,0,11.4455,15.6956,15.6956,108.7863
3,447,38284.9714,0,6.5565,13.8996,13.8996,103.3638
3,448,38379.5973,0,12.3902,17.1153,17.1153,86.1545
3,449,38407.5925,0,10.3426,15.6934,15.6934,63.4379
3,450,38530.5448,0,6.3377,10.1923,10.1923,65.9398
3,451,38573.8801,0,1.3509,6.9367,6.9367,55.1741
3,452,38570.9388,0,4.5193,16.3192,16.3192,80.3656
3,453,38576.5069,0,13.3473,17.7877,17.7877,100.2383
3,454,38691.5145,0,1.2052,13.8893,13.8893,46.7409
3,455,38730.0676,0,4.3266,16.9149,16.9149,50.5927
3,456,38735.6603,0,10.1119,14.4523,14.4523,81.2919
3,457,38742.4034,0,15.6436,17.2084,17.2084,71.6871
3,458,38852.2991,0,3.3237,6.342,6.342,36.4108
3,459,39117.9785,0,3.6186,5.1194,5.1194,49.2658
3,460,39619.9439,0,13.5174,22.0727,22.0727,65.0544
3,461,39791.6859,0,3.9731,6.2815,6.2815,60.6721
3,462,39824.4327,0,12.4097,26.765,26.765,80.9853
3,463,39853.5511,0,16.6238,19.3267,19.3267,56.1691
3,464,39904.6512,0,11.1613,16.2933,16.2933,51.4021
3,465,39995.8324,0,8.5984,14.197,14.197,83.9252
3,466,40086.1745,0,4.8441,19.8229,19.8229,62.0525
3,467,40190.2401,0,10.8504,16.8097,16.8097,63.0283
3,468,40241.6619,0,3.8292,8.9147,8.9147,71.2559
3,469,40341.9577,0,2.2365,17.1697,17.1697,25.0943
3,470,40386.2064,0,4.603,7.9937,7.9937,74.4763
3,471,40377.4947,0,2.4705,26.2948,26.2948,71.4028
3,472,40427.1736,0,10.5432,25.7862,25.7862,78.7249
3,473,40456.032,0,8.7129,19.1862,19.1862,69.1808
3,474,40545.7959,0,8.7702,12.018,12.018,59.7519
3,475,40916.1009,0,2.5515,4.4091,4.4091,29.4857
3,476,40935.1794,0,3.9338,9.8768,9.8768,40.6874
3,477,40942.8609,0,1.3662,3.3565,3.3565,59.5927
3,478,40954.1534,0,4.6398,7.7953,7.7953,46.7346
3,479,40977.3378,0,17.3758,22.7699,22.7699,45.597
3,480,40982.9205,0,14.6787,18.2103,18.2103,94.0606
3,481,41134.6365,0,5.0985,7.5411,7.5411,43.2125
3,482,41253.1672,0,3.4129,8.8909,8.8909,42.7586
3,483,41290.915,0,0.8251,3.4748,3.4748,49.6193
3,484,41382.8508,0,11.5012,20.884,20.884,63.0798
3,485,41419.3009,0,13.0417,17.8019,17.8019,74.3591
3,486,41632.5311,0,3.6405,11.1976,11.1976,53.7649
3,487,41678.3451,0,6.1628,21.5977,21.5977,63.7173
3,488,41828.7195,0,5.086,12.6249,12.6249,38.8379
3,489,41836.2515,0,3.0029,19.9529,19.9529,39.1325
3,490,41857.6716,0,4.3778,15.5155,15.5155,54.6782
3,491,41962.8487,0,3.6104,14.5457,14.5457,65.7295
3,492,42290.6147,0,8.7806,12.1234,12.1234,59.2013
3,493,42437.4968,0,2.9135,12.433,12.433,51.7846
3,494,42443.9502,0,22.2725,29.2069,29.2069,96.91
3,495,42531.5826,0,10.677,32.8376,32.8376,61.8814
3,496,42569.7825,0,7.7687,10.5436,10.5436,44.4227
3,497,42657.3181,0,3.678,8.0639,8.0639,65.67
3,498,42727.0334,0,8.3439,14.1192,14.1192,69.361
3,499,42908.7384,0,5.7165,24.4546,24.4546,80.1854
3,500,43183.2755,0,2.428,4.7427,4.7427,42.0885
4,1,0.0,0,5.9694,7.6013,7.6013,30.8132
4,2,91.8703,0,9.8182,20.2692,20.2692,87.3485
4,3,247.8593,0,9.4706,11.6434,11.6434,87.9679
4,4,412.4473,0,4.3126,9.3531,9.3531,37.4256
4,5,570.0252,0,2.0048,4.1647,4.1647,48.7592
4,6,637.3718,0,7.613,14.2087,14.2087,49.4995
4,7,681.4149,0,1.6117,2.6572,2.6572,58.6789
4,8,706.9226,0,10.1955,11.2208,11.2208,68.3311
4,9,727.8825,0,0.1813,3.1201,3.1201,101.2377
4,10,921.0353,0,13.0787,17.6063,17.6063,74.3184
4,11,972.4431,0,9.8839,19.1959,19.1959,76.6148
4,12,1020.6013,0,11.5372,14.4882,14.4882,110.981
4,13,1234.4521,0,2.9285,7.0719,7.0719,46.7736
4,14,1324.8132,0,10.9504,24.3126,24.3126,54.7701
4,15,1593.6751,0,6.6243,8.7144,8.7144,83.3561
4,16,1628.7476,0,14.8974,19.3446,19.3446,71.8503
4,17,1815.5381,0,4.8863,9.0182,9.0182,36.827
4,18,2065.3083,0,4.8358,10.5334,10.5334,24.5703
4,19,2086.7777,0,1.3426,21.1731,21.1731,72.8535
4,20,2114.8293,0,3.047,10.2212,10.2212,87.8303
4,21,2167.223,0,2.8547,7.056,7.056,44.5454
4,22,2220.1677,0,6.6192,11.1426,11.1426,30.4137
4,23,2685.8754,0,7.3891,16.5585,16.5585,58.5434
4,24,2714.1014,0,11.08,14.972,14.972,62.495
4,25,2753.764,0,3.3095,14.1741,14.1741,49.2248
4,26,3015.1687,0,7.2075,9.4088,9.4088,55.0614
4,27,3212.6976,0,4.8835,15.5555,15.5555,49.5716
4,28,3378.4648,0,3.24,6.0376,6.0376,36.0298
4,29,3381.3183,0,6.1575,8.1371,8.1371,63.405
4,30,3692.2449,0,14.1632,17.6987,17.6987,73.6735
4,31,3960.8279,0,2.8694,12.0855,12.0855,31.7668
4,32,4056.2694,0,6.7482,11.4965,11.4965,56.1342
4,33,4243.3454,0,2.6895,14.0485,14.0485,57.0932
4,34,4260.3425,0,12.8883,19.8372,19.8372,80.0858
4,35,4322.2781,0,6.0136,10.1613,10.1613,33.8383
4,36,4748.1543,0,3.5729,10.0633,10.0633,72.2404
4,37,4801.7732,0,2.8837,9.9844,9.9844,77.3618
4,38,4997.6416,0,7.5404,10.2512,10.2512,53.3163
4,39,5100.9524,0,10.4686,13.2603,13.2603,68.6746
4,40,5174.5125,0,7.0031,9.8226,9.8226,57.7452
4,41,5217.7047,0,7.0918,20.8484,20.8484,78.1402
4,42,5332.2744,0,2.415,5.6766,5.6766,38.5021
4,43,5341.6567,0,5.3723,8.3968,8.3968,39.4717
4,44,5468.3046,0,1.3752,6.0298,6.0298,36.887
4,45,5488.0508,0,6.8219,12.1765,12.1765,61.164
4,46,5537.8149,0,6.7214,12.3901,12.3901,64.8575
4,47,5600.7735,0,4.3354,7.2315,7.2315,40.8035
4,48,5686.4281,0,4.2404,10.0778,10.0778,47.2461
4,49,5720.8952,0,9.5889,12.0707,12.0707,37.878
4,50,5806.2778,0,2.0847,5.6947,5.6947,50.8982
4,51,5855.463,0,7.5759,8.3272,8.3272,44.5028
4,52,5873.178,0,5.1626,9.8065,9.8065,48.3781
4,53,6130.3227,0,2.8857,7.0693,7.0693,24.5555
4,54,6285.6318,0,4.4847,9.3999,9.3999,29.2959
4,55,6511.234,0,8.0699,30.3605,30.3605,59.3741
4,56,6578.6633,0,1.9755,10.3719,10.3719,46.8179
4,57,6638.832,0,6.7313,13.3756,13.3756,49.3237
4,58,6614.8724,0,9.2055,41.6342,41.6342,88.9032
4,59,6704.3914,0,4.0024,11.8893,11.8893,70.9424
4,60,6723.3944,0,2.8212,9.0018,9.0018,54.4049
4,61,6754.8052,0,0.8268,5.144,5.144,76.864
4,62,6741.0577,0,12.9874,60.3078,60.3078,97.3621
4,63,6873.3062,0,3.2759,7.5769,7.5769,20.466
4,64,6885.2306,0,1.972,7.2219,7.2219,85.2247
4,65,7247.1186,0,7.7239,12.6277,12.6277,65.8578
4,66,7320.9842,0,8.4676,14.0703,14.0703,46.1324
4,67,7378.4159,0,14.9411,23.175,23.175,53.4478
4,68,7412.146,0,1.6257,10.4568,10.4568,56.0151
4,69,7464.5447,0,3.2596,6.9694,6.9694,42.6499
4,70,7613.1862,0,4.4611,13.4932,13.4932,82.4855
4,71,7615.8654,0,7.8317,12.3224,12.3224,92.8276
4,72,7684.0417,0,7.1884,10.1187,10.1187,77.5523
4,73,7809.6952,0,11.741,15.4237,15.4237,51.5713
4,74,7889.6564,0,5.4182,18.7636,18.7636,75.2087
4,75,7920.7713,0,5.8518,12.7878,12.7878,50.0863
4,76,7936.0782,0,10.4106,16.1285,16.1285,50.9687
4,77,7964.7535,0,16.1787,17.5748,17.5748,84.4799
4,78,8091.4002,0,5.3728,9.8546,9.8546,33.5754
4,79,8190.595,0,5.2107,10.2206,10.2206,45.3897
4,80,8248.0038,0,2.4108,12.0884,12.0884,42.0934
4,81,8269.3475,0,3.3554,10.425,10.425,34.0723
4,82,8434.0081,0,14.9391,30.0568,30.0568,74.4879
4,83,8855.4229,0,3.8986,6.452,6.452,49.5602
4,84,8992.7898,0,10.1905,14.6826,14.6826,53.893
4,85,9093.0485,0,0.9204,11.0589,11.0589,36.9581
4,86,9176.4051,0,3.6853,8.4324,8.4324,44.9941
4,87,9191.9367,0,11.6344,16.3563,16.3563,58.5271
4,88,9237.3271,0,3.6808,5.6095,5.6095,45.6804
4,89,9261.219,0,9.9137,14.0702,14.0702,60.4722
4,90,9359.571,0,11.6231,18.8854,18.8854,66.576
4,91,9431.3621,0,16.2161,18.6146,18.6146,56.3963
4,92,9437.7913,0,8.6635,21.75,21.75,84.5581
4,93,9460.8995,0,13.7549,26.8074,26.8074,65.5247
4,94,9510.0746,0,8.8943,13.0467,13.0467,48.0001
4,95,9552.1299,0,3.6312,6.7212,6.7212,65.2579
4,96,9682.934,0,5.4559,11.5715,11.5715,42.7964
4,97,9704.3492,0,1.2353,3.494,3.494,67.7148
4,98,9905.3305,0,8.182,11.5561,11.5561,48.9398
4,99,9972.0685,0,9.4443,22.1175,22.1175,64.1346
4,100,10052.3329,0,5.0239,8.5936,8.5936,56.1355
4,101,10164.1213,0,1.2738,9.7537,9.7537,24.8817
4,102,10400.8571,0,7.6291,9.533,9.533,38.5404
4,103,10427.9888,0,10.3396,19.7754,19.7754,72.561
4,104,10515.2231,0,4.0061,8.1989,8.1989,55.1
4,105,10542.9724,0,10.137,15.5302,15.5302,62.2935
4,106,10623.1696,0,15.6095,23.7478,23.7478,68.5175
4,107,10712.7692,0,10.9996,15.0484,15.0484,61.4904
4,108,10824.1991,0,1.8214,6.1863,6.1863,54.2981
4,109,10840.7767,0,10.8867,18.2499,18.2499,67.4322
4,110,10887.7408,0,6.0454,12.3901,12.3901,53.7607
4,111,10947.2282,0,12.3796,14.1531,14.1531,76.1647
4,112,11018.8116,0,14.2037,19.5341,19.5341,85.2692
4,113,11060.8832,0,2.6184,4.9679,4.9679,49.7184
4,114,11127.825,0,2.3071,7.6523,7.6523,38.4404
4,115,11339.3536,0,4.177,7.7025,7.7025,49.914
4,116,11374.7173,0,5.0503,8.4045,8.4045,54.2232
4,117,11360.6965,0,2.6681,62.6681,62.6681,94.2793
4,118,11460.9912,0,1.9428,6.2963,6.2963,64.69
4,119,11462.897,0,6.5695,15.6308,15.6308,65.6599
4,120,11489.3962,0,14.021,23.0913,23.0913,98.3434
4,121,11557.4315,0,7.0797,10.0921,10.0921,43.4575
4,122,11670.8813,0,11.9336,30.989,30.989,83.3461
4,123,11812.0195,0,4.4149,7.9555,7.9555,37.6991
4,124,11817.9794,0,7.6934,18.6078,18.6078,62.5911
4,125,11950.8021,0,5.4847,11.5819,11.5819,62.3219
4,126,12031.1147,0,7.3924,17.0984,17.0984,65.6875
4,127,12191.6957,0,4.2665,8.4889,8.4889,58.4415
4,128,12230.8263,0,8.8989,14.5215,14.5215,44.8034
4,129,12256.1316,0,4.0748,8.2783,8.2783,80.4227
4,130,12255.0425,0,9.2174,44.8573,44.8573,91.5166
4,131,12321.713,0,13.8673,20.411,20.411,71.1931
4,132,12409.6323,0,10.8867,18.0687,18.0687,60.3303
4,133,12472.7064,0,3.3279,8.0172,8.0172,61.2387
4,134,12490.5376,0,9.4498,32.9801,32.9801,68.1466
4,135,12755.4617,0,3.2431,7.8302,7.8302,39.3133
4,136,12756.7044,0,0.6433,20.3178,20.3178,71.0601
4,137,12764.5208,0,9.7016,13.7053,13.7053,93.9555
4,138,13090.1476,0,2.1044,11.6014,11.6014,51.0734
4,139,13420.9116,0,1.9173,8.1517,8.1517,51.9051
4,140,13454.3424,0,1.7068,4.2054,4.2054,46.7517
4,141,13555.4774,0,4.4118,5.3641,5.3641,19.6173
4,142,13575.219,0,6.2067,12.9037,12.9037,44.9571
4,143,13650.0696,0,3.6853,6.7552,6.7552,28.6329
4,144,13648.1769,0,6.8818,14.6602,14.6602,50.3513
4,145,13721.22,0,5.7872,9.7704,9.7704,54.6924
4,146,13717.5561,0,13.7018,19.7463,19.7463,57.5954
4,147,13816.0176,0,12.7443,20.0226,20.0226,56.163
4,148,13857.298,0,6.0945,13.2119,13.2119,49.8003
4,149,13895.766,0,11.2984,14.715,14.715,58.5998
4,150,14008.5874,0,8.9988,13.4427,13.4427,65.7684
4,151,14013.1841,0,15.9307,21.059,21.059,68.1168
4,152,14082.4125,0,6.7485,8.2847,8.2847,42.4666
4,153,14071.5999,0,11.5465,20.6016,20.6016,138.7753
4,154,14206.9989,0,2.6352,5.9703,5.9703,39.8871
4,155,14249.3248,0,5.5521,8.4272,8.4272,44.4786
4,156,14314.9674,0,1.768,4.3405,4.3405,41.2541
4,157,14330.4221,0,2.845,7.3368,7.3368,37.2178
4,158,14477.9127,0,9.3968,15.2858,15.2858,62.5484
4,159,14605.3196,0,1.7485,5.5668,5.5668,63.7614
4,160,14759.3142,0,2.6514,6.3038,6.3038,31.9755
4,161,14786.8581,0,2.7524,6.4188,6.4188,48.8907
4,162,14821.4645,0,0.7946,7.7401,7.7401,31.6774
4,163,14850.2537,0,11.718,19.952,19.952,32.0342
4,164,14881.1641,0,2.7443,6.2018,6.2018,74.7705
4,165,14891.8362,0,5.9187,10.4267,10.4267,60.2106
4,166,14929.5427,0,15.5114,17.1065,17.1065,95.7357
4,167,14938.6267,0,21.8017,27.5559,27.5559,101.1634
4,168,15003.076,0,5.1504,9.4571,9.4571,40.2881
4,169,15075.4052,0,9.2891,15.3122,15.3122,105.1454
4,170,15279.9813,0,12.8138,13.5464,13.5464,46.2132
4,171,15436.6113,0,2.7631,9.0105,9.0105,57.5523
4,172,15438.647,0,8.9082,16.141,16.141,74.0726
4,173,15446.7498,0,4.3517,11.2489,11.2489,94.7295
4,174,15557.5151,0,3.9428,7.0422,7.0422,58.8297
4,175,15644.8915,0,3.8216,9.0481,9.0481,70.7878
4,176,15842.8763,0,3.7061,7.9534,7.9534,41.6645
4,177,15838.7184,0,13.166,17.5525,17.5525,91.9535
4,178,15965.6704,0,8.7428,18.5749,18.5749,59.6328
4,179,16272.1329,0,3.2543,11.8432,11.8432,70.1416
4,180,16337.7157,0,4.4309,9.8982,9.8982,32.6954
4,181,16377.8475,0,10.162,17.7338,17.7338,57.4971
4,182,16409.7979,0,1.9999,4.3059,4.3059,43.4079
4,183,16435.7785,0,0.9343,5.0801,5.0801,60.5647
4,184,16441.8877,0,16.2146,21.8883,21.8883,59.8344
4,185,16484.6299,0,10.9797,13.8409,13.8409,53.6843
4,186,16519.4906,0,9.434,10.8334,10.8334,83.2219
4,187,16556.9106,0,11.5592,16.6975,16.6975,74.1981
4,188,16572.5811,0,15.2758,20.3563,20.3563,91.6558
4,189,16644.6337,0,7.8052,12.0679,12.0679,46.7597
4,190,16677.9129,0,7.1145,13.5989,13.5989,39.9785
4,191,16746.3085,0,2.7567,5.7584,5.7584,42.0874
4,192,16749.0186,0,4.9651,7.8749,7.8749,48.8362
4,193,16778.5509,0,19.1751,24.3532,24.3532,76.2682
4,194,16905.202,0,16.4117,21.1186,21.1186,55.9841
4,195,16921.8701,0,5.4542,12.183,12.183,44.284
4,196,16941.4878,0,10.1087,15.6495,15.6495,89.1134
4,197,17021.6827,0,2.5988,6.4322,6.4322,53.4011
4,198,17362.2194,0,13.3421,25.0093,25.0093,71.8975
4,199,17474.9321,0,2.4714,3.3078,3.3078,53.3204
4,200,17515.5653,0,1.4705,9.6739,9.6739,49.1719
4,201,17676.2833,0,11.357,17.1641,17.1641,44.9961
4,202,17721.6405,0,10.6698,15.078,15.078,41.8287
4,203,17745.0906,0,8.4634,12.6309,12.6309,65.2887
4,204,17833.2742,0,7.7257,12.0874,12.0874,35.9369
4,205,17835.5855,0,8.829,16.9019,16.9019,45.7212
4,206,17915.2137,0,8.2572,9.8597,9.8597,33.774
4,207,17947.8702,0,4.8864,8.3995,8.3995,38.1777
4,208,18029.8583,0,6.2419,8.7576,8.7576,48.0134
4,209,18022.8626,0,12.3796,18.3167,18.3167,72.3958
4,210,18130.3879,0,5.5951,10.2382,10.2382,60.7186
4,211,18411.6372,0,6.5952,17.8538,17.8538,54.1013
4,212,18429.6518,0,7.6239,11.7762,11.7762,55.8003
4,213,18480.8489,0,3.7698,11.0003,11.0003,67.4811
4,214,18500.1147,0,3.8405,6.4014,6.4014,64.7943
4,215,18607.9064,0,7.9545,9.1303,9.1303,33.6754
4,216,18645.0974,0,7.8343,15.4713,15.4713,50.9411
4,217,18729.6507,0,6.9236,12.6023,12.6023,42.6281
4,218,18734.8309,0,2.2254,8.177,8.177,32.0155
4,219,18745.7407,0,2.5477,5.5041,5.5041,46.3895
4,220,19025.6347,0,1.9805,7.2973,7.2973,54.3493
4,221,19305.6595,0,9.6216,22.4308,22.4308,46.2657
4,222,19397.8073,0,1.2822,6.769,6.769,40.3279
4,223,19405.2825,0,12.6024,14.2637,14.2637,74.5366
4,224,19449.2715,0,3.7608,6.929,6.929,36.7595
4,225,19485.172,0,5.5556,8.4866,8.4866,34.8901
4,226,19585.6175,0,7.6904,12.8051,12.8051,57.6384
4,227,19832.9126,0,5.4004,11.8019,11.8019,31.9373
4,228,19968.2792,0,0.8581,4.2443,4.2443,45.5035
4,229,19966.5759,0,6.078,13.8012,13.8012,52.8727
4,230,20034.7425,0,15.297,31.621,31.621,53.7167
4,231,20079.4259,0,2.9258,25.2024,25.2024,347.5058
4,232,20165.7088,0,5.3934,22.6269,22.6269,294.7754
4,233,20303.7054,0,7.7462,11.2814,11.2814,159.3755
4,234,20383.1345,0,8.0455,11.6248,11.6248,93.8663
4,235,20410.6476,0,8.5934,15.1536,15.1536,88.0306
4,236,20621.0136,0,4.7474,6.8645,6.8645,47.8671
4,237,20774.8095,0,3.5415,10.3606,10.3606,52.042
4,238,20779.5571,0,0.9399,8.9514,8.9514,63.6716
4,239,20858.1953,0,2.4099,3.9775,3.9775,51.4254
4,240,20895.5622,0,2.121,5.8987,5.8987,70.8196
4,241,20925.6455,0,4.385,18.7239,18.7239,67.9882
4,242,20968.2271,0,12.6802,14.3576,14.3576,81.6662
4,243,21032.6243,0,7.02,20.9636,20.9636,45.4701
4,244,21197.5484,0,3.9896,14.223,14.223,58.6332
4,245,21233.1355,0,2.7898,8.0503,8.0503,33.9158
4,246,21422.1596,0,6.5695,10.8155,10.8155,57.5466
4,247,21533.6391,0,0.4761,6.543,6.543,36.0853
4,248,21642.4077,0,1.598,6.0727,6.0727,37.4755
4,249,21664.0006,0,3.6023,10.2062,10.2062,48.2934
4,250,21775.9687,0,10.4155,18.2666,18.2666,59.5622
4,251,21939.1172,0,1.7758,6.3335,6.3335,45.6985
4,252,22005.3909,0,11.5301,26.006,26.006,80.8756
4,253,22120.8968,0,6.5327,11.5345,11.5345,37.4392
4,254,22129.8766,0,16.0997,22.0126,22.0126,89.8621
4,255,22296.036,0,5.1342,16.2799,16.2799,60.0262
4,256,22320.0599,0,9.1378,13.558,13.558,50.6844
4,257,22316.4655,0,11.5453,22.8927,22.8927,77.1348
4,258,22333.1807,0,12.0645,14.4838,14.4838,66.879
4,259,22370.4545,0,6.0945,10.509,10.509,47.7779
4,260,22466.2757,0,5.399,10.3799,10.3799,30.3936
4,261,22633.5276,0,5.4428,8.3038,8.3038,49.0231
4,262,22641.7506,0,9.9243,13.357,13.357,125.4672
4,263,22646.6117,0,7.037,16.4569,16.4569,143.732
4,264,22659.7818,0,9.9098,17.232,17.232,133.8981
4,265,22810.3814,0,6.0625,11.4483,11.4483,46.2601
4,266,22861.1084,0,3.5948,8.6559,8.6559,48.6262
4,267,22945.7617,0,13.2851,14.1541,14.1541,63.8102
4,268,22979.3146,0,14.021,18.5834,18.5834,56.4508
4,269,23125.1951,0,7.8696,11.6298,11.6298,57.0997
4,270,23277.9003,0,1.5371,4.9501,4.9501,36.477
4,271,23572.731,0,1.5832,6.9933,6.9933,42.61
4,272,23573.6259,0,13.9407,18.1372,18.1372,94.788
4,273,23625.0114,0,1.8171,5.5878,5.5878,55.288
4,274,23798.3153,0,13.601,24.9783,24.9783,124.821
4,275,24001.906,0,7.7883,8.9952,8.9952,44.3383
4,276,24079.013,0,4.8228,6.9307,6.9307,32.7027
4,277,24131.8716,0,7.785,12.3088,12.3088,37.6887
4,278,24177.4277,0,9.7064,14.9979,14.9979,40.118
4,279,24212.6524,0,6.1929,10.97,10.97,43.4145
4,280,25101.59,0,2.4099,5.4967,5.4967,55.1248
4,281,25181.2028,0,5.4839,13.8003,13.8003,52.6764
4,282,25204.5258,0,7.066,9.7084,9.7084,78.6318
4,283,25305.0768,0,10.0536,13.6934,13.6934,53.9046
4,284,25374.2132,0,7.1784,9.1263,9.1263,42.9086
4,285,25487.2595,0,3.8227,11.8671,11.8671,43.2685
4,286,25572.7806,0,5.396,8.0575,8.0575,63.4363
4,287,25565.1033,0,5.38,17.7296,17.7296,82.8388
4,288,25616.9462,0,8.4716,21.2236,21.2236,63.3698
4,289,25656.0743,0,8.4378,13.6171,13.6171,48.8849
4,290,26004.3442,0,5.8949,18.9983,18.9983,55.1293
4,291,26116.5833,0,6.3926,14.8261,14.8261,78.7865
4,292,26161.8837,0,8.2351,13.5594,13.5594,58.3636
4,293,26406.3133,0,8.3274,12.5505,12.5505,35.8804
4,294,26412.5674,0,7.9996,20.5621,20.5621,44.4359
4,295,26427.5045,0,5.426,16.8016,16.8016,52.5354
4,296,26522.768,0,3.3473,7.9552,7.9552,45.0453
4,297,26618.2651,0,5.6868,9.0608,9.0608,55.7003
4,298,26669.8543,0,3.9701,23.6227,23.6227,52.8036
4,299,26760.2116,0,6.8217,13.1689,13.1689,35.621
4,300,26786.4202,0,3.8167,7.338,7.338,45.2606
4,301,26875.5995,0,5.2987,14.5441,14.5441,44.8828
4,302,26952.4135,0,4.7367,15.0272,15.0272,49.6978
4,303,27005.8321,0,2.9475,7.8743,7.8743,74.8206
4,304,27043.2224,0,3.2409,9.8564,9.8564,68.7823
4,305,27141.6953,0,4.1393,11.9536,11.9536,68.3467
4,306,27365.5659,0,1.7028,20.2538,20.2538,63.2143
4,307,27388.8744,0,3.1746,28.4099,28.4099,92.2144
4,308,27415.4458,0,8.3593,18.9482,18.9482,94.3504
4,309,27608.7886,0,5.1962,15.7258,15.7258,68.9583
4,310,27976.5744,0,9.0438,11.403,11.403,52.5079
4,311,28058.6633,0,6.0313,11.9492,11.9492,77.2503
4,312,28057.5147,0,5.9346,47.7348,47.7348,88.5597
4,313,28167.1447,0,7.2571,15.8878,15.8878,51.7947
4,314,28209.2267,0,9.6122,25.4194,25.4194,67.0706
4,315,28248.4309,0,0.8743,7.3011,7.3011,34.1493
4,316,28295.7547,0,5.8518,7.3045,7.3045,49.2403
4,317,28296.1439,0,9.1381,14.446,14.446,55.8653
4,318,28463.3319,0,5.0391,9.5304,9.5304,30.5588
4,319,28475.6465,0,1.084,7.1394,7.1394,46.3228
4,320,28472.6996,0,10.1846,11.6799,11.6799,65.6062
4,321,28688.9406,0,4.4481,14.3555,14.3555,73.3328
4,322,28797.2746,0,3.6082,6.7447,6.7447,25.2951
4,323,28880.3615,0,3.0029,8.8587,8.8587,61.6767
4,324,28940.873,0,2.079,8.1559,8.1559,39.0073
4,325,29082.6126,0,3.1733,5.7308,5.7308,51.1844
4,326,29422.9973,0,4.7091,10.4588,10.4588,41.9434
4,327,29449.8112,0,3.6793,15.7548,15.7548,99.8856
4,328,29495.281,0,8.2961,11.456,11.456,62.916
4,329,29538.701,0,8.9826,13.4769,13.4769,55.0887
4,330,29550.9524,0,11.9704,20.835,20.835,88.4088
4,331,29568.9836,0,9.2297,25.0862,25.0862,65.5332
4,332,29596.2158,0,5.1479,10.5545,10.5545,49.7243
4,333,29602.2002,0,14.5324,18.696,18.696,56.9166
4,334,29628.3366,0,7.4721,32.4081,32.4081,78.6792
4,335,29779.729,0,6.7201,11.0756,11.0756,65.0556
4,336,29809.8341,0,2.6442,20.5616,20.5616,62.8468
4,337,29830.1171,0,6.0978,11.892,11.892,41.8518
4,338,29845.7343,0,8.7451,12.3399,12.3399,64.968
4,339,29851.4618,0,5.5756,10.4364,10.4364,71.1109
4,340,29927.9168,0,3.4467,12.542,12.542,86.5141
4,341,30052.0897,0,5.6119,7.7629,7.7629,37.9066
4,342,30092.7657,0,4.2105,8.0435,8.0435,52.9862
4,343,30101.6304,0,10.1853,18.6438,18.6438,78.2644
4,344,30196.0545,0,4.3777,7.0683,7.0683,51.0947
4,345,30783.886,0,6.1049,7.6051,7.6051,43.4496
4,346,30897.2499,0,4.533,57.6592,57.6592,85.8144
4,347,31000.9001,0,4.5631,29.6283,29.6283,49.455
4,348,31030.7612,0,3.4643,6.6782,6.6782,80.6707
4,349,31023.2836,0,10.2594,15.5839,15.5839,68.0437
4,350,31054.9462,0,13.3506,18.7411,18.7411,41.7373
4,351,31081.5274,0,4.7948,13.2689,13.2689,77.0731
4,352,31085.4432,0,18.1196,20.4697,20.4697,65.0883
4,353,31221.91,0,5.4612,12.363,12.363,52.0555
4,354,31300.2326,0,10.862,27.1361,27.1361,74.3572
4,355,31368.6434,0,4.9713,8.7315,8.7315,73.9763
4,356,31503.9957,0,5.8772,22.5549,22.5549,77.925
4,357,31581.1307,0,7.8191,12.6797,12.6797,40.7455
4,358,31680.8154,0,3.8362,7.6038,7.6038,35.771
4,359,31779.6029,0,9.8163,22.0355,22.0355,60.2402
4,360,31881.8682,0,0.1705,3.0907,3.0907,36.5321
4,361,31933.8724,0,5.2734,9.9064,9.9064,37.8401
4,362,31981.9398,0,17.7643,19.1923,19.1923,73.0613
4,363,32353.37,0,3.2059,12.8112,12.8112,52.5054
4,364,32361.3028,0,9.4108,22.1827,22.1827,50.6742
4,365,32434.0421,0,6.9019,14.3942,14.3942,68.1375
4,366,32474.3139,0,9.9443,19.7818,19.7818,45.6722
4,367,32532.8073,0,3.6054,5.3672,5.3672,50.2018
4,368,32646.9919,0,4.6332,12.8869,12.8869,41.3589
4,369,32809.0006,0,4.6537,7.8529,7.8529,42.4225
4,370,32802.271,0,9.7776,16.485,16.485,51.1651
4,371,32937.8551,0,7.0882,31.3195,31.3195,87.9042
4,372,33026.9458,0,3.7698,5.0185,5.0185,24.386
4,373,33186.5626,0,8.7197,10.2816,10.2816,74.9987
4,374,33336.8891,0,5.6277,9.3013,9.3013,42.96
4,375,33350.2041,0,8.9598,11.6978,11.6978,36.0659
4,376,33453.7722,0,4.2815,20.4544,20.4544,46.755
4,377,33487.9029,0,4.053,9.2517,9.2517,42.7243
4,378,33520.8022,0,5.0332,10.1789,10.1789,27.4854
4,379,33583.7344,0,9.149,12.7909,12.7909,62.2599
4,380,33713.9781,0,15.315,17.5315,17.5315,43.4745
4,381,33728.7099,0,7.0918,17.8478,17.8478,64.5127
4,382,33807.8591,0,4.3938,6.2794,6.2794,44.2668
4,383,33820.9602,0,7.502,8.1684,8.1684,39.9663
4,384,33875.1763,0,4.4062,8.6116,8.6116,62.5112
4,385,33975.9971,0,5.3541,9.0995,9.0995,33.9918
4,386,34014.2267,0,3.7999,13.5042,13.5042,40.2172
4,387,34099.9699,0,8.3018,16.796,16.796,66.4437
4,388,34371.1136,0,9.7531,14.3517,14.3517,41.9204
4,389,34467.2152,0,9.4674,15.15,15.15,81.8236
4,390,35095.7582,0,7.1002,13.2036,13.2036,73.0006
4,391,35257.2611,0,10.047,14.4687,14.4687,45.3405
4,392,35349.4033,0,9.6671,14.1895,14.1895,29.0505
4,393,35358.2758,0,2.7966,6.0838,6.0838,47.0983
4,394,35362.2106,0,9.9137,16.6015,16.6015,55.3627
4,395,35367.5547,0,6.4224,11.4241,11.4241,72.2166
4,396,35911.7457,0,6.2962,9.4481,9.4481,57.2355
4,397,36000.8134,0,4.4494,15.3146,15.3146,47.1377
4,398,36108.5841,0,2.3375,11.1324,11.1324,48.5785
4,399,36141.8244,0,2.5514,22.1188,22.1188,54.1865
4,400,36315.0372,0,6.1783,9.52,9.52,35.5625
4,401,36482.7603,0,18.75,25.3068,25.3068,52.8867
4,402,36507.9725,0,12.8288,15.4128,15.4128,89.2516
4,403,36487.7648,0,5.7948,54.4459,54.4459,108.3124
4,404,36600.5287,0,13.8468,15.5865,15.5865,70.4889
4,405,36754.4827,0,8.6869,15.4688,15.4688,47.77
4,406,36861.7452,0,6.3111,10.8932,10.8932,40.7477
4,407,36865.7666,0,17.8211,23.8779,23.8779,57.7313
4,408,36899.619,0,13.8953,15.5673,15.5673,45.6281
4,409,36950.5419,0,10.6296,12.8942,12.8942,78.6862
4,410,36990.6038,0,4.4176,8.8347,8.8347,77.4435
4,411,37054.4138,0,4.177,7.3487,7.3487,88.1499
4,412,37096.4515,0,6.4805,13.2601,13.2601,97.6923
4,413,37164.6672,0,10.6882,19.7027,19.7027,40.8127
4,414,37181.2286,0,2.8281,4.8208,4.8208,86.6107
4,415,37226.7847,0,8.07,12.9416,12.9416,53.7435
4,416,37250.129,0,10.6887,14.0648,14.0648,45.979
4,417,37256.0843,0,7.7621,16.5839,16.5839,57.4614
4,418,37449.8161,0,5.0425,12.0712,12.0712,51.2676
4,419,37692.0788,0,0.4895,4.3875,4.3875,78.4724
4,420,37849.0289,0,4.0445,6.1229,6.1229,43.1475
4,421,37884.2837,0,4.0311,11.4697,11.4697,60.0651
4,422,37996.2276,0,8.0699,15.4647,15.4647,54.0635
4,423,38042.1183,0,11.9704,17.1032,17.1032,50.338
4,424,38085.1444,0,8.6265,14.1706,14.1706,76.1093
4,425,38255.4472,0,8.6265,10.7603,10.7603,89.8698
4,426,38354.7754,0,5.5761,12.9345,12.9345,71.6192
4,427,38466.0133,0,13.666,17.6742,17.6742,67.1884
4,428,38598.5328,0,3.8992,11.59,11.59,35.0442
4,429,38676.7398,0,4.7281,9.3764,9.3764,29.7181
4,430,38715.2949,0,1.3006,7.2179,7.2179,48.0786
4,431,38722.3935,0,4.6991,14.4994,14.4994,67.5237
4,432,38751.3132,0,9.731,15.618,15.618,48.2043
4,433,38759.761,0,12.9637,27.7426,27.7426,74.8784
4,434,38846.1142,0,3.907,6.5542,6.5542,25.8175
4,435,38934.7569,0,7.0231,10.3284,10.3284,47.8765
4,436,39007.8516,0,1.7519,5.3172,5.3172,106.6832
4,437,39105.7203,0,6.7281,20.1125,20.1125,51.5414
4,438,39422.9385,0,8.9417,16.1954,16.1954,63.8515
4,439,39462.9329,0,9.4151,13.4267,13.4267,47.047
4,440,39514.0798,0,3.0335,7.8573,7.8573,27.0543
4,441,39527.8556,0,3.991,6.1665,6.1665,40.0055
4,442,39606.7802,0,3.4132,4.7298,4.7298,37.0122
4,443,39631.1245,0,3.5895,6.071,6.071,37.822
4,444,39731.4872,0,3.3428,14.1859,14.1859,55.3417
4,445,39917.6588,0,3.2877,5.964,5.964,34.6807
4,446,39931.0494,0,6.2236,33.557,33.557,85.4507
4,447,40022.5549,0,8.5467,18.9932,18.9932,50.1099
4,448,40114.9128,0,2.2003,3.6468,3.6468,70.5473
4,449,40271.806,0,6.6291,12.0121,12.0121,56.9775
4,450,40388.6237,0,8.2494,12.5307,12.5307,38.6348
4,451,40546.6176,0,4.7322,14.2714,14.2714,40.9928
4,452,40911.8585,0,5.3459,12.4035,12.4035,73.1055
4,453,40942.1202,0,1.6575,4.0573,4.0573,46.8052
4,454,40941.5407,0,16.6413,19.7125,19.7125,68.6125
4,455,40937.9195,0,20.8603,23.9998,23.9998,68.1977
4,456,40999.1396,0,5.1257,6.5218,6.5218,143.2834
4,457,41029.26,0,2.1893,6.8567,6.8567,69.9984
4,458,41034.8578,0,11.0477,19.1243,19.1243,83.759
4,459,41047.3599,0,12.2242,18.8147,18.8147,77.2694
4,460,41071.6011,0,6.4517,20.9792,20.9792,58.3762
4,461,41095.9755,0,9.7655,12.9205,12.9205,75.9356
4,462,41230.3585,0,1.1296,5.1943,5.1943,42.1983
4,463,41224.7472,0,7.2884,17.0573,17.0573,85.1944
4,464,41232.0168,0,2.653,10.6193,10.6193,112.6638
4,465,41251.1097,0,3.4129,15.7826,15.7826,98.24
4,466,41300.9553,0,6.2762,8.9336,8.9336,75.3131
4,467,41508.1481,0,4.4236,9.9662,9.9662,44.6489
4,468,41533.6689,0,6.4704,9.3978,9.3978,55.3203
4,469,41536.2848,0,6.1674,8.752,8.752,91.6484
4,470,41567.5671,0,8.6111,9.6085,9.6085,77.9608
4,471,41618.9318,0,6.3258,7.3993,7.3993,46.6386
4,472,41642.5633,0,4.623,11.517,11.517,76.3976
4,473,41835.7429,0,7.8951,15.3588,15.3588,44.6107
4,474,41890.6531,0,10.3038,13.9159,13.9159,62.1296
4,475,41952.0089,0,4.5749,12.8732,12.8732,47.0318
4,476,41952.8878,0,8.8376,14.2155,14.2155,60.9517
4,477,42085.2498,0,2.5303,6.7043,6.7043,72.0446
4,478,42224.3115,0,2.4714,9.1023,9.1023,58.8714
4,479,42323.8472,0,4.374,7.9975,7.9975,33.27
4,480,42357.8056,0,7.6904,16.7373,16.7373,45.389
4,481,42631.8712,0,7.6096,12.0906,12.0906,52.4188
4,482,42768.5726,0,2.4462,10.9743,10.9743,63.5011
4,483,42976.3763,0,4.6657,7.208,7.208,78.0247
4,484,42949.7731,0,1.9179,61.9179,61.9179,115.6505
4,485,43013.7738,0,13.0915,19.174,19.174,74.5198
5,1,0.0,0,7.2244,12.9189,12.9189,47.4874
5,2,43.678,0,13.7542,17.1784,17.1784,65.9873
5,3,211.0189,0,3.0104,18.4309,18.4309,62.0701
5,4,519.8533,0,8.0129,21.728,21.728,45.3226
5,5,597.6616,0,6.3093,8.4949,8.4949,49.9427
5,6,647.9261,0,2.8584,6.9442,6.9442,36.4755
5,7,737.4233,0,0.2015,3.1907,3.1907,41.5839
5,8,756.0323,0,14.0721,15.4455,15.4455,43.7679
5,9,756.9771,0,11.5582,20.2194,20.2194,73.8502
5,10,957.6278,0,9.2456,14.5746,14.5746,46.7461
5,11,989.1439,0,9.6007,21.1935,21.1935,49.888
5,12,1096.4427,0,5.4774,8.0975,8.0975,63.5149
5,13,1150.037,0,3.6302,5.4859,5.4859,49.8738
5,14,1316.5918,0,2.964,6.2588,6.2588,58.8495
5,15,1306.3597,0,7.2292,19.6518,19.6518,62.9699
5,16,1296.4156,0,4.1186,34.258,34.258,90.7885
5,17,1329.4662,0,5.2601,11.543,11.543,87.0704
5,18,1473.8795,0,5.4206,11.2105,11.2105,48.3686
5,19,1694.5705,0,8.6088,11.5279,11.5279,112.5498
5,20,1744.5036,0,9.3178,12.0859,12.0859,67.7061
5,21,2001.6291,0,2.9498,12.3205,12.3205,67.0216
5,22,2088.0566,0,5.265,7.3199,7.3199,53.4587
5,23,2087.0849,0,5.6144,45.8455,45.8455,91.1164
5,24,2176.5393,0,0.9198,4.1404,4.1404,48.4506
5,25,2224.3446,0,6.0102,7.2285,7.2285,56.361
5,26,2355.9972,0,6.496,10.9018,10.9018,43.2011
5,27,2401.0897,0,12.5629,14.0437,14.0437,53.3719
5,28,2522.5906,0,12.9985,17.1033,17.1033,65.0669
5,29,2654.6364,0,9.9337,13.9342,13.9342,36.059
5,30,2660.7177,0,5.5334,8.9259,8.9259,106.2635
5,31,2673.823,0,11.5372,18.5361,18.5361,108.6342
5,32,2757.7903,0,14.8632,25.9788,25.9788,25.2145
5,33,2764.4841,0,9.937,22.1044,22.1044,77.4
5,34,2800.2182,0,6.2746,9.8645,9.8645,80.4837
5,35,2796.4029,0,14.4939,19.5936,19.5936,35.338
5,36,2815.7144,0,5.1359,6.3169,6.3169,56.9132
5,37,2821.122,0,9.0707,19.0913,19.0913,69.9986
5,38,3472.4283,0,2.1318,8.4763,8.4763,27.1636
5,39,3476.3912,0,1.5351,4.7887,4.7887,53.1044
5,40,3592.8343,0,9.5954,14.3811,14.3811,50.2389
5,41,3684.5543,0,9.2989,11.5098,11.5098,69.8316
5,42,3885.6456,0,9.8125,12.7096,12.7096,62.8361
5,43,3907.8341,0,4.0142,7.8882,7.8882,73.4538
5,44,3909.3178,0,11.722,14.4464,14.4464,85.9642
5,45,4008.9231,0,6.3437,7.5302,7.5302,69.4576
5,46,4189.2765,0,6.3851,11.1337,11.1337,57.4192
5,47,4199.8469,0,5.6662,10.1195,10.1195,52.3326
5,48,4240.7621,0,5.2615,21.714,21.714,105.9876
5,49,4355.622,0,4.4596,10.8855,10.8855,37.4601
5,50,4678.0308,0,4.2146,8.4129,8.4129,53.0861
5,51,5012.6262,0,4.0955,9.9094,9.9094,48.1066
5,52,5083.6384,0,8.7917,16.4288,16.4288,49.9144
5,53,5114.4671,0,7.0473,12.0729,12.0729,46.6363
5,54,5136.6289,0,11.5558,23.838,23.838,87.7476
5,55,5190.4445,0,4.8489,9.4677,9.4677,74.3768
5,56,5225.3239,0,7.02,17.4306,17.4306,113.8191
5,57,5314.4284,0,4.0422,10.334,10.334,44.8925
5,58,5329.4079,0,10.4672,21.4557,21.4557,92.0121
5,59,5556.3545,0,8.037,10.2514,10.2514,54.1674
5,60,5588.5622,0,8.6891,10.6755,10.6755,91.9856
5,61,5664.6138,0,16.0836,18.7782,18.7782,65.9394
5,62,5779.7318,0,7.069,26.1753,26.1753,119.1847
5,63,6456.6614,0,12.5812,16.6696,16.6696,46.3574
5,64,6470.5605,0,2.5585,5.6411,5.6411,85.1041
5,65,6520.1806,0,7.4313,12.0891,12.0891,45.1101
5,66,6593.1203,0,6.5692,10.387,10.387,28.7472
5,67,6619.1825,0,9.6841,13.8205,13.8205,55.4856
5,68,6677.4965,0,3.6845,14.2575,14.2575,51.8019
5,69,6716.3534,0,7.785,15.2847,15.2847,58.2382
5,70,6797.2877,0,2.4438,10.8987,10.8987,24.2879
5,71,6803.3616,0,9.2975,13.049,13.049,47.191
5,72,6826.1785,0,2.8212,6.8687,6.8687,93.2419
5,73,6859.6762,0,0.6656,2.2635,2.2635,39.5955
5,74,6917.3801,0,5.7809,9.6672,9.6672,42.2651
5,75,6920.4366,0,10.1278,13.7531,13.7531,45.0221
5,76,6974.2028,0,3.8271,6.1057,6.1057,35.0141
5,77,6973.2447,0,1.2023,9.3678,9.3678,64.2072
5,78,7000.0211,0,9.0674,69.0674,69.0674,98.5237
5,79,7281.3595,0,8.0676,13.1689,13.1689,87.7876
5,80,7418.3287,0,4.8972,37.9286,37.9286,93.8271
5,81,7618.7194,0,1.1724,6.902,6.902,72.0936
5,82,7678.0428,0,1.8543,4.922,4.922,31.0376
5,83,7722.8323,0,7.286,12.8478,12.8478,56.3712
5,84,7749.7009,0,6.5473,10.642,10.642,37.4017
5,85,7810.0395,0,4.5315,9.3384,9.3384,53.7946
5,86,7892.0255,0,8.3639,13.821,13.821,41.1168
5,87,7929.0137,0,10.452,16.6968,16.6968,60.2151
5,88,8063.5193,0,9.2074,11.8699,11.8699,80.1367
5,89,8100.5191,0,6.2739,16.0239,16.0239,59.811
5,90,8140.3301,0,19.4406,26.5199,26.5199,81.3858
5,91,8331.6642,0,6.4704,10.0039,10.0039,28.0626
5,92,8336.6212,0,5.3051,11.9675,11.9675,86.32
5,93,8380.2469,0,18.182,25.7779,25.7779,101.9948
5,94,8481.3018,0,10.76,15.7872,15.7872,73.9002
5,95,8621.4973,0,3.7302,25.228,25.228,54.2857
5,96,8723.5668,0,4.5749,12.6184,12.6184,53.7273
5,97,9150.1993,0,4.5849,7.8089,7.8089,37.32
5,98,9232.1821,0,12.4569,19.321,19.321,48.0978
5,99,9235.4739,0,5.3728,28.334,28.334,67.8296
5,100,9411.9348,0,5.1137,15.2575,15.2575,34.7988
5,101,9587.9332,0,4.199,9.3696,9.3696,57.8908
5,102,9626.325,0,0.4579,14.7543,14.7543,48.5293
5,103,9636.0,0,12.5295,14.4997,14.4997,70.5997
5,104,9657.6684,0,6.7133,27.6515,27.6515,58.6685
5,105,9736.3583,0,11.248,24.6595,24.6595,74.0427
5,106,9933.3808,0,5.7822,10.8844,10.8844,61.0709
5,107,9973.4305,0,0.1841,1.1212,1.1212,33.0243
5,108,9980.7858,0,4.3862,8.0431,8.0431,56.7579
5,109,10058.7651,0,3.3237,7.2502,7.2502,74.861
5,110,10117.5417,0,4.9226,9.4701,9.4701,108.3042
5,111,10121.3337,0,7.8696,17.7918,17.7918,108.1665
5,112,10206.1691,0,2.3888,7.1915,7.1915,29.5289
5,113,10277.05,0,9.8755,16.8715,16.8715,52.8599
5,114,10621.034,0,5.656,14.6248,14.6248,42.3567
5,115,10755.0528,0,2.5828,7.8296,7.8296,75.4169
5,116,10752.8241,0,11.5734,16.6443,16.6443,116.4703
5,117,10840.2443,0,4.4166,6.3427,6.3427,61.5859
5,118,10884.9921,0,7.9996,11.1852,11.1852,55.7189
5,119,11372.9288,0,5.7865,10.7201,10.7201,50.0537
5,120,11413.4129,0,2.5169,5.0738,5.0738,28.0609
5,121,11774.6725,0,5.6587,12.4543,12.4543,35.2073
5,122,11989.5841,0,8.2565,11.7056,11.7056,45.5678
5,123,12141.3572,0,4.6644,18.4509,18.4509,79.6073
5,124,12411.6796,0,9.3081,16.5209,16.5209,46.665
5,125,12432.5779,0,9.9696,15.7756,15.7756,67.0341
5,126,12585.3538,0,5.0525,9.714,9.714,29.2908
5,127,12604.3087,0,5.6797,11.1556,11.1556,52.704
5,128,12703.6217,0,16.0118,17.6091,17.6091,91.9266
5,129,12772.3261,0,12.9657,15.0291,15.0291,33.1748
5,130,12802.0854,0,4.0512,6.1929,6.1929,66.6458
5,131,12856.2273,0,8.5106,13.6618,13.6618,52.9351
5,132,12909.9335,0,10.8597,14.2996,14.2996,63.6099
5,133,13317.4064,0,1.8259,4.8832,4.8832,45.4253
5,134,13390.5078,0,3.5395,5.9676,5.9676,34.5429
5,135,13420.1591,0,1.6081,5.7839,5.7839,49.1471
5,136,13438.8819,0,2.6217,4.3629,4.3629,34.6177
5,137,13458.8261,0,19.3049,46.7437,46.7437,94.4349
5,138,13559.9515,0,7.1884,22.4482,22.4482,93.4308
5,139,13692.9681,0,7.2314,8.0091,8.0091,46.8765
5,140,13877.3326,0,1.5388,6.8346,6.8346,52.6906
5,141,14066.5141,0,5.3738,12.2548,12.2548,71.7848
5,142,14242.9765,0,8.9308,12.5082,12.5082,42.9413
5,143,14277.845,0,7.3723,9.4685,9.4685,59.4591
5,144,14277.7731,0,6.4704,12.9073,12.9073,81.7078
5,145,14336.7166,0,4.6093,7.2697,7.2697,50.4051
5,146,14373.4037,0,5.7035,9.1422,9.1422,50.3115
5,147,14412.5321,0,5.7575,10.2247,10.2247,40.7635
5,148,14454.9437,0,4.0991,16.7538,16.7538,66.8923
5,149,14478.4369,0,11.1131,18.7334,18.7334,65.3427
5,150,14623.5103,0,3.9909,5.3655,5.3655,38.793
5,151,14805.0789,0,2.2365,5.5214,5.5214,48.0385
5,152,14822.0726,0,5.8931,8.2466,8.2466,46.0363
5,153,14920.7194,0,8.7769,12.21,12.21,31.6226
5,154,14922.5562,0,7.6774,14.3581,14.3581,51.6654
5,155,14943.2153,0,4.2654,7.3896,7.3896,53.5407
5,156,15039.1694,0,2.7443,7.5656,7.5656,52.8872
5,157,15068.793,0,5.7431,23.7454,23.7454,56.7856
5,158,15098.7418,0,1.7543,4.8063,4.8063,39.488
5,159,15119.868,0,9.793,26.2824,26.2824,65.3876
5,160,15171.271,0,10.1067,17.995,17.995,67.109
5,161,15203.677,0,18.3489,20.9872,20.9872,122.8851
5,162,15239.5783,0,21.1815,23.6049,23.6049,100.1453
5,163,15276.056,0,6.1049,10.2594,10.2594,72.4094
5,164,15282.2958,0,7.5259,11.2316,11.2316,75.4497
5,165,15295.187,0,4.7847,15.1669,15.1669,77.0964
5,166,15405.4762,0,4.4172,5.064,5.064,90.4199
5,167,15412.3982,0,3.2177,8.1095,8.1095,94.2139
5,168,15427.7807,0,9.8588,12.2116,12.2116,82.3342
5,169,15604.9571,0,4.1311,9.7002,9.7002,53.6556
5,170,15640.107,0,3.2431,7.385,7.385,54.279
5,171,15649.1597,0,11.9821,16.5243,16.5243,66.3261
5,172,15752.9809,0,3.6405,8.5399,8.5399,59.3108
5,173,15808.4103,0,7.8834,13.2579,13.2579,60.5477
5,174,15838.4805,0,11.5588,16.4644,16.4644,47.1194
5,175,15938.3008,0,3.9403,8.9725,8.9725,41.3413
5,176,16279.6265,0,11.6827,19.5324,19.5324,79.5897
5,177,16302.4251,0,7.993,11.4798,11.4798,108.1851
5,178,16346.1156,0,7.7519,15.8495,15.8495,48.7401
5,179,16367.7118,0,4.0005,31.8404,31.8404,48.0372
5,180,16413.0092,0,7.5816,9.9232,9.9232,47.9376
5,181,16424.2862,0,12.9145,19.0574,19.0574,42.402
5,182,16433.5767,0,10.677,15.7405,15.7405,51.295
5,183,16439.6785,0,6.9021,19.4465,19.4465,85.2984
5,184,16544.8272,0,10.1962,13.7645,13.7645,99.9298
5,185,16577.5485,0,5.8518,14.548,14.548,83.5041
5,186,16584.7683,0,10.6134,14.0872,14.0872,95.4144
5,187,16669.9702,0,2.8623,9.4498,9.4498,35.2741
5,188,16728.2895,0,6.5756,15.6196,15.6196,46.9484
5,189,16780.7694,0,4.9266,7.6598,7.6598,26.9661
5,190,16786.8308,0,1.7956,5.5122,5.5122,36.1638
5,191,16765.7954,0,7.0993,49.9224,49.9224,106.7361
5,192,16919.9139,0,13.666,18.0602,18.0602,57.5589
5,193,17117.7326,0,5.4559,14.8276,14.8276,34.6049
5,194,17387.0297,0,6.2642,10.1891,10.1891,95.1718
5,195,17530.6673,0,1.1967,7.8144,7.8144,48.9701
5,196,17686.8099,0,2.9979,5.8712,5.8712,47.7982
5,197,17826.9725,0,6.5798,11.5171,11.5171,43.0492
5,198,17828.4147,0,11.4871,15.1835,15.1835,68.3488
5,199,17904.5523,0,6.9021,28.0508,28.0508,65.2455
5,200,17945.0692,0,11.9704,18.5414,18.5414,92.041
5,201,18104.2571,0,9.4339,13.9544,13.9544,107.9935
5,202,18154.0705,0,4.7897,7.1423,7.1423,67.9182
5,203,18156.9283,0,10.9951,13.156,13.156,73.2573
5,204,18255.686,0,3.3439,8.7157,8.7157,38.6647
5,205,18253.4947,0,11.614,16.7331,16.7331,74.7492
5,206,18268.251,0,11.3098,15.8678,15.8678,79.857
5,207,18341.0354,0,7.2199,10.163,10.163,39.6465
5,208,18354.6101,0,0.8581,4.2583,4.2583,47.1557
5,209,18420.8246,0,9.8125,12.6623,12.6623,82.5455
5,210,18518.4894,0,5.5334,9.9103,9.9103,70.9904
5,211,18573.659,0,10.669,18.3908,18.3908,28.8275
5,212,18585.81,0,2.6931,17.7783,17.7783,63.2653
5,213,18662.2092,0,2.5478,6.4439,6.4439,52.5978
5,214,18897.7334,0,8.4611,13.3213,13.3213,67.7303
5,215,18936.8285,0,4.2806,7.9177,7.9177,50.8734
5,216,19052.5424,0,8.3593,28.7583,28.7583,116.9119
5,217,19233.4346,0,4.8864,11.8386,11.8386,43.7819
5,218,19311.3795,0,15.2581,18.0311,18.0311,92.6549
5,219,19336.5593,0,9.0408,23.0042,23.0042,94.193
5,220,19385.2371,0,7.066,24.0274,24.0274,52.6577
5,221,19427.084,0,9.9011,15.59,15.59,53.7799
5,222,19830.596,0,4.6079,10.6911,10.6911,52.8764
5,223,19955.7559,0,1.1177,2.7673,2.7673,65.5191
5,224,19993.2258,0,5.6428,12.6965,12.6965,44.7596
5,225,20022.3647,0,2.0255,15.053,15.053,78.948
5,226,20089.0992,0,2.1708,8.7553,8.7553,39.5885
5,227,20093.5503,0,11.3431,15.3635,15.3635,63.7678
5,228,20269.259,0,9.9851,18.1947,18.1947,51.6063
5,229,20339.4554,0,2.965,6.5189,6.5189,43.7375
5,230,20341.0655,0,7.8426,14.0453,14.0453,84.5357
5,231,20399.8191,0,2.8211,5.7998,5.7998,38.3476
5,232,20646.4873,0,12.8138,28.9473,28.9473,84.5036
5,233,20782.5222,0,1.9107,15.5096,15.5096,40.5384
5,234,20790.1278,0,6.8469,9.1868,9.1868,63.3687
5,235,20835.9008,0,4.374,9.0441,9.0441,75.3739
5,236,20963.7509,0,1.2241,10.0995,10.0995,22.9143
5,237,20970.1255,0,10.5654,13.4461,13.4461,45.2756
5,238,21006.4451,0,9.5067,15.2961,15.2961,51.8996
5,239,21055.7172,0,12.4928,22.0309,22.0309,74.0341
5,240,21070.7818,0,7.519,14.1506,14.1506,66.4631
5,241,21080.9412,0,7.3628,9.9883,9.9883,64.7456
5,242,21117.1219,0,6.4421,16.1101,16.1101,99.4649
5,243,21147.5814,0,7.6281,13.0096,13.0096,72.3125
5,244,21144.3704,0,5.6224,19.0525,19.0525,84.2588
5,245,21156.2152,0,5.4576,16.1402,16.1402,86.0123
5,246,21189.5149,0,16.2271,20.5688,20.5688,73.4609
5,247,21226.453,0,10.9785,18.219,18.219,71.4134
5,248,21282.5234,0,4.488,13.3684,13.3684,42.9157
5,249,21293.6839,0,0.6656,7.4671,7.4671,81.0228
5,250,21316.0711,0,4.4172,11.3393,11.3393,58.8134
5,251,21319.6313,0,9.4085,15.2815,15.2815,62.2172
5,252,21567.9343,0,3.1947,8.0552,8.0552,39.4834
5,253,21638.5454,0,2.5727,5.0659,5.0659,30.3366
5,254,21801.2934,0,1.2538,14.757,14.757,46.8095
5,255,21919.9071,0,13.1183,14.2262,14.2262,64.2844
5,256,21927.2582,0,9.5615,12.789,12.789,68.0851
5,257,22141.2383,0,7.5001,10.6847,10.6847,41.3461
5,258,22205.354,0,4.3527,11.0488,11.0488,56.4634
5,259,22266.4552,0,3.3651,9.1276,9.1276,40.2741
5,260,22363.9143,0,5.496,8.9979,8.9979,61.6462
5,261,22445.7569,0,1.3426,3.9316,3.9316,34.9872
5,262,22458.562,0,1.5388,17.3161,17.3161,59.2456
5,263,22484.7186,0,2.7564,5.3063,5.3063,58.3857
5,264,22556.8537,0,6.249,14.3115,14.3115,98.1868
5,265,22636.1451,0,2.9131,6.0325,6.0325,48.9661
5,266,22651.7954,0,7.6519,13.5192,13.5192,48.4644
5,267,22677.6911,0,3.1652,12.2068,12.2068,60.5654
5,268,23041.0738,0,4.2896,9.3217,9.3217,34.4438
5,269,23036.2768,0,8.6612,15.2765,15.2765,39.6149
5,270,23279.9911,0,4.6192,10.5192,10.5192,46.566
5,271,23500.883,0,3.0631,15.3148,15.3148,55.3417
5,272,23536.5616,0,3.991,9.664,9.664,32.5357
5,273,23601.6577,0,12.4965,15.4818,15.4818,42.5328
5,274,23614.2952,0,6.6324,10.0988,10.0988,73.5919
5,275,23639.8504,0,9.2786,17.0027,17.0027,57.1778
5,276,23739.7886,0,4.986,17.3356,17.3356,40.785
5,277,23832.5212,0,3.4555,14.8579,14.8579,51.0394
5,278,23932.2358,0,14.0483,18.8317,18.8317,79.4356
5,279,23972.8052,0,10.0238,22.1417,22.1417,96.9008
5,280,24106.4229,0,6.0462,9.913,9.913,40.2808
5,281,24132.1114,0,3.6934,12.1225,12.1225,54.346
5,282,24170.6499,0,8.7026,12.3869,12.3869,33.633
5,283,24219.0237,0,4.5759,9.4704,9.4704,66.1771
5,284,24240.9227,0,2.2359,8.0678,8.0678,54.222
5,285,24284.8429,0,2.8212,7.4967,7.4967,30.0813
5,286,24276.1878,0,14.2954,17.9554,17.9554,57.9441
5,287,24286.0075,0,11.2902,27.5544,27.5544,82.0391
5,288,24363.4045,0,6.8189,11.634,11.634,34.2119
5,289,24935.9618,0,7.5023,11.9873,11.9873,52.0266
5,290,25026.2719,0,2.0284,7.2555,7.2555,37.1331
5,291,25183.3574,0,5.0217,7.6002,7.6002,53.9267
5,292,25167.6569,0,18.1031,24.3849,24.3849,74.5358
5,293,25205.2567,0,13.1945,18.2609,18.2609,66.8254
5,294,25348.6646,0,5.7431,13.319,13.319,42.084
5,295,25377.8358,0,6.9936,10.1701,10.1701,54.8804
5,296,25380.8637,0,4.8894,17.9876,17.9876,67.067
5,297,25415.8623,0,9.567,13.5177,13.5177,148.7857
5,298,25429.2764,0,6.0174,10.8878,10.8878,98.8289
5,299,25613.5586,0,4.1727,7.987,7.987,47.5802
5,300,25705.2224,0,16.0556,20.1053,20.1053,67.7573
5,301,25844.4246,0,9.6227,13.1894,13.1894,56.8135
5,302,25908.2649,0,3.2759,8.0499,8.0499,30.5372
5,303,25933.4497,0,9.5316,13.3081,13.3081,56.1171
5,304,26110.8913,0,4.8226,9.9104,9.9104,46.9561
5,305,26137.611,0,8.2862,16.2553,16.2553,45.0687
5,306,26238.6296,0,0.6354,3.9196,3.9196,67.62
5,307,26363.6702,0,1.5388,8.2724,8.2724,39.5787
5,308,26461.4296,0,2.7396,16.0558,16.0558,36.2905
5,309,26491.6494,0,3.1606,7.6235,7.6235,72.9459
5,310,26535.6288,0,11.6344,17.6952,17.6952,51.3987
5,311,26597.7001,0,7.5816,12.0936,12.0936,53.3048
5,312,26663.3134,0,4.5252,5.3516,5.3516,28.5218
5,313,26665.698,0,9.2989,10.7841,10.7841,70.6554
5,314,26705.885,0,8.4345,11.4746,11.4746,57.7412
5,315,26832.7432,0,8.5791,11.8429,11.8429,51.7698
5,316,26857.7823,0,14.15,19.9084,19.9084,58.5684
5,317,26910.44,0,5.3381,12.2192,12.2192,68.4396
5,318,26953.6362,0,9.0352,16.4321,16.4321,61.9933
5,319,27028.0544,0,2.9132,13.4972,13.4972,62.5619
5,320,27086.1488,0,10.6016,14.8713,14.8713,57.8637
5,321,27217.3446,0,2.577,15.5049,15.5049,49.0928
5,322,27232.302,0,8.1572,15.3551,15.3551,67.1473
5,323,27333.5771,0,6.0453,10.1261,10.1261,32.5447
5,324,27577.7565,0,4.4657,6.9912,6.9912,46.723
5,325,27856.0695,0,3.7031,5.4845,5.4845,48.5164
5,326,27918.2458,0,3.2951,4.7468,4.7468,45.0739
5,327,27965.5509,0,6.3597,11.5157,11.5157,89.8165
5,328,28130.5705,0,3.2607,9.6442,9.6442,55.2894
5,329,28271.1547,0,12.0569,18.1209,18.1209,76.1433
5,330,28380.8002,0,12.9223,17.9689,17.9689,82.1501
5,331,28400.4663,0,18.0508,34.1769,34.1769,77.6956
5,332,28460.8413,0,6.8709,16.7096,16.7096,48.7028
5,333,28463.247,0,11.6599,15.7562,15.7562,71.0445
5,334,28490.711,0,17.584,23.7613,23.7613,73.6852
5,335,28526.4936,0,0.8271,18.4391,18.4391,52.3351
5,336,28661.8552,0,3.8716,17.5162,17.5162,44.2486
5,337,28683.602,0,5.9271,10.4382,10.4382,51.4829
5,338,28687.4445,0,0.8508,8.1595,8.1595,62.3311
5,339,28920.1986,0,1.4848,10.4285,10.4285,49.0612
5,340,29085.3818,0,7.3637,16.3357,16.3357,52.9293
5,341,29295.0593,0,3.8786,14.2367,14.2367,30.7478
5,342,29338.7397,0,16.2187,28.9139,28.9139,45.9829
5,343,29363.2904,0,2.1197,6.87,6.87,83.8286
5,344,29395.9964,0,5.1725,21.9988,21.9988,58.9818
5,345,29419.0241,0,6.0174,8.6564,8.6564,88.5683
5,346,29424.3399,0,9.4841,17.9289,17.9289,73.7721
5,347,29424.1188,0,15.2737,21.4194,21.4194,78.1572
5,348,29465.5455,0,1.8171,10.8243,10.8243,77.1303
5,349,29469.1153,0,11.908,19.1718,19.1718,79.5176
5,350,29488.7363,0,17.0966,20.1751,20.1751,91.544
5,351,29591.6748,0,2.0881,5.9443,5.9443,42.2837
5,352,29605.9428,0,4.3938,8.0087,8.0087,32.3215
5,353,29669.1253,0,5.5252,7.5444,7.5444,59.8633
5,354,29759.5882,0,11.215,17.939,17.939,38.9251
5,355,29820.7864,0,6.3771,9.4962,9.4962,58.3389
5,356,29885.5058,0,2.2748,15.7492,15.7492,111.7675
5,357,29920.4,0,4.234,12.9667,12.9667,88.5986
5,358,29959.3597,0,1.5666,4.2036,4.2036,56.9842
5,359,30043.4994,0,3.0006,5.2765,5.2765,30.4509
5,360,30085.1843,0,13.0034,15.969,15.969,74.0396
5,361,30115.1462,0,8.3221,13.4364,13.4364,48.0513
5,362,30279.6478,0,5.7981,9.9586,9.9586,49.8493
5,363,30382.9486,0,4.9364,21.5678,21.5678,44.3349
5,364,30392.5768,0,12.7264,24.206,24.206,80.5607
5,365,30538.3388,0,4.622,8.7564,8.7564,128.6766
5,366,30875.4275,0,9.0061,13.7868,13.7868,74.3599
5,367,30886.6812,0,6.6268,14.1835,14.1835,77.2335
5,368,30962.0956,0,1.4259,8.2702,8.2702,25.2437
5,369,30991.118,0,2.8952,8.3588,8.3588,37.1998
5,370,31014.9275,0,7.5502,10.1465,10.1465,82.7777
5,371,31245.5296,0,12.9252,20.2455,20.2455,62.732
5,372,31334.6252,0,3.7783,13.1316,13.1316,44.1093
5,373,31365.9039,0,15.2731,21.491,21.491,101.9271
5,374,31466.4893,0,5.8237,13.8905,13.8905,60.4622
5,375,31651.3871,0,6.3381,10.0344,10.0344,63.9268
5,376,31845.4489,0,3.0029,5.7746,5.7746,86.6727
5,377,31925.4156,0,13.8306,15.7593,15.7593,64.5878
5,378,31985.9238,0,6.068,9.2851,9.2851,58.5895
5,379,31995.1514,0,11.0937,15.551,15.551,51.8176
5,380,32056.0304,0,12.6537,23.7251,23.7251,107.3902
5,381,32096.8634,0,8.2483,13.5184,13.5184,72.5841
5,382,32179.9973,0,1.8171,9.2971,9.2971,31.087
5,383,32229.4769,0,6.6285,10.6237,10.6237,53.1914
5,384,32228.5909,0,12.8384,20.053,20.053,76.214
5,385,32289.4968,0,7.9674,13.3676,13.3676,59.2198
5,386,32358.1724,0,12.5535,13.2835,13.2835,68.8921
5,387,32426.5094,0,4.5934,8.146,8.146,34.8362
5,388,32496.014,0,7.3527,20.1493,20.1493,59.308
5,389,32593.9665,0,14.0029,19.7589,19.7589,52.0075
5,390,32620.0777,0,3.8961,8.9612,8.9612,98.6952
5,391,32715.9119,0,4.2309,5.9406,5.9406,49.2782
5,392,32729.2987,0,10.0443,15.0126,15.0126,41.5624
5,393,32891.6388,0,1.5178,3.0158,3.0158,33.8017
5,394,32952.1075,0,3.7676,12.9328,12.9328,49.9288
5,395,33059.0424,0,7.1015,12.5226,12.5226,48.7917
5,396,33088.9318,0,4.0634,6.557,6.557,34.0792
5,397,33139.4139,0,8.7641,13.08,13.08,43.1758
5,398,33313.2787,0,3.4485,11.5249,11.5249,68.0096
5,399,33327.1825,0,9.8326,15.0506,15.0506,66.2465
5,400,33419.1456,0,5.7146,35.048,35.048,63.9435
5,401,33549.273,0,8.6428,13.9146,13.9146,44.283
5,402,33566.2847,0,3.6459,12.0003,12.0003,63.535
5,403,33635.2672,0,4.4481,16.3333,16.3333,43.105
5,404,33734.7359,0,2.7913,6.6431,6.6431,32.0717
5,405,33731.3683,0,6.1369,24.8428,24.8428,48.9932
5,406,33829.5675,0,8.6366,12.8759,12.8759,47.5488
5,407,33885.8491,0,5.4108,11.2177,11.2177,45.0777
5,408,33936.5831,0,11.5728,17.9868,17.9868,33.3917
5,409,33965.7086,0,6.423,11.5072,11.5072,68.5477
5,410,34450.1214,0,6.6001,16.552,16.552,59.4066
5,411,34539.0093,0,11.1598,15.3917,15.3917,50.2558
5,412,34563.8946,0,5.9949,12.608,12.608,46.5435
5,413,34672.2306,0,3.4203,8.495,8.495,55.6383
5,414,35096.9946,0,2.101,13.1398,13.1398,41.9206
5,415,35289.5168,0,10.7745,19.3891,19.3891,62.4232
5,416,35382.8614,0,10.885,17.3163,17.3163,65.6991
5,417,35544.1543,0,2.6122,5.1817,5.1817,55.7353
5,418,35577.4191,0,8.0978,12.8104,12.8104,49.8008
5,419,35810.8812,0,3.8992,7.3706,7.3706,62.7423
5,420,35860.3468,0,10.1586,11.8858,11.8858,51.4888
5,421,35922.3443,0,6.3377,11.9908,11.9908,63.8427
5,422,35981.6865,0,5.1496,8.8486,8.8486,52.6849
5,423,36048.4339,0,9.4799,10.9976,10.9976,58.7597
5,424,36474.1491,0,7.7521,14.4456,14.4456,41.5546
5,425,36496.8363,0,5.3772,14.1167,14.1167,80.6596
5,426,36533.1113,0,16.1787,24.3092,24.3092,50.5163
5,427,36540.2523,0,13.308,17.9716,17.9716,118.3871
5,428,36572.8079,0,11.193,19.9337,19.9337,88.7638
5,429,36615.6506,0,6.8047,22.5079,22.5079,56.3262
5,430,36722.0773,0,2.9004,4.8198,4.8198,81.1235
5,431,36718.2738,0,10.8284,31.2623,31.2623,91.7031
5,432,36737.3681,0,4.3514,12.613,12.613,133.4035
5,433,36834.8932,0,7.8026,14.0192,14.0192,66.1427
5,434,36838.7189,0,13.9886,19.1351,19.1351,71.5405
5,435,36874.034,0,1.8222,6.3444,6.3444,48.8535
5,436,36942.5433,0,2.101,8.0425,8.0425,93.6963
5,437,37063.2865,0,7.5488,10.26,10.26,34.6804
5,438,37099.7536,0,9.7776,15.1448,15.1448,58.0535
5,439,37252.9719,0,3.8227,8.2383,8.2383,77.6271
5,440,37304.3827,0,17.678,21.257,21.257,86.9497
5,441,37391.6849,0,15.6404,18.6438,18.6438,65.9463
5,442,37417.4955,0,3.9822,10.0142,10.0142,104.3715
5,443,37987.851,0,4.6878,11.2896,11.2896,90.2581
5,444,37984.5231,0,14.252,19.6713,19.6713,51.0236
5,445,38026.6787,0,5.02,6.2628,6.2628,103.6119
5,446,38031.8727,0,15.0049,19.8292,19.8292,118.5909
5,447,38052.2577,0,3.736,7.1215,7.1215,151.8164
5,448,38061.4631,0,13.3434,15.2194,15.2194,135.7681
5,449,38074.8154,0,37.2175,40.8333,40.8333,140.9395
5,450,38120.7805,0,3.3962,13.2868,13.2868,141.8029
5,451,38241.3445,0,6.53,19.2453,19.2453,113.1639
5,452,38259.5971,0,15.8834,17.5192,17.5192,100.1347
5,453,38368.5706,0,2.2667,18.8885,18.8885,84.8758
5,454,38416.9936,0,7.7677,12.5672,12.5672,58.1857
5,455,38750.2087,0,5.2784,13.8051,13.8051,50.8336
5,456,39141.4867,0,2.2959,21.3059,21.3059,50.124
5,457,39228.1676,0,2.006,16.8326,16.8326,46.772
5,458,39230.8784,0,10.6511,15.348,15.348,60.7516
5,459,39612.7408,0,13.9137,23.6612,23.6612,54.8451
5,460,39663.2263,0,7.1011,12.015,12.015,143.9344
5,461,39666.3122,0,4.7719,12.0111,12.0111,83.4299
5,462,39681.2124,0,1.8414,5.4749,5.4749,158.9497
5,463,39680.3772,0,7.6316,12.0201,12.0201,149.1363
5,464,39694.5443,0,15.245,20.4748,20.4748,137.87
5,465,39697.1792,0,11.8357,23.0793,23.0793,148.7887
5,466,39816.0509,0,9.4077,11.1054,11.1054,66.7007
5,467,39817.9546,0,8.8131,24.4823,24.4823,70.9698
5,468,39901.8704,0,9.61,16.6936,16.6936,71.767
5,469,39963.6248,0,13.4793,18.2836,18.2836,49.7295
5,470,39978.9882,0,12.0557,20.3878,20.3878,50.9225
5,471,40014.9546,0,4.7281,11.2444,11.2444,37.0864
5,472,40034.1835,0,2.4796,8.0662,8.0662,103.9883
5,473,40034.7891,0,10.6706,16.6543,16.6543,60.0658
5,474,40115.4676,0,7.2724,15.0435,15.0435,49.5408
5,475,40163.7074,0,10.894,17.6098,17.6098,42.3861
5,476,40355.7219,0,6.8834,16.9398,16.9398,58.857
5,477,40555.0041,0,4.122,12.603,12.603,31.5748
5,478,40571.2436,0,3.3793,11.0945,11.0945,34.1429
5,479,40606.8758,0,6.5754,13.8062,13.8062,41.7037
5,480,40614.3146,0,7.7057,12.3439,12.3439,59.6395
5,481,40648.5608,0,9.5478,12.52,12.52,64.4598
5,482,40684.4283,0,1.1201,6.8591,6.8591,72.9203
5,483,40685.9557,0,3.0173,7.1795,7.1795,74.2872
5,484,40740.261,0,4.1697,7.239,7.239,50.3937
5,485,40787.0103,0,8.1377,18.5667,18.5667,48.2603
5,486,40859.0297,0,5.2534,7.0566,7.0566,82.6506
5,487,40909.3916,0,4.5196,10.9771,10.9771,37.8606
5,488,40940.9686,0,7.3372,9.1315,9.1315,44.1877
5,489,40923.5922,0,7.7581,28.207,28.207,84.1025
5,490,41141.113,0,10.3891,15.9948,15.9948,56.3984
5,491,41195.6522,0,7.0791,13.4309,13.4309,103.8636
5,492,41240.6928,0,7.502,13.6338,13.6338,74.6934
5,493,41264.7607,0,5.827,8.6159,8.6159,65.2924
5,494,41268.013,0,22.0075,27.7812,27.7812,71.8269
5,495,41293.0267,0,11.841,14.6449,14.6449,61.5784
5,496,41340.4032,0,8.522,12.3043,12.3043,46.7077
5,497,41450.3835,0,11.1953,22.3136,22.3136,69.3504
5,498,41551.9653,0,9.4533,13.0451,13.0451,38.6529
5,499,41621.889,0,1.6983,8.4155,8.4155,38.8773
5,500,41671.6267,0,1.1445,3.1017,3.1017,42.0702
5,501,41697.4028,0,9.4422,25.5908,25.5908,72.1314
5,502,42136.7222,0,4.7322,7.9479,7.9479,44.7073
5,503,42240.551,0,7.4086,12.2127,12.2127,76.7881
5,504,42276.8151,0,7.1011,16.2171,16.2171,80.358
5,505,42408.3466,0,5.1257,8.7314,8.7314,28.5853
5,506,42425.1206,0,18.3367,34.5618,34.5618,60.2074
5,507,42505.0888,0,8.9643,10.1269,10.1269,55.8696
5,508,42614.0106,0,3.7917,20.5714,20.5714,64.7452
5,509,42690.2938,0,12.4569,20.2858,20.2858,65.7793
5,510,42711.606,0,1.6361,8.5396,8.5396,52.5387
5,511,42724.7667,0,8.9041,13.6887,13.6887,50.7646
5,512,42757.9619,0,8.9434,17.7279,17.7279,82.3593
5,513,42794.5859,0,12.4891,14.6532,14.6532,57.0524
5,514,42873.3896,0,2.4155,5.2158,5.2158,44.1438
5,515,43044.342,0,4.753,7.8391,7.8391,42.6743
5,516,43049.2348,0,4.9592,8.6279,8.6279,66.8258
5,517,43124.1331,0,2.8192,13.2992,13.2992,40.7639
6,1,0.0,0,4.5212,10.5028,10.5028,42.8582
6,2,314.7333,0,1.4123,5.014,5.014,48.3161
6,3,609.6777,0,1.8436,6.9686,6.9686,29.896
6,4,637.3714,0,5.3776,16.9252,16.9252,42.2306
6,5,640.5935,0,3.3962,20.0416,20.0416,57.0515
6,6,686.7762,0,12.8278,19.6212,19.6212,71.7091
6,7,844.9648,0,9.6116,14.0073,14.0073,58.9171
6,8,861.2086,0,5.0268,7.6693,7.6693,94.3696
6,9,953.1427,0,4.8587,8.6289,8.6289,72.0019
6,10,959.9133,0,6.4175,10.5856,10.5856,78.1215
6,11,965.7084,0,9.6734,12.929,12.929,90.9223
6,12,1014.028,0,10.268,14.9869,14.9869,69.6364
6,13,1107.9411,0,5.0741,8.465,8.465,73.5978
6,14,1120.1956,0,7.8023,10.568,10.568,73.7792
6,15,1154.8538,0,4.4789,9.6418,9.6418,54.2394
6,16,1196.9221,0,5.7661,12.0359,12.0359,40.1778
6,17,1298.2645,0,1.5223,4.1918,4.1918,38.0324
6,18,1381.8318,0,5.5334,12.3674,12.3674,55.0543
6,19,1439.8347,0,6.3695,8.6878,8.6878,38.6829
6,20,1454.0548,0,3.5306,10.324,10.324,66.935
6,21,1534.3003,0,15.0588,22.0665,22.0665,52.1316
6,22,1765.0283,0,1.7758,4.711,4.711,46.3467
6,23,1926.1206,0,2.66,6.9246,6.9246,60.6914
6,24,1965.2337,0,8.9426,19.9946,19.9946,73.8544
6,25,2032.0927,0,10.0536,14.0353,14.0353,52.616
6,26,2074.8108,0,18.6999,21.9514,21.9514,92.9067
6,27,2233.9935,0,1.7086,11.032,11.032,71.6342
6,28,2287.1003,0,10.0505,10.8311,10.8311,45.6405
6,29,2404.958,0,6.3191,11.1049,11.1049,53.8628
6,30,2599.6607,0,1.0828,5.7029,5.7029,43.1935
6,31,2745.9038,0,12.3666,18.2201,18.2201,69.5288
6,32,2784.8185,0,3.5448,6.6907,6.6907,53.596
6,33,2798.8163,0,17.6284,19.0425,19.0425,59.6681
6,34,2855.7178,0,4.8388,16.8274,16.8274,55.0787
6,35,2952.7385,0,12.4218,15.6073,15.6073,52.0052
6,36,3152.8825,0,2.489,8.9143,8.9143,48.522
6,37,3357.7844,0,5.1168,8.5384,8.5384,86.4778
6,38,3587.6872,0,11.1742,13.4073,13.4073,28.442
6,39,3595.9848,0,6.0174,9.8662,9.8662,56.0006
6,40,3583.1081,0,5.3728,53.9863,53.9863,110.7293
6,41,3762.6478,0,3.0562,6.4599,6.4599,34.5251
6,42,3980.8605,0,3.8491,8.3847,8.3847,46.4619
6,43,4019.4304,0,10.0721,12.6197,12.6197,44.6448
6,44,4075.6559,0,2.572,13.6729,13.6729,60.1402
6,45,4186.6383,0,5.0484,10.6116,10.6116,70.4609
6,46,4215.7668,0,10.7839,29.4262,29.4262,69.5464
6,47,4390.8451,0,6.827,8.2418,8.2418,41.6613
6,48,4396.7504,0,5.6463,12.3417,12.3417,47.2009
6,49,4480.3744,0,0.7143,1.8885,1.8885,68.5745
6,50,4505.181,0,10.4155,16.0259,16.0259,65.0068
6,51,4797.7051,0,10.3891,14.445,14.445,51.7147
6,52,4863.1928,0,10.3226,13.0706,13.0706,35.0171
6,53,4905.7911,0,1.7655,9.0125,9.0125,71.253
6,54,4968.351,0,5.496,8.3892,8.3892,60.5613
6,55,4994.0157,0,3.3494,7.3642,7.3642,56.5045
6,56,5021.0947,0,4.9843,23.5224,23.5224,63.9994
6,57,5057.4795,0,3.986,8.3699,8.3699,38.944
6,58,5056.7723,0,8.8719,14.9614,14.9614,61.1744
6,59,5155.3079,0,7.5825,13.378,13.378,57.9864
6,60,5200.775,0,2.5947,6.0973,6.0973,54.3789
6,61,5201.5832,0,8.8504,14.1233,14.1233,60.8856
6,62,5364.4855,0,0.2686,6.7077,6.7077,101.6864
6,63,5442.3752,0,5.5756,7.215,7.215,50.0139
6,64,5486.4821,0,3.6413,27.3499,27.3499,77.6955
6,65,5506.8191,0,7.4644,10.2836,10.2836,43.1472
6,66,5507.6884,0,12.4891,17.2597,17.2597,78.5509
6,67,5527.6529,0,3.7782,4.5878,4.5878,89.1519
6,68,5578.4315,0,7.1399,15.5121,15.5121,56.4083
6,69,5604.7691,0,3.0936,14.0175,14.0175,55.8522
6,70,5751.5891,0,2.8783,6.9401,6.9401,64.1274
6,71,5763.0067,0,13.974,18.7338,18.7338,87.5921
6,72,5833.0424,0,7.0803,12.6716,12.6716,40.4125
6,73,6018.9808,0,2.6636,6.172,6.172,49.9152
6,74,6307.8308,0,5.8773,15.6388,15.6388,52.4093
6,75,6367.9564,0,5.7107,7.3785,7.3785,54.1047
6,76,6413.5773,0,7.2557,17.5854,17.5854,61.8992
6,77,6428.6728,0,4.078,5.8544,5.8544,68.1354
6,78,6437.6188,0,6.4695,20.7619,20.7619,73.4407
6,79,6483.5257,0,13.7886,16.892,16.892,72.4348
6,80,6507.6243,0,3.9213,13.8393,13.8393,59.1587
6,81,6551.775,0,6.6558,10.9931,10.9931,44.5192
6,82,6670.8255,0,7.258,11.4746,11.4746,57.7742
6,83,6728.6692,0,7.3968,10.9789,10.9789,41.5405
6,84,6758.0999,0,5.4428,9.1346,9.1346,39.8364
6,85,6773.5355,0,6.7844,16.0527,16.0527,49.7214
6,86,6778.0632,0,16.4127,19.7092,19.7092,76.5591
6,87,6870.8459,0,8.3158,10.2572,10.2572,53.8138
6,88,6960.2477,0,4.1545,13.5555,13.5555,54.4558
6,89,7004.7849,0,13.9534,19.872,19.872,72.9266
6,90,7117.4347,0,10.2383,19.055,19.055,59.6999
6,91,7332.5791,0,16.2147,29.0044,29.0044,73.4817
6,92,7410.5566,0,4.2466,7.0448,7.0448,44.8857
6,93,7582.1648,0,2.0146,5.9207,5.9207,44.0004
6,94,7623.3582,0,4.8788,12.6232,12.6232,31.5373
6,95,7731.0319,0,12.6671,15.8178,15.8178,52.8916
6,96,7736.8102,0,7.4551,11.5037,11.5037,88.6647
6,97,7868.9621,0,9.434,12.1353,12.1353,57.5645
6,98,7937.8102,0,17.399,31.8578,31.8578,113.4717
6,99,8053.0925,0,11.6874,17.711,17.711,55.8908
6,100,8138.4405,0,6.0454,10.0263,10.0263,95.2348
6,101,8151.9696,0,8.7329,13.6262,13.6262,89.6884
6,102,8230.6154,0,6.1929,9.7325,9.7325,47.8453
6,103,8278.8566,0,7.2292,11.4622,11.4622,73.1008
6,104,8304.8385,0,5.7795,8.9044,8.9044,50.3847
6,105,8306.6532,0,12.0256,16.7143,16.7143,64.3904
6,106,8325.221,0,9.4674,18.085,18.085,64.199
6,107,8497.8157,0,6.1788,11.0739,11.0739,66.2871
6,108,8978.8431,0,3.0729,8.4483,8.4483,32.59
6,109,8985.6356,0,9.9851,11.5187,11.5187,48.8848
6,110,9058.9702,0,8.4652,12.5327,12.5327,59.4835
6,111,9093.328,0,6.8489,13.179,13.179,56.4633
6,112,9207.8924,0,9.2055,17.1414,17.1414,80.8179
6,113,9298.9061,0,7.2268,11.9699,11.9699,43.0604
6,114,9316.5506,0,5.4806,11.1746,11.1746,52.6836
6,115,9350.7098,0,9.2702,11.1613,11.1613,58.098
6,116,9403.0825,0,6.7145,16.4487,16.4487,55.0071
6,117,9461.3556,0,2.8781,15.5709,15.5709,51.1724
6,118,9593.3372,0,1.5854,4.9922,4.9922,63.3577
6,119,9642.2564,0,3.2759,5.8611,5.8611,33.9514
6,120,9667.9679,0,3.7782,5.8173,5.8173,85.3797
6,121,9769.6333,0,2.8525,6.7693,6.7693,219.4001
6,122,9837.9353,0,6.6539,10.6375,10.6375,160.4013
6,123,9842.1344,0,9.138,14.9944,14.9944,177.8768
6,124,9873.2364,0,6.1491,12.9572,12.9572,171.2537
6,125,10058.8734,0,8.6605,13.6553,13.6553,26.3818
6,126,10075.8837,0,1.6796,6.3755,6.3755,72.2254
6,127,10215.8493,0,4.5615,14.2325,14.2325,46.7058
6,128,10481.8652,0,2.1835,7.071,7.071,48.656
6,129,10553.6746,0,6.8263,19.9403,19.9403,45.4959
6,130,10686.2219,0,11.7189,19.6706,19.6706,77.8064
6,131,10772.2636,0,1.2318,4.6845,4.6845,70.6
6,132,10954.6532,0,2.759,12.462,12.462,41.6682
6,133,10963.9488,0,8.2149,11.6547,11.6547,57.3557
6,134,10984.6696,0,9.4339,12.7132,12.7132,55.6755
6,135,10988.4184,0,11.4871,18.3262,18.3262,58.5882
6,136,11043.4166,0,10.9298,11.7913,11.7913,46.6077
6,137,11262.964,0,8.2108,14.8302,14.8302,53.5669
6,138,11301.1863,0,10.5653,16.7146,16.7146,55.1557
6,139,11307.3286,0,8.2772,13.6593,13.6593,72.38
6,140,11665.2546,0,12.4218,16.8158,16.8158,47.5939
6,141,11688.7103,0,8.1439,10.1636,10.1636,116.547
6,142,11792.6695,0,7.3059,12.1842,12.1842,52.8205
6,143,11881.1761,0,3.3143,10.1867,10.1867,68.1294
6,144,12034.1357,0,6.7222,17.3672,17.3672,57.5029
6,145,12341.2774,0,4.5963,10.4703,10.4703,39.2925
6,146,12404.6581,0,1.7247,5.7214,5.7214,32.2518
6,147,12545.3688,0,3.9028,8.7407,8.7407,49.138
6,148,12584.2943,0,12.6133,24.306,24.306,64.6314
6,149,12635.022,0,3.6856,10.841,10.841,51.7114
6,150,12655.6038,0,4.8221,5.88,5.88,33.9055
6,151,12669.0257,0,3.8206,9.7746,9.7746,53.6411
6,152,12681.8876,0,4.3358,13.6541,13.6541,48.4769
6,153,12697.6322,0,17.7853,30.1233,30.1233,114.0192
6,154,12756.727,0,3.3479,6.213,6.213,74.3219
6,155,13393.4183,0,17.4608,21.9398,21.9398,86.0633
6,156,13383.6525,0,12.4416,46.2453,46.2453,128.6406
6,157,13473.9449,0,8.2278,12.2043,12.2043,73.9171
6,158,13610.4405,0,8.829,12.4351,12.4351,42.0682
6,159,13712.8964,0,13.8806,15.2504,15.2504,60.4262
6,160,13790.5781,0,6.1345,12.8314,12.8314,53.9488
6,161,13823.3437,0,4.708,22.7312,22.7312,61.7177
6,162,13878.5234,0,8.0951,12.035,12.035,71.9256
6,163,13904.2934,0,11.5967,17.5625,17.5625,62.3245
6,164,13937.999,0,7.6077,10.5759,10.5759,42.91
6,165,13987.796,0,5.6981,8.2155,8.2155,102.8541
6,166,14059.8212,0,9.7491,15.101,15.101,64.7517
6,167,14078.6886,0,4.3862,6.1249,6.1249,49.1331
6,168,14115.4863,0,2.765,7.8322,7.8322,48.0472
6,169,14130.1782,0,2.8212,4.8481,4.8481,36.7487
6,170,14144.6912,0,5.7859,11.4382,11.4382,67.7866
6,171,14215.3231,0,10.862,14.7075,14.7075,75.0498
6,172,14274.4362,0,3.7698,63.7698,63.7698,116.5628
6,173,14581.2802,0,7.1697,41.1554,41.1554,78.5793
6,174,14758.9092,0,2.642,7.3476,7.3476,37.2803
6,175,14894.3058,0,15.9906,31.8613,31.8613,52.0408
6,176,14938.7077,0,2.5738,8.089,8.089,54.2969
6,177,14941.2618,0,15.9228,20.8511,20.8511,106.7369
6,178,14961.3374,0,17.6191,25.966,25.966,43.4777
6,179,14986.3753,0,3.7031,9.408,9.408,73.8541
6,180,15385.4574,0,8.3749,9.5998,9.5998,35.6164
6,181,15420.7003,0,4.4416,6.2463,6.2463,33.3451
6,182,15459.9346,0,2.4259,4.4174,4.4174,45.7419
6,183,15569.2904,0,1.7453,2.7286,2.7286,32.3591
6,184,15565.6917,0,8.4176,10.4645,10.4645,40.3385
6,185,15579.679,0,2.5376,7.8568,7.8568,67.6859
6,186,15657.8554,0,2.6691,6.3744,6.3744,47.4547
6,187,15693.7995,0,1.186,6.1469,6.1469,49.0291
6,188,15704.0275,0,10.1793,21.4784,21.4784,61.0907
6,189,15777.4514,0,5.9392,7.9704,7.9704,32.4694
6,190,15830.2136,0,2.8525,8.622,8.622,57.6269
6,191,15955.002,0,5.4306,8.4862,8.4862,58.3916
6,192,15996.7812,0,7.1697,10.3587,10.3587,50.2264
6,193,16383.6534,0,11.5202,14.9509,14.9509,59.9275
6,194,16425.5974,0,8.4045,16.8348,16.8348,64.6856
6,195,16525.8102,0,4.8358,17.6795,17.6795,37.6361
6,196,16570.4888,0,6.185,11.8036,11.8036,59.3687
6,197,16695.9859,0,4.6664,8.659,8.659,60.737
6,198,16721.6398,0,14.679,18.6113,18.6113,71.616
6,199,16745.9953,0,16.9011,24.2995,24.2995,107.2821
6,200,17146.0894,0,3.0175,7.1887,7.1887,44.8252
6,201,17231.6622,0,7.9027,21.57,21.57,76.5023
6,202,17273.2864,0,3.3221,8.8255,8.8255,62.0363
6,203,17828.8166,0,15.4304,23.2072,23.2072,98.8728
6,204,17866.912,0,4.6614,10.7353,10.7353,63.692
6,205,17906.388,0,15.7764,18.9856,18.9856,53.3345
6,206,17957.7511,0,8.9936,12.6082,12.6082,65.2403
6,207,18015.6907,0,4.5688,12.8259,12.8259,56.9563
6,208,18055.9363,0,2.3561,12.4807,12.4807,37.3333
6,209,18059.6086,0,5.0928,11.3854,11.3854,67.7389
6,210,18066.4377,0,8.8364,14.4191,14.4191,63.9419
6,211,18112.7671,0,11.9951,17.2002,17.2002,81.7788
6,212,18241.86,0,12.3226,21.3458,21.3458,71.9592
6,213,18645.7204,0,5.5381,8.686,8.686,51.1485
6,214,18676.3236,0,5.8571,16.5873,16.5873,50.2757
6,215,18753.5629,0,15.8963,24.0095,24.0095,59.5028
6,216,19066.6016,0,1.2786,2.2778,2.2778,53.2453
6,217,19063.6497,0,8.8431,26.581,26.581,67.7525
6,218,19409.7644,0,3.9974,26.7377,26.7377,73.5761
6,219,19488.896,0,10.4048,14.0619,14.0619,45.7236
6,220,19501.6581,0,15.2319,24.5766,24.5766,92.0705
6,221,19562.7087,0,3.3573,8.4844,8.4844,44.0634
6,222,19604.255,0,2.3102,5.9882,5.9882,42.1437
6,223,19929.6408,0,4.0299,6.6331,6.6331,40.0975
6,224,19971.8405,0,6.0695,6.8186,6.8186,36.7496
6,225,20007.4643,0,1.1862,4.6304,4.6304,64.3693
6,226,20060.5883,0,2.573,7.8093,7.8093,62.0093
6,227,20092.6769,0,11.7363,24.9104,24.9104,65.1506
6,228,20146.171,0,2.34,8.5136,8.5136,59.3841
6,229,20217.1722,0,2.3295,8.6543,8.6543,42.3558
6,230,20422.1076,0,3.0113,8.0934,8.0934,47.727
6,231,20438.838,0,12.9001,21.294,21.294,60.1551
6,232,20463.4333,0,10.676,16.1497,16.1497,40.7333
6,233,20473.7321,0,5.8551,10.7267,10.7267,68.5556
6,234,20517.9434,0,3.9232,10.9139,10.9139,54.5195
6,235,20526.0773,0,7.2414,13.6627,13.6627,86.2863
6,236,20562.455,0,6.8834,15.5778,15.5778,55.9593
6,237,20684.2285,0,5.3728,10.8744,10.8744,27.9016
6,238,20723.789,0,12.0289,18.8036,18.8036,75.8743
6,239,20786.0681,0,4.2404,9.4747,9.4747,29.7829
6,240,20767.6798,0,9.5954,35.8423,35.8423,83.357
6,241,20881.1716,0,3.5415,10.634,10.634,54.0951
6,242,20939.096,0,4.768,21.2315,21.2315,40.09
6,243,21002.3273,0,13.0242,17.809,17.809,30.075
6,244,21028.8048,0,5.4697,7.9709,7.9709,78.1202
6,245,21165.9346,0,8.1652,14.3757,14.3757,51.4138
6,246,21172.3586,0,5.4004,16.6699,16.6699,99.1577
6,247,21222.1092,0,12.3834,17.7674,17.7674,57.4228
6,248,21325.715,0,10.6655,14.9099,14.9099,64.1775
6,249,21392.6099,0,11.6792,16.7856,16.7856,69.7372
6,250,21439.0438,0,4.3681,7.247,7.247,51.0448
6,251,21449.7535,0,4.9409,11.6127,11.6127,53.0387
6,252,21535.3052,0,4.8221,8.2266,8.2266,40.2824
6,253,21722.4048,0,2.3511,11.1835,11.1835,39.467
6,254,21714.5287,0,11.7955,20.4262,20.4262,63.0544
6,255,21914.4016,0,5.6587,12.9283,12.9283,42.2369
6,256,22111.4182,0,6.9393,10.181,10.181,58.3661
6,257,22162.8538,0,4.3578,8.3467,8.3467,48.2189
6,258,22184.6047,0,3.5464,8.1432,8.1432,97.4101
6,259,22252.84,0,12.5942,15.0008,15.0008,91.5559
6,260,22263.8881,0,7.7687,11.0434,11.0434,92.5291
6,261,22344.8522,0,1.6383,5.8423,5.8423,57.3442
6,262,22435.7006,0,1.52,7.5857,7.5857,31.6026
6,263,22417.5929,0,10.3602,34.1975,34.1975,64.7674
6,264,22506.4215,0,5.3534,13.054,13.054,58.0253
6,265,22666.5568,0,4.6896,19.8101,19.8101,80.7311
6,266,22851.0034,0,6.3636,18.2193,18.2193,49.0423
6,267,22914.0145,0,0.8217,6.1235,6.1235,50.2676
6,268,22961.7129,0,3.9559,9.0122,9.0122,54.3478
6,269,23112.376,0,8.1929,14.9014,14.9014,45.9959
6,270,23181.3927,0,4.2172,10.0889,10.0889,39.6383
6,271,23534.7806,0,3.2883,6.4732,6.4732,65.399
6,272,23812.6027,0,14.6201,22.6321,22.6321,45.5474
6,273,23837.4327,0,6.0174,9.3018,9.3018,81.955
6,274,23851.4664,0,10.6134,15.2231,15.2231,71.0556
6,275,24146.6425,0,12.3226,16.2632,16.2632,81.5912
6,276,24205.9388,0,15.3002,20.4046,20.4046,87.3694
6,277,24245.2939,0,10.2383,19.2425,19.2425,52.9336
6,278,24258.1303,0,9.1144,16.1611,16.1611,86.1752
6,279,24332.1936,0,5.7035,10.0571,10.0571,37.8656
6,280,24397.8965,0,3.6939,6.6019,6.6019,97.7558
6,281,25027.9312,0,9.2516,16.3266,16.3266,60.0163
6,282,25089.6987,0,14.6458,16.7423,16.7423,86.8397
6,283,25114.5184,0,9.8378,11.6529,11.6529,66.0567
6,284,25192.6712,0,13.278,19.2213,19.2213,62.5276
6,285,25273.0341,0,4.1617,11.1613,11.1613,36.4074
6,286,25276.4864,0,13.1104,21.9451,21.9451,67.1357
6,287,25339.9721,0,0.6007,5.2672,5.2672,41.8534
6,288,25498.6947,0,2.9132,6.8375,6.8375,56.8473
6,289,25662.0723,0,0.9376,6.347,6.347,43.431
6,290,25743.206,0,3.5859,7.4028,7.4028,60.0505
6,291,25977.1654,0,3.2696,40.5041,40.5041,63.4082
6,292,26009.357,0,10.15,15.1958,15.1958,75.1078
6,293,26228.908,0,3.0441,7.8222,7.8222,41.2714
6,294,26248.3126,0,2.7616,5.8925,5.8925,36.2645
6,295,26469.3976,0,7.4471,10.8248,10.8248,55.5378
6,296,26506.3767,0,17.7768,27.4748,27.4748,83.6131
6,297,26577.6751,0,2.5003,10.0865,10.0865,44.7722
6,298,26606.8932,0,6.483,9.6526,9.6526,43.7906
6,299,26682.8135,0,6.5643,9.3911,9.3911,42.8237
6,300,26728.1026,0,8.489,15.0615,15.0615,39.5023
6,301,26805.6743,0,4.5295,13.651,13.651,51.8982
6,302,26864.2883,0,6.0098,8.057,8.057,30.9964
6,303,26907.0178,0,5.7825,10.6843,10.6843,34.8713
6,304,26923.8244,0,7.7841,12.6079,12.6079,81.644
6,305,26976.1492,0,3.5966,11.2311,11.2311,98.7121
6,306,27035.4812,0,13.1147,19.9748,19.9748,83.173
6,307,27227.0993,0,3.0097,6.3938,6.3938,42.6691
6,308,27287.7408,0,11.429,20.005,20.005,56.6371
6,309,27404.5982,0,1.4476,7.4171,7.4171,47.3717
6,310,27778.8281,0,4.502,36.1878,36.1878,35.9567
6,311,27842.7253,0,6.4795,10.2144,10.2144,124.2231
6,312,27894.3257,0,4.4954,6.9253,6.9253,44.6507
6,313,27931.0777,0,6.2397,10.0783,10.0783,51.3141
6,314,27947.8727,0,6.5707,32.0082,32.0082,59.607
6,315,28096.5284,0,11.0313,15.19,15.19,54.8212
6,316,28129.9059,0,11.1109,15.6696,15.6696,54.4822
6,317,28190.383,0,10.9055,14.7068,14.7068,75.8251
6,318,28232.2395,0,0.541,8.7198,8.7198,43.6536
6,319,28245.7381,0,10.9464,24.3359,24.3359,63.1461
6,320,28270.7595,0,4.7414,7.0994,7.0994,40.7908
6,321,28308.9997,0,10.5732,17.6555,17.6555,45.4483
6,322,28342.8078,0,14.9338,20.3578,20.3578,75.3465
6,323,28455.6924,0,3.9395,9.1212,9.1212,35.8807
6,324,28711.9678,0,2.9487,10.1436,10.1436,79.8466
6,325,28752.541,0,9.9903,15.738,15.738,91.7997
6,326,28773.7249,0,11.7378,13.8826,13.8826,81.1853
6,327,28859.8141,0,6.3313,12.2415,12.2415,31.9464
6,328,28931.1606,0,8.6612,20.0444,20.0444,57.519
6,329,29023.6825,0,7.4722,60.4993,60.4993,106.2702
6,330,29238.6789,0,7.6291,8.723,8.723,43.8425
6,331,29462.971,0,5.8594,15.3855,15.3855,36.9331
6,332,29522.0759,0,8.6669,10.8234,10.8234,49.161
6,333,29611.656,0,0.9147,9.4714,9.4714,40.2449
6,334,29727.8493,0,5.2534,9.5059,9.5059,57.7858
6,335,29722.9429,0,10.1171,19.154,19.154,74.2922
6,336,29899.3252,0,7.0756,14.5635,14.5635,30.638
6,337,29908.2044,0,4.5922,9.1562,9.1562,69.3081
6,338,30034.0748,0,4.2254,11.162,11.162,45.8683
6,339,30049.9387,0,4.9417,8.2217,8.2217,36.4416
6,340,30088.9614,0,4.825,11.4675,11.4675,36.8296
6,341,30127.228,0,7.8695,10.329,10.329,42.8492
6,342,30451.2593,0,8.081,15.6439,15.6439,68.9171
6,343,30623.483,0,2.8877,6.1495,6.1495,59.4212
6,344,30804.0277,0,4.3938,12.6385,12.6385,59.0389
6,345,30908.6758,0,0.9751,7.2237,7.2237,30.3611
6,346,31026.7517,0,6.5749,11.9888,11.9888,52.6468
6,347,31026.4386,0,5.0942,15.0962,15.0962,65.6758
6,348,31204.7976,0,4.8621,12.9016,12.9016,51.7551
6,349,31223.122,0,3.5677,13.3116,13.3116,57.5405
6,350,31232.0942,0,5.7111,10.5466,10.5466,64.4794
6,351,31843.2245,0,9.2061,15.6474,15.6474,68.6416
6,352,32212.3924,0,4.3169,10.2083,10.2083,35.5839
6,353,32269.1299,0,11.058,13.3333,13.3333,66.898
6,354,32331.1595,0,3.7999,6.8191,6.8191,77.0475
6,355,32350.618,0,3.3891,16.2697,16.2697,65.181
6,356,32359.8896,0,11.934,20.187,20.187,76.7321
6,357,32501.7536,0,1.2917,4.5411,4.5411,48.9191
6,358,32502.9011,0,8.829,11.9086,11.9086,50.3672
6,359,32506.7688,0,2.9754,8.68,8.68,58.6519
6,360,32491.2955,0,10.885,56.5465,56.5465,84.3536
6,361,32674.3281,0,7.4448,34.6539,34.6539,56.893
6,362,32703.0612,0,7.6239,11.9872,11.9872,98.9158
6,363,32711.6065,0,5.9463,12.3751,12.3751,74.6339
6,364,32726.239,0,27.35,31.1788,31.1788,63.332
6,365,32752.848,0,11.215,23.8191,23.8191,54.162
6,366,32809.3801,0,7.6268,13.7662,13.7662,46.7449
6,367,32848.9116,0,2.0845,8.1878,8.1878,56.9182
6,368,32895.7146,0,9.6757,14.6729,14.6729,34.9847
6,369,32929.8655,0,15.2841,22.273,22.273,59.8123
6,370,33028.5939,0,2.3581,9.0342,9.0342,59.3804
6,371,33744.4789,0,17.7795,22.6981,22.6981,33.0504
6,372,33772.5911,0,1.0269,3.4354,3.4354,72.7207
6,373,33806.2058,0,4.7161,9.5601,9.5601,44.1397
6,374,33871.0869,0,12.1239,15.7363,15.7363,64.9997
6,375,33968.0321,0,6.9068,10.0066,10.0066,47.2685
6,376,33969.4694,0,8.8853,17.0338,17.0338,61.2319
6,377,34047.0611,0,14.0439,20.2533,20.2533,62.0701
6,378,34103.9822,0,6.1776,15.1286,15.1286,57.4682
6,379,34225.3621,0,6.5873,18.904,18.904,69.202
6,380,34389.5535,0,6.6696,7.5928,7.5928,33.8945
6,381,34628.4757,0,3.3708,11.8895,11.8895,65.8863
6,382,34887.5851,0,6.6566,26.0064,26.0064,64.8535
6,383,35076.2889,0,1.957,6.8674,6.8674,20.313
6,384,35092.6084,0,9.796,14.4736,14.4736,84.561
6,385,35142.977,0,5.8594,11.8265,11.8265,54.986
6,386,35210.0463,0,0.6007,2.2792,2.2792,30.3227
6,387,35309.2478,0,14.9845,44.9731,44.9731,91.4639
6,388,35364.2548,0,2.1318,10.5954,10.5954,49.3051
6,389,35413.3052,0,8.4941,18.0642,18.0642,42.72
6,390,35478.3134,0,4.8815,6.6925,6.6925,56.824
6,391,35558.8368,0,3.7782,5.4523,5.4523,25.6397
6,392,35566.8995,0,9.2694,11.556,11.556,39.6394
6,393,35590.6055,0,4.77,8.6141,8.6141,50.2219
6,394,35868.103,0,4.753,7.9873,7.9873,73.6815
6,395,35868.6717,0,8.6342,12.3891,12.3891,148.7507
6,396,36564.9085,0,7.3394,13.5246,13.5246,73.0461
6,397,36663.1745,0,4.4745,12.9355,12.9355,39.6814
6,398,36802.9672,0,2.7443,6.1336,6.1336,96.1235
6,399,36943.9995,0,6.0648,9.5577,9.5577,45.5618
6,400,36969.1758,0,2.4108,13.7089,13.7089,32.0738
6,401,36972.1596,0,15.1148,23.3375,23.3375,55.1432
6,402,36993.2038,0,6.6487,12.3563,12.3563,40.1539
6,403,37053.6425,0,13.7072,15.3444,15.3444,82.5145
6,404,37093.42,0,3.9027,10.8197,10.8197,60.1176
6,405,37096.8184,0,9.8134,12.8787,12.8787,66.7727
6,406,37169.3957,0,6.6588,8.9966,8.9966,104.7458
6,407,37204.4039,0,8.431,13.0274,13.0274,63.4013
6,408,37213.5095,0,9.0994,13.5499,13.5499,83.3854
6,409,37204.343,0,8.2445,38.2149,38.2149,156.5112
6,410,37312.294,0,8.8472,18.2773,18.2773,65.176
6,411,37460.9493,0,6.3077,13.1354,13.1354,50.3375
6,412,37496.759,0,10.6804,13.7458,13.7458,61.0997
6,413,38022.3404,0,7.5482,15.8418,15.8418,57.5307
6,414,38045.4111,0,6.1508,8.9876,8.9876,37.4042
6,415,38413.665,0,3.9211,11.5683,11.5683,38.5284
6,416,38495.0761,0,7.3226,9.6084,9.6084,55.5112
6,417,38606.3567,0,3.5312,6.9232,6.9232,36.3999
6,418,38610.9148,0,6.0453,12.1536,12.1536,38.9211
6,419,38657.4091,0,9.648,14.6274,14.6274,67.6636
6,420,38718.1953,0,13.809,18.9383,18.9383,43.6547
6,421,38731.2843,0,6.8448,15.0812,15.0812,65.2682
6,422,38752.6431,0,11.614,31.2752,31.2752,75.7591
6,423,38810.2987,0,5.3631,11.0908,11.0908,58.6934
6,424,38909.3516,0,2.7104,8.928,8.928,107.5736
6,425,39208.0199,0,5.1424,12.4545,12.4545,88.2017
6,426,39284.3106,0,3.4755,6.7315,6.7315,47.1679
6,427,39345.4067,0,11.3272,14.8593,14.8593,98.6459
6,428,39421.9415,0,3.1038,11.5608,11.5608,57.2608
6,429,39480.3081,0,3.5567,19.0284,19.0284,61.3267
6,430,39536.007,0,11.689,14.3374,14.3374,91.3769
6,431,39625.0072,0,5.342,8.6832,8.6832,42.0031
6,432,39712.3455,0,4.9266,12.8384,12.8384,63.261
6,433,39718.6023,0,5.8201,10.8843,10.8843,77.0414
6,434,39970.4701,0,1.1071,4.8518,4.8518,36.2451
6,435,39994.9089,0,9.5876,12.1752,12.1752,45.9995
6,436,40012.2964,0,2.4697,9.6952,9.6952,34.5298
6,437,40139.3131,0,1.2581,6.1249,6.1249,36.5331
6,438,40478.5085,0,5.2188,9.2592,9.2592,55.0
6,439,40520.1344,0,6.5511,8.8513,8.8513,41.2327
6,440,40673.4052,0,4.1455,10.302,10.302,46.3306
6,441,40802.3828,0,9.9011,15.0743,15.0743,44.0365
6,442,41092.5671,0,1.3091,6.751,6.751,61.6299
6,443,41096.5081,0,8.4971,15.2687,15.2687,62.8983
6,444,41147.1324,0,15.4663,38.3453,38.3453,70.7175
6,445,41360.7865,0,2.8628,9.7223,9.7223,40.5721
6,446,41459.3446,0,1.2352,7.3583,7.3583,46.1838
6,447,41540.1207,0,4.4481,10.2514,10.2514,35.9428
6,448,41677.7472,0,1.239,4.2345,4.2345,65.6089
6,449,41717.3057,0,5.1278,12.8282,12.8282,48.8779
6,450,41841.3174,0,3.6459,9.5242,9.5242,48.9512
6,451,42113.1334,0,8.9193,11.3408,11.3408,73.1124
6,452,42198.4035,0,1.1471,5.3318,5.3318,62.206
6,453,42367.9538,0,15.5764,20.1776,20.1776,49.9644
6,454,42376.9177,0,4.5849,13.6076,13.6076,80.8971
6,455,42433.6447,0,16.7572,23.2706,23.2706,79.4312
6,456,42530.2836,0,2.121,10.6018,10.6018,49.1875
6,457,42560.8779,0,16.6991,19.2679,19.2679,100.8109
6,458,42555.5084,0,12.5867,29.6314,29.6314,109.0806
6,459,42578.2026,0,4.1609,8.3115,8.3115,99.9996
6,460,42606.6528,0,18.9725,23.9202,23.9202,81.7964
6,461,42759.8034,0,9.8628,18.8544,18.8544,53.3551
6,462,42760.1149,0,10.6887,45.0322,45.0322,77.0199
6,463,42805.9317,0,6.309,10.8851,10.8851,53.2017
6,464,42866.3735,0,19.3666,25.3364,25.3364,91.568
6,465,42943.1041,0,1.5044,5.1036,5.1036,43.3452
6,466,43035.429,0,1.1815,13.3806,13.3806,54.1207
6,467,43151.7193,0,12.3719,14.5262,14.5262,76.908
7,1,0.0,0,11.8252,18.4464,18.4464,67.7366
7,2,99.3653,0,3.6459,4.5745,4.5745,38.6139
7,3,282.9781,0,1.1132,3.1649,3.1649,54.3406
7,4,388.8126,0,5.8572,10.2546,10.2546,89.8581
7,5,446.2041,0,3.9403,9.8029,9.8029,49.2529
7,6,556.2047,0,11.7974,13.346,13.346,47.7974
7,7,585.6107,0,11.5867,16.125,16.125,66.2182
7,8,636.9015,0,4.1407,21.1922,21.1922,59.9918
7,9,753.826,0,4.4954,8.8254,8.8254,47.908
7,10,788.1675,0,3.736,19.3162,19.3162,75.4712
7,11,805.5908,0,4.8489,12.1841,12.1841,70.3352
7,12,893.0738,0,14.6642,18.0983,18.0983,59.5748
7,13,917.2832,0,8.2298,10.758,10.758,95.8928
7,14,973.1603,0,3.7588,7.8089,7.8089,47.3064
7,15,989.806,0,1.9484,7.7898,7.7898,36.0497
7,16,1218.7223,0,6.5931,14.5422,14.5422,40.6785
7,17,1332.598,0,2.9172,5.6014,5.6014,39.1249
7,18,1368.2127,0,13.9774,17.9458,17.9458,85.5072
7,19,1435.3493,0,3.7529,12.772,12.772,36.7226
7,20,1738.4901,0,2.709,9.5682,9.5682,27.2794
7,21,1835.4237,0,5.4711,8.8559,8.8559,48.0365
7,22,1855.3008,0,7.668,16.4551,16.4551,48.3316
7,23,1879.5505,0,2.3817,3.612,3.612,56.0507
7,24,1883.5555,0,2.3291,9.045,9.045,58.8079
7,25,1961.1462,0,6.1971,9.3968,9.3968,66.1863
7,26,1961.5279,0,17.8492,23.4695,23.4695,81.2859
7,27,2065.4713,0,0.5203,5.3681,5.3681,28.1225
7,28,2101.1936,0,5.2031,8.5592,8.5592,25.6575
7,29,2130.2172,0,11.8246,14.9422,14.9422,69.4516
7,30,2155.6522,0,4.366,6.6241,6.6241,60.5881
7,31,2449.0026,0,7.6761,31.1853,31.1853,80.9225
7,32,2521.3259,0,5.172,12.8184,12.8184,21.3913
7,33,2532.3232,0,4.8202,8.2324,8.2324,61.1668
7,34,2702.2451,0,3.3117,6.1811,6.1811,78.9459
7,35,3050.4491,0,2.1045,4.3992,4.3992,43.3605
7,36,3107.0139,0,8.1478,12.3855,12.3855,86.5791
7,37,3429.9082,0,6.7469,13.507,13.507,58.8329
7,38,3438.3644,0,8.1021,14.3843,14.3843,66.4347
7,39,3721.4027,0,10.5044,13.0804,13.0804,41.0615
7,40,3801.4427,0,0.7849,10.0999,10.0999,48.6799
7,41,3935.4596,0,12.5418,17.0105,17.0105,53.7506
7,42,3940.779,0,1.2788,13.7577,13.7577,97.7775
7,43,4096.2927,0,2.9131,6.5284,6.5284,36.1631
7,44,4137.6253,0,10.8377,13.1637,13.1637,45.2513
7,45,4974.2955,0,7.8454,12.3998,12.3998,59.7477
7,46,4990.8725,0,2.7657,13.8604,13.8604,78.4324
7,47,4996.0544,0,5.1842,12.8278,12.8278,92.6173
7,48,5097.329,0,1.3696,5.678,5.678,51.6906
7,49,5183.7591,0,1.5194,13.1133,13.1133,42.8865
7,50,5281.3831,0,6.7568,9.3669,9.3669,50.9246
7,51,5317.2486,0,9.4674,17.7277,17.7277,98.9782
7,52,5382.9667,0,9.8329,11.7937,11.7937,42.6411
7,53,5394.0026,0,4.2209,8.9039,8.9039,47.8129
7,54,5514.443,0,4.0006,5.6062,5.6062,36.747
7,55,5549.1452,0,1.768,61.768,61.768,97.7838
7,56,5607.8255,0,3.8637,13.0074,13.0074,49.0116
7,57,5631.6754,0,10.2712,33.0116,33.0116,84.2508
7,58,5888.3245,0,2.2361,9.4267,9.4267,38.0108
7,59,6320.0952,0,14.2993,16.8933,16.8933,78.6121
7,60,6365.1679,0,5.6122,12.747,12.747,44.0118
7,61,6370.2586,0,5.0268,9.5718,9.5718,54.8933
7,62,6429.4373,0,11.2317,12.9688,12.9688,40.354
7,63,6427.4297,0,9.8781,16.6426,16.6426,49.769
7,64,6470.7074,0,5.1144,11.3551,11.3551,101.4143
7,65,6577.5381,0,2.6591,6.4847,6.4847,63.4723
7,66,6572.7978,0,11.2984,18.8238,18.8238,84.6231
7,67,6620.1452,0,1.7068,11.8069,11.8069,51.7739
7,68,6633.3932,0,13.5209,19.3278,19.3278,98.6959
7,69,6859.2512,0,5.0998,7.7603,7.7603,49.0748
7,70,6902.9152,0,5.9911,17.286,17.286,41.7134
7,71,6921.1279,0,4.3358,14.1629,14.1629,47.7691
7,72,6953.4857,0,2.1805,6.0993,6.0993,29.2702
7,73,7117.0986,0,8.8939,14.2282,14.2282,49.3375
7,74,7236.3349,0,14.2508,16.064,16.064,34.0757
7,75,7256.7472,0,2.6514,8.7555,8.7555,91.3635
7,76,7272.3537,0,2.6973,16.3811,16.3811,94.043
7,77,7324.8117,0,4.3581,22.9578,22.9578,59.1471
7,78,7393.5754,0,4.8874,8.3952,8.3952,40.1617
7,79,7636.1289,0,9.6897,11.3314,11.3314,54.3505
7,80,7737.0455,0,17.5709,23.9996,23.9996,47.2216
7,81,7762.9179,0,1.2678,2.5282,2.5282,79.8904
7,82,7754.3623,0,7.0894,12.8169,12.8169,80.4179
7,83,7893.7289,0,7.519,14.5771,14.5771,67.4017
7,84,7984.8771,0,4.8016,12.1801,12.1801,43.7843
7,85,8004.4291,0,9.1329,11.911,11.911,45.1583
7,86,8192.8316,0,3.1947,6.1665,6.1665,41.523
7,87,8212.6196,0,11.7422,22.262,22.262,83.1969
7,88,8291.0862,0,7.9028,16.6103,16.6103,20.3016
7,89,8312.4872,0,3.8992,6.204,6.204,48.7022
7,90,8397.5738,0,1.972,6.7528,6.7528,136.1124
7,91,8730.2883,0,4.5866,7.6783,7.6783,46.8799
7,92,9068.6723,0,12.0702,15.8922,15.8922,62.6892
7,93,9488.1251,0,5.7107,14.521,14.521,36.9614
7,94,9530.929,0,13.1395,43.577,43.577,89.8057
7,95,9581.0123,0,4.6328,44.8898,44.8898,71.4489
7,96,9650.3118,0,1.0828,6.5766,6.5766,30.5221
7,97,9654.2218,0,10.5855,13.4299,13.4299,54.5176
7,98,9795.5616,0,6.056,23.6809,23.6809,87.5783
7,99,9882.034,0,2.6656,15.5599,15.5599,48.2896
7,100,9927.797,0,5.8249,8.369,8.369,27.1661
7,101,10337.0511,0,13.1827,17.5881,17.5881,58.5446
7,102,10377.1744,0,6.7349,11.7512,11.7512,47.1615
7,103,10645.8432,0,5.4775,7.9654,7.9654,26.7359
7,104,10655.4221,0,3.8059,8.364,8.364,72.118
7,105,10675.7639,0,3.3691,6.9534,6.9534,77.8039
7,106,10692.708,0,2.759,9.1928,9.1928,85.6748
7,107,10784.9689,0,7.9588,11.3163,11.3163,109.9617
7,108,10911.5188,0,7.9965,11.841,11.841,53.1863
7,109,10978.1706,0,20.1722,24.5904,24.5904,87.3076
7,110,11118.5417,0,3.2658,25.9272,25.9272,79.5983
7,111,11354.7169,0,2.8525,6.0282,6.0282,53.9546
7,112,11416.1519,0,3.3367,4.6797,4.6797,34.1101
7,113,11690.6502,0,2.3706,5.303,5.303,46.1809
7,114,11741.0281,0,2.6122,12.2066,12.2066,39.7431
7,115,11791.5504,0,6.3925,14.6535,14.6535,55.0434
7,116,11886.4984,0,6.07,9.6342,9.6342,49.0647
7,117,12071.4433,0,10.6035,12.7985,12.7985,48.7822
7,118,12172.3527,0,5.2118,8.2058,8.2058,60.4216
7,119,12271.3155,0,5.466,13.7915,13.7915,66.0532
7,120,12326.4709,0,5.2216,8.6214,8.6214,76.5803
7,121,12333.1847,0,8.6901,22.5942,22.5942,84.4098
7,122,12369.175,0,9.1053,12.8377,12.8377,64.9317
7,123,12509.9979,0,4.6371,7.8843,7.8843,56.202
7,124,12517.3839,0,6.5643,8.7683,8.7683,76.475
7,125,12656.5559,0,7.1331,11.4922,11.4922,66.5673
7,126,12670.5108,0,11.7458,15.816,15.816,86.9972
7,127,12722.4494,0,5.0712,15.3327,15.3327,52.8392
7,128,12832.9016,0,7.0426,10.0144,10.0144,34.527
7,129,13103.674,0,6.2909,8.406,8.406,31.2527
7,130,13127.0164,0,5.3651,7.7072,7.7072,33.6304
7,131,13443.8703,0,4.3331,7.9684,7.9684,31.5022
7,132,13565.9397,0,8.4957,11.4468,11.4468,48.8426
7,133,13702.392,0,11.4871,12.8629,12.8629,46.4895
7,134,13762.184,0,1.6575,5.6724,5.6724,96.6497
7,135,13759.18,0,9.2977,12.2526,12.2526,106.5194
7,136,13790.792,0,2.6413,8.1473,8.1473,78.6547
7,137,13792.9334,0,5.4697,25.5141,25.5141,82.9878
7,138,13825.9418,0,17.2995,22.1539,22.1539,63.8445
7,139,13849.0084,0,9.2695,14.1638,14.1638,46.1063
7,140,14003.3171,0,9.8416,12.4792,12.4792,64.9185
7,141,14189.6012,0,4.8749,9.9771,9.9771,68.4227
7,142,14255.8839,0,2.5958,12.7732,12.7732,42.4871
7,143,14389.3341,0,4.415,7.2266,7.2266,58.6922
7,144,14437.438,0,3.381,12.2708,12.2708,50.0065
7,145,14883.4808,0,5.9079,13.1624,13.1624,38.0131
7,146,15014.6198,0,9.0285,13.2891,13.2891,59.9266
7,147,15042.8324,0,10.8031,13.78,13.78,33.9144
7,148,15044.1609,0,12.965,16.6632,16.6632,71.0173
7,149,15145.4154,0,13.3475,23.1179,23.1179,90.7366
7,150,15215.0246,0,9.4216,21.5149,21.5149,73.6893
7,151,15217.2994,0,8.1421,21.4428,21.4428,95.3391
7,152,15258.7392,0,2.6217,5.9919,5.9919,58.9488
7,153,15316.0337,0,11.5582,14.2069,14.2069,26.1802
7,154,15354.6012,0,1.1399,5.0039,5.0039,72.0462
7,155,15438.3478,0,12.7712,18.8764,18.8764,86.8463
7,156,15520.0268,0,3.4937,7.9511,7.9511,44.6301
7,157,15523.2681,0,13.0306,16.9472,16.9472,73.9964
7,158,15591.6345,0,7.9542,15.8977,15.8977,71.6039
7,159,15636.925,0,1.7367,7.6897,7.6897,55.8368
7,160,15697.5957,0,9.731,13.3153,13.3153,98.6862
7,161,16272.0178,0,5.3349,6.0835,6.0835,104.2181
7,162,16502.0827,0,10.7539,14.1505,14.1505,43.2728
7,163,16523.1109,0,2.6015,4.6365,4.6365,77.8808
7,164,16626.914,0,1.2976,5.2664,5.2664,48.2156
7,165,16768.1417,0,4.5484,9.5173,9.5173,39.4696
7,166,16778.2536,0,11.3441,17.2251,17.2251,43.4551
7,167,16818.821,0,7.0416,8.1262,8.1262,26.9863
7,168,16838.6958,0,5.3449,10.6013,10.6013,48.4813
7,169,17090.9047,0,2.2003,6.3112,6.3112,92.9011
7,170,17140.1037,0,2.1575,3.3323,3.3323,48.3255
7,171,17222.8379,0,4.0348,5.1812,5.1812,46.9271
7,172,17289.8504,0,4.252,9.1386,9.1386,59.1494
7,173,17525.301,0,3.1932,6.1881,6.1881,38.7197
7,174,17616.4188,0,4.1667,8.7301,8.7301,37.0699
7,175,17793.5276,0,6.185,38.2058,38.2058,91.1023
7,176,17906.6549,0,3.7062,9.9533,9.9533,74.0433
7,177,18002.2829,0,10.3661,23.2777,23.2777,87.4577
7,178,18059.6513,0,3.2534,7.0136,7.0136,34.8795
7,179,18092.6499,0,17.9964,20.0598,20.0598,83.4618
7,180,18154.3218,0,6.708,10.6286,10.6286,58.1174
7,181,18169.0093,0,23.5306,30.0732,30.0732,73.9996
7,182,18261.6917,0,2.2728,4.4677,4.4677,59.9241
7,183,18326.6871,0,3.2877,12.9928,12.9928,28.372
7,184,18344.1897,0,4.0634,10.7694,10.7694,51.5773
7,185,18356.8692,0,11.2487,13.0422,13.0422,51.8135
7,186,18457.8256,0,13.1863,14.8408,14.8408,50.7358
7,187,18531.2036,0,7.2887,10.712,10.712,46.5678
7,188,18558.2875,0,15.8651,19.5184,19.5184,63.053
7,189,18571.1196,0,10.1511,16.7803,16.7803,83.3637
7,190,18723.0654,0,3.3165,4.0436,4.0436,25.4807
7,191,18722.0644,0,1.3506,5.6357,5.6357,108.112
7,192,18729.4389,0,4.4,8.6431,8.6431,120.5001
7,193,18835.5613,0,3.0334,18.9536,18.9536,34.3672
7,194,18944.3827,0,5.6181,9.825,9.825,52.3058
7,195,18994.1049,0,6.346,8.2005,8.2005,84.8545
7,196,19054.5668,0,1.0294,4.9415,4.9415,43.0219
7,197,19080.9864,0,1.3338,2.3423,2.3423,41.024
7,198,19284.951,0,15.0188,20.8706,20.8706,65.6383
7,199,19363.9287,0,7.9831,20.8836,20.8836,47.5362
7,200,19415.6662,0,9.4108,15.376,15.376,50.5735
7,201,19474.2884,0,13.7324,20.0188,20.0188,61.8422
7,202,19563.3399,0,4.9768,7.0751,7.0751,39.1215
7,203,19580.8938,0,11.5089,26.6584,26.6584,57.8971
7,204,19586.2146,0,0.6987,24.3949,24.3949,74.119
7,205,20188.6363,0,4.0386,8.1388,8.1388,64.4114
7,206,20333.0747,0,10.6567,13.8325,13.8325,57.2386
7,207,20557.481,0,8.3368,17.5982,17.5982,48.4729
7,208,20712.5324,0,1.0664,8.629,8.629,35.3149
7,209,20720.2269,0,1.8047,5.8437,5.8437,55.6535
7,210,20804.5514,0,5.5403,9.6765,9.6765,57.1025
7,211,20841.3786,0,1.7068,5.6568,5.6568,40.4183
7,212,20921.6492,0,9.389,13.1208,13.1208,47.2461
7,213,20997.849,0,10.8287,15.4835,15.4835,64.9891
7,214,21011.8005,0,11.6344,25.1179,25.1179,142.9677
7,215,21078.4863,0,3.9701,8.1766,8.1766,82.6475
7,216,21108.7384,0,6.2847,8.077,8.077,70.1553
7,217,21175.7971,0,4.3435,6.7951,6.7951,65.9658
7,218,21184.061,0,8.1096,21.3466,21.3466,67.2153
7,219,21345.1856,0,9.5711,17.0631,17.0631,52.139
7,220,21355.2531,0,5.1535,15.9184,15.9184,68.1728
7,221,21363.6049,0,4.234,7.6022,7.6022,71.0359
7,222,21466.5925,0,4.1311,8.9492,8.9492,67.88
7,223,21520.9405,0,15.5134,18.8674,18.8674,58.507
7,224,21772.2742,0,2.6849,5.7784,5.7784,84.7367
7,225,21759.996,0,7.4192,19.3961,19.3961,77.8492
7,226,22080.6272,0,1.8465,10.3949,10.3949,58.3366
7,227,22083.6905,0,3.2534,7.3433,7.3433,103.64
7,228,22233.052,0,13.7303,18.0695,18.0695,104.2478
7,229,22262.7481,0,8.7781,12.2808,12.2808,70.3069
7,230,22277.2226,0,4.7604,13.3493,13.3493,90.3095
7,231,22416.6375,0,4.6956,9.3897,9.3897,60.4962
7,232,22510.7033,0,7.1303,13.2654,13.2654,47.8741
7,233,22505.0643,0,11.9059,23.6212,23.6212,66.4224
7,234,22552.5951,0,1.084,11.2614,11.2614,41.0792
7,235,22558.7461,0,4.8133,12.1251,12.1251,135.857
7,236,22575.8925,0,5.3631,12.888,12.888,119.1056
7,237,22617.0623,0,9.0571,15.2671,15.2671,91.7025
7,238,22928.9359,0,3.2831,7.9696,7.9696,40.3406
7,239,23317.6004,0,10.1357,10.9845,10.9845,61.5364
7,240,23863.1379,0,9.1276,14.759,14.759,67.2679
7,241,23994.0988,0,1.165,10.198,10.198,49.6067
7,242,24036.7586,0,12.9223,25.5975,25.5975,90.0911
7,243,24280.0379,0,7.3265,39.8297,39.8297,71.3484
7,244,24359.9142,0,2.442,7.5225,7.5225,26.856
7,245,24400.8354,0,6.5873,13.8918,13.8918,60.694
7,246,24444.0672,0,12.7934,23.0519,23.0519,67.037
7,247,24537.4468,0,7.3267,12.5943,12.5943,53.6255
7,248,24723.5466,0,3.0194,7.8302,7.8302,21.6548
7,249,24794.9048,0,4.1455,13.8524,13.8524,53.9474
7,250,24984.2844,0,8.9835,21.1182,21.1182,62.051
7,251,25221.7823,0,5.9942,8.2491,8.2491,44.4588
7,252,25314.6047,0,12.0497,26.6373,26.6373,74.8267
7,253,25681.9474,0,17.6898,21.3723,21.3723,74.8126
7,254,25746.5862,0,1.3757,3.5561,3.5561,32.5674
7,255,25741.6522,0,10.2282,11.1315,11.1315,43.1021
7,256,25795.4539,0,7.9528,17.6142,17.6142,62.4239
7,257,25913.0422,0,4.7749,10.6826,10.6826,64.0397
7,258,25975.7011,0,10.4921,11.9914,11.9914,59.669
7,259,26053.5482,0,4.1834,9.3432,9.3432,82.7694
7,260,26154.6602,0,16.9217,21.1404,21.1404,61.9382
7,261,26230.5814,0,1.5676,7.6711,7.6711,46.0203
7,262,26301.0548,0,4.7217,8.0853,8.0853,46.2944
7,263,26423.8279,0,4.5795,7.674,7.674,57.0351
7,264,26441.0573,0,2.1464,6.2565,6.2565,84.3622
7,265,26598.5499,0,4.6481,9.5342,9.5342,63.574
7,266,26608.3857,0,10.3131,16.1048,16.1048,59.7247
7,267,26629.843,0,3.2415,6.1094,6.1094,58.8344
7,268,26952.5296,0,2.6862,9.3026,9.3026,53.7892
7,269,26952.0448,0,1.8303,15.7163,15.7163,57.3089
7,270,27270.7623,0,4.1993,12.599,12.599,39.8693
7,271,27711.0927,0,4.9839,6.3729,6.3729,34.0721
7,272,27719.7073,0,14.5438,16.5338,16.5338,64.8612
7,273,27804.2402,0,8.6584,19.3844,19.3844,42.6906
7,274,27830.2555,0,3.1,7.401,7.401,45.4003
7,275,27916.3411,0,8.8853,12.7736,12.7736,63.1966
7,276,27949.1633,0,10.133,15.3436,15.3436,51.8954
7,277,28017.3727,0,4.6037,11.9377,11.9377,51.738
7,278,28043.0519,0,14.4177,18.873,18.873,82.9391
7,279,28053.0869,0,14.3787,47.702,47.702,117.1644
7,280,28124.7509,0,6.0163,18.2008,18.2008,85.646
7,281,28231.063,0,4.4969,7.5845,7.5845,44.8265
7,282,28268.7791,0,10.895,14.6636,14.6636,94.3027
7,283,28314.4748,0,3.43,6.3278,6.3278,57.7364
7,284,28322.2662,0,4.3122,11.081,11.081,98.9912
7,285,28602.8548,0,1.902,6.8005,6.8005,49.4427
7,286,28911.1316,0,9.8787,17.2976,17.2976,94.5712
7,287,28928.0688,0,2.2481,11.7478,11.7478,115.1001
7,288,29134.378,0,14.9416,18.7031,18.7031,54.4867
7,289,29165.123,0,3.1753,5.0249,5.0249,90.0234
7,290,29301.4522,0,11.3503,17.5096,17.5096,54.9766
7,291,29343.6601,0,3.7031,7.9575,7.9575,47.7985
7,292,29311.3202,0,6.5508,41.9265,41.9265,90.0155
7,293,29470.6086,0,8.8624,19.0598,19.0598,55.1639
7,294,29495.4379,0,4.924,10.6927,10.6927,78.5602
7,295,29543.859,0,13.7324,15.9486,15.9486,89.3939
7,296,29547.9248,0,7.2442,12.9728,12.9728,91.3697
7,297,29549.3358,0,4.8358,11.9227,11.9227,99.471
7,298,29624.115,0,17.2091,22.5065,22.5065,55.6949
7,299,29649.9987,0,11.389,17.9614,17.9614,31.8912
7,300,29674.5588,0,2.767,7.2903,7.2903,74.3464
7,301,29722.3104,0,12.4456,19.9201,19.9201,75.0011
7,302,29795.2357,0,5.8449,8.1215,8.1215,73.631
7,303,29917.3919,0,3.8303,9.2902,9.2902,54.8281
7,304,30118.65,0,1.8888,4.9517,4.9517,78.8975
7,305,30235.3819,0,3.7806,60.985,60.985,91.3241
7,306,30531.1904,0,2.6735,6.1179,6.1179,45.4955
7,307,30732.8248,0,5.1752,35.0076,35.0076,93.0418
7,308,30775.1586,0,1.408,3.7234,3.7234,79.5434
7,309,30831.3497,0,3.4129,20.1025,20.1025,54.5266
7,310,30884.9576,0,4.7464,11.1865,11.1865,57.1419
7,311,30897.1205,0,7.1889,15.7446,15.7446,76.651
7,312,30897.0279,0,10.1229,36.7672,36.7672,101.189
7,313,31009.6486,0,7.1011,8.8434,8.8434,49.797
7,314,31072.4971,0,19.7313,24.3671,24.3671,87.0776
7,315,31145.4547,0,5.3534,5.6575,5.6575,46.4908
7,316,31196.3757,0,10.7285,13.5085,13.5085,66.416
7,317,31395.5517,0,12.9643,16.0516,16.0516,61.3824
7,318,31584.4048,0,3.1652,7.32,7.32,83.0864
7,319,31882.4408,0,14.0602,18.9835,18.9835,62.5158
7,320,31892.7905,0,6.1547,9.9187,9.9187,63.2528
7,321,32021.133,0,4.6803,6.9543,6.9543,45.0473
7,322,32201.2489,0,5.4205,14.5992,14.5992,49.755
7,323,32312.4627,0,2.4725,15.5298,15.5298,41.6373
7,324,32316.8536,0,5.017,12.2763,12.2763,58.6629
7,325,32356.2266,0,3.8279,9.6456,9.6456,52.6061
7,326,32356.4675,0,9.0285,19.5506,19.5506,67.6577
7,327,32394.6191,0,8.3776,13.3877,13.3877,33.6604
7,328,32417.0618,0,7.3199,24.4622,24.4622,80.8427
7,329,32475.9477,0,13.1023,16.3763,16.3763,34.0486
7,330,32494.2085,0,1.7655,6.6306,6.6306,112.1067
7,331,32530.2056,0,10.8484,14.3774,14.3774,101.0975
7,332,32557.3305,0,2.8547,15.1134,15.1134,83.1947
7,333,32565.4499,0,7.9148,27.3238,27.3238,96.4835
7,334,32813.4101,0,5.3738,11.3749,11.3749,60.2868
7,335,32921.6618,0,4.4829,14.9646,14.9646,43.4655
7,336,32937.8795,0,0.7019,4.507,4.507,34.3427
7,337,33051.2576,0,6.6356,9.5063,9.5063,46.8685
7,338,33105.9808,0,5.4086,9.17,9.17,73.9203
7,339,33212.6048,0,4.1834,10.4352,10.4352,36.4456
7,340,33279.9271,0,16.3226,18.575,18.575,85.0068
7,341,33427.666,0,15.4355,22.3802,22.3802,40.7429
7,342,33459.6879,0,3.3284,12.0432,12.0432,83.9592
7,343,33564.031,0,6.5352,10.4939,10.4939,99.8296
7,344,33740.1605,0,5.1999,7.5803,7.5803,55.0266
7,345,33790.5387,0,6.0197,8.4325,8.4325,50.88
7,346,33911.46,0,9.777,21.0192,21.0192,66.9368
7,347,33924.5913,0,12.1054,13.9764,13.9764,87.4837
7,348,33988.5103,0,4.6309,14.3801,14.3801,62.413
7,349,34199.8184,0,6.3437,9.4683,9.4683,59.7583
7,350,34288.3432,0,3.1947,12.1368,12.1368,40.5533
7,351,34350.6029,0,5.526,10.3755,10.3755,37.1937
7,352,34374.5155,0,5.4004,12.3709,12.3709,73.0328
7,353,34369.5396,0,16.4797,18.9255,18.9255,83.7255
7,354,34502.1084,0,2.9886,4.3588,4.3588,52.695
7,355,35027.4628,0,9.326,15.157,15.157,45.0866
7,356,35138.8317,0,1.4389,9.3682,9.3682,62.1755
7,357,35173.1703,0,6.423,10.2764,10.2764,33.188
7,358,35300.0783,0,14.5127,25.2613,25.2613,52.4666
7,359,35344.7172,0,2.3102,7.7983,7.7983,114.62
7,360,35353.0468,0,3.8217,7.6409,7.6409,60.5849
7,361,35357.5123,0,7.6781,8.0295,8.0295,71.5681
7,362,35442.6287,0,7.0473,16.842,16.842,71.8641
7,363,35509.1584,0,2.8191,6.5582,6.5582,38.0996
7,364,35523.411,0,13.6538,16.2332,16.2332,51.2941
7,365,35544.2145,0,12.2334,14.036,14.036,97.1394
7,366,35619.5242,0,5.6862,7.8138,7.8138,50.3762
7,367,35656.3699,0,3.7536,8.2426,8.2426,53.1656
7,368,35684.0779,0,3.2877,11.4595,11.4595,58.6254
7,369,35701.3764,0,9.1485,11.3092,11.3092,76.5453
7,370,35716.9877,0,3.7057,17.9666,17.9666,101.3074
7,371,35871.9806,0,3.7676,9.6639,9.6639,29.399
7,372,36010.3004,0,7.0782,11.8983,11.8983,48.4663
7,373,36022.0596,0,8.2809,10.0276,10.0276,66.2841
7,374,36039.3338,0,7.3736,12.8445,12.8445,61.9249
7,375,36285.1088,0,4.7127,12.3,12.3,41.8776
7,376,36476.8325,0,5.5869,10.165,10.165,50.9265
7,377,36502.0104,0,14.2278,17.6325,17.6325,21.5806
7,378,36530.1839,0,0.6825,4.2392,4.2392,81.8252
7,379,36530.8079,0,6.1789,7.7989,7.7989,59.5961
7,380,36546.9635,0,3.7633,7.0271,7.0271,38.7511
7,381,36556.7326,0,4.7589,8.7689,8.7689,68.1582
7,382,36572.8341,0,6.6787,10.5013,10.5013,80.1013
7,383,36597.2374,0,16.219,22.9136,22.9136,79.55
7,384,36619.535,0,12.4965,21.432,21.432,67.681
7,385,36641.0291,0,18.3734,20.3815,20.3815,102.8004
7,386,36784.2235,0,9.6042,14.0093,14.0093,40.3265
7,387,36778.9744,0,9.9189,69.9189,69.9189,115.4491
7,388,36879.7911,0,6.4139,10.9125,10.9125,58.2163
7,389,36907.1893,0,5.2534,7.9098,7.9098,45.2849
7,390,36948.5279,0,5.7591,16.2191,16.2191,39.6609
7,391,37277.8783,0,2.6656,8.1211,8.1211,36.3154
7,392,37301.5435,0,11.5092,16.1243,16.1243,90.1329
7,393,37328.4142,0,5.3449,11.9873,11.9873,71.7491
7,394,37472.803,0,3.4091,4.7147,4.7147,43.1306
7,395,37748.8265,0,2.7811,4.9336,4.9336,43.7421
7,396,37886.2509,0,9.4252,15.1735,15.1735,68.463
7,397,37967.4097,0,3.047,6.9768,6.9768,31.8601
7,398,38050.3106,0,1.8214,10.9233,10.9233,58.6167
7,399,38108.9635,0,12.0497,19.435,19.435,57.0257
7,400,38138.8138,0,2.8952,17.6889,17.6889,101.8954
7,401,38174.1546,0,14.9105,17.4808,17.4808,76.3411
7,402,38161.6548,0,20.5097,30.2672,30.2672,98.1985
7,403,38185.0201,0,17.5773,27.5968,27.5968,61.559
7,404,38215.1325,0,1.52,5.2216,5.2216,95.7377
7,405,38306.1746,0,11.689,14.9865,14.9865,58.3972
7,406,38357.9803,0,21.8259,27.2137,27.2137,38.9226
7,407,38391.9743,0,0.7677,2.545,2.545,77.9568
7,408,38411.5109,0,7.4096,13.8737,13.8737,49.074
7,409,38467.1039,0,12.2504,22.3767,22.3767,69.531
7,410,38903.4618,0,3.3165,8.7529,8.7529,52.2232
7,411,38948.8546,0,2.7107,7.611,7.611,63.2084
7,412,39525.58,0,6.215,25.6039,25.6039,78.0811
7,413,39683.0048,0,6.4049,23.8762,23.8762,54.0845
7,414,39729.5148,0,12.4987,21.5042,21.5042,61.4678
7,415,39816.35,0,4.8864,11.4173,11.4173,78.4262
7,416,39903.9225,0,3.3237,9.8474,9.8474,36.088
7,417,39905.3374,0,2.2152,18.4212,18.4212,81.9523
7,418,39926.3475,0,10.7839,21.1928,21.1928,63.0044
7,419,40022.6509,0,0.6862,34.9209,34.9209,75.9937
7,420,40106.8499,0,2.5154,9.1543,9.1543,39.5821
7,421,40121.057,0,7.3934,14.6619,14.6619,36.902
7,422,40122.752,0,8.0237,13.1787,13.1787,76.2456
7,423,40218.4615,0,7.1638,17.6964,17.6964,26.6674
7,424,40240.1777,0,6.5756,9.6121,9.6121,76.2881
7,425,40419.7259,0,4.3778,17.2492,17.2492,49.4146
7,426,40557.5172,0,14.9338,16.8737,16.8737,68.502
7,427,40605.0541,0,4.502,11.3478,11.3478,66.9849
7,428,40731.2948,0,2.5831,12.0153,12.0153,41.8843
7,429,40821.8452,0,6.3093,12.1222,12.1222,78.2184
7,430,40944.2394,0,9.2074,13.3575,13.3575,49.4239
7,431,40981.9028,0,19.3266,24.5457,24.5457,74.2422
7,432,41078.5553,0,10.7634,21.0602,21.0602,42.3996
7,433,41143.7296,0,6.1136,10.6678,10.6678,92.9361
7,434,41179.7121,0,3.3,4.1204,4.1204,66.4109
7,435,41275.2745,0,5.4459,18.9328,18.9328,59.3588
7,436,41374.9636,0,7.9264,15.4371,15.4371,62.6062
7,437,41383.8338,0,2.461,19.5489,19.5489,68.0376
7,438,41622.9195,0,8.1215,15.4832,15.4832,49.2724
7,439,42225.7336,0,11.0083,15.8194,15.8194,57.0841
7,440,42318.3553,0,4.4954,7.9473,7.9473,24.9849
7,441,42385.1997,0,20.4144,24.2651,24.2651,38.897
7,442,42419.4798,0,3.3105,7.8259,7.8259,76.1089
7,443,42521.4862,0,6.8155,8.0086,8.0086,50.9225
7,444,42622.0013,0,0.9338,4.0124,4.0124,47.0701
7,445,42693.7791,0,6.1998,13.1752,13.1752,28.7178
7,446,42692.8077,0,2.4262,17.7148,17.7148,36.2442
7,447,42700.2429,0,5.0473,12.2502,12.2502,60.3657
7,448,42726.3403,0,3.0872,8.1554,8.1554,48.8558
7,449,42888.6376,0,2.573,27.8421,27.8421,79.0132
7,450,42900.0756,0,10.6882,16.5212,16.5212,98.7113
7,451,43053.4309,0,7.9559,10.1399,10.1399,49.5441
7,452,43056.7567,0,12.7391,17.0138,17.0138,76.1042
7,453,43109.7195,0,3.6753,6.8438,6.8438,28.6259
8,1,0.0,0,1.2918,8.3076,8.3076,86.168
8,2,622.4883,0,2.7913,7.319,7.319,36.951
8,3,627.6621,0,6.3232,9.3712,9.3712,47.1972
8,4,630.5097,0,4.2082,7.1744,7.1744,63.9383
8,5,696.8719,0,1.7802,2.844,2.844,46.3927
8,6,752.9925,0,1.4687,4.3253,4.3253,54.4622
8,7,759.0846,0,6.3359,12.9978,12.9978,59.8731
8,8,785.5931,0,7.9534,12.2325,12.2325,78.4188
8,9,824.051,0,3.3099,11.4048,11.4048,42.0868
8,10,836.5546,0,3.1194,5.8196,5.8196,65.5683
8,11,863.3123,0,4.7462,8.5419,8.5419,66.4568
8,12,910.6979,0,6.1248,10.0795,10.0795,43.4164
8,13,964.2899,0,7.6761,10.3124,10.3124,44.8369
8,14,978.4648,0,13.5218,16.7366,16.7366,58.1527
8,15,1051.0392,0,9.4821,13.0452,13.0452,49.451
8,16,1161.5324,0,2.415,5.9301,5.9301,31.0282
8,17,1217.3364,0,7.2871,13.233,13.233,48.6771
8,18,1236.5817,0,6.5229,8.9471,8.9471,52.7669
8,19,1242.9852,0,4.9409,12.3194,12.3194,56.8099
8,20,1498.3491,0,9.1323,18.0274,18.0274,69.8966
8,21,1623.4818,0,3.9263,11.5401,11.5401,37.6818
8,22,1733.7162,0,4.9457,10.0044,10.0044,59.4156
8,23,1817.9233,0,13.2546,16.6849,16.6849,64.4981
8,24,2054.166,0,10.9927,14.6434,14.6434,43.792
8,25,2098.2719,0,1.7209,7.4389,7.4389,45.0528
8,26,2124.9772,0,5.1973,12.3987,12.3987,47.7102
8,27,2142.9548,0,1.7016,11.817,11.817,65.1272
8,28,2174.3597,0,9.5884,12.7794,12.7794,73.4013
8,29,2200.5359,0,3.9159,9.9387,9.9387,50.8341
8,30,2294.9612,0,7.0038,64.0062,64.0062,116.7048
8,31,2477.0051,0,4.9417,12.4345,12.4345,33.6702
8,32,2555.9993,0,6.7482,8.2793,8.2793,58.7766
8,33,2591.8014,0,2.6691,3.4776,3.4776,40.9031
8,34,2669.3687,0,2.5946,8.1631,8.1631,25.1682
8,35,2682.6512,0,15.4624,18.5584,18.5584,90.5284
8,36,2660.9218,0,6.9797,54.4706,54.4706,78.281
8,37,2740.8823,0,4.818,7.7756,7.7756,28.4102
8,38,2741.2696,0,8.1009,15.716,15.716,77.0502
8,39,3120.6563,0,6.2004,16.7233,16.7233,54.3497
8,40,3265.6314,0,8.5946,18.6557,18.6557,56.0348
8,41,3322.2559,0,4.7217,6.3716,6.3716,54.5507
8,42,3333.3628,0,13.0301,19.1348,19.1348,70.5225
8,43,3427.5902,0,9.7199,17.1233,17.1233,52.9544
8,44,3648.995,0,9.625,11.2045,11.2045,50.2776
8,45,3733.1122,0,12.148,13.9295,13.9295,62.7499
8,46,3770.729,0,7.0894,17.8383,17.8383,63.8052
8,47,3831.3407,0,6.8432,11.0352,11.0352,59.3373
8,48,3945.5332,0,1.785,6.569,6.569,27.0212
8,49,4146.3016,0,0.9163,6.7155,6.7155,53.291
8,50,4176.93,0,4.4765,9.1414,9.1414,41.9804
8,51,4244.8211,0,6.2348,11.398,11.398,64.987
8,52,4347.7804,0,2.678,8.3869,8.3869,85.0368
8,53,4577.8797,0,4.7479,6.3184,6.3184,38.984
8,54,5081.8987,0,5.4108,9.1955,9.1955,49.9051
8,55,5186.6144,0,6.0436,10.2663,10.2663,37.6145
8,56,5244.2521,0,1.6405,15.5785,15.5785,67.7158
8,57,5417.5639,0,12.0462,15.4567,15.4567,44.0437
8,58,5429.1253,0,1.839,11.2319,11.2319,70.8046
8,59,5456.8634,0,8.2315,13.7688,13.7688,48.6669
8,60,5536.3069,0,2.2515,5.6456,5.6456,46.3602
8,61,5571.5413,0,5.0633,9.3499,9.3499,58.5781
8,62,5599.8544,0,5.1948,23.3494,23.3494,63.9084
8,63,5680.623,0,1.6246,14.1908,14.1908,48.9742
8,64,5790.3596,0,2.1362,5.3268,5.3268,30.3081
8,65,5885.3721,0,8.0151,18.7546,18.7546,52.9018
8,66,6169.4551,0,2.642,12.1214,12.1214,34.0105
8,67,6330.6451,0,5.0725,7.8389,7.8389,31.0984
8,68,6329.2842,0,3.047,11.2844,11.2844,33.0061
8,69,6366.1638,0,12.4952,31.1472,31.1472,84.1758
8,70,6508.338,0,10.1023,18.1807,18.1807,40.5831
8,71,6543.0342,0,10.8529,16.1421,16.1421,96.0486
8,72,6587.1095,0,4.7161,8.4221,8.4221,62.5058
8,73,6662.4977,0,5.1173,10.803,10.803,30.0938
8,74,6712.096,0,4.8443,7.7793,7.7793,37.5391
8,75,6734.4642,0,4.0108,11.2769,11.2769,34.7536
8,76,6794.5149,0,2.8533,6.2422,6.2422,30.272
8,77,6951.6622,0,13.4156,17.9977,17.9977,77.56
8,78,7006.6405,0,1.2941,3.3542,3.3542,50.8784
8,79,7056.8429,0,3.4487,5.8356,5.8356,42.634
8,80,7054.5813,0,9.4718,17.1587,17.1587,53.4038
8,81,7086.846,0,4.4172,13.1526,13.1526,50.2565
8,82,7229.8163,0,3.1573,16.5671,16.5671,68.3537
8,83,7395.688,0,3.7359,9.103,9.103,35.2096
8,84,7398.1908,0,10.6567,14.433,14.433,69.9422
8,85,7448.8887,0,17.4169,21.7725,21.7725,76.5853
8,86,7719.805,0,6.7834,11.9191,11.9191,50.4792
8,87,7850.7835,0,3.4622,10.6084,10.6084,48.8828
8,88,7847.0279,0,13.3475,17.3417,17.3417,59.4548
8,89,8022.8501,0,4.7552,13.6565,13.6565,52.3013
8,90,8059.0458,0,13.8332,24.7527,24.7527,92.2757
8,91,8223.7201,0,1.5438,7.2605,7.2605,31.1525
8,92,8336.5722,0,8.325,12.9248,12.9248,49.2898
8,93,8426.1084,0,8.9564,15.0121,15.0121,53.4813
8,94,8617.5651,0,5.0783,14.4472,14.4472,44.2919
8,95,8662.7013,0,9.6502,14.468,14.468,65.0769
8,96,8876.4711,0,4.0224,6.4389,6.4389,32.7105
8,97,9122.2337,0,4.5389,9.8858,9.8858,74.7641
8,98,9184.4541,0,8.4162,12.499,12.499,58.0083
8,99,9250.8003,0,5.7872,15.3385,15.3385,40.2183
8,100,9252.2766,0,13.0685,17.181,17.181,58.137
8,101,9294.3688,0,8.1407,16.7384,16.7384,53.7088
8,102,9384.1264,0,1.8222,13.3146,13.3146,37.3848
8,103,9376.6017,0,6.5845,32.6768,32.6768,78.2115
8,104,9433.3183,0,4.8358,10.1323,10.1323,48.7539
8,105,9553.73,0,14.517,16.9284,16.9284,65.0251
8,106,9701.1017,0,9.285,12.4454,12.4454,67.4235
8,107,9751.7232,0,4.3027,6.3911,6.3911,46.3667
8,108,9896.61,0,1.75,13.7483,13.7483,55.6636
8,109,9951.3023,0,0.2794,2.0486,2.0486,24.4292
8,110,9978.4352,0,6.9271,9.392,9.392,47.164
8,111,9976.8746,0,4.0917,11.9163,11.9163,49.3303
8,112,9990.2792,0,5.396,11.5326,11.5326,40.3764
8,113,10071.1203,0,5.8571,13.2731,13.2731,56.2808
8,114,10162.1633,0,7.668,12.1291,12.1291,80.5947
8,115,10377.0444,0,6.5119,7.9681,7.9681,44.9992
8,116,10466.3272,0,3.5848,7.0182,7.0182,54.082
8,117,10506.9087,0,9.4058,11.7445,11.7445,47.6688
8,118,10576.6655,0,13.2955,26.3103,26.3103,96.9458
8,119,10633.3782,0,12.1199,16.5873,16.5873,52.455
8,120,10642.9872,0,12.4928,16.463,16.463,63.5856
8,121,10754.2915,0,7.1693,39.2741,39.2741,70.6639
8,122,10834.5417,0,3.6793,9.3578,9.3578,44.5331
8,123,10942.9671,0,3.7712,13.3901,13.3901,40.3552
8,124,10952.2159,0,8.7338,12.606,12.606,69.5558
8,125,10973.9267,0,2.1857,7.9375,7.9375,32.725
8,126,10992.9828,0,9.8546,14.0455,14.0455,85.9329
8,127,11232.137,0,5.3313,8.6566,8.6566,31.1942
8,128,11296.1976,0,10.997,15.7825,15.7825,69.0736
8,129,11362.1386,0,9.0756,13.5972,13.5972,32.5302
8,130,11385.4303,0,4.8441,11.0833,11.0833,68.3004
8,131,11412.1929,0,3.9275,11.3959,11.3959,43.8154
8,132,11538.8422,0,0.2409,6.0471,6.0471,46.2107
8,133,11542.4569,0,8.0504,10.5971,10.5971,123.454
8,134,11546.2959,0,4.2738,12.2575,12.2575,138.8941
8,135,12088.0641,0,14.059,17.9493,17.9493,70.4428
8,136,12096.0045,0,12.2273,22.8354,22.8354,87.5411
8,137,12158.4774,0,2.1318,16.5137,16.5137,42.8832
8,138,12184.2258,0,10.5845,17.1922,17.1922,52.3965
8,139,12270.3919,0,2.5828,6.0361,6.0361,67.4195
8,140,12305.7084,0,4.9002,9.997,9.997,40.2617
8,141,12320.052,0,0.7311,6.3047,6.3047,55.5546
8,142,12421.3079,0,16.9246,20.9692,20.9692,105.0912
8,143,12486.6289,0,16.3752,18.5238,18.5238,86.2563
8,144,12554.7093,0,7.2984,14.5018,14.5018,44.7884
8,145,12656.9516,0,8.5264,11.4129,11.4129,48.8583
8,146,12778.2378,0,12.11,20.3136,20.3136,66.9281
8,147,12870.187,0,2.0255,6.9248,6.9248,80.3337
8,148,13045.6267,0,3.7827,6.5894,6.5894,72.6389
8,149,13044.7602,0,8.6088,13.038,13.038,83.4955
8,150,13140.5485,0,4.4568,8.9026,8.9026,60.097
8,151,13264.2098,0,7.4003,12.6055,12.6055,46.7022
8,152,13352.5883,0,10.4762,14.1064,14.1064,47.8825
8,153,13371.297,0,5.2014,23.8163,23.8163,46.9334
8,154,13403.5516,0,5.8113,10.5938,10.5938,30.4461
8,155,13458.6225,0,5.1479,10.1131,10.1131,51.7891
8,156,13452.4773,0,14.9031,20.6932,20.6932,83.411
8,157,13602.1485,0,4.1839,22.897,22.897,66.8603
8,158,13670.4476,0,2.2409,6.2247,6.2247,49.3979
8,159,13684.4543,0,14.6458,16.6037,16.6037,110.1369
8,160,13821.3573,0,3.2334,8.6433,8.6433,57.2387
8,161,13909.4276,0,12.2545,14.2787,14.2787,56.8788
8,162,13934.9251,0,2.5245,8.1302,8.1302,34.8726
8,163,14093.4891,0,3.2765,10.5861,10.5861,74.7048
8,164,14153.0249,0,9.6208,14.6032,14.6032,49.293
8,165,14156.8598,0,8.3018,18.7604,18.7604,60.4833
8,166,14159.6661,0,13.0957,16.4004,16.4004,84.2487
8,167,14282.5961,0,10.6956,18.3921,18.3921,55.8715
8,168,14310.1645,0,9.1672,16.7593,16.7593,67.0785
8,169,14384.962,0,1.7453,6.0813,6.0813,37.2781
8,170,14452.7905,0,18.3288,31.9129,31.9129,71.649
8,171,14710.1105,0,8.2958,26.1833,26.1833,66.7801
8,172,15029.4802,0,0.3174,6.4791,6.4791,43.0765
8,173,15034.1994,0,7.5184,12.998,12.998,55.4853
8,174,15099.7881,0,13.7324,23.6308,23.6308,57.3365
8,175,15181.2948,0,10.3404,16.8712,16.8712,52.9199
8,176,15189.6556,0,7.2076,10.9708,10.9708,52.748
8,177,15192.7078,0,15.4284,18.9016,18.9016,68.0551
8,178,15266.8217,0,1.478,5.2049,5.2049,23.6624
8,179,15276.651,0,6.2027,19.4495,19.4495,50.8629
8,180,15315.0293,0,7.4418,10.7414,10.7414,48.7637
8,181,15350.6729,0,7.0685,10.9244,10.9244,83.7678
8,182,15433.9941,0,6.6539,10.5996,10.5996,53.175
8,183,15448.5283,0,7.6345,13.9031,13.9031,61.5706
8,184,15576.8163,0,15.2064,24.8666,24.8666,72.2026
8,185,15604.1193,0,2.6442,5.5064,5.5064,51.8977
8,186,15755.517,0,8.9564,13.7671,13.7671,38.5432
8,187,15991.8455,0,8.9842,13.4137,13.4137,83.317
8,188,16355.5903,0,12.7219,20.4822,20.4822,56.8748
8,189,16403.1551,0,4.4543,9.6231,9.6231,27.9278
8,190,16470.0504,0,4.3642,6.5868,6.5868,55.0237
8,191,16465.7775,0,9.6737,15.4229,15.4229,66.4569
8,192,16479.8361,0,13.3475,18.4086,18.4086,86.399
8,193,16712.0828,0,5.0231,12.7795,12.7795,51.1697
8,194,16741.1939,0,10.3921,20.6211,20.6211,70.1936
8,195,16804.7564,0,0.9914,14.4959,14.4959,59.8542
8,196,17008.335,0,2.9285,5.5397,5.5397,51.6721
8,197,17034.0059,0,8.5688,12.7198,12.7198,45.5635
8,198,17087.069,0,12.2656,15.6401,15.6401,48.8514
8,199,17235.9899,0,3.2831,5.8549,5.8549,63.426
8,200,17256.8875,0,4.8133,6.3981,6.3981,89.2181
8,201,17272.1767,0,4.6658,13.7604,13.7604,63.7539
8,202,17460.9878,0,3.0392,8.4651,8.4651,35.7998
8,203,17517.6905,0,3.0399,10.5381,10.5381,66.2848
8,204,17813.1312,0,14.6564,18.7766,18.7766,91.1375
8,205,17908.1096,0,20.5422,26.2693,26.2693,79.1709
8,206,17954.0924,0,5.3161,10.4172,10.4172,31.3337
8,207,17989.2563,0,3.7692,7.2046,7.2046,33.7876
8,208,18011.0759,0,1.3406,3.1593,3.1593,101.0946
8,209,18104.5721,0,10.3039,12.8357,12.8357,33.7385
8,210,18210.367,0,6.2419,19.9041,19.9041,75.728
8,211,18270.5522,0,6.4693,15.1779,15.1779,55.0116
8,212,18326.9725,0,2.1758,5.6068,5.6068,57.5295
8,213,18341.781,0,8.903,14.4113,14.4113,77.5456
8,214,18804.3977,0,4.6888,9.4775,9.4775,65.3128
8,215,18987.7051,0,6.2824,9.7094,9.7094,37.898
8,216,18989.9341,0,5.1264,11.2973,11.2973,61.4542
8,217,19379.2526,0,4.5484,6.7853,6.7853,39.0774
8,218,19387.2552,0,7.1499,11.136,11.136,51.1831
8,219,19498.7086,0,2.5828,6.1859,6.1859,39.5564
8,220,19534.8333,0,4.8016,10.938,10.938,34.7944
8,221,19626.2009,0,11.389,20.318,20.318,81.2181
8,222,19689.0844,0,6.7201,16.0813,16.0813,53.965
8,223,19725.1409,0,3.8292,5.1366,5.1366,47.6525
8,224,19863.7525,0,4.9237,6.1973,6.1973,45.0696
8,225,19938.5675,0,1.8864,9.8581,9.8581,35.113
8,226,20268.9952,0,0.2487,10.1752,10.1752,66.2453
8,227,20530.9571,0,15.5284,21.204,21.204,109.1884
8,228,20604.285,0,1.8906,13.346,13.346,71.1418
8,229,20672.3561,0,18.0348,19.6121,19.6121,59.9953
8,230,20886.2002,0,5.7948,9.245,9.245,65.5748
8,231,20899.9182,0,14.2751,17.1032,17.1032,63.3901
8,232,20974.8836,0,14.9966,21.3642,21.3642,38.0044
8,233,20990.4417,0,10.6262,13.2059,13.2059,73.8229
8,234,21060.48,0,1.1399,15.0786,15.0786,58.5862
8,235,21144.4181,0,1.9235,3.5295,3.5295,64.8348
8,236,21132.7459,0,13.2166,18.4316,18.4316,79.894
8,237,21172.0569,0,8.506,11.0179,11.0179,90.6589
8,238,21180.8147,0,0.7893,5.4144,5.4144,113.4133
8,239,21288.5519,0,13.4772,73.4772,73.4772,92.3418
8,240,21355.6383,0,9.2468,26.2974,26.2974,164.6331
8,241,21432.882,0,4.3796,64.3796,64.3796,87.196
8,242,21621.4159,0,3.1069,8.3889,8.3889,43.1328
8,243,21712.5998,0,1.9234,3.8969,3.8969,36.7235
8,244,21803.3202,0,7.9279,13.3152,13.3152,43.6499
8,245,22182.2062,0,5.0547,9.6655,9.6655,30.9821
8,246,22220.3263,0,1.8461,7.1488,7.1488,39.2854
8,247,22275.2803,0,5.6667,9.1378,9.1378,44.5323
8,248,22278.0569,0,11.5867,15.1312,15.1312,44.6258
8,249,22319.5348,0,1.2304,7.5293,7.5293,24.3897
8,250,22313.9777,0,10.4173,23.2242,23.2242,66.4561
8,251,22330.782,0,8.2383,16.3481,16.3481,104.7213
8,252,22471.0185,0,14.4634,18.847,18.847,58.744
8,253,22552.1306,0,3.8059,6.8358,6.8358,34.0978
8,254,22560.4308,0,5.2749,8.5056,8.5056,64.3087
8,255,22775.4728,0,3.2759,7.2635,7.2635,35.3971
8,256,22806.8445,0,5.4534,13.5264,13.5264,38.7938
8,257,23252.1255,0,4.9757,19.9312,19.9312,74.9434
8,258,23362.6379,0,2.6974,13.5348,13.5348,49.0092
8,259,23420.1092,0,7.8951,15.999,15.999,58.5903
8,260,23758.2939,0,3.2059,12.079,12.079,43.5779
8,261,23844.5304,0,5.0268,6.97,6.97,51.5855
8,262,23874.9474,0,12.2545,23.5866,23.5866,55.8162
8,263,23944.6794,0,4.114,11.8453,11.8453,28.398
8,264,23976.059,0,8.4203,25.4653,25.4653,71.8215
8,265,24009.4714,0,2.048,9.7718,9.7718,46.2795
8,266,24130.6599,0,9.3541,14.4152,14.4152,34.431
8,267,24139.6712,0,4.5843,11.0701,11.0701,58.0695
8,268,24146.7983,0,1.3038,4.4042,4.4042,55.3694
8,269,24221.1003,0,2.9127,10.0862,10.0862,39.692
8,270,24231.9803,0,5.2797,18.7977,18.7977,59.9677
8,271,24316.4951,0,11.7049,14.3984,14.3984,58.591
8,272,24383.7829,0,9.6569,17.1163,17.1163,70.1028
8,273,24436.7031,0,6.47,12.3116,12.3116,79.0808
8,274,24522.6227,0,2.6717,7.7145,7.7145,48.186
8,275,24559.3617,0,4.5589,9.6188,9.6188,77.3632
8,276,24642.5188,0,9.1215,37.9097,37.9097,83.6274
8,277,24780.4139,0,9.8163,12.4288,12.4288,64.2609
8,278,24877.7169,0,2.116,25.0264,25.0264,82.5301
8,279,24911.6591,0,3.0712,5.5904,5.5904,67.477
8,280,24923.9401,0,7.8951,12.2962,12.2962,108.8048
8,281,24967.9906,0,14.273,18.9034,18.9034,71.2763
8,282,25119.3181,0,7.9573,17.989,17.989,53.8213
8,283,25198.2596,0,6.9021,17.7139,17.7139,93.0535
8,284,25480.8414,0,9.5067,12.2707,12.2707,54.6648
8,285,25583.8075,0,7.1647,10.3713,10.3713,48.4822
8,286,25660.1485,0,3.0313,8.6457,8.6457,108.8363
8,287,25812.6009,0,6.7312,11.4183,11.4183,38.4772
8,288,25914.4852,0,3.9143,8.2767,8.2767,56.447
8,289,25981.408,0,12.6537,14.1977,14.1977,84.5307
8,290,25996.3313,0,16.634,21.853,21.853,77.5421
8,291,26069.467,0,12.2377,17.6681,17.6681,70.324
8,292,26339.6298,0,5.9307,6.7784,6.7784,50.4152
8,293,26400.2154,0,8.7526,11.8242,11.8242,65.5268
8,294,26636.8647,0,2.3988,3.908,3.908,39.9889
8,295,26623.1994,0,12.6283,40.5778,40.5778,106.7941
8,296,26718.8363,0,10.5063,18.2112,18.2112,51.2886
8,297,26728.0298,0,8.2796,13.3836,13.3836,66.8122
8,298,26755.9657,0,4.3331,7.23,7.23,35.9588
8,299,26767.157,0,2.6384,6.3395,6.3395,74.0517
8,300,26780.9038,0,1.2822,7.1104,7.1104,66.2949
8,301,26835.2064,0,11.0773,33.6489,33.6489,67.5747
8,302,26973.0116,0,10.1712,14.1842,14.1842,77.5053
8,303,27001.2567,0,11.5405,19.57,19.57,54.1162
8,304,27120.7146,0,3.2367,5.9486,5.9486,42.1463
8,305,27216.2228,0,2.8212,23.4292,23.4292,60.2652
8,306,27367.169,0,1.857,16.4596,16.4596,36.9992
8,307,27367.9896,0,9.9594,18.0314,18.0314,68.1689
8,308,27501.496,0,5.2265,11.1605,11.1605,38.4402
8,309,27645.846,0,2.265,9.1704,9.1704,49.4194
8,310,27985.5695,0,9.434,14.7143,14.7143,83.854
8,311,28037.9479,0,6.5845,11.2646,11.2646,43.1766
8,312,28088.3389,0,2.3561,10.5249,10.5249,48.4681
8,313,28103.7868,0,5.0438,13.7799,13.7799,48.4905
8,314,28147.529,0,8.0699,15.0542,15.0542,78.1397
8,315,28264.3725,0,5.4839,11.3389,11.3389,62.4178
8,316,28290.2583,0,8.7308,11.8049,11.8049,40.047
8,317,28310.3352,0,6.4498,10.9004,10.9004,78.9197
8,318,28413.3594,0,3.5887,8.0974,8.0974,43.2229
8,319,28431.1896,0,1.972,5.4593,5.4593,43.7682
8,320,28486.1969,0,8.4517,13.4897,13.4897,57.9351
8,321,28583.718,0,2.2358,9.061,9.061,51.5661
8,322,28620.879,0,5.1223,14.1631,14.1631,56.006
8,323,28659.6873,0,5.1563,9.8876,9.8876,40.2299
8,324,28671.56,0,5.2167,20.4938,20.4938,68.909
8,325,28779.7709,0,2.1309,5.7847,5.7847,39.5715
8,326,29321.9703,0,1.4389,4.67,4.67,38.5086
8,327,29332.1117,0,4.9638,14.605,14.605,49.8574
8,328,29492.3597,0,14.0092,19.1682,19.1682,83.3929
8,329,29528.2156,0,13.0695,26.821,26.821,70.1956
8,330,29590.0016,0,5.2451,10.5811,10.5811,65.8243
8,331,29656.6005,0,17.3566,24.2898,24.2898,80.3302
8,332,29729.3655,0,4.7719,12.18,12.18,69.5273
8,333,29883.6803,0,6.8326,10.4384,10.4384,88.7389
8,334,29893.8704,0,0.6433,7.6167,7.6167,83.1001
8,335,29981.1857,0,4.3102,12.9516,12.9516,27.2369
8,336,29991.9516,0,5.3631,11.4752,11.4752,73.9621
8,337,30120.4868,0,1.1283,3.1498,3.1498,24.2543
8,338,30168.6016,0,12.0827,15.5635,15.5635,82.9333
8,339,30389.1983,0,0.424,4.9015,4.9015,70.9126
8,340,30438.3909,0,11.6417,12.0236,12.0236,70.8756
8,341,30551.0711,0,12.4907,15.711,15.711,56.9965
8,342,30769.9101,0,9.2907,14.5822,14.5822,49.7248
8,343,30790.247,0,7.1011,15.3176,15.3176,71.4668
8,344,30874.1391,0,5.3423,10.1794,10.1794,55.1849
8,345,30874.9703,0,9.4498,17.4316,17.4316,119.8607
8,346,31101.7866,0,4.554,9.4626,9.4626,63.6062
8,347,31108.4371,0,14.059,17.3976,17.3976,79.1786
8,348,31132.9054,0,1.3662,7.6726,7.6726,72.5431
8,349,31144.4398,0,11.1655,20.5268,20.5268,84.99
8,350,31192.8654,0,4.5412,12.2724,12.2724,46.4326
8,351,31368.8758,0,4.9056,6.9703,6.9703,25.8576
8,352,31392.9401,0,3.2115,7.1013,7.1013,55.29
8,353,31522.5532,0,4.9237,15.2305,15.2305,50.9805
8,354,31647.1997,0,10.7808,20.5262,20.5262,100.8565
8,355,31906.9343,0,8.2565,10.5344,10.5344,48.3139
8,356,32024.1645,0,8.7643,11.0353,11.0353,56.7536
8,357,32390.1425,0,8.5894,10.9918,10.9918,65.8827
8,358,32528.5305,0,3.3652,6.9933,6.9933,39.9938
8,359,32537.8394,0,10.1229,16.5193,16.5193,83.0756
8,360,32591.0811,0,8.2297,28.0405,28.0405,102.9567
8,361,32639.7219,0,4.4829,9.8772,9.8772,62.8942
8,362,32715.2997,0,9.5862,10.9229,10.9229,64.4549
8,363,32771.027,0,7.1695,31.9379,31.9379,47.2718
8,364,32789.4147,0,8.7673,14.5951,14.5951,88.8649
8,365,32808.9807,0,10.0564,17.5704,17.5704,52.9881
8,366,32823.5179,0,23.9228,26.9066,26.9066,81.0889
8,367,32885.9206,0,10.2248,12.2499,12.2499,38.9853
8,368,32896.2734,0,6.441,9.768,9.768,66.9012
8,369,32959.6078,0,3.5795,9.7933,9.7933,29.227
8,370,32968.1522,0,5.4534,18.699,18.699,42.7394
8,371,33251.6655,0,1.7489,8.0557,8.0557,67.3093
8,372,33407.4692,0,9.9674,20.5457,20.5457,51.8873
8,373,33801.1139,0,8.0663,20.004,20.004,66.1615
8,374,33820.622,0,5.3728,8.8867,8.8867,72.6057
8,375,33817.57,0,10.5569,12.4429,12.4429,97.7473
8,376,33816.3702,0,9.7184,13.644,13.644,102.7506
8,377,33848.7136,0,6.2419,24.0462,24.0462,80.1656
8,378,33932.0231,0,4.3331,34.3193,34.3193,73.5481
8,379,33968.604,0,4.9843,10.2808,10.2808,91.1129
8,380,33971.519,0,11.6231,17.3986,17.3986,94.2265
8,381,34215.0656,0,4.2105,20.6949,20.6949,58.8409
8,382,34273.1273,0,10.323,13.4568,13.4568,63.6684
8,383,34364.8048,0,0.8094,4.5142,4.5142,53.1483
8,384,34398.7649,0,7.8722,12.0229,12.0229,93.9574
8,385,34402.2153,0,16.3113,30.8306,30.8306,91.6461
8,386,34668.194,0,3.9403,7.1491,7.1491,26.1836
8,387,34942.0166,0,13.1673,18.1439,18.1439,82.1298
8,388,35066.6891,0,2.1459,10.3807,10.3807,52.0087
8,389,35200.9492,0,8.3639,10.832,10.832,60.128
8,390,35206.2798,0,13.1239,23.6194,23.6194,101.7988
8,391,35304.2351,0,4.9187,33.6366,33.6366,78.1949
8,392,35421.8082,0,5.135,9.0235,9.0235,41.8884
8,393,35505.7987,0,1.8465,5.9277,5.9277,40.3535
8,394,35555.8518,0,4.0999,7.3623,7.3623,49.4712
8,395,35584.6006,0,4.2555,7.6379,7.6379,45.8431
8,396,35674.6525,0,11.0405,15.4182,15.4182,63.5858
8,397,35691.7495,0,6.1628,13.1523,13.1523,120.7663
8,398,35870.8689,0,6.0072,22.9674,22.9674,68.8818
8,399,35964.4029,0,4.9237,9.3355,9.3355,35.7171
8,400,35966.7397,0,12.2678,15.8741,15.8741,110.6286
8,401,36518.3385,0,9.3405,12.5097,12.5097,53.0864
8,402,36539.7715,0,13.3475,17.4444,17.4444,47.0191
8,403,36569.4011,0,13.307,18.3487,18.3487,68.3196
8,404,36655.4493,0,5.0876,12.9753,12.9753,48.0167
8,405,36663.7976,0,5.8622,7.8413,7.8413,58.9084
8,406,36696.3184,0,7.138,8.0729,8.0729,49.3993
8,407,36699.4228,0,29.027,33.5455,33.5455,56.8653
8,408,36905.059,0,8.4028,28.961,28.961,78.5167
8,409,36945.6972,0,3.6949,17.5574,17.5574,57.7851
8,410,37020.8567,0,2.886,8.8745,8.8745,65.7121
8,411,37078.8462,0,9.5876,12.4232,12.4232,78.7706
8,412,37144.3636,0,3.3439,7.2989,7.2989,52.3828
8,413,37376.7535,0,3.9822,5.9088,5.9088,23.508
8,414,37391.2419,0,13.4427,29.237,29.237,74.522
8,415,37438.5373,0,3.9815,7.8363,7.8363,39.338
8,416,37929.7001,0,7.8454,14.3077,14.3077,51.5807
8,417,38014.908,0,8.909,14.5709,14.5709,61.117
8,418,38022.2312,0,17.8258,24.0293,24.0293,67.1897
8,419,38046.5332,0,16.6159,23.3658,23.3658,63.7241
8,420,38049.0079,0,19.8684,22.61,22.61,78.0938
8,421,38133.3401,0,0.7847,21.3867,21.3867,59.0612
8,422,38333.633,0,3.8927,14.0194,14.0194,39.4135
8,423,38333.1719,0,2.0898,14.8388,14.8388,42.5486
8,424,38617.0015,0,3.9972,5.6364,5.6364,24.5572
8,425,38598.6503,0,6.4924,49.9704,49.9704,46.3112
8,426,38632.8459,0,2.5121,16.4257,16.4257,89.7554
8,427,38727.1279,0,1.5036,6.1649,6.1649,25.2547
8,428,38732.4525,0,1.599,4.2445,4.2445,72.2582
8,429,38867.0448,0,5.8249,14.8192,14.8192,90.7859
8,430,38897.4365,0,10.2227,32.4865,32.4865,93.9573
8,431,39115.398,0,2.7104,12.4271,12.4271,56.3089
8,432,39139.1383,0,10.5212,30.2603,30.2603,48.4699
8,433,39170.1189,0,3.3143,15.1584,15.1584,100.6005
8,434,39194.6553,0,6.4544,62.968,62.968,100.7986
8,435,39342.4293,0,2.7959,8.5301,8.5301,70.7399
8,436,39420.9683,0,1.3227,4.4144,4.4144,31.659
8,437,39483.718,0,5.6979,9.1723,9.1723,84.8936
8,438,39588.1293,0,4.4804,41.5394,41.5394,80.1511
8,439,39722.6242,0,4.1369,9.3606,9.3606,68.0904
8,440,39912.3516,0,3.2759,9.9579,9.9579,30.1247
8,441,39935.9672,0,5.8331,13.3097,13.3097,68.4952
8,442,39970.854,0,2.58,5.0374,5.0374,52.2438
8,443,39972.7323,0,15.4333,40.8942,40.8942,98.2522
8,444,40011.9744,0,5.1563,11.1891,11.1891,75.4487
8,445,40021.7013,0,8.1401,12.4639,12.4639,84.2497
8,446,40067.6409,0,4.2555,31.3824,31.3824,85.6506
8,447,40171.1261,0,8.3018,55.1447,55.1447,102.2029
8,448,40379.9224,0,1.1132,6.8732,6.8732,58.1209
8,449,40401.2665,0,1.9173,6.4678,6.4678,51.4573
8,450,40586.8455,0,5.624,13.612,13.612,44.8628
8,451,40787.4254,0,4.9144,13.4861,13.4861,68.2896
8,452,40795.2314,0,14.1668,16.2816,16.2816,100.5968
8,453,40955.2038,0,0.9343,10.9533,10.9533,34.5176
8,454,41034.0517,0,2.1318,5.509,5.509,124.313
8,455,41110.4112,0,6.6787,10.0849,10.0849,56.7856
8,456,41353.0498,0,4.0553,12.8043,12.8043,53.8054
8,457,41378.0181,0,12.8029,15.7612,15.7612,86.2729
8,458,41444.0708,0,7.8995,11.5022,11.5022,42.8715
8,459,41582.3489,0,6.6935,19.8712,19.8712,51.7131
8,460,41599.9261,0,11.6504,20.6643,20.6643,56.9255
8,461,41623.2314,0,14.9529,72.0101,72.0101,50.0631
8,462,41696.9283,0,3.7676,8.5277,8.5277,172.6633
8,463,42012.7529,0,5.0035,8.6757,8.6757,54.7527
8,464,42182.23,0,3.2775,27.1353,27.1353,74.5625
8,465,42323.7313,0,4.6037,10.2065,10.2065,50.9291
8,466,42364.7391,0,3.0047,7.0269,7.0269,84.6634
8,467,42372.3835,0,3.0002,6.8038,6.8038,96.31
8,468,42421.65,0,9.0128,13.1551,13.1551,61.9107
8,469,42535.1717,0,10.1596,12.9708,12.9708,47.0741
8,470,42641.3663,0,14.1908,20.3904,20.3904,62.3442
8,471,42781.075,0,11.9679,20.1284,20.1284,44.3349
8,472,42803.3995,0,2.5189,7.8884,7.8884,110.3377
8,473,42880.7654,0,9.0779,20.2057,20.2057,64.4848
8,474,42910.5456,0,6.2541,16.112,16.112,54.2914
8,475,42986.8502,0,2.6402,3.3778,3.3778,40.9999
8,476,42999.5104,0,10.4568,12.4541,12.4541,35.3257
8,477,43047.0397,0,4.623,9.6316,9.6316,30.4151
8,478,43075.8536,0,6.0739,15.6463,15.6463,58.0291
8,479,43176.1323,0,10.2377,21.4572,21.4572,23.1577
9,1,0.0,0,3.7186,8.7088,8.7088,44.3294
9,2,355.4035,0,14.8974,20.6123,20.6123,51.9857
9,3,370.4857,0,11.4665,16.4058,16.4058,78.1553
9,4,608.7738,0,7.4653,19.6047,19.6047,51.4894
9,5,698.1213,0,9.604,26.1511,26.1511,70.5827
9,6,776.2298,0,7.1884,21.6047,21.6047,85.9881
9,7,900.5153,0,2.759,7.8143,7.8143,46.9177
9,8,897.5403,0,4.0352,11.1019,11.1019,59.9159
9,9,973.656,0,2.8854,10.3888,10.3888,55.3237
9,10,989.0985,0,3.9942,21.742,21.742,78.8501
9,11,1010.0185,0,11.3629,19.0352,19.0352,79.78
9,12,1030.0712,0,9.4851,19.7961,19.7961,67.5836
9,13,1132.2069,0,9.1672,11.7869,11.7869,59.5611
9,14,1260.3466,0,15.8584,16.7247,16.7247,73.5316
9,15,1391.9483,0,6.0739,16.3534,16.3534,49.1802
9,16,1793.3731,0,4.1985,6.8749,6.8749,33.6709
9,17,1923.7328,0,6.4901,11.1994,11.1994,55.9502
9,18,1930.5618,0,3.7475,5.9304,5.9304,54.2432
9,19,2029.667,0,4.0676,5.7195,5.7195,58.6944
9,20,2233.8898,0,3.0097,6.4101,6.4101,61.9787
9,21,2262.1475,0,13.0506,18.8497,18.8497,71.2736
9,22,2315.968,0,15.0763,21.0197,21.0197,68.9324
9,23,2316.1136,0,11.8618,20.887,20.887,73.4157
9,24,2348.5995,0,9.796,13.5926,13.5926,52.9522
9,25,2397.0271,0,8.8434,19.3013,19.3013,38.1609
9,26,2591.8094,0,10.1675,24.5095,24.5095,72.9933
9,27,2709.6567,0,10.6852,14.3211,14.3211,51.0816
9,28,2761.7109,0,6.3565,9.1733,9.1733,49.9795
9,29,2792.9851,0,5.2261,29.0452,29.0452,71.5286
9,30,2908.1022,0,3.0441,6.4881,6.4881,34.8503
9,31,2909.9117,0,1.1132,13.8597,13.8597,75.4332
9,32,2969.8419,0,6.1783,8.7555,8.7555,52.1063
9,33,3016.8295,0,0.7453,2.3374,2.3374,33.1111
9,34,3094.0748,0,2.349,5.2113,5.2113,53.6866
9,35,3273.6812,0,10.6912,18.7831,18.7831,46.815
9,36,3465.3977,0,9.6841,15.5574,15.5574,57.7691
9,37,3519.2334,0,9.0548,19.4933,19.4933,67.8543
9,38,3610.1953,0,6.8697,13.7034,13.7034,56.3463
9,39,3646.5664,0,10.4106,19.3593,19.3593,84.4784
9,40,3712.7528,0,7.3515,11.1568,11.1568,28.6949
9,41,3799.1748,0,5.0072,10.8456,10.8456,36.0542
9,42,3804.2261,0,9.0723,11.0421,11.0421,28.7816
9,43,3802.0557,0,14.8802,19.2935,19.2935,63.4127
9,44,3825.9973,0,4.1495,6.4907,6.4907,73.3985
9,45,3880.3434,0,8.3236,10.6375,10.6375,90.2143
9,46,3938.2572,0,13.0717,39.3944,39.3944,75.9201
9,47,4099.7712,0,4.3102,6.3908,6.3908,33.5909
9,48,4307.9704,0,8.7267,12.4196,12.4196,42.695
9,49,4364.4136,0,6.1067,13.5902,13.5902,76.2518
9,50,4557.9584,0,4.8704,17.8549,17.8549,44.6918
9,51,4611.8935,0,10.266,12.4943,12.4943,65.2537
9,52,4660.8714,0,2.6717,9.7856,9.7856,57.5054
9,53,4769.5981,0,2.6186,10.1284,10.1284,66.858
9,54,4860.0927,0,9.9995,11.7094,11.7094,52.1783
9,55,4854.3464,0,3.6494,17.5373,17.5373,81.5714
9,56,5112.7045,0,3.3105,9.3037,9.3037,48.6858
9,57,5261.282,0,8.9584,22.8863,22.8863,61.2125
9,58,5492.7733,0,12.9223,15.2588,15.2588,27.6007
9,59,5515.6266,0,2.8212,8.2091,8.2091,54.3079
9,60,5520.7841,0,5.0391,11.5602,11.5602,38.1765
9,61,5611.417,0,8.0415,11.7213,11.7213,52.3986
9,62,6014.0147,0,4.2172,15.5068,15.5068,48.2973
9,63,6156.9662,0,10.2603,24.4595,24.4595,78.5275
9,64,6302.3262,0,14.5866,20.117,20.117,81.5479
9,65,6332.0737,0,14.771,16.3828,16.3828,78.9113
9,66,6330.7852,0,20.0284,25.9118,25.9118,87.3039
9,67,6351.745,0,9.6042,14.1868,14.1868,85.9045
9,68,6445.9828,0,9.6675,15.1538,15.1538,55.6939
9,69,6462.5943,0,6.892,10.3243,10.3243,83.0387
9,70,6582.192,0,4.912,7.1348,7.1348,43.9598
9,71,6593.4357,0,6.5456,8.99,8.99,55.3413
9,72,6592.2987,0,6.4389,17.9491,17.9491,64.5484
9,73,6672.9692,0,4.5484,14.1433,14.1433,48.3504
9,74,6822.2056,0,5.3313,8.6096,8.6096,49.6686
9,75,7670.8711,0,4.5589,6.5749,6.5749,57.2231
9,76,7682.2578,0,15.5157,18.554,18.554,116.3894
9,77,7893.3086,0,4.1473,15.6917,15.6917,37.1309
9,78,7928.2338,0,8.8572,16.0406,16.0406,67.6094
9,79,7973.6054,0,14.8451,16.882,16.882,57.884
9,80,8026.6548,0,10.4351,11.8332,11.8332,55.649
9,81,8210.1137,0,4.0999,5.25,5.25,52.7877
9,82,8274.7704,0,5.4559,12.2882,12.2882,54.6186
9,83,8431.8615,0,9.1672,11.8677,11.8677,53.1406
9,84,8448.7717,0,8.6453,68.6453,68.6453,100.4257
9,85,8516.0554,0,6.249,11.6735,11.6735,42.8303
9,86,8549.3206,0,15.6483,21.255,21.255,86.6452
9,87,8654.1324,0,0.4895,6.8969,6.8969,45.1371
9,88,8704.1268,0,7.9235,11.7712,11.7712,90.983
9,89,8956.964,0,4.6796,10.0621,10.0621,33.4109
9,90,9266.2717,0,1.5929,10.1798,10.1798,58.952
9,91,9293.0169,0,13.9137,19.9555,19.9555,81.9228
9,92,9347.1186,0,10.2259,13.5689,13.5689,44.0591
9,93,9390.0641,0,13.9217,15.3719,15.3719,73.1952
9,94,9438.3833,0,5.9661,8.8189,8.8189,44.4561
9,95,9468.8222,0,6.39,13.9519,13.9519,49.8612
9,96,9487.3575,0,6.4951,13.084,13.084,86.0885
9,97,9573.0949,0,3.3691,11.2453,11.2453,49.3965
9,98,9675.5454,0,7.8866,12.0414,12.0414,55.6875
9,99,9675.5258,0,9.61,20.0274,20.0274,23.1706
9,100,9713.5315,0,1.9564,5.0073,5.0073,63.8578
9,101,9906.1133,0,3.2431,8.907,8.907,37.4434
9,102,9946.1398,0,16.5826,24.4047,24.4047,79.2099
9,103,10254.044,0,4.7322,14.0051,14.0051,65.1933
9,104,10544.7152,0,3.5306,6.136,6.136,25.8056
9,105,10599.4967,0,10.0503,17.8208,17.8208,50.5894
9,106,10640.081,0,6.4197,9.4491,9.4491,61.0474
9,107,10673.7672,0,9.7709,20.3612,20.3612,44.9448
9,108,10685.8133,0,13.2126,15.9295,15.9295,64.3053
9,109,10711.9677,0,4.9028,8.3531,8.3531,109.7802
9,110,10772.1936,0,12.6398,15.7818,15.7818,139.987
9,111,10801.3775,0,10.3207,14.9275,14.9275,121.3359
9,112,10862.2407,0,17.7977,20.642,20.642,67.2917
9,113,11051.7996,0,4.9439,22.7752,22.7752,57.0712
9,114,11200.9057,0,12.9085,16.0969,16.0969,65.4941
9,115,11321.6984,0,11.3668,16.2549,16.2549,43.2542
9,116,11366.8809,0,5.7766,7.4447,7.4447,100.3322
9,117,11378.2522,0,8.8625,12.7786,12.7786,58.0603
9,118,11491.875,0,0.6755,3.8255,3.8255,42.0963
9,119,11553.0074,0,2.1362,6.4653,6.4653,39.2913
9,120,11656.3717,0,1.8108,6.0342,6.0342,48.7892
9,121,11684.8714,0,2.7615,23.2429,23.2429,66.7308
9,122,11662.433,0,11.3156,71.3156,71.3156,97.8681
9,123,12089.706,0,3.414,11.0541,11.0541,39.7912
9,124,12213.903,0,8.7917,11.5899,11.5899,76.0388
9,125,12293.2921,0,10.7372,12.9158,12.9158,54.523
9,126,12318.0955,0,7.2571,14.3144,14.3144,48.7955
9,127,12329.4543,0,4.927,10.2512,10.2512,64.1318
9,128,12399.6516,0,2.41,39.1658,39.1658,56.2872
9,129,12612.4517,0,3.4338,21.9332,21.9332,70.506
9,130,12648.308,0,3.2177,9.7841,9.7841,41.3171
9,131,12781.6058,0,2.0845,14.5149,14.5149,45.1594
9,132,12816.3849,0,1.448,5.6744,5.6744,86.4279
9,133,12858.2729,0,8.7021,13.5055,13.5055,58.4379
9,134,12933.8327,0,1.6318,7.5897,7.5897,88.0846
9,135,12984.409,0,4.0146,7.4244,7.4244,46.499
9,136,13194.3069,0,2.9969,7.12,7.12,44.3495
9,137,13500.196,0,7.0473,17.3854,17.3854,40.5535
9,138,13505.6347,0,7.1166,15.9574,15.9574,49.7474
9,139,13532.0021,0,5.3398,6.5575,6.5575,38.4396
9,140,13570.9647,0,1.9299,7.8714,7.8714,40.6623
9,141,13575.7125,0,8.2936,13.1829,13.1829,77.0031
9,142,13655.0973,0,0.9338,3.49,3.49,46.9752
9,143,13649.7104,0,7.1884,14.0227,14.0227,73.1757
9,144,13671.5441,0,10.3853,11.1573,11.1573,63.4751
9,145,13702.3122,0,6.9368,14.4561,14.4561,43.5223
9,146,13765.9866,0,3.2811,10.1648,10.1648,50.8963
9,147,13772.7334,0,17.0972,20.4192,20.4192,70.945
9,148,13803.7478,0,4.366,7.4131,7.4131,68.7683
9,149,13847.5185,0,4.5169,16.7297,16.7297,50.9061
9,150,13853.7765,0,5.9187,15.2519,15.2519,68.2075
9,151,13944.1359,0,4.818,8.946,8.946,39.5116
9,152,13994.167,0,3.0546,4.4654,4.4654,23.2537
9,153,14291.0687,0,2.5493,4.6283,4.6283,19.831
9,154,14401.1881,0,2.8858,8.0214,8.0214,58.1088
9,155,14419.4731,0,7.3578,9.7008,9.7008,42.3714
9,156,14433.6135,0,10.9874,17.4543,17.4543,36.5887
9,157,14442.2407,0,14.2649,21.9857,21.9857,84.4025
9,158,14458.0229,0,3.5157,7.7922,7.7922,97.7281
9,159,14589.8496,0,9.4799,16.0485,16.0485,42.3269
9,160,14618.2883,0,2.1117,14.3184,14.3184,43.1836
9,161,14700.029,0,11.173,18.6138,18.6138,118.6018
9,162,14933.9897,0,5.5715,19.522,19.522,61.8834
9,163,14982.1254,0,3.6957,12.3159,12.3159,51.0984
9,164,15000.5463,0,6.8174,13.1875,13.1875,58.391
9,165,15036.6161,0,5.0876,9.6852,9.6852,28.722
9,166,15061.7818,0,14.5884,17.0172,17.0172,65.176
9,167,15073.7216,0,9.5693,11.9272,11.9272,79.9131
9,168,15121.5652,0,5.4731,11.304,11.304,38.4798
9,169,15135.1916,0,10.3818,13.6773,13.6773,57.4494
9,170,15372.7636,0,6.0649,16.36,16.36,66.0331
9,171,15429.6262,0,10.2282,27.225,27.225,70.0502
9,172,15461.2833,0,11.8369,21.6755,21.6755,71.4353
9,173,15627.661,0,10.862,14.6647,14.6647,53.3169
9,174,15988.2852,0,2.7783,4.961,4.961,32.64
9,175,16000.6503,0,10.1607,20.1102,20.1102,79.8849
9,176,16117.0175,0,3.556,7.2765,7.2765,50.1698
9,177,16305.7422,0,3.885,12.4103,12.4103,42.6301
9,178,16368.5348,0,10.1955,13.6311,13.6311,94.9852
9,179,16525.1639,0,9.434,15.8414,15.8414,81.8823
9,180,16580.8188,0,4.7161,13.3946,13.3946,34.1745
9,181,16861.5897,0,8.011,23.2877,23.2877,64.8869
9,182,16878.1065,0,13.4427,29.826,29.826,110.9356
9,183,16991.4516,0,10.384,11.8091,11.8091,62.7271
9,184,17062.077,0,9.5876,13.9708,13.9708,48.344
9,185,17143.1292,0,6.7505,10.2422,10.2422,49.192
9,186,17160.0861,0,12.2678,15.9963,15.9963,85.0509
9,187,17191.3854,0,7.209,13.3432,13.3432,78.0158
9,188,17388.4593,0,9.2197,12.5419,12.5419,53.6017
9,189,17874.5031,0,8.1166,17.8173,17.8173,57.8483
9,190,18029.9875,0,5.7538,15.2663,15.2663,62.5027
9,191,18100.8057,0,4.1326,13.011,13.011,45.6311
9,192,18104.628,0,10.5845,13.7461,13.7461,51.8267
9,193,18211.526,0,2.7966,12.4759,12.4759,51.87
9,194,18215.2948,0,2.7443,12.973,12.973,67.3339
9,195,18340.2976,0,5.8249,12.9089,12.9089,31.9129
9,196,18530.1007,0,9.6013,13.9127,13.9127,52.7747
9,197,18567.8659,0,9.3144,14.4563,14.4563,72.9929
9,198,18527.035,0,10.0721,70.0721,70.0721,118.3592
9,199,18642.1724,0,4.3226,8.7079,8.7079,83.5192
9,200,18671.8065,0,4.177,11.1317,11.1317,56.7889
9,201,18777.3661,0,3.6872,6.4616,6.4616,15.5638
9,202,19200.708,0,2.4835,4.5508,4.5508,62.1013
9,203,19199.254,0,4.6614,9.9496,9.9496,66.1103
9,204,19313.354,0,4.0676,6.6255,6.6255,43.0767
9,205,19332.4436,0,7.6138,10.7115,10.7115,40.6128
9,206,19479.3914,0,5.1342,6.6417,6.6417,54.3626
9,207,19534.2167,0,9.3081,12.7871,12.7871,49.3295
9,208,19631.6338,0,13.3552,40.7568,40.7568,102.5792
9,209,19789.1382,0,14.2207,25.8645,25.8645,80.3803
9,210,19827.0185,0,2.4122,6.9792,6.9792,61.4122
9,211,19966.1099,0,9.617,14.8149,14.8149,98.7206
9,212,20010.3086,0,4.7681,15.2058,15.2058,57.6718
9,213,20289.9604,0,8.7594,14.3189,14.3189,67.6722
9,214,20448.8567,0,4.7429,11.2447,11.2447,58.1912
9,215,20567.0212,0,3.3577,9.5105,9.5105,34.8258
9,216,20726.1981,0,5.1725,12.5999,12.5999,35.9107
9,217,20773.8998,0,12.3432,17.5707,17.5707,58.6165
9,218,20897.4985,0,12.506,15.6659,15.6659,70.589
9,219,20908.7548,0,8.3696,13.0766,13.0766,87.1618
9,220,20983.8707,0,6.3093,16.5805,16.5805,50.0767
9,221,21073.45,0,9.9176,19.267,19.267,71.4179
9,222,21275.9332,0,8.1831,18.6055,18.6055,81.6146
9,223,21326.3265,0,7.3296,9.8503,9.8503,42.0588
9,224,21440.7241,0,11.0684,14.5242,14.5242,65.5078
9,225,21478.6572,0,2.7424,6.5975,6.5975,46.622
9,226,21626.5244,0,4.7681,7.8507,7.8507,46.8137
9,227,21645.4487,0,0.7308,3.6969,3.6969,34.403
9,228,21625.1742,0,8.0458,30.0741,30.0741,68.6553
9,229,21947.8508,0,9.7099,14.7965,14.7965,55.7589
9,230,21977.7485,0,5.1524,11.8877,11.8877,46.4676
9,231,22223.4554,0,4.5389,12.5981,12.5981,49.9956
9,232,22223.6101,0,8.7806,14.9502,14.9502,93.7301
9,233,22294.6485,0,4.8149,11.2042,11.2042,30.3035
9,234,22392.0593,0,12.5691,19.1951,19.1951,58.5289
9,235,22485.7953,0,5.5951,13.4373,13.4373,70.1203
9,236,22502.6261,0,6.7572,16.0698,16.0698,57.1937
9,237,22522.3807,0,3.461,12.4298,12.4298,80.7698
9,238,22585.9651,0,7.2984,9.3924,9.3924,41.993
9,239,22640.2118,0,3.2823,7.1825,7.1825,68.8405
9,240,22661.7468,0,2.9613,5.3891,5.3891,61.4912
9,241,22675.8099,0,15.4624,23.8395,23.8395,34.3071
9,242,22704.1555,0,1.2214,6.8047,6.8047,52.4392
9,243,22717.22,0,3.4432,5.2333,5.2333,94.4962
9,244,22780.6339,0,2.9824,9.3345,9.3345,27.584
9,245,22853.8109,0,10.0978,16.4113,16.4113,68.7067
9,246,23117.3393,0,0.5644,1.7895,1.7895,22.8571
9,247,23207.4096,0,1.1938,8.7674,8.7674,39.429
9,248,23561.6245,0,7.2019,45.7284,45.7284,43.446
9,249,23610.0944,0,7.7015,13.1881,13.1881,102.6529
9,250,23662.8651,0,8.1471,11.3646,11.3646,64.6058
9,251,23684.2118,0,12.2494,16.7406,16.7406,68.1983
9,252,23714.6693,0,15.7634,21.9102,21.9102,70.7466
9,253,23803.5409,0,1.0664,3.7314,3.7314,43.9158
9,254,23800.0731,0,5.7262,13.3272,13.3272,53.0936
9,255,23821.9646,0,9.8103,14.2045,14.2045,68.4517
9,256,23811.7304,0,20.0323,24.9102,24.9102,69.8294
9,257,23818.962,0,9.9303,22.8954,22.8954,112.5795
9,258,23991.2314,0,3.3149,7.5313,7.5313,37.0924
9,259,24032.2719,0,10.0419,34.2385,34.2385,81.8618
9,260,24084.5761,0,5.4542,13.0851,13.0851,44.8489
9,261,24127.3559,0,2.8694,7.632,7.632,42.103
9,262,24148.2998,0,1.839,18.9072,18.9072,52.9306
9,263,24171.7362,0,12.1635,17.525,17.525,58.3767
9,264,24255.2414,0,4.5993,12.0535,12.0535,52.9344
9,265,24332.5824,0,0.2686,1.7502,1.7502,28.2201
9,266,24461.4054,0,6.9367,9.7033,9.7033,79.27
9,267,24483.2216,0,14.08,18.0565,18.0565,72.9918
9,268,25031.2435,0,7.4375,16.7099,16.7099,61.7164
9,269,25030.904,0,11.5728,19.566,19.566,70.435
9,270,25059.5038,0,6.5456,19.3244,19.3244,129.256
9,271,25158.5225,0,9.5483,12.5162,12.5162,53.0729
9,272,25199.0148,0,7.6904,16.5892,16.5892,38.2287
9,273,25291.0355,0,13.8503,16.7406,16.7406,63.3385
9,274,25370.9539,0,1.3746,3.4591,3.4591,40.736
9,275,25384.2476,0,3.3473,6.8052,6.8052,67.131
9,276,25535.1606,0,3.5653,5.4576,5.4576,37.4591
9,277,25753.8287,0,5.3075,8.5389,8.5389,51.7114
9,278,25777.1158,0,3.8149,7.7662,7.7662,43.076
9,279,25799.2124,0,7.6831,9.8996,9.8996,39.2523
9,280,25825.51,0,0.7417,10.1644,10.1644,64.6927
9,281,26218.8913,0,3.0333,6.4694,6.4694,30.3397
9,282,26393.7936,0,1.9173,5.7608,5.7608,55.5656
9,283,26435.2961,0,5.7658,10.1139,10.1139,52.3706
9,284,26557.233,0,3.9213,7.0844,7.0844,57.8003
9,285,26640.2697,0,3.5154,10.7742,10.7742,62.5402
9,286,26675.905,0,2.8589,7.5968,7.5968,40.0797
9,287,26722.733,0,5.5761,8.7959,8.7959,22.2291
9,288,26721.0231,0,2.3017,14.8443,14.8443,40.0338
9,289,26727.6621,0,9.2768,11.9949,11.9949,46.4565
9,290,26724.8389,0,7.3711,15.0129,15.0129,63.7079
9,291,27018.9007,0,6.8752,49.7184,49.7184,78.0692
9,292,27101.2258,0,2.689,6.9675,6.9675,37.8484
9,293,27182.4183,0,3.7272,5.418,5.418,44.0854
9,294,27228.5168,0,9.1753,18.4634,18.4634,62.0578
9,295,27288.0343,0,9.2758,11.2116,11.2116,34.3416
9,296,27457.1725,0,9.0533,17.3809,17.3809,93.1267
9,297,27563.5756,0,2.2596,9.2922,9.2922,31.8619
9,298,27664.7761,0,7.2212,16.9937,16.9937,50.7438
9,299,27703.0149,0,9.149,16.1125,16.1125,56.6006
9,300,27898.7729,0,4.4904,7.5101,7.5101,32.2373
9,301,28104.8682,0,7.9179,20.694,20.694,64.7785
9,302,28158.3865,0,5.6147,11.1572,11.1572,57.3019
9,303,28425.4798,0,4.9208,12.367,12.367,48.6287
9,304,28430.0776,0,10.0721,14.06,14.06,54.1419
9,305,28459.5772,0,4.8228,12.091,12.091,58.7205
9,306,28588.7528,0,10.315,13.8602,13.8602,32.3165
9,307,28598.8111,0,10.862,22.1399,22.1399,41.4291
9,308,28621.6297,0,7.9559,12.4732,12.4732,70.2925
9,309,28654.5683,0,9.7783,17.4963,17.4963,69.6547
9,310,28693.2468,0,3.7141,9.3037,9.3037,38.6652
9,311,28779.0393,0,1.6804,21.5765,21.5765,65.367
9,312,28942.2643,0,10.2544,13.9421,13.9421,68.2111
9,313,29026.2283,0,8.4106,16.1364,16.1364,40.6951
9,314,29467.344,0,13.6751,19.4105,19.4105,61.3197
9,315,29504.18,0,2.5402,4.0323,4.0323,53.1669
9,316,29587.1935,0,3.2894,5.309,5.309,44.2042
9,317,29662.3527,0,2.462,7.0921,7.0921,23.7773
9,318,29916.054,0,13.1863,20.964,20.964,99.2723
9,319,30042.0262,0,2.577,10.2546,10.2546,45.8271
9,320,30092.7169,0,4.6197,13.1357,13.1357,46.0497
9,321,30195.7239,0,3.7032,13.4257,13.4257,67.0905
9,322,30303.3813,0,9.5667,10.3036,10.3036,58.9629
9,323,30369.242,0,0.2587,6.1105,6.1105,32.4921
9,324,30417.3129,0,6.0957,11.0998,11.0998,41.0657
9,325,30436.8822,0,3.4475,16.9142,16.9142,44.1517
9,326,30452.5714,0,10.854,15.8645,15.8645,39.4139
9,327,30660.6812,0,3.5634,6.7396,6.7396,64.6472
9,328,30869.4769,0,5.931,7.6046,7.6046,67.797
9,329,30906.4882,0,3.0303,8.972,8.972,38.9915
9,330,30975.8517,0,3.3105,4.7756,4.7756,52.5432
9,331,30996.5323,0,14.8817,16.9431,16.9431,67.892
9,332,31043.1426,0,13.2595,17.1121,17.1121,45.8636
9,333,31200.8293,0,10.0721,12.5095,12.5095,58.1227
9,334,31234.7931,0,2.843,8.6131,8.6131,41.3782
9,335,31268.1721,0,8.2772,12.0094,12.0094,47.6586
9,336,31300.4068,0,9.2975,14.9797,14.9797,37.1394
9,337,31440.3414,0,8.8472,11.6957,11.6957,56.3909
9,338,31476.1306,0,9.2822,14.304,14.304,44.1978
9,339,31714.5618,0,13.1032,17.8344,17.8344,52.3842
9,340,31898.2496,0,3.6941,5.7626,5.7626,58.8807
9,341,32045.1099,0,3.86,8.5252,8.5252,39.7108
9,342,32046.7382,0,15.7148,18.3643,18.3643,139.3775
9,343,32165.6274,0,7.3523,12.0847,12.0847,57.599
9,344,32154.9468,0,18.8439,23.9254,23.9254,72.7738
9,345,32184.3661,0,9.0673,14.3499,14.3499,69.9932
9,346,32330.7109,0,3.9701,10.3974,10.3974,42.9096
9,347,32400.1486,0,1.8543,8.9715,8.9715,53.4944
9,348,32412.2104,0,4.6176,18.2387,18.2387,59.6542
9,349,32435.5476,0,9.1705,13.3438,13.3438,47.4923
9,350,32498.5994,0,4.7161,11.8477,11.8477,52.3114
9,351,32635.6957,0,0.901,13.0962,13.0962,58.0788
9,352,32713.1313,0,4.623,10.0086,10.0086,31.75
9,353,32770.8111,0,3.9084,7.5837,7.5837,64.2036
9,354,32827.2112,0,9.0175,18.5202,18.5202,47.2301
9,355,32900.4849,0,9.8251,18.3442,18.3442,62.1574
9,356,32976.8289,0,4.4753,7.0406,7.0406,37.2264
9,357,33276.7109,0,2.4237,8.8693,8.8693,47.4659
9,358,33641.0213,0,16.2748,19.7401,19.7401,66.8118
9,359,33761.8171,0,3.1735,10.3066,10.3066,39.6071
9,360,33773.5315,0,3.4085,8.1344,8.1344,46.4749
9,361,33831.2657,0,6.7813,22.3183,22.3183,52.1426
9,362,33859.6607,0,2.8601,7.074,7.074,46.7415
9,363,33951.5058,0,4.6037,9.2566,9.2566,72.1428
9,364,33952.2712,0,12.1422,18.5846,18.5846,60.1952
9,365,33966.0192,0,4.7235,7.7549,7.7549,89.8523
9,366,34049.2443,0,9.434,10.9583,10.9583,77.4894
9,367,34077.5733,0,14.6114,23.441,23.441,66.489
9,368,34090.2412,0,13.0911,13.9634,13.9634,55.6012
9,369,34095.5159,0,15.1984,19.7513,19.7513,72.9564
9,370,34263.8825,0,9.7107,11.0448,11.0448,44.8824
9,371,34319.9971,0,3.8206,9.8819,9.8819,46.002
9,372,34321.7602,0,10.1644,17.2316,17.2316,48.0185
9,373,34427.585,0,7.3483,10.3428,10.3428,124.8032
9,374,34444.2633,0,2.8169,5.3829,5.3829,152.7962
9,375,34456.5305,0,6.5116,9.6091,9.6091,156.3228
9,376,34490.2424,0,3.5795,9.9453,9.9453,137.3551
9,377,34663.5118,0,4.3817,18.4149,18.4149,33.3371
9,378,35084.5448,0,4.7155,9.8323,9.8323,57.4115
9,379,35138.4197,0,3.9159,13.3666,13.3666,33.3968
9,380,35216.2377,0,8.2579,12.4886,12.4886,95.6505
9,381,35282.2745,0,5.8363,10.5217,10.5217,56.2787
9,382,35319.2794,0,5.5183,11.2085,11.2085,31.4999
9,383,35384.0283,0,5.8126,11.2618,11.2618,85.2187
9,384,35469.9482,0,5.4839,19.3815,19.3815,59.4215
9,385,35526.4268,0,1.839,9.5508,9.5508,46.8801
9,386,35535.7201,0,4.4191,12.1888,12.1888,74.2802
9,387,35681.5446,0,11.2038,14.4551,14.4551,41.6395
9,388,35708.6431,0,1.1071,5.4931,5.4931,103.876
9,389,35830.1708,0,10.6655,13.6754,13.6754,51.7121
9,390,35971.1318,0,11.7101,20.5908,20.5908,20.1823
9,391,36000.8747,0,1.6244,2.3187,2.3187,72.2924
9,392,36050.5906,0,3.3371,7.8338,7.8338,40.3772
9,393,36154.8909,0,3.7359,16.3149,16.3149,57.946
9,394,36323.8847,0,10.3396,15.5149,15.5149,35.6164
9,395,36361.7758,0,1.5109,10.78,10.78,69.8561
9,396,36504.0474,0,1.5388,2.9828,2.9828,67.5673
9,397,36669.9311,0,1.8047,7.4957,7.4957,51.4616
9,398,36696.8721,0,3.7031,9.8769,9.8769,41.1976
9,399,36742.2903,0,15.2954,19.32,19.32,30.2875
9,400,36755.263,0,2.4917,7.3682,7.3682,72.5608
9,401,36820.6368,0,7.8037,13.0427,13.0427,46.8521
9,402,36817.6449,0,13.9217,21.2537,21.2537,78.0585
9,403,36873.6054,0,5.2158,10.4373,10.4373,43.3464
9,404,36972.3008,0,2.9285,4.3005,4.3005,47.7837
9,405,37031.0067,0,5.5888,9.9165,9.9165,63.2791
9,406,37120.7581,0,2.7785,8.0195,8.0195,76.4374
9,407,37253.2266,0,1.8771,11.1085,11.1085,61.9063
9,408,37389.9708,0,6.9271,11.9414,11.9414,23.8743
9,409,37416.7648,0,3.2759,5.291,5.291,65.3751
9,410,37429.8722,0,1.6599,4.5936,4.5936,46.3073
9,411,37937.8748,0,10.7429,14.1602,14.1602,47.2368
9,412,38129.8332,0,1.0816,8.8153,8.8153,40.8113
9,413,38135.5599,0,5.5216,8.7799,8.7799,108.4111
9,414,38185.5031,0,10.895,11.2397,11.2397,65.8965
9,415,38311.6019,0,2.3002,7.3224,7.3224,39.5822
9,416,38350.7059,0,5.6043,12.1068,12.1068,48.5586
9,417,38375.7886,0,3.919,9.3985,9.3985,100.0438
9,418,38422.2053,0,8.6151,12.3451,12.3451,57.3181
9,419,38467.6375,0,4.5238,10.1337,10.1337,43.5001
9,420,38677.3096,0,2.733,9.0095,9.0095,51.3895
9,421,38954.3449,0,1.9496,41.6177,41.6177,71.0452
9,422,38974.6231,0,9.7668,23.6375,23.6375,57.7847
9,423,39012.4773,0,0.7642,11.3426,11.3426,41.9479
9,424,39030.6325,0,9.3573,12.914,12.914,73.6205
9,425,39338.4903,0,7.251,15.2179,15.2179,51.5129
9,426,39511.6926,0,12.4436,16.7684,16.7684,56.9551
9,427,39542.2498,0,2.1459,7.2099,7.2099,56.1769
9,428,39549.7319,0,10.5654,13.2161,13.2161,80.9514
9,429,39591.1546,0,5.7171,10.4627,10.4627,44.9325
9,430,39598.7589,0,9.1705,12.0471,12.0471,73.0117
9,431,39610.6502,0,4.2206,12.5406,12.5406,74.2853
9,432,39736.018,0,1.7299,5.1595,5.1595,28.1319
9,433,39748.2097,0,1.9299,10.9495,10.9495,55.6775
9,434,39867.2208,0,4.4095,7.297,7.297,43.8401
9,435,39853.0411,0,7.7989,30.4601,30.4601,73.6147
9,436,39927.5685,0,9.5202,13.5035,13.5035,65.1108
9,437,40012.3185,0,11.6603,13.6494,13.6494,73.2593
9,438,40544.6387,0,1.7583,10.3282,10.3282,59.1503
9,439,40823.6166,0,6.0737,15.709,15.709,64.2583
9,440,40848.7946,0,4.927,10.8042,10.8042,63.8193
9,441,40854.4039,0,10.0073,16.5334,16.5334,64.1088
9,442,40973.5173,0,15.5403,19.6494,19.6494,75.2767
9,443,40978.836,0,10.9951,16.6393,16.6393,97.074
9,444,41003.9254,0,3.4622,13.8288,13.8288,78.9501
9,445,41137.2868,0,8.3503,13.2434,13.2434,62.86
9,446,41158.2554,0,4.374,9.2356,9.2356,69.8394
9,447,41567.2847,0,7.1331,12.6782,12.6782,65.5004
9,448,41758.0407,0,1.4705,4.3237,4.3237,55.5828
9,449,41789.1918,0,4.1504,9.3743,9.3743,50.2693
9,450,41917.0539,0,4.1946,10.072,10.072,53.156
9,451,42021.6079,0,6.8197,10.6813,10.6813,49.9833
9,452,42052.3965,0,4.8874,12.1407,12.1407,55.6655
9,453,42184.7538,0,7.3024,10.2801,10.2801,37.4268
9,454,42289.1869,0,2.4911,4.6146,4.6146,24.9431
9,455,42456.0825,0,15.5726,18.3323,18.3323,82.88
9,456,42594.6087,0,6.496,9.738,9.738,40.6143
9,457,42594.7188,0,12.9145,15.745,15.745,71.0066
9,458,42640.665,0,8.8873,12.4763,12.4763,41.5171
9,459,42653.5273,0,5.8773,16.4212,16.4212,39.9432
9,460,42710.797,0,8.1679,10.0369,10.0369,42.2289
9,461,43186.7292,0,5.5965,10.5411,10.5411,55.0262
10,1,0.0,0,6.0418,12.6178,12.6178,77.5835
10,2,9.9529,0,6.1783,10.6695,10.6695,88.5613
10,3,36.5639,0,8.2435,12.7372,12.7372,69.8588
10,4,399.4026,0,10.4409,17.3623,17.3623,38.9732
10,5,486.5406,0,0.2092,4.9398,4.9398,82.2659
10,6,550.9449,0,7.7507,13.7859,13.7859,90.3988
10,7,598.9331,0,2.3688,6.4498,6.4498,55.7817
10,8,751.9893,0,2.8781,9.4492,9.4492,37.1139
10,9,802.0914,0,4.787,9.2157,9.2157,54.1224
10,10,863.9767,0,2.5988,6.3625,6.3625,77.3085
10,11,920.3933,0,3.8038,8.2819,8.2819,41.2878
10,12,1109.6471,0,8.2969,11.2247,11.2247,52.3971
10,13,1139.7873,0,13.63,25.3052,25.3052,97.306
10,14,1494.1471,0,3.7733,7.3966,7.3966,32.6685
10,15,1512.2408,0,4.5875,11.3911,11.3911,41.1574
10,16,1878.5433,0,10.1491,12.2022,12.2022,66.0128
10,17,1897.6928,0,5.8417,19.2719,19.2719,110.9965
10,18,1949.3965,0,15.4756,40.0867,40.0867,100.6791
10,19,2001.0068,0,9.6081,18.397,18.397,66.3491
10,20,2027.5887,0,7.0695,9.9268,9.9268,71.2091
10,21,2105.8321,0,6.9068,10.3026,10.3026,45.2626
10,22,2159.911,0,7.1807,10.2629,10.2629,90.4484
10,23,2224.1382,0,6.0197,8.778,8.778,59.1915
10,24,2248.6786,0,11.6191,16.7682,16.7682,79.2042
10,25,2321.2094,0,5.017,13.8373,13.8373,56.6298
10,26,2348.7481,0,10.9108,12.084,12.084,36.901
10,27,2374.8849,0,12.4952,15.9857,15.9857,64.4742
10,28,2554.6777,0,4.2327,16.3107,16.3107,119.8628
10,29,2623.5902,0,3.8992,8.5368,8.5368,82.693
10,30,2703.5962,0,8.9851,11.9073,11.9073,43.8418
10,31,2709.533,0,5.7621,11.3911,11.3911,66.6152
10,32,2758.1787,0,3.9373,14.6396,14.6396,53.7639
10,33,2948.5441,0,3.9882,7.7604,7.7604,43.8096
10,34,3081.0974,0,3.0994,10.8422,10.8422,54.039
10,35,3206.8049,0,1.739,3.0839,3.0839,44.0852
10,36,3426.7004,0,5.5982,9.927,9.927,75.8208
10,37,3427.5412,0,9.8329,14.3029,14.3029,105.6529
10,38,3463.5312,0,4.3736,26.5581,26.5581,101.0497
10,39,3518.1406,0,5.3728,12.6063,12.6063,51.9324
10,40,3541.466,0,16.2161,21.7677,21.7677,83.157
10,41,3615.7302,0,6.2974,8.7441,8.7441,52.9274
10,42,3688.0742,0,9.873,13.5851,13.5851,49.6853
10,43,3709.5653,0,13.121,14.47,14.47,71.0787
10,44,3799.0229,0,8.8504,14.4196,14.4196,38.5014
10,45,3805.3776,0,7.2786,11.8563,11.8563,48.2855
10,46,3879.3152,0,4.2105,6.5979,6.5979,55.3113
10,47,3865.7208,0,16.7689,20.2173,20.2173,57.7213
10,48,3915.6381,0,9.8512,15.192,15.192,51.4993
10,49,3976.1561,0,2.6931,6.649,6.649,52.2331
10,50,4066.8176,0,4.6371,9.057,9.057,28.9786
10,51,4066.9661,0,7.4703,17.6274,17.6274,36.7415
10,52,4082.7285,0,4.9535,7.5041,7.5041,58.5601
10,53,4159.5255,0,10.0155,27.5751,27.5751,82.7612
10,54,4212.1236,0,9.4488,19.7781,19.7781,73.7965
10,55,4232.561,0,3.7032,6.6665,6.6665,77.3109
10,56,4243.0502,0,7.3765,8.6131,8.6131,92.4361
10,57,4247.1916,0,15.1944,19.5725,19.5725,97.8326
10,58,4709.1172,0,5.3613,14.8613,14.8613,62.3547
10,59,4747.7291,0,9.1892,16.1676,16.1676,68.1604
10,60,4776.0211,0,6.3926,10.8691,10.8691,52.4141
10,61,4960.9622,0,2.9035,8.9483,8.9483,55.5182
10,62,5003.4954,0,7.02,10.336,10.336,47.0552
10,63,4998.4591,0,5.2118,15.7928,15.7928,58.9666
10,64,5074.335,0,12.4928,61.0827,61.0827,114.4668
10,65,5174.0268,0,6.2961,11.5906,11.5906,46.1593
10,66,5258.6156,0,2.5585,10.1683,10.1683,63.9875
10,67,5253.7678,0,9.8887,15.0239,15.0239,78.5517
10,68,5382.4853,0,6.2001,12.9839,12.9839,40.0137
10,69,5497.4505,0,7.4684,13.0667,13.0667,39.8578
10,70,5527.895,0,3.5448,8.2123,8.2123,44.9751
10,71,5645.7448,0,9.1424,20.8808,20.8808,46.0604
10,72,5773.1241,0,12.1433,16.3383,16.3383,55.2078
10,73,5853.6175,0,1.7583,22.0934,22.0934,52.0777
10,74,6033.2587,0,3.4983,7.8239,7.8239,41.2558
10,75,6031.2086,0,6.295,36.1494,36.1494,74.1872
10,76,6203.4205,0,8.8621,17.0098,17.0098,56.2002
10,77,6214.7489,0,8.4409,48.4026,48.4026,78.0368
10,78,6280.2377,0,11.0324,14.0306,14.0306,57.176
10,79,6320.1964,0,18.3367,20.1983,20.1983,57.7848
10,80,6453.68,0,4.7414,12.1636,12.1636,42.8677
10,81,6516.5578,0,16.4238,23.1634,23.1634,70.4075
10,82,6537.4655,0,9.6737,13.5049,13.5049,70.0303
10,83,6603.8147,0,6.1971,10.3224,10.3224,52.2226
10,84,6618.6948,0,0.5979,4.0036,4.0036,43.1127
10,85,6647.105,0,6.3917,10.1288,10.1288,36.8131
10,86,6666.1883,0,5.1147,9.3593,9.3593,31.9415
10,87,6776.4356,0,3.8329,9.7002,9.7002,27.1712
10,88,6832.2619,0,0.8581,4.9843,4.9843,87.3829
10,89,6906.4096,0,9.881,14.4648,14.4648,64.0962
10,90,6934.8557,0,9.1567,22.844,22.844,54.829
10,91,6980.5033,0,7.8762,12.8204,12.8204,44.7553
10,92,7089.6901,0,7.0882,12.6587,12.6587,49.3933
10,93,7240.4642,0,6.6048,15.2464,15.2464,49.3715
10,94,7367.739,0,14.317,16.6608,16.6608,84.0954
10,95,7432.0021,0,2.1362,14.9255,14.9255,48.3514
10,96,7466.2528,0,11.9336,20.4178,20.4178,60.5402
10,97,7487.0724,0,4.5756,12.5898,12.5898,77.6186
10,98,7599.7185,0,8.293,10.8137,10.8137,61.4011
10,99,7635.2426,0,5.3549,12.1346,12.1346,43.2
10,100,7663.3079,0,5.3514,11.9838,11.9838,64.9632
10,101,7806.3453,0,4.3527,10.7576,10.7576,38.3117
10,102,7832.5634,0,0.7564,6.4326,6.4326,48.2376
10,103,7907.1636,0,3.033,7.8466,7.8466,60.4628
10,104,8019.8021,0,3.736,8.1787,8.1787,51.5246
10,105,8027.8936,0,2.777,10.1474,10.1474,74.9235
10,106,8107.489,0,6.4795,17.7958,17.7958,58.0828
10,107,8131.6604,0,8.3212,26.0517,26.0517,76.6295
10,108,8161.2148,0,9.5803,16.3138,16.3138,52.9325
10,109,8228.2937,0,4.137,6.3379,6.3379,28.6861
10,110,8198.8146,0,6.786,66.786,66.786,93.6968
10,111,8458.4614,0,2.1648,8.1328,8.1328,101.1939
10,112,8800.4921,0,2.852,9.6297,9.6297,51.233
10,113,8805.6753,0,8.1186,14.8748,14.8748,96.6045
10,114,8902.9275,0,2.5763,19.3927,19.3927,66.8208
10,115,8922.9453,0,1.8259,9.3071,9.3071,65.0785
10,116,9094.6974,0,4.0959,8.0924,8.0924,40.9169
10,117,9100.5753,0,8.3292,12.969,12.969,38.0419
10,118,9116.1338,0,12.6697,16.0276,16.0276,81.6451
10,119,9214.3873,0,9.2989,13.0137,13.0137,64.1281
10,120,9255.193,0,6.7643,17.91,17.91,33.2968
10,121,9272.2992,0,6.0205,9.5847,9.5847,71.1324
10,122,9279.851,0,13.4897,14.834,14.834,62.275
10,123,9347.7164,0,6.7406,8.8707,8.8707,43.4961
10,124,9381.2378,0,4.8358,7.3399,7.3399,48.0544
10,125,9392.464,0,5.6985,10.6633,10.6633,78.2567
10,126,9564.0074,0,3.6457,8.0085,8.0085,45.0622
10,127,9529.1267,0,16.3741,54.6031,54.6031,126.0109
10,128,9657.4322,0,6.9039,14.0747,14.0747,47.4443
10,129,9736.6954,0,10.5855,11.3718,11.3718,85.5299
10,130,9783.5749,0,7.9478,13.6362,13.6362,33.3139
10,131,9814.5841,0,2.0707,5.0015,5.0015,111.6539
10,132,10053.9764,0,2.1665,4.079,4.079,40.8736
10,133,10337.0218,0,5.8729,11.0759,11.0759,35.4994
10,134,10379.0682,0,0.8767,9.2409,9.2409,55.1336
10,135,10569.7825,0,9.6883,13.3481,13.3481,67.7705
10,136,10647.6178,0,9.4228,13.3595,13.3595,45.3946
10,137,10658.8072,0,4.3938,11.5267,11.5267,55.8659
10,138,10683.6194,0,7.7574,10.8913,10.8913,49.2014
10,139,10746.1104,0,2.4865,8.8139,8.8139,63.7689
10,140,10855.8348,0,13.0981,16.9775,16.9775,61.9681
10,141,10919.1715,0,11.6344,19.949,19.949,61.9199
10,142,10963.6997,0,9.5542,12.9947,12.9947,73.9529
10,143,11070.5959,0,2.6681,7.9318,7.9318,37.5785
10,144,11082.2021,0,9.5466,30.3278,30.3278,56.859
10,145,11170.8695,0,13.5788,20.6247,20.6247,72.8447
10,146,11237.31,0,4.0161,8.1,8.1,38.7661
10,147,11536.8819,0,11.6741,50.285,50.285,88.956
10,148,11562.1899,0,17.6967,41.5422,41.5422,88.8388
10,149,11647.0002,0,2.0851,5.8236,5.8236,28.6807
10,150,11761.8789,0,4.4611,6.7123,6.7123,51.9105
10,151,11802.1074,0,11.7048,15.4373,15.4373,86.6403
10,152,11886.6492,0,2.829,9.9039,9.9039,41.6765
10,153,12315.2523,0,4.2814,5.0951,5.0951,49.0989
10,154,12370.2136,0,3.5251,10.8475,10.8475,58.3816
10,155,12377.1968,0,0.7927,6.6455,6.6455,54.1897
10,156,12434.4883,0,11.1109,14.1281,14.1281,52.0056
10,157,12445.1822,0,16.0517,17.4912,17.4912,79.1357
10,158,12457.1832,0,9.6042,22.9613,22.9613,74.8776
10,159,12573.436,0,9.2439,12.7522,12.7522,63.7586
10,160,12739.4252,0,1.412,12.8739,12.8739,43.7464
10,161,12787.8523,0,8.3018,15.409,15.409,55.1101
10,162,12806.1018,0,4.4402,13.1489,13.1489,42.1534
10,163,13640.2616,0,11.0324,14.6276,14.6276,64.159
10,164,13662.7797,0,0.1907,4.9693,4.9693,54.5937
10,165,13685.2384,0,4.2354,11.5455,11.5455,44.0433
10,166,13692.4782,0,5.043,10.6517,10.6517,52.9549
10,167,13860.124,0,9.1899,12.3483,12.3483,83.3235
10,168,13931.8797,0,4.4518,10.5782,10.5782,66.0131
10,169,13992.5172,0,1.6601,8.4999,8.4999,68.7864
10,170,14111.2941,0,0.4579,7.5215,7.5215,60.0677
10,171,14192.4235,0,5.0503,10.1994,10.1994,43.8017
10,172,14187.6813,0,12.8883,25.4316,25.4316,57.8236
10,173,14201.4373,0,9.2975,14.5635,14.5635,61.3576
10,174,15028.3124,0,5.0942,19.9643,19.9643,58.0136
10,175,15101.3556,0,1.7655,6.3773,6.3773,53.3077
10,176,15124.6917,0,13.4146,37.6525,37.6525,81.0182
10,177,15274.2167,0,11.8243,15.6063,15.6063,41.3419
10,178,15325.0486,0,7.0879,28.7211,28.7211,66.9481
10,179,15552.0007,0,3.3325,8.9666,8.9666,65.4505
10,180,15553.2235,0,7.7237,14.61,14.61,71.1986
10,181,15593.7443,0,11.1614,14.609,14.609,55.9313
10,182,15727.6285,0,2.6324,6.8453,6.8453,34.1622
10,183,16192.3962,0,2.326,4.6536,4.6536,40.6029
10,184,16265.4806,0,4.6864,8.3216,8.3216,76.8653
10,185,16292.7157,0,3.4552,6.4038,6.4038,55.0241
10,186,16394.3499,0,14.0092,22.538,22.538,90.6543
10,187,16483.0896,0,7.0722,11.7372,11.7372,49.3847
10,188,16637.8078,0,9.8103,13.1856,13.1856,52.8472
10,189,16972.4305,0,3.907,10.198,10.198,47.0026
10,190,17100.4991,0,6.6424,17.4262,17.4262,66.4281
10,191,17110.9732,0,1.2033,29.9998,29.9998,87.8472
10,192,17157.4389,0,15.367,18.4663,18.4663,57.4262
10,193,17215.2766,0,4.1291,18.9024,18.9024,92.9137
10,194,17292.5904,0,5.6199,12.3075,12.3075,26.8195
10,195,17334.337,0,14.3903,20.0176,20.0176,59.8912
10,196,17434.8771,0,4.2217,12.5557,12.5557,34.9016
10,197,17595.8216,0,3.9263,7.1033,7.1033,83.1877
10,198,17750.5058,0,2.7445,6.3324,6.3324,55.4942
10,199,17777.2482,0,6.6598,14.3038,14.3038,50.8908
10,200,17815.4875,0,7.5554,11.1811,11.1811,39.3981
10,201,17863.3072,0,10.133,16.3106,16.3106,39.9639
10,202,17902.8728,0,3.9939,6.9125,6.9125,41.3291
10,203,17969.9391,0,1.5627,5.8348,5.8348,50.6877
10,204,17974.387,0,1.8222,10.2442,10.2442,60.2534
10,205,18153.075,0,14.8817,22.2498,22.2498,90.3511
10,206,18251.62,0,5.8543,9.2787,9.2787,43.2525
10,207,18287.1682,0,13.7361,19.9628,19.9628,70.5927
10,208,18407.5418,0,9.9575,14.1307,14.1307,60.9239
10,209,18431.2119,0,2.1109,6.4579,6.4579,39.3756
10,210,18599.1362,0,5.4169,11.2853,11.2853,34.2863
10,211,18763.7804,0,13.1183,16.0923,16.0923,89.1338
10,212,19055.2639,0,12.0356,31.3552,31.3552,76.0311
10,213,19109.8177,0,4.8444,9.418,9.418,48.0819
10,214,19142.8728,0,5.062,10.3927,10.3927,46.3521
10,215,19278.8269,0,5.265,9.414,9.414,46.3033
10,216,19300.985,0,18.1989,19.8063,19.8063,113.4726
10,217,19355.1064,0,7.5331,10.1758,10.1758,62.9875
10,218,19350.82,0,7.2203,15.5142,15.5142,89.4526
10,219,19357.7888,0,4.4481,8.7088,8.7088,124.4682
10,220,19405.0198,0,4.7998,6.7187,6.7187,100.5525
10,221,19494.8643,0,6.9021,9.3618,9.3618,35.5086
10,222,19591.7862,0,6.2735,10.8667,10.8667,71.5367
10,223,19703.374,0,2.7432,10.9587,10.9587,34.0784
10,224,19715.0299,0,2.4034,4.635,4.635,62.158
10,225,19728.6266,0,2.9701,12.3952,12.3952,42.9997
10,226,19865.6548,0,8.2274,14.0692,14.0692,51.7798
10,227,20026.1355,0,3.1058,8.4668,8.4668,42.3729
10,228,20049.1229,0,3.8774,8.8077,8.8077,58.3442
10,229,20229.1804,0,14.0602,16.3907,16.3907,60.6668
10,230,20360.4114,0,5.5975,9.7411,9.7411,40.5299
10,231,20406.3049,0,5.1506,7.3221,7.3221,34.0673
10,232,20839.565,0,6.423,14.2499,14.2499,54.0014
10,233,20873.2425,0,8.9653,15.8448,15.8448,37.1362
10,234,20909.3308,0,3.9213,6.3722,6.3722,35.418
10,235,20907.9993,0,6.642,13.3495,13.3495,66.0303
10,236,21008.7154,0,0.9751,5.8272,5.8272,31.6201
10,237,21006.1201,0,7.5554,10.211,10.211,58.1496
10,238,20993.5755,0,3.8927,37.9147,37.9147,76.3822
10,239,21095.415,0,1.6996,8.6608,8.6608,46.0328
10,240,21311.2824,0,4.3442,7.6552,7.6552,46.3578
10,241,21351.5702,0,2.2748,4.6216,4.6216,56.7991
10,242,21361.0909,0,12.6819,21.635,21.635,65.7451
10,243,21381.2552,0,19.2449,22.0432,22.0432,57.7932
10,244,21479.1931,0,6.3191,13.2401,13.2401,56.9315
10,245,21525.8407,0,3.2877,8.7605,8.7605,53.6394
10,246,21566.4306,0,14.8817,17.7079,17.7079,47.9039
10,247,21707.8717,0,3.5086,7.7243,7.7243,42.5287
10,248,21785.3866,0,4.7681,8.0758,8.0758,31.1476
10,249,21994.4707,0,2.2744,4.7917,4.7917,35.1432
10,250,22004.3656,0,2.7458,28.6813,28.6813,69.0325
10,251,22077.6841,0,14.2582,18.9917,18.9917,66.5826
10,252,22173.0505,0,4.8099,6.4598,6.4598,39.7261
10,253,22201.7771,0,2.9755,10.6887,10.6887,44.8918
10,254,22215.2718,0,5.1752,7.1081,7.1081,61.3798
10,255,22217.6188,0,3.9238,37.9372,37.9372,53.0231
10,256,22254.7589,0,5.8836,9.1334,9.1334,105.6056
10,257,22341.3855,0,1.3426,4.2794,4.2794,37.5349
10,258,22475.0727,0,11.6874,15.2505,15.2505,33.0499
10,259,22492.9268,0,6.3129,12.544,12.544,88.9353
10,260,22511.4562,0,7.9965,10.4418,10.4418,66.3335
10,261,22528.6488,0,8.7769,10.7096,10.7096,57.7989
10,262,22720.2829,0,2.4462,32.814,32.814,64.7959
10,263,22754.2335,0,4.4518,16.407,16.407,45.4273
10,264,22833.3349,0,3.6874,10.9153,10.9153,52.3604
10,265,23029.8442,0,4.415,8.4107,8.4107,80.712
10,266,23080.7486,0,0.9095,4.8905,4.8905,54.4149
10,267,23352.4533,0,3.3613,9.7344,9.7344,44.3
10,268,23785.2177,0,13.6996,19.7002,19.7002,71.9772
10,269,23882.6524,0,4.7414,15.7792,15.7792,37.9524
10,270,24370.0568,0,3.6264,5.1781,5.1781,27.1108
10,271,24489.902,0,5.8922,12.2142,12.2142,54.6882
10,272,24491.8824,0,9.897,12.2179,12.2179,59.8848
10,273,24520.8799,0,9.744,16.7663,16.7663,65.3256
10,274,24551.6089,0,5.5895,13.0929,13.0929,85.5527
10,275,24604.9973,0,3.4979,6.3358,6.3358,47.8989
10,276,24812.6974,0,2.3605,8.2749,8.2749,44.2459
10,277,24833.1547,0,3.8986,5.5933,5.5933,45.6495
10,278,25005.9559,0,7.3924,30.9782,30.9782,120.8942
10,279,25109.9758,0,2.9827,24.4588,24.4588,50.4043
10,280,25131.7218,0,5.8077,13.6022,13.6022,35.2914
10,281,25147.6246,0,12.5474,16.0873,16.0873,42.02
10,282,25195.0933,0,12.1457,17.2938,17.2938,60.5009
10,283,25306.236,0,10.123,16.7808,16.7808,56.7013
10,284,25360.2509,0,0.7849,4.2075,4.2075,42.9283
10,285,25363.6884,0,4.0514,8.3704,8.3704,55.1671
10,286,25457.3058,0,7.1913,12.6985,12.6985,56.2014
10,287,25484.4628,0,8.3221,15.2072,15.2072,61.6861
10,288,25513.5618,0,4.1431,8.002,8.002,43.3445
10,289,25584.8374,0,2.9927,11.9387,11.9387,65.0848
10,290,25667.0833,0,12.3226,20.3978,20.3978,45.4653
10,291,26042.7997,0,6.1562,33.1806,33.1806,64.0605
10,292,26136.7544,0,4.5212,8.4727,8.4727,59.4753
10,293,26220.447,0,2.2627,21.2514,21.2514,46.5506
10,294,26235.2896,0,5.5984,9.7744,9.7744,40.8862
10,295,26318.0708,0,4.2483,9.3773,9.3773,67.0668
10,296,26386.4774,0,7.1318,18.6863,18.6863,70.1635
10,297,26568.8277,0,4.9741,9.4491,9.4491,43.6065
10,298,26739.4581,0,2.4917,5.2655,5.2655,25.3796
10,299,26769.1246,0,3.3099,7.7154,7.7154,66.3604
10,300,26955.4526,0,3.8666,7.6829,7.6829,40.3606
10,301,27006.976,0,9.4172,12.7126,12.7126,37.8904
10,302,27041.0033,0,10.5233,17.4482,17.4482,79.3337
10,303,27085.1846,0,3.8149,13.2187,13.2187,48.6293
10,304,27163.1036,0,2.5169,9.0784,9.0784,37.1872
10,305,27221.1335,0,9.092,15.529,15.529,47.4296
10,306,27369.3426,0,0.8813,3.2249,3.2249,45.8327
10,307,27491.8154,0,11.9336,19.6525,19.6525,72.1695
10,308,27939.071,0,5.0217,10.3532,10.3532,73.7396
10,309,28028.4237,0,4.2574,10.425,10.425,50.3821
10,310,28032.3503,0,7.5512,20.307,20.307,61.1563
10,311,28121.4658,0,2.1258,13.338,13.338,44.6284
10,312,28250.966,0,10.1243,15.6819,15.6819,37.6817
10,313,28255.6243,0,13.4846,26.888,26.888,96.6873
10,314,28277.6199,0,3.7692,9.7377,9.7377,98.5751
10,315,28262.1155,0,1.5693,44.3747,44.3747,100.7885
10,316,28319.6148,0,12.0183,16.3853,16.3853,32.1343
10,317,28342.0122,0,3.2638,6.1892,6.1892,72.9595
10,318,28394.8644,0,6.7986,11.9681,11.9681,52.8985
10,319,28497.1665,0,4.488,7.7317,7.7317,27.9948
10,320,28550.913,0,2.4259,43.1485,43.1485,81.9811
10,321,28606.3596,0,2.3491,5.7204,5.7204,60.7238
10,322,28653.9895,0,1.9102,5.935,5.935,45.427
10,323,28670.6114,0,5.2595,8.6476,8.6476,39.2714
10,324,28701.8277,0,6.4804,9.835,9.835,52.816
10,325,28771.4638,0,3.6203,6.3457,6.3457,25.6147
10,326,28823.6324,0,6.226,8.4583,8.4583,33.0868
10,327,28824.287,0,4.9368,11.6274,11.6274,59.8195
10,328,29156.5658,0,4.0143,11.2099,11.2099,62.7979
10,329,29182.9193,0,4.0386,8.7514,8.7514,40.1817
10,330,29261.1648,0,7.687,9.8562,9.8562,63.3191
10,331,29436.629,0,4.7161,10.0587,10.0587,56.9203
10,332,29672.4857,0,3.2059,12.2504,12.2504,45.702
10,333,29764.4842,0,10.2282,15.6836,15.6836,50.8184
10,334,29803.7192,0,0.9493,3.7988,3.7988,38.4372
10,335,29850.6372,0,12.1214,20.5235,20.5235,55.2881
10,336,29860.107,0,8.2789,14.0724,14.0724,58.8392
10,337,29941.081,0,4.3621,8.6871,8.6871,50.0009
10,338,29974.2981,0,5.4639,10.7409,10.7409,42.0717
10,339,30030.5914,0,2.7297,22.0745,22.0745,50.0669
10,340,30254.1187,0,7.2337,9.8084,9.8084,48.8025
10,341,30375.3672,0,3.0029,7.5129,7.5129,66.4926
10,342,30831.7036,0,3.6565,18.477,18.477,85.8628
10,343,30915.1792,0,2.6217,6.8239,6.8239,39.0423
10,344,30948.5452,0,6.1407,15.5597,15.5597,45.918
10,345,30998.9173,0,4.6608,7.0854,7.0854,49.1071
10,346,31101.3291,0,5.3566,9.8974,9.8974,66.4993
10,347,31210.3033,0,5.5756,8.7694,8.7694,41.6929
10,348,31199.9437,0,0.4761,22.4766,22.4766,44.8838
10,349,31455.127,0,10.1841,14.3786,14.3786,68.7037
10,350,31479.6785,0,2.5245,4.7559,4.7559,120.699
10,351,31479.7903,0,6.1776,15.1215,15.1215,178.9398
10,352,31495.3502,0,14.3671,21.0549,21.0549,151.1616
10,353,31585.5563,0,11.4603,18.2459,18.2459,69.5694
10,354,32152.4365,0,8.0619,12.3527,12.3527,59.2435
10,355,32387.2654,0,1.7299,6.0573,6.0573,29.072
10,356,32375.9824,0,12.9123,17.4601,17.4601,59.7542
10,357,32404.1729,0,5.2694,8.6522,8.6522,98.3245
10,358,32438.3703,0,16.846,18.8885,18.8885,42.5693
10,359,32792.053,0,7.8541,12.4246,12.4246,25.5873
10,360,32795.244,0,4.1015,11.1669,11.1669,43.6474
10,361,32805.0609,0,6.8265,11.7825,11.7825,69.1088
10,362,33307.2794,0,7.2357,18.5169,18.5169,46.1301
10,363,33405.2782,0,4.4669,10.8797,10.8797,46.408
10,364,33432.7104,0,9.1215,19.4656,19.4656,58.6007
10,365,33452.5367,0,5.0425,11.3727,11.3727,58.8163
10,366,33635.8946,0,12.6406,15.4307,15.4307,67.8603
10,367,33661.0562,0,4.753,9.8029,9.8029,72.8846
10,368,33629.3683,0,4.5252,43.3691,43.3691,52.3801
10,369,33703.9341,0,7.7463,11.0687,11.0687,49.6195
10,370,33709.7031,0,3.9099,9.8146,9.8146,59.2675
10,371,33839.7036,0,2.1614,6.7714,6.7714,21.8964
10,372,33960.7302,0,5.4797,10.0223,10.0223,61.9443
10,373,34055.3155,0,4.5295,12.1444,12.1444,42.4379
10,374,34061.0248,0,10.9106,15.3481,15.3481,86.4481
10,375,34181.295,0,12.8302,22.7558,22.7558,82.2726
10,376,34390.113,0,13.1684,17.0313,17.0313,90.8272
10,377,34471.4203,0,5.9703,18.6344,18.6344,42.583
10,378,34481.9718,0,6.8246,11.1111,11.1111,74.4312
10,379,34715.5348,0,7.6715,13.0453,13.0453,34.1993
10,380,34747.4826,0,5.9566,12.2695,12.2695,72.6576
10,381,34825.6677,0,2.7975,5.6261,5.6261,51.2598
10,382,34974.9451,0,8.081,11.6281,11.6281,76.0505
10,383,35112.7106,0,11.2284,13.3831,13.3831,86.871
10,384,35144.146,0,4.4397,10.449,10.449,90.948
10,385,35267.0074,0,7.1807,13.9739,13.9739,52.8076
10,386,35332.6529,0,5.3418,8.7912,8.7912,55.884
10,387,35332.3941,0,17.8347,23.8508,23.8508,107.0414
10,388,35497.8693,0,13.9209,17.2601,17.2601,78.7281
10,389,35801.4003,0,3.3999,10.3402,10.3402,37.8903
10,390,35857.0757,0,4.8101,5.669,5.669,53.3246
10,391,35895.647,0,5.6662,11.8883,11.8883,69.5428
10,392,35920.1198,0,15.8191,18.5032,18.5032,52.6668
10,393,36042.2246,0,11.2855,18.0169,18.0169,51.1681
10,394,36278.9663,0,4.4568,11.1882,11.1882,37.1669
10,395,36385.3679,0,3.1529,4.9112,4.9112,37.4399
10,396,36474.7025,0,6.3111,12.2744,12.2744,35.8619
10,397,36568.1237,0,5.0547,9.102,9.102,48.4619
10,398,36589.9859,0,13.6093,17.3005,17.3005,89.5043
10,399,36661.8429,0,5.5919,14.0442,14.0442,47.3561
10,400,36674.5086,0,8.9803,17.6544,17.6544,76.9814
10,401,36708.2062,0,5.391,6.9303,6.9303,70.6903
10,402,36743.5926,0,10.8462,21.1002,21.1002,48.6997
10,403,36867.0093,0,5.8126,10.9457,10.9457,46.3992
10,404,36897.3129,0,5.4804,9.6944,9.6944,38.5037
10,405,36990.2975,0,3.9198,6.3361,6.3361,23.4424
10,406,37011.4912,0,3.0872,5.1314,5.1314,50.893
10,407,37108.7549,0,6.9039,8.7744,8.7744,94.7624
10,408,37243.6619,0,11.223,14.0196,14.0196,39.813
10,409,37251.6508,0,4.4095,6.2494,6.2494,80.1715
10,410,37281.5758,0,4.4422,8.6045,8.6045,49.786
10,411,37279.4164,0,5.884,12.8151,12.8151,72.7008
10,412,37423.8626,0,7.5756,12.2654,12.2654,58.5189
10,413,37486.9336,0,3.4665,7.9733,7.9733,43.5456
10,414,37534.0863,0,7.8951,13.8352,13.8352,43.6004
10,415,37558.5762,0,12.3528,22.4226,22.4226,68.2526
10,416,37750.0043,0,5.1438,9.3145,9.3145,100.6158
10,417,38012.5939,0,3.0097,9.6381,9.6381,110.1323
10,418,38071.6722,0,4.6715,7.1586,7.1586,56.6499
10,419,38102.4862,0,9.6122,10.9466,10.9466,68.2165
10,420,38140.9614,0,4.3514,5.9835,5.9835,53.0543
10,421,38192.7699,0,3.4333,5.4492,5.4492,48.7878
10,422,38397.0415,0,8.3274,10.4717,10.4717,60.881
10,423,38419.6848,0,6.448,10.153,10.153,81.3706
10,424,38469.7648,0,3.6515,14.598,14.598,93.9436
10,425,38625.3644,0,5.7647,10.0923,10.0923,54.5252
10,426,38690.8048,0,9.557,27.0056,27.0056,106.0116
10,427,38693.1337,0,10.0721,31.3445,31.3445,113.0677
10,428,38810.1206,0,8.1572,11.9885,11.9885,31.0081
10,429,38862.6701,0,4.5181,6.4392,6.4392,64.952
10,430,38919.9691,0,9.7143,12.6478,12.6478,44.113
10,431,39078.693,0,5.5743,10.0715,10.0715,51.5948
10,432,39473.8996,0,14.5884,18.736,18.736,84.3141
10,433,39608.6053,0,8.9767,11.0139,11.0139,65.2868
10,434,39665.2361,0,3.3279,6.2493,6.2493,28.0193
10,435,39743.0632,0,4.421,8.3003,8.3003,42.5127
10,436,39824.8291,0,0.3174,3.9628,3.9628,43.1904
10,437,39820.0013,0,7.8717,13.5609,13.5609,85.5363
10,438,39982.9349,0,2.1964,4.9555,4.9555,45.117
10,439,40118.0143,0,11.6371,29.1419,29.1419,83.3575
10,440,40354.2049,0,2.8211,9.0834,9.0834,40.2597
10,441,40562.2534,0,5.6199,10.2579,10.2579,34.7397
10,442,40758.5443,0,6.3503,7.4765,7.4765,76.2448
10,443,40830.9084,0,5.4202,12.6689,12.6689,88.8001
10,444,40904.6699,0,3.3751,7.1866,7.1866,46.8348
10,445,40962.2401,0,3.3891,7.695,7.695,51.1249
10,446,40988.9872,0,4.3831,7.6864,7.6864,67.9413
10,447,40994.3171,0,14.6642,21.0772,21.0772,81.9538
10,448,41048.9683,0,4.7208,8.0608,8.0608,33.8536
10,449,41143.8407,0,2.4779,6.0794,6.0794,40.5251
10,450,41327.8208,0,2.6814,6.1544,6.1544,31.986
10,451,41334.4124,0,5.172,10.5577,10.5577,44.2114
10,452,41347.5379,0,3.4345,6.2405,6.2405,34.8781
10,453,41396.9078,0,6.6965,10.9407,10.9407,35.4967
10,454,41455.6067,0,4.102,7.6233,7.6233,34.7929
10,455,41466.943,0,2.9049,7.0796,7.0796,36.6752
10,456,41518.3565,0,4.3789,16.5059,16.5059,60.0726
10,457,41622.6454,0,5.2783,18.3593,18.3593,46.3316
10,458,41659.5876,0,2.5551,8.0828,8.0828,39.7015
10,459,41670.9473,0,13.0915,18.1375,18.1375,53.5135
10,460,41748.5733,0,2.4155,6.6249,6.6249,65.1445
10,461,41823.0469,0,7.5008,11.1662,11.1662,83.1532
10,462,41884.3101,0,1.0026,5.2021,5.2021,40.8867
10,463,42057.3944,0,0.7639,14.9128,14.9128,37.6474
10,464,42300.5699,0,1.7424,10.6678,10.6678,84.365
10,465,42327.572,0,5.1479,7.479,7.479,61.5236
10,466,42333.7595,0,14.5797,16.461,16.461,65.1249
10,467,42370.6874,0,11.0785,14.6978,14.6978,51.0915
10,468,42493.039,0,10.8802,19.2132,19.2132,56.0936
10,469,42516.9794,0,3.3482,8.14,8.14,34.4008
10,470,42727.7398,0,1.1283,14.955,14.955,48.2364
10,471,42796.916,0,8.7021,13.0198,13.0198,95.6719
10,472,42940.8966,0,4.102,6.1191,6.1191,65.4983
10,473,43136.4276,0,13.6507,23.9053,23.9053,41.5645
10,474,43167.1918,0,18.7568,22.8605,22.8605,43.9566
11,1,0.0,0,2.4136,10.6185,10.6185,53.0921
11,2,104.6397,0,1.1724,3.6891,3.6891,51.9489
11,3,127.8728,0,2.9274,6.6886,6.6886,38.2357
11,4,518.7023,0,1.0591,8.6283,8.6283,25.3922
11,5,618.9118,0,0.5203,15.5036,15.5036,41.2597
11,6,621.7381,0,6.651,15.6386,15.6386,68.409
11,7,663.7989,0,1.7016,6.3923,6.3923,40.117
11,8,686.6674,0,7.2662,11.6611,11.6611,72.6598
11,9,726.5567,0,13.9051,20.9197,20.9197,124.3461
11,10,785.7212,0,7.0879,12.4031,12.4031,62.0629
11,11,801.4155,0,13.0265,18.5572,18.5572,82.5383
11,12,841.8008,0,2.9684,62.9684,62.9684,90.0675
11,13,1002.1553,0,10.669,18.5329,18.5329,40.912
11,14,1013.2839,0,3.2761,16.5258,16.5258,53.9921
11,15,1023.9572,0,4.6093,32.75,32.75,75.1115
11,16,1133.2291,0,1.6318,8.6681,8.6681,28.047
11,17,1137.8705,0,2.0734,6.4707,6.4707,49.8523
11,18,1211.7267,0,4.9237,21.3262,21.3262,92.8126
11,19,1389.7357,0,8.5264,10.9736,10.9736,26.2443
11,20,1414.2053,0,0.932,4.6653,4.6653,59.6267
11,21,1451.9263,0,1.4022,6.7827,6.7827,54.6741
11,22,1553.6834,0,3.9815,10.9594,10.9594,41.7918
11,23,1566.2623,0,3.3708,9.2263,9.2263,121.9462
11,24,1600.8514,0,6.6357,7.2554,7.2554,101.2373
11,25,1779.0534,0,4.5756,8.9833,8.9833,48.1282
11,26,1801.9134,0,3.9522,7.4987,7.4987,43.5633
11,27,1928.3146,0,3.5154,6.744,6.744,56.3284
11,28,2047.9508,0,7.4653,12.7756,12.7756,56.1532
11,29,2103.2766,0,9.3965,15.704,15.704,58.5692
11,30,2154.4025,0,4.4904,17.538,17.538,53.4664
11,31,2361.46,0,2.0082,10.1111,10.1111,50.3487
11,32,2394.5276,0,3.6117,13.3984,13.3984,35.1561
11,33,2400.5177,0,3.0213,9.3505,9.3505,59.5823
11,34,2505.5028,0,4.6896,7.5778,7.5778,52.1347
11,35,2554.7315,0,11.429,12.4696,12.4696,31.5083
11,36,2568.5725,0,7.0752,13.3499,13.3499,56.45
11,37,2705.9873,0,4.9409,7.884,7.884,34.5389
11,38,2716.5143,0,8.037,12.7372,12.7372,45.2436
11,39,2750.5397,0,4.9409,16.147,16.147,53.9516
11,40,2819.3556,0,3.5947,6.9934,6.9934,29.9312
11,41,2827.184,0,2.2834,7.1559,7.1559,80.0597
11,42,3336.7739,0,8.4838,8.5789,8.5789,41.2029
11,43,3340.1763,0,2.2868,10.2139,10.2139,42.2581
11,44,3407.0656,0,2.2667,8.6042,8.6042,70.665
11,45,3431.5692,0,4.5484,9.2935,9.2935,50.312
11,46,3446.1285,0,5.2534,21.4037,21.4037,79.4155
11,47,3477.2447,0,16.7118,21.3673,21.3673,88.7189
11,48,3496.7782,0,0.9556,60.9556,60.9556,104.6612
11,49,3745.86,0,9.3493,14.5301,14.5301,55.6651
11,50,3762.3536,0,10.0501,12.1038,12.1038,63.6843
11,51,3764.0841,0,6.1971,21.4521,21.4521,84.326
11,52,3844.5441,0,5.2742,24.6205,24.6205,93.5668
11,53,3921.149,0,10.0188,12.5142,12.5142,52.8731
11,54,4067.4367,0,9.9611,15.4619,15.4619,52.2138
11,55,4101.5736,0,3.8206,10.1736,10.1736,38.1783
11,56,4139.4623,0,16.3448,36.2572,36.2572,78.4129
11,57,4229.8901,0,11.058,12.3285,12.3285,53.9317
11,58,4728.9011,0,1.6565,4.6797,4.6797,19.3569
11,59,4724.7151,0,1.1967,11.4011,11.4011,40.7618
11,60,4799.692,0,13.0077,14.9665,14.9665,41.4797
11,61,4826.753,0,3.8635,7.5496,7.5496,93.1864
11,62,4924.8871,0,9.9137,16.1748,16.1748,85.2688
11,63,4971.4439,0,9.4419,14.6498,14.6498,53.5355
11,64,5065.3097,0,6.8047,8.3007,8.3007,51.3194
11,65,5260.8753,0,8.2594,12.0885,12.0885,46.4198
11,66,5309.3923,0,5.2953,7.6087,7.6087,34.8339
11,67,5505.6934,0,1.5223,7.2979,7.2979,93.8964
11,68,5550.6022,0,2.2143,6.5645,6.5645,81.2488
11,69,5817.8984,0,4.5143,9.7152,9.7152,59.4623
11,70,5917.9709,0,8.5403,15.448,15.448,87.6036
11,71,6232.8177,0,4.351,9.401,9.401,44.1494
11,72,6304.0767,0,9.0128,13.8512,13.8512,53.6836
11,73,6305.5665,0,2.1794,14.1297,14.1297,65.2559
11,74,6365.0509,0,3.7188,7.6433,7.6433,42.5889
11,75,6455.136,0,9.6581,11.5575,11.5575,39.9276
11,76,6547.4774,0,8.8777,11.8095,11.8095,34.6768
11,77,6575.8993,0,8.9284,10.8956,10.8956,82.1604
11,78,6667.1512,0,6.3359,11.0511,11.0511,49.5392
11,79,6679.4058,0,15.6092,20.8702,20.8702,35.9736
11,80,6704.3694,0,2.7443,5.5235,5.5235,68.6841
11,81,6740.4133,0,7.2664,14.5997,14.5997,80.6534
11,82,6734.1048,0,15.9837,35.5967,35.5967,99.169
11,83,6807.7145,0,10.4477,17.9191,17.9191,63.243
11,84,6837.316,0,6.8206,9.3781,9.3781,50.048
11,85,6852.3575,0,3.7782,5.8931,5.8931,76.5706
11,86,6940.6371,0,2.2003,10.3123,10.3123,38.0701
11,87,7087.0647,0,9.0838,12.3314,12.3314,51.9287
11,88,7247.7297,0,7.1683,9.2731,9.2731,64.4941
11,89,7248.4632,0,9.657,21.0559,21.0559,68.0179
11,90,7453.4963,0,12.3586,16.7251,16.7251,62.0626
11,91,7621.5363,0,3.7359,6.4727,6.4727,30.539
11,92,7768.4177,0,7.02,13.2206,13.2206,52.4737
11,93,7765.3762,0,12.0541,16.5388,16.5388,92.5943
11,94,7775.99,0,2.653,28.017,28.017,146.8349
11,95,7834.3491,0,5.8836,11.8702,11.8702,83.3002
11,96,8016.0236,0,5.5951,10.3609,10.3609,26.763
11,97,8039.1322,0,8.3696,20.851,20.851,56.853
11,98,8064.2371,0,14.4998,19.1758,19.1758,66.66
11,99,8112.8284,0,5.3777,9.907,9.907,96.0938
11,100,8175.338,0,12.1207,16.0573,16.0573,39.9931
11,101,8331.4712,0,2.8767,5.359,5.359,35.2036
11,102,8322.0083,0,7.3105,43.4237,43.4237,78.1141
11,103,8409.418,0,12.0256,16.178,16.178,59.6288
11,104,8614.742,0,4.5736,9.971,9.971,35.1641
11,105,8650.5822,0,10.305,16.7928,16.7928,72.8055
11,106,8692.4065,0,4.1442,7.2806,7.2806,61.8609
11,107,8707.7567,0,3.9342,8.2557,8.2557,60.1802
11,108,8873.9201,0,9.2061,14.516,14.516,63.5359
11,109,8908.7793,0,7.75,9.7225,9.7225,53.8832
11,110,8905.1256,0,3.8565,23.2326,23.2326,62.1031
11,111,9123.1518,0,2.9755,10.7185,10.7185,45.4921
11,112,9173.7901,0,15.2692,18.8796,18.8796,52.1096
11,113,9186.6019,0,2.8125,12.9048,12.9048,74.3832
11,114,9274.1385,0,6.8047,19.8562,19.8562,48.0889
11,115,9302.073,0,7.1264,16.6914,16.6914,77.4946
11,116,9416.2906,0,2.693,9.5615,9.5615,47.7685
11,117,9427.0317,0,6.1998,14.4604,14.4604,41.8907
11,118,9452.6893,0,3.6714,7.2124,7.2124,64.1904
11,119,9493.0501,0,7.5578,10.8932,10.8932,54.6608
11,120,9504.6658,0,2.9684,5.2866,5.2866,73.0618
11,121,9552.0207,0,17.3936,17.9007,17.9007,65.5372
11,122,9573.7274,0,10.2124,16.5793,16.5793,53.3109
11,123,9619.1386,0,2.9825,9.0946,9.0946,58.2768
11,124,9671.1198,0,8.291,10.0803,10.0803,38.9467
11,125,9671.3355,0,7.8679,15.2934,15.2934,72.8833
11,126,9680.7442,0,6.1628,19.9858,19.9858,84.907
11,127,9754.7925,0,8.2623,13.73,13.73,65.5841
11,128,9854.7331,0,1.2925,10.0792,10.0792,52.1222
11,129,10087.1157,0,3.974,5.494,5.494,60.4019
11,130,10138.1906,0,7.1571,13.7559,13.7559,47.2136
11,131,10264.2368,0,4.4149,8.1466,8.1466,35.7204
11,132,10538.2409,0,0.2225,4.3831,4.3831,47.6317
11,133,10576.6007,0,14.0572,20.494,20.494,74.7486
11,134,10600.4041,0,5.0056,11.6637,11.6637,60.8354
11,135,10751.9571,0,11.5558,15.1164,15.1164,67.5216
11,136,10782.9954,0,12.6816,32.331,32.331,87.5295
11,137,10835.8164,0,3.2424,12.4565,12.4565,38.6215
11,138,10813.9506,0,14.2817,45.4473,45.4473,110.4546
11,139,10918.0575,0,13.8927,18.7268,18.7268,111.5299
11,140,10959.6712,0,8.9643,20.0826,20.0826,84.2173
11,141,10969.7658,0,13.7527,21.5943,21.5943,121.2774
11,142,11039.4805,0,1.5881,8.3402,8.3402,63.8065
11,143,11273.5813,0,5.1496,9.1326,9.1326,46.2599
11,144,11362.703,0,8.9564,11.4313,11.4313,34.3781
11,145,11473.1342,0,6.4865,8.5919,8.5919,49.985
11,146,11837.2689,0,4.7322,6.3564,6.3564,40.1089
11,147,11859.5674,0,3.2692,6.786,6.786,56.6231
11,148,11945.3183,0,4.0078,7.2966,7.2966,43.9178
11,149,12082.1899,0,5.1973,8.0096,8.0096,24.6637
11,150,12125.7929,0,6.2876,9.1658,9.1658,72.9994
11,151,12179.0428,0,2.6726,6.7129,6.7129,75.9047
11,152,12212.5764,0,5.4202,8.049,8.049,78.1456
11,153,12217.9707,0,3.0562,6.0071,6.0071,84.0887
11,154,12245.8,0,3.8636,9.4161,9.4161,67.6819
11,155,12258.915,0,6.6355,13.0775,13.0775,73.4267
11,156,12299.7652,0,3.7226,11.4608,11.4608,35.4416
11,157,12318.0429,0,6.5088,27.2462,27.2462,73.6518
11,158,12370.5711,0,12.176,16.7499,16.7499,46.7872
11,159,12387.8399,0,15.9905,21.5324,21.5324,83.5465
11,160,12432.6691,0,14.6458,19.521,19.521,88.5226
11,161,12484.2572,0,10.6382,13.9889,13.9889,68.2126
11,162,12489.3891,0,13.3615,22.7688,22.7688,78.0024
11,163,12520.6373,0,8.6692,18.8972,18.8972,45.792
11,164,12611.061,0,2.2003,5.4511,5.4511,46.8944
11,165,12731.3682,0,13.7445,19.3485,19.3485,56.515
11,166,12741.6302,0,1.1283,12.4662,12.4662,106.2925
11,167,12779.2983,0,11.5529,14.7029,14.7029,61.4376
11,168,12793.1124,0,7.5587,15.1417,15.1417,78.422
11,169,12912.0491,0,2.1109,8.3353,8.3353,56.9751
11,170,12937.744,0,7.6239,16.3413,16.3413,46.7393
11,171,13011.344,0,8.7417,16.4073,16.4073,34.7431
11,172,13024.2614,0,3.076,5.872,5.872,56.1419
11,173,13384.4202,0,2.2481,5.0117,5.0117,101.9995
11,174,13440.0149,0,8.9653,16.1959,16.1959,59.6715
11,175,13546.2429,0,4.7516,8.2278,8.2278,36.8927
11,176,13587.815,0,6.3673,14.912,14.912,69.1794
11,177,13658.0231,0,1.6996,24.9062,24.9062,97.3963
11,178,13732.5241,0,13.0177,20.5217,20.5217,59.2535
11,179,13824.4492,0,4.4969,7.9472,7.9472,36.3691
11,180,13945.5685,0,4.7415,9.2774,9.2774,56.3391
11,181,13969.6626,0,9.1169,12.3245,12.3245,45.4072
11,182,13986.0748,0,12.4641,25.3216,25.3216,93.2135
11,183,13979.4977,0,1.084,59.1959,59.1959,110.6552
11,184,14143.1382,0,0.8271,8.6853,8.6853,59.4603
11,185,14243.9917,0,2.2996,8.4463,8.4463,70.8309
11,186,14308.8365,0,1.3916,12.1505,12.1505,50.5546
11,187,14441.8912,0,1.2427,6.0521,6.0521,45.0636
11,188,14613.0797,0,8.3958,9.7151,9.7151,51.483
11,189,14723.5114,0,4.237,8.7088,8.7088,27.9291
11,190,14906.5148,0,10.9636,14.8826,14.8826,94.5115
11,191,14930.2587,0,7.0084,10.2414,10.2414,127.6229
11,192,14975.5586,0,5.313,14.9817,14.9817,66.1543
11,193,14975.7468,0,4.8275,24.1563,24.1563,74.5894
11,194,14978.2281,0,30.5367,34.4427,34.4427,80.921
11,195,15078.7071,0,1.4389,9.706,9.706,44.894
11,196,15141.241,0,5.9369,8.2974,8.2974,53.1714
11,197,15193.0921,0,5.5342,8.7373,8.7373,29.3265
11,198,15179.2722,0,13.7377,25.7437,25.7437,56.6119
11,199,15288.84,0,9.6426,22.6709,22.6709,68.0817
11,200,15342.5348,0,5.0066,11.4979,11.4979,55.2952
11,201,15380.5271,0,12.4525,18.4622,18.4622,40.6613
11,202,15402.7718,0,6.9271,10.2426,10.2426,41.8859
11,203,15393.7687,0,5.0633,26.3656,26.3656,64.9745
11,204,15426.3337,0,2.58,8.0669,8.0669,49.2329
11,205,15691.891,0,7.5496,13.4147,13.4147,76.9191
11,206,15884.967,0,11.9674,19.1039,19.1039,72.0398
11,207,16090.7133,0,11.1626,15.121,15.121,57.8339
11,208,16127.8802,0,8.7417,24.3071,24.3071,71.8229
11,209,16230.7415,0,1.3032,2.4564,2.4564,32.0261
11,210,16471.6614,0,10.8423,35.6274,35.6274,92.1921
11,211,16648.1723,0,11.8796,20.2843,20.2843,76.8554
11,212,16750.9219,0,14.2037,19.1305,19.1305,55.8945
11,213,16763.3443,0,7.7739,11.9918,11.9918,79.6984
11,214,16904.8041,0,11.1613,22.2564,22.2564,69.0244
11,215,16922.4612,0,7.5482,10.143,10.143,97.8528
11,216,17100.207,0,5.8571,7.8191,7.8191,38.0274
11,217,17204.8448,0,2.5602,6.4671,6.4671,44.0035
11,218,17311.2877,0,11.359,23.0362,23.0362,67.8932
11,219,17582.4261,0,3.5306,6.5551,6.5551,33.4631
11,220,17613.5958,0,9.5243,13.4796,13.4796,60.6943
11,221,17652.1264,0,3.1951,8.235,8.235,62.2676
11,222,17949.3323,0,6.6558,10.9048,10.9048,52.4542
11,223,17975.1484,0,2.3273,29.7292,29.7292,52.4512
11,224,18061.2936,0,5.1528,24.9481,24.9481,47.1186
11,225,18080.935,0,9.9167,15.1829,15.1829,70.1105
11,226,18185.9215,0,3.177,5.9177,5.9177,61.0581
11,227,18220.023,0,5.1359,29.5617,29.5617,76.7016
11,228,18262.0408,0,13.0312,16.3425,16.3425,51.3387
11,229,18369.6185,0,6.3258,24.8949,24.8949,66.4065
11,230,18409.8037,0,14.9791,16.9929,16.9929,52.8599
11,231,18491.1566,0,8.8441,12.3329,12.3329,40.5715
11,232,18532.262,0,2.7596,7.8992,7.8992,29.1594
11,233,18538.8937,0,4.9716,7.6045,7.6045,34.5573
11,234,18673.1404,0,1.2389,4.836,4.836,40.2307
11,235,18651.2689,0,10.323,27.847,27.847,78.6149
11,236,19047.1141,0,11.359,12.4409,12.4409,78.1981
11,237,19260.4307,0,3.2059,10.1917,10.1917,62.1475
11,238,19265.4035,0,4.397,8.2435,8.2435,75.7868
11,239,19342.674,0,16.2879,21.6205,21.6205,79.1611
11,240,19367.3979,0,14.2105,24.5755,24.5755,72.84
11,241,19408.4208,0,4.8149,7.1938,7.1938,45.8847
11,242,19557.0687,0,1.7424,23.5645,23.5645,69.4484
11,243,19582.6977,0,15.5302,22.5968,22.5968,91.0407
11,244,19793.7646,0,9.4601,17.1352,17.1352,60.0505
11,245,19838.5248,0,3.4132,17.5009,17.5009,57.2384
11,246,19963.8002,0,3.7989,10.5582,10.5582,63.0234
11,247,20032.5755,0,5.8606,13.8721,13.8721,48.6863
11,248,20062.5243,0,5.0081,11.7331,11.7331,30.1938
11,249,20060.8407,0,3.7989,13.4354,13.4354,45.6799
11,250,20211.6589,0,2.0298,4.4569,4.4569,47.6553
11,251,20235.7195,0,3.8327,6.2608,6.2608,60.7598
11,252,20309.7899,0,9.8415,12.8512,12.8512,43.6994
11,253,20380.2135,0,6.3165,11.4556,11.4556,53.5854
11,254,20988.5067,0,8.6437,14.7669,14.7669,59.5651
11,255,21034.994,0,3.2424,9.8189,9.8189,63.5771
11,256,21094.1069,0,11.9516,20.9599,20.9599,44.6755
11,257,21216.0113,0,3.7536,10.2122,10.2122,56.8533
11,258,21363.6051,0,11.0811,14.6882,14.6882,67.6781
11,259,21430.6061,0,6.2101,14.4306,14.4306,53.5813
11,260,21436.8146,0,10.2282,15.0318,15.0318,53.4463
11,261,21463.5988,0,6.945,11.6191,11.6191,53.8125
11,262,21611.3307,0,5.5489,9.2844,9.2844,45.9397
11,263,21871.6215,0,7.687,11.3634,11.3634,41.585
11,264,21889.0164,0,7.254,10.4081,10.4081,87.8992
11,265,22122.2187,0,7.8127,12.6614,12.6614,63.8146
11,266,22154.3871,0,4.9542,7.4454,7.4454,66.4981
11,267,22151.9838,0,13.7715,16.0822,16.0822,68.1133
11,268,22246.312,0,3.3779,20.2152,20.2152,56.6453
11,269,22261.2939,0,3.047,8.8602,8.8602,80.6278
11,270,22400.2322,0,8.9417,12.7334,12.7334,35.9846
11,271,22462.0958,0,1.7068,7.0437,7.0437,49.6329
11,272,22472.7758,0,10.5654,12.881,12.881,48.1507
11,273,22552.0714,0,1.2822,7.1212,7.1212,51.8689
11,274,22684.3089,0,4.1502,8.2322,8.2322,46.1529
11,275,22829.7884,0,4.405,7.3187,7.3187,48.5766
11,276,22844.9584,0,4.8221,9.2392,9.2392,49.0598
11,277,22891.0308,0,4.0026,6.4166,6.4166,23.7334
11,278,23002.2876,0,7.9313,16.785,16.785,48.2419
11,279,23024.5382,0,4.3517,9.4621,9.4621,51.7344
11,280,23114.1132,0,1.0447,27.9724,27.9724,63.4844
11,281,23555.8385,0,11.7916,20.0603,20.0603,52.3672
11,282,23626.5285,0,13.349,24.5185,24.5185,62.1656
11,283,23711.5208,0,6.8892,17.0629,17.0629,61.2004
11,284,23746.9586,0,3.5968,6.6061,6.6061,41.6967
11,285,23882.9178,0,6.8949,19.8056,19.8056,65.0699
11,286,24131.489,0,7.1015,12.3708,12.3708,39.852
11,287,24168.6581,0,6.2181,12.2738,12.2738,62.6616
11,288,24381.1546,0,12.8883,19.2253,19.2253,92.971
11,289,24532.5527,0,2.5515,8.1668,8.1668,50.1235
11,290,24614.2094,0,3.5634,10.8069,10.8069,67.7032
11,291,24762.4116,0,2.3853,5.5955,5.5955,25.4331
11,292,24786.7929,0,9.5104,15.0231,15.0231,76.3935
11,293,25037.3255,0,4.5727,15.0184,15.0184,45.2848
11,294,25089.3845,0,5.0372,7.1667,7.1667,63.5232
11,295,25102.7789,0,3.0131,7.2687,7.2687,58.5885
11,296,25141.4284,0,5.1875,13.2934,13.2934,40.1787
11,297,25166.853,0,8.5791,14.0142,14.0142,68.5206
11,298,25194.4225,0,11.7732,17.405,17.405,55.6748
11,299,25464.4825,0,1.2214,22.4966,22.4966,54.3797
11,300,25518.5816,0,1.2925,10.3439,10.3439,38.8418
11,301,25561.0188,0,10.9044,16.4954,16.4954,61.9936
11,302,25610.6634,0,1.6246,13.2742,13.2742,49.7437
11,303,25655.6366,0,2.5121,4.816,4.816,48.297
11,304,25755.4812,0,9.3311,12.5534,12.5534,42.6347
11,305,25943.0557,0,3.2879,7.7337,7.7337,49.684
11,306,25970.1729,0,4.6551,8.6513,8.6513,47.4449
11,307,26007.0414,0,1.737,9.6768,9.6768,39.3377
11,308,26062.1122,0,6.6852,10.7142,10.7142,60.0616
11,309,26142.6145,0,2.2365,5.6557,5.6557,42.4214
11,310,26172.7869,0,3.2639,8.6252,8.6252,98.9325
11,311,26402.5459,0,4.7396,11.5239,11.5239,33.5547
11,312,26401.3967,0,6.2974,12.8481,12.8481,41.4898
11,313,26453.2456,0,9.2786,17.2307,17.2307,51.9519
11,314,26515.5468,0,14.2751,20.3707,20.3707,66.9557
11,315,26536.8906,0,8.1516,16.6398,16.6398,107.9154
11,316,26545.5953,0,11.7306,17.6039,17.6039,102.3042
11,317,26570.4055,0,7.1807,14.9286,14.9286,81.5274
11,318,26588.6684,0,3.7031,7.4533,7.4533,79.0526
11,319,26590.403,0,8.8976,13.2749,13.2749,97.9581
11,320,26588.7473,0,10.3402,16.3226,16.3226,115.3584
11,321,26595.1188,0,37.3198,40.7663,40.7663,113.4914
11,322,26731.8878,0,9.3493,11.3692,11.3692,49.6884
11,323,26789.5101,0,9.2055,14.139,14.139,67.9978
11,324,26812.6385,0,16.4018,19.4559,19.4559,76.3049
11,325,26910.2679,0,11.8177,18.1042,18.1042,55.8596
11,326,26931.0893,0,3.5592,9.8208,9.8208,87.7338
11,327,26924.9318,0,8.4244,18.1536,18.1536,111.6008
11,328,27074.0347,0,4.7323,10.3329,10.3329,44.4653
11,329,27083.4532,0,2.5121,5.0974,5.0974,40.4741
11,330,27178.7949,0,8.917,13.7065,13.7065,37.8491
11,331,27190.3869,0,2.2649,15.801,15.801,48.0139
11,332,27320.7384,0,9.2235,13.9844,13.9844,50.7972
11,333,27770.8086,0,12.1433,14.9241,14.9241,59.0683
11,334,27924.2167,0,4.2934,7.5245,7.5245,37.5957
11,335,28132.3874,0,8.4929,10.1717,10.1717,82.9115
11,336,28254.8401,0,4.039,5.9335,5.9335,45.3658
11,337,28241.5049,0,5.9118,19.2769,19.2769,50.7246
11,338,28434.111,0,5.7165,10.434,10.434,60.3614
11,339,28443.8488,0,6.7168,16.365,16.365,59.1615
11,340,28478.334,0,1.2788,2.937,2.937,37.3076
11,341,28478.6192,0,9.1424,14.5601,14.5601,53.3672
11,342,28570.8944,0,3.5795,5.3035,5.3035,50.9173
11,343,28711.9982,0,10.9535,16.0812,16.0812,76.1194
11,344,28760.6423,0,6.0599,14.7783,14.7783,68.8591
11,345,28829.9291,0,6.1713,11.8508,11.8508,40.8069
11,346,28905.1967,0,11.2618,15.0533,15.0533,69.8773
11,347,28977.885,0,5.0601,7.6246,7.6246,48.4613
11,348,29149.5101,0,7.8823,17.0259,17.0259,71.6672
11,349,29490.946,0,11.4552,13.803,13.803,51.8006
11,350,29511.7804,0,10.5456,14.1657,14.1657,57.0868
11,351,29670.523,0,0.7311,4.3529,4.3529,17.4843
11,352,29696.9764,0,5.9567,7.6682,7.6682,34.2308
11,353,29682.5511,0,6.6192,30.4556,30.4556,73.0312
11,354,29711.0447,0,2.653,8.2795,8.2795,61.5424
11,355,29714.9642,0,3.2883,17.9127,17.9127,70.6424
11,356,29820.2426,0,2.3849,11.5569,11.5569,66.2834
11,357,29898.7523,0,6.9039,13.0899,13.0899,57.3644
11,358,29933.6147,0,10.1712,21.1239,21.1239,93.0525
11,359,29981.7369,0,3.7676,9.1147,9.1147,54.1808
11,360,29985.0301,0,7.9528,11.0852,11.0852,66.4466
11,361,30352.5213,0,6.5182,27.4478,27.4478,85.235
11,362,30638.4188,0,2.3633,17.1256,17.1256,45.0437
11,363,30670.0055,0,2.5753,5.6413,5.6413,31.8293
11,364,30677.4366,0,3.7451,13.5584,13.5584,37.4025
11,365,30685.6078,0,6.414,8.0828,8.0828,43.8175
11,366,30932.1438,0,12.3531,16.0828,16.0828,93.4343
11,367,30990.1944,0,4.623,9.4248,9.4248,53.8874
11,368,31275.2651,0,3.3237,9.0147,9.0147,70.7091
11,369,31568.348,0,10.0721,11.1395,11.1395,59.7053
11,370,31634.4793,0,1.785,4.904,4.904,64.8849
11,371,31713.2757,0,10.5989,11.433,11.433,85.2751
11,372,31905.7576,0,2.6974,8.6653,8.6653,41.8716
11,373,31985.47,0,4.4378,13.0164,13.0164,55.8628
11,374,32173.5242,0,2.121,9.4773,9.4773,71.3269
11,375,32203.9701,0,2.1436,6.6441,6.6441,70.2685
11,376,32407.148,0,4.3603,10.3104,10.3104,51.239
11,377,32565.9019,0,3.7592,6.4057,6.4057,35.6257
11,378,32721.0652,0,9.1233,13.9106,13.9106,91.6641
11,379,32790.4555,0,14.6835,20.1141,20.1141,110.6038
11,380,32907.2312,0,5.8571,9.7606,9.7606,61.3002
11,381,32956.732,0,2.652,20.3605,20.3605,93.6936
11,382,32967.3373,0,14.86,49.0499,49.0499,92.0207
11,383,33104.0497,0,11.6371,15.0892,15.0892,80.2167
11,384,33142.4347,0,8.7488,12.981,12.981,54.513
11,385,33158.2464,0,3.4983,11.5346,11.5346,64.3084
11,386,33338.8167,0,2.6636,10.0453,10.0453,48.5955
11,387,33713.5002,0,6.1407,8.2782,8.2782,43.4049
11,388,33735.5016,0,0.8657,13.0338,13.0338,55.7169
11,389,33781.9044,0,13.1778,18.703,18.703,58.5116
11,390,33819.3681,0,11.4167,27.4333,27.4333,75.5228
11,391,33885.01,0,6.9695,10.9666,10.9666,30.6412
11,392,33939.8102,0,12.7116,19.6556,19.6556,32.9743
11,393,33971.7309,0,1.8461,6.4754,6.4754,83.6977
11,394,34005.1019,0,6.5749,12.3426,12.3426,63.9871
11,395,34407.4145,0,6.7941,13.2099,13.2099,40.5972
11,396,34586.3864,0,11.3101,13.8584,13.8584,65.4005
11,397,35147.1679,0,9.9412,13.7575,13.7575,78.5008
11,398,35366.0838,0,7.8717,13.7843,13.7843,46.1601
11,399,35444.4127,0,5.0876,11.4274,11.4274,24.5174
11,400,35579.1465,0,8.0871,12.1246,12.1246,123.9746
11,401,35605.8179,0,5.2678,9.5463,9.5463,109.5902
11,402,35773.7378,0,9.5202,24.0802,24.0802,66.3089
11,403,35789.9023,0,12.1671,14.915,14.915,61.7878
11,404,35898.1053,0,1.5253,4.4144,4.4144,40.6142
11,405,35929.4819,0,3.3081,7.718,7.718,61.7454
11,406,35959.2127,0,8.7021,9.6916,9.6916,44.1937
11,407,36156.8052,0,9.1691,15.476,15.476,76.943
11,408,36339.9073,0,2.7975,5.3484,5.3484,40.8176
11,409,36416.0425,0,1.737,8.5372,8.5372,35.2181
11,410,36527.7793,0,2.8584,15.0279,15.0279,53.2589
11,411,36645.7477,0,4.7414,19.777,19.777,89.166
11,412,36826.0329,0,2.6695,7.9343,7.9343,63.0605
11,413,36886.6319,0,10.98,13.4833,13.4833,56.8738
11,414,36973.556,0,5.054,8.1702,8.1702,32.5566
11,415,37039.3447,0,5.7512,13.9496,13.9496,51.9599
11,416,37042.6938,0,5.3051,14.7937,14.7937,57.7791
11,417,37179.1194,0,2.2853,10.2353,10.2353,74.7195
11,418,37237.9792,0,3.7989,14.1495,14.1495,32.7115
11,419,37254.5463,0,2.415,6.851,6.851,57.0969
11,420,37269.3994,0,10.1599,11.7816,11.7816,55.0977
11,421,37595.3387,0,5.3934,9.0087,9.0087,37.4715
11,422,37767.3228,0,1.4197,11.3373,11.3373,43.5797
11,423,37926.9994,0,6.1066,11.1536,11.1536,44.5557
11,424,38118.1575,0,4.4847,8.0487,8.0487,55.8511
11,425,38172.0955,0,14.252,17.2139,17.2139,54.0906
11,426,38222.0281,0,8.2796,11.6729,11.6729,82.3728
11,427,38219.4677,0,12.991,28.4429,28.4429,88.8868
11,428,38378.8534,0,3.3627,5.1314,5.1314,29.3791
11,429,38368.1917,0,4.2354,16.3368,16.3368,57.8525
11,430,38505.0719,0,7.2871,28.0871,28.0871,48.4011
11,431,38527.0861,0,4.8258,8.6762,8.6762,75.2137
11,432,38615.6127,0,12.3719,13.4115,13.4115,65.3695
11,433,38880.2323,0,10.7404,13.5333,13.5333,59.3153
11,434,39034.4571,0,10.0574,14.2666,14.2666,42.7265
11,435,39054.7043,0,4.5193,7.7118,7.7118,52.241
11,436,39112.8819,0,4.4991,7.409,7.409,122.107
11,437,39407.6099,0,2.0316,8.2789,8.2789,49.563
11,438,39558.1375,0,2.9572,5.5255,5.5255,29.0934
11,439,39565.3565,0,1.4549,6.2353,6.2353,46.637
11,440,39680.2814,0,6.1049,9.885,9.885,66.1762
11,441,39689.2149,0,18.0648,21.935,21.935,85.7571
11,442,39708.5714,0,7.0879,17.4155,17.4155,69.681
11,443,39813.8442,0,11.2317,17.5192,17.5192,55.4436
11,444,39830.2363,0,4.0702,12.3956,12.3956,50.379
11,445,39868.6007,0,6.25,13.7485,13.7485,69.0968
11,446,39981.6935,0,1.4405,6.1101,6.1101,52.3102
11,447,39998.4672,0,15.2271,23.716,23.716,84.4184
11,448,40056.4847,0,13.8232,17.144,17.144,58.3684
11,449,40170.2587,0,11.3545,15.6632,15.6632,71.9499
11,450,40240.7997,0,8.0323,8.9161,8.9161,34.1338
11,451,40279.4281,0,2.1597,5.1051,5.1051,28.2149
11,452,40278.0098,0,5.5321,10.2992,10.2992,34.8464
11,453,40456.8445,0,0.2225,2.6239,2.6239,30.4812
11,454,40752.366,0,6.7551,15.0745,15.0745,54.7257
11,455,40898.4821,0,4.6058,5.9673,5.9673,29.5125
11,456,40932.2446,0,3.4128,6.7663,6.7663,29.1286
11,457,40969.7753,0,7.8717,11.7312,11.7312,42.6286
11,458,41040.3658,0,4.8864,12.2107,12.2107,36.5481
11,459,41080.3335,0,10.3655,15.8153,15.8153,54.2383
11,460,41092.0514,0,8.452,11.7975,11.7975,52.3558
11,461,41114.067,0,8.7526,14.4554,14.4554,45.2075
11,462,41111.7955,0,2.6217,24.7435,24.7435,51.2568
11,463,41141.9831,0,3.6388,5.9882,5.9882,42.5828
11,464,41173.9889,0,1.7655,6.1791,6.1791,39.9265
11,465,41236.3372,0,7.7257,10.4371,10.4371,29.4219
11,466,41261.6368,0,3.9735,6.3051,6.3051,35.6299
11,467,41264.2658,0,10.7584,12.82,12.82,60.981
11,468,41356.3244,0,4.623,7.6022,7.6022,31.7281
11,469,41508.7162,0,4.0026,5.6711,5.6711,85.2469
11,470,41672.731,0,4.3932,21.438,21.438,46.0629
11,471,41701.2033,0,2.3491,4.0307,4.0307,36.1155
11,472,41682.4238,0,2.5493,23.1065,23.1065,67.6731
11,473,41958.2057,0,1.2309,8.7429,8.7429,33.2592
11,474,42260.542,0,3.736,10.1487,10.1487,23.1453
11,475,42369.824,0,3.2639,4.8341,4.8341,76.2857
11,476,42384.3455,0,2.5078,12.5478,12.5478,72.1691
11,477,42522.5137,0,2.0646,8.5321,8.5321,39.9289
11,478,42559.3555,0,2.767,8.2946,8.2946,35.5916
11,479,42639.6549,0,13.7927,22.7604,22.7604,89.06
11,480,42755.1518,0,0.8094,2.9105,2.9105,27.3101
11,481,42863.6264,0,4.7749,10.2403,10.2403,67.6198
11,482,42894.3611,0,1.9201,9.8244,9.8244,54.7794
11,483,42889.7955,0,4.1768,32.7248,32.7248,57.9995
11,484,42927.2853,0,4.4765,15.4918,15.4918,40.9109
11,485,43035.6833,0,1.3809,9.8886,9.8886,49.9849
12,1,0.0,0,10.6646,20.5105,20.5105,57.5438
12,2,80.7411,0,8.9626,10.4601,10.4601,45.8616
12,3,198.8158,0,0.2017,2.8527,2.8527,58.4271
12,4,568.7821,0,6.0306,9.5288,9.5288,44.4131
12,5,572.3751,0,4.1369,9.3148,9.3148,53.3915
12,6,639.9113,0,1.6,3.3552,3.3552,36.501
12,7,640.1733,0,7.0918,11.8641,11.8641,69.365
12,8,633.1978,0,17.3101,23.3851,23.3851,89.9012
12,9,805.646,0,5.2694,9.2799,9.2799,50.6568
12,10,897.6905,0,2.5003,4.8289,4.8289,46.1853
12,11,905.2586,0,6.496,15.2897,15.2897,59.5787
12,12,937.5983,0,0.2092,3.6899,3.6899,29.3131
12,13,958.4837,0,1.2788,9.9226,9.9226,37.5367
12,14,972.8509,0,1.5881,8.0273,8.0273,40.3252
12,15,1090.0477,0,2.3259,5.047,5.047,36.9001
12,16,1119.3023,0,0.9111,3.2224,3.2224,50.9614
12,17,1182.4273,0,6.3783,11.2127,11.2127,52.3029
12,18,1216.0031,0,3.2877,10.2759,10.2759,60.088
12,19,1283.8194,0,8.8442,11.512,11.512,35.9247
12,20,1686.4149,0,3.3854,7.8339,7.8339,44.2634
12,21,1843.3678,0,3.5195,8.5524,8.5524,52.2082
12,22,2011.2442,0,1.0591,9.5057,9.5057,66.3503
12,23,2029.4995,0,4.0676,8.9949,8.9949,100.4399
12,24,2032.1542,0,3.4134,9.207,9.207,86.9341
12,25,2055.9818,0,12.5071,18.4814,18.4814,67.4603
12,26,2075.8325,0,9.0637,14.1801,14.1801,50.6804
12,27,2219.1888,0,12.0497,18.2966,18.2966,64.9169
12,28,2247.7084,0,2.6794,18.1065,18.1065,56.8774
12,29,2278.9452,0,7.7507,11.8369,11.8369,44.3742
12,30,2323.195,0,7.8921,16.0461,16.0461,64.3768
12,31,2443.8875,0,8.9093,10.2763,10.2763,49.2882
12,32,2481.7375,0,13.3219,35.5606,35.5606,97.8773
12,33,2546.1713,0,6.2762,8.5106,8.5106,50.7353
12,34,2606.6525,0,6.7568,11.6701,11.6701,55.8247
12,35,2758.0863,0,11.3917,14.0052,14.0052,61.4983
12,36,2839.0861,0,8.8395,12.6319,12.6319,57.2394
12,37,2888.9525,0,3.9815,8.1196,8.1196,44.8358
12,38,2958.9193,0,8.4881,15.9776,15.9776,70.9783
12,39,3375.0534,0,6.0359,11.2001,11.2001,46.6558
12,40,3382.0546,0,7.3527,11.0825,11.0825,62.8053
12,41,3527.0167,0,14.3363,18.9503,18.9503,86.2575
12,42,3495.7239,0,4.7466,64.7466,64.7466,59.2866
12,43,3543.3044,0,9.5514,19.2874,19.2874,78.9262
12,44,3661.9077,0,16.89,19.4341,19.4341,70.2374
12,45,3838.0701,0,13.1863,33.4643,33.4643,159.4296
12,46,3959.0614,0,2.5628,5.118,5.118,43.4842
12,47,4056.85,0,7.313,13.3054,13.3054,65.28
12,48,4288.7024,0,7.1856,12.451,12.451,47.6975
12,49,4408.9832,0,2.1536,5.2275,5.2275,40.7565
12,50,4446.5924,0,7.9279,9.8046,9.8046,60.7115
12,51,4550.0535,0,4.4396,15.497,15.497,53.9506
12,52,4611.3835,0,5.5622,8.0272,8.0272,24.5441
12,53,4724.2058,0,3.3029,6.7027,6.7027,70.228
12,54,4781.0919,0,2.1943,7.697,7.697,36.964
12,55,4852.2302,0,5.8363,12.4956,12.4956,49.2742
12,56,4864.1154,0,8.6635,37.1019,37.1019,64.5792
12,57,4980.0236,0,6.0436,13.8103,13.8103,80.7678
12,58,4983.8805,0,8.1539,13.0074,13.0074,89.092
12,59,5021.2963,0,12.7964,18.6472,18.6472,64.471
12,60,5027.5819,0,9.7519,15.8177,15.8177,82.8267
12,61,5076.1749,0,1.7209,5.3386,5.3386,36.9882
12,62,5078.7562,0,5.6147,7.1818,7.1818,52.9052
12,63,5059.689,0,20.3639,30.1953,30.1953,83.8585
12,64,5147.3174,0,6.8432,15.392,15.392,37.8679
12,65,5230.7733,0,15.6092,17.1883,17.1883,84.2582
12,66,5264.9925,0,5.8143,12.0136,12.0136,58.6397
12,67,5413.6082,0,5.4038,12.9695,12.9695,57.0969
12,68,5512.5537,0,0.2179,7.8745,7.8745,66.7584
12,69,5555.8169,0,3.7691,8.2473,8.2473,42.9622
12,70,5634.8338,0,4.574,8.5606,8.5606,55.3326
12,71,5651.5009,0,9.87,12.3616,12.3616,50.0798
12,72,5639.2674,0,4.4172,29.8756,29.8756,74.6001
12,73,5946.997,0,9.7099,14.9813,14.9813,39.9668
12,74,6268.1823,0,12.0497,21.5805,21.5805,66.7895
12,75,6358.9145,0,5.3728,6.5142,6.5142,42.8342
12,76,6414.43,0,5.8292,9.3085,9.3085,73.1915
12,77,6587.5586,0,6.8155,15.7855,15.7855,52.5119
12,78,6627.4666,0,5.7919,12.703,12.703,47.2636
12,79,6718.3392,0,10.7808,17.0223,17.0223,65.2419
12,80,6739.8655,0,7.4199,14.8334,14.8334,65.6318
12,81,6762.3397,0,5.6326,15.0647,15.0647,65.1542
12,82,7172.4331,0,2.5602,7.2578,7.2578,46.022
12,83,7430.2713,0,2.4992,6.3085,6.3085,44.8768
12,84,7781.2503,0,4.0031,10.8529,10.8529,52.701
12,85,7807.9221,0,8.7806,18.8186,18.8186,73.616
12,86,7870.8236,0,4.9569,8.3344,8.3344,41.0519
12,87,7898.8231,0,7.8184,10.1858,10.1858,44.048
12,88,8002.2575,0,6.4211,11.5425,11.5425,39.6608
12,89,7989.1764,0,11.2698,32.7537,32.7537,76.0663
12,90,8019.9796,0,13.6094,25.9171,25.9171,58.2381
12,91,8090.8903,0,1.8863,3.9004,3.9004,34.5912
12,92,8112.9418,0,6.8949,10.9174,10.9174,49.8186
12,93,8134.5543,0,6.5719,12.6943,12.6943,42.6118
12,94,8277.7996,0,4.2588,8.3119,8.3119,52.1398
12,95,8349.6446,0,7.8541,14.3626,14.3626,49.4431
12,96,8350.3076,0,1.8375,61.8375,61.8375,96.7177
12,97,8431.6577,0,4.8005,11.8309,11.8309,57.7676
12,98,8465.4257,0,8.0237,11.5419,11.5419,48.5162
12,99,8503.8006,0,8.2251,10.8657,10.8657,75.2518
12,100,8519.3261,0,8.3439,26.654,26.654,83.9533
12,101,8610.8832,0,18.8711,21.6966,21.6966,91.0665
12,102,8846.6568,0,7.1924,10.211,10.211,40.7651
12,103,8949.8032,0,12.447,21.5164,21.5164,89.3977
12,104,9177.4739,0,19.4357,23.9414,23.9414,143.1365
12,105,9299.3472,0,2.7311,5.7947,5.7947,27.8996
12,106,9313.2593,0,6.215,13.4332,13.4332,87.5846
12,107,9348.7054,0,5.656,15.7661,15.7661,56.5702
12,108,9355.327,0,6.785,9.7906,9.7906,65.3134
12,109,9386.6147,0,11.7462,18.0583,18.0583,52.8967
12,110,9480.1115,0,8.2936,13.8099,13.8099,32.0591
12,111,9524.4337,0,6.496,8.8325,8.8325,43.222
12,112,9542.2908,0,15.9713,25.7061,25.7061,124.8546
12,113,9623.7767,0,11.6271,17.9718,17.9718,55.0513
12,114,9646.4655,0,14.4151,16.2754,16.2754,51.125
12,115,9653.8946,0,9.3541,14.9984,14.9984,64.9221
12,116,9903.8193,0,8.8391,16.432,16.432,60.4839
12,117,9941.3665,0,6.4587,11.6271,11.6271,40.6812
12,118,9969.8823,0,1.3422,6.7459,6.7459,45.1247
12,119,10194.1061,0,3.6189,5.5883,5.5883,37.2457
12,120,10355.6251,0,4.0627,16.396,16.396,79.7458
12,121,10637.1898,0,7.3527,10.0708,10.0708,37.3396
12,122,10648.6891,0,8.3919,13.0939,13.0939,81.483
12,123,10679.2554,0,6.1971,16.6913,16.6913,58.7675
12,124,10727.6446,0,13.6751,17.255,17.255,67.9094
12,125,10761.0954,0,4.0282,12.8926,12.8926,60.296
12,126,10803.4147,0,5.2628,7.507,7.507,52.0919
12,127,10799.0278,0,10.0061,17.5576,17.5576,77.7588
12,128,10820.1597,0,11.5582,20.1809,20.1809,54.8632
12,129,10835.2267,0,4.6227,14.6285,14.6285,77.3117
12,130,10895.6374,0,2.4424,5.6318,5.6318,38.9078
12,131,10912.5751,0,7.1548,15.5616,15.5616,92.8848
12,132,11020.0221,0,8.4894,12.4593,12.4593,93.3126
12,133,11167.519,0,5.6779,18.7134,18.7134,75.8563
12,134,11300.7297,0,4.818,8.5695,8.5695,44.6297
12,135,11338.141,0,0.4579,4.5216,4.5216,39.2986
12,136,11348.9796,0,8.4378,30.2007,30.2007,110.9636
12,137,11415.1317,0,10.5991,13.3684,13.3684,52.629
12,138,11459.806,0,4.0076,6.3951,6.3951,58.7296
12,139,11580.3743,0,1.5302,5.3536,5.3536,39.1163
12,140,11650.6742,0,8.9626,10.4623,10.4623,30.7708
12,141,11665.5082,0,1.7611,8.0723,8.0723,70.8609
12,142,11873.9912,0,6.3035,10.4171,10.4171,45.1829
12,143,12121.7147,0,3.6993,16.0627,16.0627,59.9241
12,144,12147.511,0,10.901,17.6406,17.6406,55.3999
12,145,12191.9701,0,6.651,8.6214,8.6214,50.7428
12,146,12244.3407,0,6.8043,16.5262,16.5262,49.0429
12,147,12266.7709,0,3.6212,4.3791,4.3791,62.2918
12,148,12265.5856,0,7.2705,12.6205,12.6205,94.6648
12,149,12271.6903,0,6.8949,14.158,14.158,110.4286
12,150,12286.4626,0,15.175,28.0543,28.0543,103.3923
12,151,12315.4553,0,7.7976,13.847,13.847,81.5263
12,152,12335.2172,0,14.6432,17.6714,17.6714,67.1061
12,153,12352.4175,0,11.7846,13.4566,13.4566,91.969
12,154,12377.155,0,7.7623,22.4726,22.4726,85.3319
12,155,12422.5829,0,9.8975,15.3691,15.3691,43.0412
12,156,12443.506,0,11.4915,15.4735,15.4735,44.3106
12,157,12617.7455,0,4.6268,33.4702,33.4702,70.5411
12,158,12647.9608,0,11.8554,16.2294,16.2294,46.9733
12,159,12724.1676,0,3.1947,12.5206,12.5206,69.8214
12,160,12832.4616,0,2.1805,16.9648,16.9648,38.8972
12,161,12946.4076,0,8.8483,13.9419,13.9419,69.5091
12,162,12992.4533,0,7.0561,15.8434,15.8434,85.693
12,163,13138.6088,0,13.4151,17.5231,17.5231,98.2479
12,164,13434.5692,0,4.7393,8.0491,8.0491,59.7081
12,165,13503.6424,0,7.8717,18.4032,18.4032,50.7669
12,166,13556.8564,0,3.3279,8.5127,8.5127,56.2221
12,167,13607.9178,0,13.0098,16.3135,16.3135,65.3461
12,168,13683.6164,0,2.462,11.3615,11.3615,55.8479
12,169,13708.363,0,7.7976,9.6223,9.6223,55.6847
12,170,13741.4171,0,6.0907,7.1937,7.1937,41.1962
12,171,13742.2786,0,4.5727,8.6932,8.6932,75.0999
12,172,13798.7765,0,5.81,18.9755,18.9755,68.6753
12,173,13871.12,0,16.6331,22.1458,22.1458,77.021
12,174,13923.7454,0,5.8237,13.7919,13.7919,86.2136
12,175,13951.7246,0,6.3701,12.3962,12.3962,66.2455
12,176,14000.5356,0,4.3149,12.7731,12.7731,65.9523
12,177,14090.7021,0,11.9591,13.4336,13.4336,47.4033
12,178,14101.8175,0,7.6913,20.0036,20.0036,60.2935
12,179,14121.36,0,7.6065,36.7124,36.7124,67.3705
12,180,14159.5908,0,5.7617,7.3592,7.3592,56.203
12,181,14241.5934,0,8.5129,13.3622,13.3622,54.3837
12,182,14250.2229,0,4.3589,7.4984,7.4984,73.3287
12,183,14365.159,0,5.6953,8.859,8.859,64.7586
12,184,14381.1789,0,13.1847,15.2512,15.2512,56.8524
12,185,14522.8286,0,11.1576,18.8808,18.8808,73.9608
12,186,14577.3417,0,4.1985,8.4805,8.4805,39.7158
12,187,14603.2178,0,4.0987,19.2654,19.2654,71.6284
12,188,14621.6728,0,3.5248,6.0103,6.0103,58.2946
12,189,14750.2993,0,0.7946,3.9089,3.9089,46.419
12,190,14858.8546,0,6.4955,11.6632,11.6632,37.9114
12,191,15023.6023,0,11.296,14.7248,14.7248,74.6921
12,192,15067.0771,0,3.703,6.8759,6.8759,41.8171
12,193,15092.9243,0,7.3019,12.5604,12.5604,43.5512
12,194,15094.7824,0,14.1088,19.8787,19.8787,68.6511
12,195,15275.4818,0,7.4441,10.5694,10.5694,58.0461
12,196,15399.1157,0,5.9392,7.1502,7.1502,51.2009
12,197,15441.5903,0,11.2038,25.4762,25.4762,57.9934
12,198,15488.084,0,1.05,4.2276,4.2276,43.9442
12,199,15550.2584,0,6.0739,15.016,15.016,57.911
12,200,15581.4248,0,13.2958,16.9763,16.9763,67.3047
12,201,15904.8676,0,3.1881,7.2258,7.2258,80.9222
12,202,15855.106,0,5.4306,57.3343,57.3343,38.5294
12,203,16081.2569,0,2.1028,6.2264,6.2264,64.0911
12,204,16090.2756,0,3.0333,4.916,4.916,70.6768
12,205,16298.4259,0,3.9124,10.8616,10.8616,57.3758
12,206,16370.2337,0,5.2814,17.6815,17.6815,52.8078
12,207,16426.0782,0,11.741,13.111,13.111,41.6033
12,208,16557.8065,0,1.6,7.7734,7.7734,49.8717
12,209,16581.1596,0,3.5372,18.2021,18.2021,45.2753
12,210,16597.7011,0,11.2916,16.4065,16.4065,86.2233
12,211,16697.813,0,6.483,12.777,12.777,41.157
12,212,16742.7001,0,8.9918,16.2295,16.2295,40.4429
12,213,16927.2004,0,10.6404,17.6571,17.6571,56.6771
12,214,17032.3106,0,4.0634,22.2333,22.2333,98.5355
12,215,17049.5394,0,5.7246,9.7791,9.7791,86.5994
12,216,17320.6104,0,6.827,8.339,8.339,43.9932
12,217,17351.4723,0,7.5816,21.0581,21.0581,64.4633
12,218,17532.9953,0,1.4848,4.2251,4.2251,52.4151
12,219,17610.6994,0,8.815,12.4698,12.4698,64.9179
12,220,17749.9786,0,2.7975,5.4862,5.4862,46.4864
12,221,17777.5521,0,0.9751,5.7519,5.7519,43.2593
12,222,17778.5882,0,14.1053,18.7877,18.7877,69.932
12,223,17897.7569,0,1.4389,13.2234,13.2234,56.1056
12,224,17924.2892,0,7.0214,15.0625,15.0625,59.5206
12,225,17926.8364,0,8.1695,32.5011,32.5011,72.5878
12,226,17984.7221,0,12.8138,14.6029,14.6029,75.7997
12,227,18167.0748,0,2.2409,4.4833,4.4833,55.0833
12,228,18254.9861,0,2.0336,8.3699,8.3699,41.8454
12,229,18280.1231,0,4.7281,7.6365,7.6365,54.132
12,230,18516.2446,0,7.1131,13.6269,13.6269,50.2995
12,231,18601.2513,0,2.0641,7.7786,7.7786,60.2145
12,232,18628.239,0,9.1888,13.9495,13.9495,61.5469
12,233,18677.733,0,11.7458,18.4752,18.4752,41.3361
12,234,19271.1013,0,6.9695,13.2413,13.2413,73.0857
12,235,19298.0578,0,3.8059,9.6637,9.6637,94.4255
12,236,19315.9765,0,5.02,13.7329,13.7329,79.8407
12,237,19354.468,0,14.7107,18.0328,18.0328,64.2355
12,238,19437.7262,0,6.6355,12.8374,12.8374,39.0703
12,239,19445.2324,0,13.4721,20.1486,20.1486,81.494
12,240,19507.0101,0,6.351,9.098,9.098,49.3169
12,241,19600.9231,0,1.7424,5.3979,5.3979,81.0074
12,242,19594.5919,0,4.2281,13.2377,13.2377,103.3682
12,243,19602.4101,0,2.6217,18.297,18.297,119.9378
12,244,19643.2502,0,13.4721,18.6178,18.6178,86.5678
12,245,19802.5431,0,2.4367,10.9525,10.9525,45.3902
12,246,19836.651,0,14.1136,19.7194,19.7194,60.6725
12,247,19916.3773,0,9.2975,13.9657,13.9657,46.2903
12,248,19913.8392,0,10.6427,27.7314,27.7314,64.1331
12,249,20689.1408,0,18.373,23.103,23.103,117.6564
12,250,20739.1173,0,3.7633,6.3739,6.3739,158.103
12,251,20770.2624,0,5.0876,11.7385,11.7385,138.4922
12,252,20805.6116,0,6.6335,13.455,13.455,113.8627
12,253,21105.5505,0,11.741,13.7183,13.7183,60.2202
12,254,21294.3845,0,3.8992,6.3585,6.3585,104.6759
12,255,21405.7329,0,2.4758,5.8647,5.8647,81.6157
12,256,21403.1834,0,10.0726,13.6992,13.6992,94.5427
12,257,21533.0371,0,9.2124,11.7074,11.7074,42.1912
12,258,21575.4431,0,3.6562,6.016,6.016,29.4507
12,259,22223.2434,0,6.2961,20.6576,20.6576,72.8429
12,260,22273.9143,0,16.5069,22.5344,22.5344,57.5985
12,261,22418.0744,0,6.4367,11.8159,11.8159,56.1562
12,262,22490.538,0,2.7392,8.084,8.084,38.9198
12,263,22497.1323,0,8.8853,18.3396,18.3396,80.6363
12,264,22572.8885,0,2.0845,8.7514,8.7514,28.468
12,265,22624.6535,0,4.6869,7.4054,7.4054,33.6608
12,266,22658.1754,0,5.7865,10.339,10.339,60.2082
12,267,22698.3833,0,6.6487,14.7504,14.7504,65.3149
12,268,22736.1378,0,5.7825,9.025,9.025,39.8206
12,269,22839.5244,0,5.5297,9.3974,9.3974,52.8661
12,270,22933.1346,0,3.7104,7.6409,7.6409,65.6925
12,271,22974.5152,0,11.2314,15.7437,15.7437,51.067
12,272,23080.4196,0,3.7428,7.2721,7.2721,27.642
12,273,23270.5373,0,3.3716,9.1395,9.1395,33.4576
12,274,23473.4399,0,2.1197,4.9588,4.9588,51.8815
12,275,23540.3791,0,16.1051,18.0113,18.0113,68.7517
12,276,23618.7501,0,6.9848,18.951,18.951,47.6734
12,277,23791.2338,0,15.2758,29.5442,29.5442,96.4813
12,278,23974.9123,0,9.8367,21.1614,21.1614,75.2955
12,279,24135.2218,0,2.442,20.0262,20.0262,43.5269
12,280,24277.2372,0,2.3071,62.3071,62.3071,95.7246
12,281,24577.6719,0,8.382,25.6527,25.6527,53.9093
12,282,24645.49,0,2.265,4.6039,4.6039,32.9467
12,283,24659.9503,0,3.3793,6.1478,6.1478,35.1743
12,284,25005.2273,0,3.2308,7.7614,7.7614,56.3758
12,285,25010.121,0,14.1026,17.9077,17.9077,133.105
12,286,25088.0245,0,3.5333,6.1024,6.1024,83.2846
12,287,25127.9472,0,13.2226,17.6786,17.6786,55.1821
12,288,25196.2518,0,5.5982,31.6241,31.6241,76.8002
12,289,25322.0336,0,8.8504,12.2703,12.2703,50.7362
12,290,25352.8349,0,3.4128,15.824,15.824,48.9112
12,291,25379.7786,0,5.7658,10.0183,10.0183,48.9473
12,292,25407.0089,0,6.9228,11.9084,11.9084,50.7789
12,293,25405.3952,0,13.451,20.7218,20.7218,78.0649
12,294,25536.5575,0,1.5878,3.9293,3.9293,40.237
12,295,25573.8142,0,2.9487,7.2755,7.2755,46.4078
12,296,25638.7935,0,9.5876,16.679,16.679,66.7942
12,297,25673.5273,0,8.431,10.0789,10.0789,42.5125
12,298,25683.9024,0,10.4029,14.5437,14.5437,56.7767
12,299,25863.5591,0,4.6576,9.8436,9.8436,45.9262
12,300,26034.9418,0,10.5395,13.9179,13.9179,61.3322
12,301,26159.3139,0,2.9775,8.3873,8.3873,38.4927
12,302,26274.7418,0,3.2506,7.2981,7.2981,30.3694
12,303,26590.9412,0,2.1318,4.4298,4.4298,45.6369
12,304,26664.2421,0,1.1002,12.1588,12.1588,49.3323
12,305,26671.1954,0,1.3406,9.384,9.384,61.1943
12,306,26678.8767,0,3.6312,10.726,10.726,96.1243
12,307,26728.1701,0,4.7011,7.8889,7.8889,42.1372
12,308,26750.5932,0,12.0556,20.7436,20.7436,53.652
12,309,27043.1439,0,4.9417,7.1895,7.1895,37.8112
12,310,27064.0975,0,3.9773,10.2918,10.2918,67.6434
12,311,27062.2284,0,8.071,13.0501,13.0501,52.6784
12,312,27099.7267,0,7.1891,20.2948,20.2948,63.3182
12,313,27179.0504,0,1.6619,5.3302,5.3302,32.9526
12,314,27259.4926,0,1.972,6.4098,6.4098,43.9563
12,315,27414.1012,0,5.4992,9.1897,9.1897,48.3187
12,316,27463.0216,0,14.1555,17.2203,17.2203,65.7491
12,317,27783.5844,0,8.3862,11.942,11.942,61.873
12,318,27826.4032,0,2.4718,8.6461,8.6461,42.6209
12,319,27910.5635,0,12.9502,18.8138,18.8138,79.2998
12,320,28047.0473,0,11.1109,20.2386,20.2386,61.1908
12,321,28063.689,0,1.8222,7.7792,7.7792,78.2617
12,322,28117.6297,0,2.759,6.4757,6.4757,53.3509
12,323,28198.4396,0,11.2555,18.6138,18.6138,74.1609
12,324,28335.677,0,2.2519,4.8665,4.8665,46.1327
12,325,28758.7757,0,8.0696,10.5173,10.5173,50.1093
12,326,28878.6378,0,14.8353,20.8355,20.8355,75.0711
12,327,28965.085,0,7.3143,15.4413,15.4413,62.5345
12,328,29013.9821,0,6.9444,10.2793,10.2793,108.096
12,329,29042.2489,0,8.3107,59.2617,59.2617,103.9988
12,330,29173.2378,0,5.0035,7.2092,7.2092,23.4933
12,331,29335.0421,0,3.2531,24.1005,24.1005,55.6889
12,332,29471.2684,0,5.0589,7.6874,7.6874,42.0737
12,333,29609.5367,0,7.9205,10.9875,10.9875,56.8317
12,334,29656.8792,0,4.6614,7.451,7.451,48.1084
12,335,29714.9561,0,2.7299,5.8005,5.8005,42.0341
12,336,29794.3874,0,7.2955,17.0282,17.0282,84.3605
12,337,29849.6066,0,3.3115,8.147,8.147,51.49
12,338,29948.5484,0,2.577,4.7416,4.7416,54.1953
12,339,29993.8222,0,11.614,14.8012,14.8012,71.0119
12,340,30025.0076,0,3.0929,6.2439,6.2439,49.5547
12,341,30062.4802,0,7.594,22.295,22.295,67.0623
12,342,30179.945,0,2.3718,5.85,5.85,40.4856
12,343,30317.9645,0,4.5359,9.9657,9.9657,82.3587
12,344,30592.7787,0,3.3285,5.0411,5.0411,37.7643
12,345,30628.0963,0,10.2091,12.048,12.048,57.3408
12,346,30700.4345,0,10.7874,16.4752,16.4752,65.261
12,347,30842.1028,0,0.7976,8.741,8.741,68.9024
12,348,30901.3904,0,9.3081,26.1796,26.1796,83.9322
12,349,30939.8545,0,5.5982,8.631,8.631,78.8364
12,350,30974.0448,0,8.0678,27.179,27.179,55.7458
12,351,31038.158,0,6.5845,13.0637,13.0637,48.5752
12,352,31099.2389,0,2.8191,6.8244,6.8244,68.4522
12,353,31102.028,0,8.5023,18.8727,18.8727,80.7988
12,354,31315.5602,0,6.9271,8.5616,8.5616,41.8283
12,355,31667.5358,0,6.8206,10.2459,10.2459,61.4216
12,356,31709.2669,0,12.2096,18.3723,18.3723,68.2017
12,357,31912.4403,0,4.0024,11.9118,11.9118,51.9517
12,358,32015.5545,0,8.8362,17.3923,17.3923,50.7186
12,359,32118.1708,0,13.6752,31.4623,31.4623,102.3724
12,360,32462.068,0,4.8878,12.6992,12.6992,63.4901
12,361,32735.2964,0,11.354,20.145,20.145,50.002
12,362,32741.7292,0,5.2973,17.6207,17.6207,60.7015
12,363,32755.2552,0,5.3069,11.7511,11.7511,67.4926
12,364,32853.4512,0,3.8131,8.5302,8.5302,34.694
12,365,32889.6933,0,10.2023,14.8542,14.8542,63.4457
12,366,33073.1833,0,11.4984,13.6626,13.6626,63.1735
12,367,33202.5852,0,5.5992,7.0407,7.0407,65.8086
12,368,33352.31,0,8.5082,9.37,9.37,46.806
12,369,33468.4687,0,8.0676,15.5624,15.5624,56.1395
12,370,33607.8333,0,2.1794,7.8558,7.8558,55.1967
12,371,33719.4789,0,17.7977,25.0833,25.0833,104.4278
12,372,33766.9776,0,3.3279,6.0088,6.0088,62.7769
12,373,33908.8615,0,6.2598,11.4619,11.4619,40.0806
12,374,33900.7241,0,9.5935,20.2758,20.2758,83.5729
12,375,33947.0935,0,5.099,10.9318,10.9318,51.6708
12,376,34054.2035,0,13.451,20.2086,20.2086,41.1967
12,377,34068.4287,0,6.6192,8.8488,8.8488,99.3145
12,378,34231.5145,0,7.0152,13.525,13.525,39.4716
12,379,34297.1183,0,8.9491,11.9157,11.9157,31.4266
12,380,34339.6756,0,14.2207,24.3353,24.3353,98.9944
12,381,34491.0475,0,6.4704,10.9577,10.9577,78.7739
12,382,34520.7961,0,15.5415,31.5894,31.5894,87.5708
12,383,34564.8277,0,4.8247,32.3276,32.3276,88.2796
12,384,34605.6878,0,8.6354,13.1375,13.1375,59.9249
12,385,34702.3428,0,7.5777,12.4383,12.4383,53.1093
12,386,34740.2494,0,6.5436,12.5748,12.5748,32.3498
12,387,34825.3532,0,8.411,18.5605,18.5605,71.6199
12,388,35086.6417,0,3.7299,9.1157,9.1157,25.806
12,389,35101.9454,0,9.4091,20.3086,20.3086,43.9607
12,390,35113.5013,0,10.8965,15.0984,15.0984,42.3647
12,391,35140.5868,0,10.5728,12.9386,12.9386,89.4477
12,392,35262.6313,0,6.5508,13.9835,13.9835,73.7337
12,393,35320.303,0,4.7396,8.2479,8.2479,65.4508
12,394,35325.1277,0,9.4419,17.198,17.198,66.468
12,395,35446.8675,0,5.4012,8.2633,8.2633,53.7354
12,396,35637.6926,0,2.6184,5.1222,5.1222,31.4316
12,397,35647.4679,0,6.3258,10.356,10.356,67.3843
12,398,35844.5821,0,3.2853,8.0286,8.0286,51.4664
12,399,35920.7406,0,8.9704,14.6042,14.6042,65.6063
12,400,35924.6859,0,6.3354,11.7342,11.7342,78.3894
12,401,36046.9868,0,2.7867,5.6307,5.6307,31.144
12,402,36184.2675,0,1.8754,4.7595,4.7595,81.4481
12,403,36292.4597,0,3.4289,6.4995,6.4995,61.6065
12,404,36315.3255,0,9.9851,15.7521,15.7521,87.791
12,405,36491.4462,0,5.1,7.4546,7.4546,48.1205
12,406,36519.4293,0,4.6562,14.3271,14.3271,57.2487
12,407,36517.2997,0,3.2764,16.5461,16.5461,77.2487
12,408,36608.1915,0,4.1209,9.8179,9.8179,34.1816
12,409,36740.162,0,3.6812,22.2365,22.2365,78.6558
12,410,36756.5901,0,4.347,9.6988,9.6988,121.4008
12,411,36769.74,0,2.4725,13.5116,13.5116,96.5452
12,412,37023.9711,0,9.3541,16.7822,16.7822,42.1041
12,413,37052.4427,0,8.917,13.7325,13.7325,71.8372
12,414,37128.7043,0,13.197,20.3878,20.3878,54.8086
12,415,37154.5809,0,1.3752,3.9557,3.9557,88.7806
12,416,37254.1442,0,1.7927,8.6423,8.6423,30.7267
12,417,37415.7241,0,5.6093,8.195,8.195,57.1844
12,418,37689.2818,0,10.6698,14.9368,14.9368,67.7534
12,419,37888.86,0,12.6697,23.3163,23.3163,85.5235
12,420,37930.7637,0,21.3753,24.0793,24.0793,75.2623
12,421,38052.9861,0,5.6147,13.7979,13.7979,86.0707
12,422,38140.7408,0,5.7538,14.7897,14.7897,55.5717
12,423,38167.9235,0,2.5828,13.2587,13.2587,36.975
12,424,38178.8005,0,17.8015,22.8196,22.8196,93.3341
12,425,38383.4912,0,1.4362,9.3811,9.3811,63.1767
12,426,38467.3629,0,14.8653,17.3056,17.3056,57.598
12,427,38537.6546,0,6.4855,6.8652,6.8652,64.4474
12,428,38637.1223,0,14.9851,30.0455,30.0455,97.2428
12,429,39176.7698,0,11.564,25.7235,25.7235,60.0012
12,430,39194.9205,0,9.0881,12.4675,12.4675,59.4063
12,431,39422.6458,0,8.3786,15.9348,15.9348,47.9281
12,432,39526.3722,0,11.4565,47.8063,47.8063,89.9205
12,433,39649.4445,0,2.585,16.4385,16.4385,50.7904
12,434,39693.1402,0,13.3238,14.6615,14.6615,66.6768
12,435,39741.9001,0,1.3238,8.3548,8.3548,45.8905
12,436,39781.7758,0,7.6781,12.6905,12.6905,46.5229
12,437,39896.1098,0,4.3145,7.9827,7.9827,59.1325
12,438,39919.8339,0,5.3577,6.2141,6.2141,46.4851
12,439,40014.3326,0,3.907,6.3791,6.3791,26.6963
12,440,40086.3575,0,13.2436,19.8412,19.8412,65.9461
12,441,40123.674,0,6.5552,15.5334,15.5334,60.3748
12,442,40224.3842,0,3.9824,9.6184,9.6184,41.8743
12,443,40244.0367,0,9.1424,11.7467,11.7467,54.5142
12,444,40303.7165,0,2.6184,16.8554,16.8554,57.9847
12,445,40531.2623,0,5.5759,8.8842,8.8842,52.963
12,446,40611.85,0,6.808,15.1981,15.1981,48.6109
12,447,40764.2874,0,4.6173,12.3969,12.3969,88.5323
12,448,40792.1353,0,9.5957,11.7915,11.7915,65.4181
12,449,40940.7003,0,11.7232,13.8645,13.8645,56.7171
12,450,41007.4021,0,12.02,16.6885,16.6885,54.2166
12,451,41112.7306,0,0.9378,4.7501,4.7501,39.4262
12,452,41118.7272,0,5.342,9.9603,9.9603,64.0731
12,453,41278.7001,0,2.5158,4.6421,4.6421,76.1482
12,454,41372.948,0,4.1497,16.2002,16.2002,35.3999
12,455,41454.0831,0,5.7073,17.1229,17.1229,63.8856
12,456,41586.6136,0,3.4963,13.3559,13.3559,46.719
12,457,41705.5286,0,4.7281,6.338,6.338,55.2249
12,458,41960.8673,0,9.2939,15.4739,15.4739,63.6297
12,459,42005.6582,0,2.8211,11.8612,11.8612,22.6652
12,460,42326.8276,0,2.5017,3.8305,3.8305,54.3932
12,461,42425.0222,0,3.5895,7.4425,7.4425,66.218
12,462,42428.3256,0,3.3962,6.243,6.243,68.3381
12,463,42451.5488,0,2.643,7.2711,7.2711,56.299
12,464,42523.2389,0,9.4216,10.3969,10.3969,46.6259
12,465,42529.3933,0,6.4813,11.9192,11.9192,64.4575
12,466,42590.0879,0,5.1407,10.4965,10.4965,53.1143
12,467,42608.0943,0,10.396,14.9201,14.9201,51.8109
12,468,42642.8064,0,5.4012,15.945,15.945,66.4348
12,469,42766.5987,0,3.9428,9.2716,9.2716,41.6927
12,470,42802.905,0,3.6562,12.83,12.83,39.0879
12,471,43094.0169,0,3.2367,6.4348,6.4348,69.6178
12,470,42036.0231,0,2.4138,6.0781,6.0781,65.7278
12,471,42193.0911,0,5.3593,7.8345,7.8345,29.8606
12,472,42192.505,0,3.736,8.5489,8.5489,56.5221
12,473,42192.7836,0,2.7354,9.244,9.244,74.9982
12,474,42349.9195,0,0.958,4.9052,4.9052,47.4244
12,475,42382.0254,0,14.0451,16.2721,16.2721,66.7664
12,476,42393.4803,0,14.7156,20.8484,20.8484,97.9978
12,477,42568.4499,0,3.5307,8.4332,8.4332,52.9241
12,478,42646.0952,0,3.755,7.1483,7.1483,25.9386
12,479,42724.4263,0,0.8466,15.2982,15.2982,57.2648
12,480,42765.4429,0,8.5497,12.4269,12.4269,59.2429
12,481,42790.3387,0,4.157,8.5454,8.5454,62.337
12,482,42908.1336,0,1.0311,10.8459,10.8459,75.6803
12,483,42974.573,0,8.4644,13.3834,13.3834,59.0514
12,386,35323.0592,0,4.546,9.4871,9.4871,89.2775
12,387,35397.3025,0,2.7326,22.1289,22.1289,72.4231
12,388,35401.4336,0,9.5038,19.7247,19.7247,94.2046
12,389,35415.4786,0,4.0955,9.7928,9.7928,82.8818
12,390,35478.368,0,2.723,9.3572,9.3572,39.8792
12,391,35505.9689,0,3.0331,8.2049,8.2049,72.0375
12,392,35505.1874,0,12.0158,13.2421,13.2421,63.3907
12,393,35711.1496,0,4.4662,16.2688,16.2688,46.658
12,394,35829.9366,0,5.8772,13.9517,13.9517,46.6027
12,395,36000.051,0,1.4787,4.3207,4.3207,48.551
12,396,36196.4597,0,5.9972,12.4516,12.4516,38.7471
12,397,36259.2679,0,4.4321,7.661,7.661,48.4243
12,398,36470.9914,0,3.675,7.9865,7.9865,54.6939
12,399,36501.9209,0,7.8031,14.8312,14.8312,36.5685
12,400,36545.1458,0,2.6477,4.8033,4.8033,43.3895
12,401,36639.8926,0,2.7326,5.205,5.205,31.95
12,402,36697.3859,0,0.6927,5.5998,5.5998,58.2687
12,403,36722.7565,0,6.4727,17.7376,17.7376,46.8734
12,404,36749.4746,0,5.1499,13.3152,13.3152,32.2198
12,405,36732.369,0,10.7133,30.6274,30.6274,94.56
12,406,36830.255,0,5.4394,9.2838,9.2838,45.4245
12,407,36847.6203,0,3.1348,10.7007,10.7007,40.7912
12,408,36877.7597,0,9.627,14.8531,14.8531,75.309
12,409,36906.2563,0,5.0752,8.149,8.149,63.4948
12,410,36958.4779,0,21.9474,26.9589,26.9589,85.4737
12,411,37062.4825,0,15.1008,17.1535,17.1535,62.7733
12,412,37094.195,0,5.4999,11.4247,11.4247,55.3332
12,413,37205.1242,0,1.5995,3.7771,3.7771,34.1882
12,414,37266.636,0,2.6772,7.7714,7.7714,32.5241
12,415,37419.5299,0,2.5336,18.5417,18.5417,109.8674
12,416,37604.8822,0,10.4876,23.2737,23.2737,78.7231
12,417,37643.6372,0,6.3177,18.5426,18.5426,54.3519
12,418,37976.8033,0,6.8452,32.4033,32.4033,86.0346
12,419,38041.9851,0,1.6601,4.9876,4.9876,59.8029
12,420,38114.1252,0,2.5741,40.2083,40.2083,66.758
12,421,38238.7877,0,1.1865,5.4538,5.4538,63.3844
12,422,38231.9457,0,9.2198,23.0561,23.0561,67.6473
12,423,38429.1623,0,3.4638,7.5523,7.5523,20.0544
12,424,38417.1477,0,0.9728,40.5476,40.5476,74.2986
12,425,38524.3059,0,5.9191,6.6583,6.6583,39.2314
12,426,38548.6655,0,5.0822,9.9048,9.9048,38.252
12,427,38600.0807,0,5.4757,10.9014,10.9014,41.0468
12,428,38624.2161,0,1.7178,6.609,6.609,89.4696
12,429,38690.0201,0,7.9602,20.2194,20.2194,47.6929
12,430,38700.1545,0,13.2054,22.4002,22.4002,60.6139
12,431,38754.7413,0,3.795,11.433,11.433,49.5306
12,432,38777.6336,0,4.3431,8.9256,8.9256,123.1319
12,433,38806.3884,0,0.7161,2.4764,2.4764,100.6933
12,434,38857.2132,0,17.9616,24.4353,24.4353,71.2542
12,435,38980.2627,0,4.3317,8.8578,8.8578,45.6221
12,436,39030.7815,0,4.6598,8.6562,8.6562,97.6801
12,437,39311.5413,0,4.2334,5.2556,5.2556,24.5554
12,438,39550.8484,0,5.8564,11.9185,11.9185,62.0623
12,439,39615.4345,0,3.7404,5.9836,5.9836,52.2513
12,440,39690.549,0,3.3891,6.5264,6.5264,36.3375
12,441,39733.0006,0,5.6258,8.2184,8.2184,32.2429
12,442,39728.9915,0,1.7424,16.7947,16.7947,61.4968
12,443,39766.4195,0,1.548,15.9657,15.9657,62.4604
12,444,39862.915,0,1.7488,7.4993,7.4993,47.7956
12,445,39873.1931,0,4.5532,15.7856,15.7856,47.381
12,446,40015.4147,0,6.0791,9.9831,9.9831,54.3043
12,447,40052.3062,0,9.7211,13.6661,13.6661,91.6953
12,448,40088.3131,0,4.429,9.5256,9.5256,93.2842
12,449,40333.592,0,1.2472,5.4081,5.4081,42.2277
12,450,40340.3784,0,4.8671,5.9795,5.9795,63.2933
12,451,40375.285,0,5.1017,7.064,7.064,44.2397
12,452,40426.5794,0,6.9387,12.7073,12.7073,58.552
12,453,40643.8919,0,2.8232,4.7404,4.7404,46.2182
12,454,40860.3108,0,2.4319,5.6027,5.6027,40.3716
12,455,40983.7752,0,1.8109,12.4586,12.4586,76.363
12,456,41057.2326,0,3.6303,6.7406,6.7406,45.5956
12,457,41125.0042,0,6.163,10.3067,10.3067,45.4902
12,458,41206.1561,0,1.2808,4.8934,4.8934,50.4293
12,459,41306.3969,0,3.2166,9.0973,9.0973,32.1954
12,460,41375.8266,0,3.4221,6.091,6.091,29.2886
12,461,41444.6054,0,4.8243,8.2315,8.2315,58.398
12,462,41592.7306,0,6.5036,7.6956,7.6956,62.0085
12,463,41669.3274,0,4.1188,7.7587,7.7587,37.9433
12,464,41823.9451,0,2.7282,6.4154,6.4154,41.3107
12,465,41836.1254,0,5.9127,24.8079,24.8079,77.5436
12,466,42066.343,0,1.776,5.335,5.335,56.4343
12,467,42458.4645,0,2.8247,8.7798,8.7798,47.6679
12,468,42533.9081,0,6.897,11.6004,11.6004,66.716
12,469,42541.5324,0,3.414,6.6664,6.6664,83.0887
12,470,42570.7015,0,3.538,17.0136,17.0136,75.0788
12,471,42781.525,0,0.8832,5.3696,5.3696,51.3566
12,472,42807.211,0,3.5778,11.4903,11.4903,52.0757
12,473,42866.4529,0,4.098,46.4775,46.4775,144.6693
12,474,43013.335,0,3.4051,6.102,6.102,54.6338
